customer_id,customer_name,email,phone,city,state,customer_segment,registration_date,acquisition_source,is_active
C00001,Rahul Singh,rahul.singh1@outlook.com,+91-9342331444,Jaipur,Rajasthan,Consumer,2023-06-15,Direct,Yes
C00002,Kabir Mehta,kabir.mehta2@gmail.com,+91-7186618211,Lucknow,Uttar Pradesh,Consumer,2025-03-31,Marketplace,Y
C00003,Meera Agarwal,meera.agarwal3@outlook.com,+91-9935814872,Kochi,Kerala,Consumer,2023-09-30,Marketplace,Yes
C00004,Aditya Mehta,aditya.mehta4@outlook.com,+91-7613628803,Gurugram,Haryana,Consumer,2023-12-13,Marketplace,Y
C00005,Meera Kapoor, meera.kapoor5@company.in ,,Patna,Bihar,Corporate,10-25-2024,Social Media,
C00006,Pooja Mehta,pooja.mehta6@outlook.com,+91-7002456273,bengaluru,Karnataka,Corporate,2025-01-26,Direct,
C00007,Rohan Agarwal,rohan.agarwal7@mail.com,+91-7863937247,nagpur,Maharashtra,Consumer,03-10-2025,Organic Search,Y
C00008,sneha reddy,sneha.reddy8@mail.com,+91-9452611418,Mumbai,MAHARASHTRA,Corporate,26/07/2025,Direct,Y
C00009,Vihaan Mehta,vihaan.mehta9@mail.com,+91-7323775634,Chennai, Tamil Nadu ,Consumer,2021-07-27,Paid Search,1
C00010,ANANYA BANSAL,ananya.bansal10@company.in,+91-9090237817,Surat,Gujarat,Consumer,2021-09-07,Direct,1
C00011,Arjun Shah,arjun.shah11@mail.com,+91-9245334677,Kolkata,,Corporate,2024-07-10,Organic Search,
C00012,Ananya Patel,ananya.patel12@gmail.com,+91-8299301222, Indore ,madhya pradesh,Small Business,2021-02-02,Direct,Yes
C00013,RIYA CHOPRA, riya.chopra13@gmail.com ,+91-7561866144,Ahmedabad,Gujarat,Consumer,2025-10-18,Social Media,Y
C00014,Ankit Nair,,+91-9665720874,Chennai,Tamil Nadu,Consumer,10-28-2022,Organic Search,Y
C00015,Sneha Chopra,sneha.chopra15@yahoo.com,+91-7977515194,Kolkata,West Bengal,Consumer,16/02/2024,Paid Search,Yes
C00016,Vivaan Singh,vivaan.singh16@company.in,+91-7496694873,Patna,Bihar,Corporate,11-22-2025,Social Media,Y
C00017,Amit Mishra,amit.mishra17@outlook.com,+91-7823946934,Nagpur,Maharashtra,Small Business,14/12/2022,Direct,0
C00018,Simran Kumar,simran.kumar18@outlook.com,+91-8008752943,mumbai,Maharashtra,Corporate,11/04/2021,Paid Search,Y
C00019,Ankit Singh,ankit.singh19@yahoo.com,+91-8070298438,Chandigarh,Chandigarh,Corporate,2026-03-19,Direct,0
C00020, Ananya Joshi ,ananya.joshi20@outlook.com,+91-7332788471,Bhubaneswar,Odisha,Consumer,27/11/2021,Referral,Y
C00021,Sneha Shah,sneha.shah21company.in,+91-8510792572,Bhopal,Madhya Pradesh,Small Business,13/09/2025,Direct,0
C00022,Varun Patel, varun.patel22@mail.com ,+91-9760588734,Patna,Bihar,Consumer,12-02-2023,Email,No
C00023,Vihaan Gupta, vihaan.gupta23@gmail.com ,+91-7654477195,Bhubaneswar,odisha,Small Business,2023-06-12,Social Media,1
C00024,Meera Mehta,meera.mehta24@mail.com,+91-9938870196,,Maharashtra,Small Business,06-18-2021,Marketplace,Y
C00025,Myra Kumar,myra.kumar25@outlook.com,+91-9544659112,Nagpur,MAHARASHTRA,Consumer,21/12/2021,Marketplace,Yes
C00026,Ankit Jain,ankit.jain26mail.com,+91-7820581106,ahmedabad,Gujarat,Corporate,09-12-2023,Email,
C00027,Diya Nair,diya.nair27@outlook.com,+91-9301518177,Kochi,Kerala,Consumer,06-07-2026,Email,Y
C00028,Vivaan Iyer, vivaan.iyer28@yahoo.com ,+91-8221228113,Surat,Gujarat,Consumer,30/07/2021,Organic Search,Y
C00029,Tanya Malhotra,tanya.malhotra29@mail.com,+91-8901472238,Patna,bihar,Corporate,2021-09-04,Referral,0
C00030,aanya verma,aanya.verma30@outlook.com,+91-8136253459,Kolkata,WEST BENGAL,Corporate,03-22-2023,Social Media,0
C00031,Nikhil Mishra,,+91-8855548990,Bhopal,Madhya Pradesh,Corporate,27/07/2023,Paid Search,1
C00032,RAHUL CHOPRA,rahul.chopra32@company.in,+91-8416495962,mumbai,Maharashtra,Consumer,06-29-2025,Referral,N
C00033,Riya Nair,,+91-8237075775,Patna,bihar,Corporate,08/09/2023,Direct,Yes
C00034,Myra Chopra,myra.chopra34@yahoo.com,+91-7586298866,Coimbatore,Tamil Nadu,Small Business,27/08/2025,Email,No
C00035,Tanya Iyer,tanya.iyer35@company.in,+91-8644847276,Bhopal,MADHYA PRADESH,Corporate,2026-04-22,Marketplace,Y
C00036,Riya Bansal,riya.bansal36@yahoo.com,+91-8138264176,Jaipur,RAJASTHAN,Corporate,07/09/2024,Paid Search,1
C00037,Arjun Singh,arjun.singh37@yahoo.com,+91-8260005019,Kochi,Kerala,Corporate,15/08/2025,Direct,Yes
C00038,Karan Sharma,karan.sharma38@outlook.com,+91-9523601252,Kochi,Kerala,Small Business,02-15-2026,Referral,Y
C00039,varun jain,varun.jain39@outlook.com,+91-7816610683,Coimbatore,Tamil Nadu,Small Business,15/07/2022,Paid Search,
C00040,Ankit Nair,ankit.nair40@mail.com,+91-9069520666,Nagpur,Maharashtra,Corporate,17/04/2022,Organic Search,Y
C00041,kiara nair,kiara.nair41@mail.com,9024977737,Ahmedabad, Gujarat ,Small Business,2023-06-26,Organic Search,
C00042,KABIR KAPOOR,kabir.kapoor42@outlook.com,+91-7663670797,Kochi,kerala,Corporate,07-30-2025,Social Media,Yes
C00043,Ishaan Singh, ishaan.singh43@gmail.com ,+91-8432410914,Kochi,,Consumer,10-09-2021,Social Media,Y
C00044,Karan Sharma, karan.sharma44@gmail.com ,8139744790,Bengaluru,Karnataka,Corporate,18/09/2021,Direct,Y
C00045,Saanvi Kapoor,saanvi.kapoor45@gmail.com,+91-9612617557,Chandigarh,Chandigarh,Corporate,08-24-2024,Direct,1
C00046,kiara joshi,kiara.joshi46@outlook.com,+91-8342278523,Chandigarh, Chandigarh ,Corporate,04-27-2026,Organic Search,1
C00047,Sneha Verma,sneha.verma47@mail.com,+91-9070987704,Surat,Gujarat,Corporate,02-14-2025,Direct,Yes
C00048,Aarav Kumar,aarav.kumar48@outlook.com,+91-9823273703,Ahmedabad,Gujarat,Corporate,2021-05-06,Paid Search,Y
C00049,Karan Gupta,karan.gupta49@company.in,+91-9200510647,,Gujarat,Consumer,17/06/2026,Social Media,0
C00050,Amit Malhotra,amit.malhotra50@yahoo.com,8521136431,Hyderabad,Telangana,Consumer,2021-03-18,Marketplace,0
C00051,Priya Nair,priya.nair51@company.in,+91-8699805002,Mumbai,Maharashtra,Consumer,2022-11-20,Social Media,Y
C00052,Sahil Gupta,sahil.gupta52@company.in,+91-9424473755,Hyderabad,Telangana,Small Business,2024-07-18,Social Media,Y
C00053,Rahul Gupta,rahul.gupta53@mail.com,+91-7176191212,patna,Bihar,Corporate,2024-08-09,Paid Search,0
C00054,riya saxena,riya.saxena54@yahoo.com,+91-9915843503,Patna,Bihar,Small Business,09-27-2021,Paid Search,Yes
C00055,Rahul Kapoor,rahul.kapoor55@mail.com,,Bengaluru,Karnataka,Consumer,2022-01-18,Paid Search,Y
C00056,RIYA IYER,riya.iyer56@gmail.com,+91-7662510569,Nagpur,Maharashtra,Consumer,10/11/2022,Marketplace,N
C00057,Ira Shah,ira.shah57@company.in,+91-7696034559,kochi,Kerala,Consumer,10-22-2023,Paid Search,Y
C00058,Varun Joshi,varun.joshi58@outlook.com,+91-8658570832,Kochi,Kerala,Small Business,2022-02-10,,N
C00059,Priya Patel,priya.patel59@mail.com,+91-7205082311,Noida,Uttar Pradesh,Consumer,2021-09-15,Email,Y
C00060,Riya Nair, riya.nair60@mail.com ,9019214800,Mumbai,Maharashtra,Consumer,08/03/2021,Marketplace,0
C00061,Nikhil Chopra,nikhil.chopra61@yahoo.com,+91-8260326267,Bhubaneswar,Odisha,Consumer,16/07/2024,Social Media,No
C00062,Myra Kapoor,myra.kapoor62@company.in,+91-9230272804,kochi,Kerala,Corporate,10-30-2025,Referral,Y
C00063, Amit Nair ,amit.nair63@company.in,+91-9738095498,PATNA,Bihar,Small Business,2022-10-18,Email,0
C00064,ira nair,ira.nair64@gmail.com,+918072073884,Kochi,Kerala,Consumer,2025-05-05,Referral,0
C00065,Aditya Reddy,aditya.reddy65@gmail.com,+91-9738900744,Indore,Madhya Pradesh,Consumer,04/04/2023,Direct,
C00066,Myra Malhotra,myra.malhotra66@gmail.com,+91-9222044336, Gurugram , Haryana ,Corporate,01-16-2023,Social Media,Yes
C00067,ISHAAN IYER,ishaan.iyer67@yahoo.com,+91-9541797909,Ahmedabad,Gujarat,Corporate,10-14-2024,Organic Search,
C00068, Aanya Mishra ,aanya.mishra68@yahoo.com,+91-7257324536,Coimbatore,Tamil Nadu,Corporate,25/10/2024,Paid Search,Yes
C00069,Kiara Joshi,kiara.joshi69@gmail.com,+91-7685904828,Bengaluru,Karnataka,Consumer,17/02/2023,Organic Search,0
C00070,POOJA CHOPRA,pooja.chopra70mail.com,+91-7461696451,Surat,Gujarat,Corporate,07-10-2025,Direct,Y
C00071,Arjun Kapoor,arjun.kapoor71@outlook.com,+91-8723944394, Indore ,Madhya Pradesh,Corporate,26/09/2024,Email,
C00072,Tanya Chopra,tanya.chopra72@outlook.comm,+91-8422663210,Gurugram,Haryana,Consumer,04-20-2021,Email,1
C00073,Kabir Joshi,KABIR.JOSHI73@MAIL.COM,+91-8347298951,delhi,Delhi,Corporate,18/08/2026,Social Media,0
C00074,Varun Iyer,varun.iyer74@mail.com,+91-9977757985,Lucknow,Uttar Pradesh,Small Business,02-17-2024,Social Media,
C00075,Meera Kapoor,meera.kapoor75@yahoo.com,+91-8899990924,Indore,Madhya Pradesh,Corporate,2024-01-16,Referral,0
C00076,Arjun Patel,arjun.patel76@mail.com,+91-9043114400,Jaipur,Rajasthan,Consumer,2024-08-08,Organic Search,1
C00077,Simran Chopra,simran.chopra77@outlook.comm,+91-9439377645,Hyderabad,Telangana,Consumer,02-05-2026,Social Media,Y
C00078,Amit Reddy,amit.reddy78@mail.com,+91-8741567887,SURAT,Gujarat,Small Business,01-26-2022,,No
C00079,Nikhil Joshi,nikhil.joshi79@gmail.com,+91-8335640103,Delhi,Delhi,Small Business,02-14-2025,Marketplace,N
C00080,Karan Jain,karan.jain80@mail.com,+91-7265248799,Mumbai,maharashtra,Consumer,09-06-2022,Referral,Y
C00081,Tanya Bansal,tanya.bansal81@gmail.com,+91-7194518221,Surat,Gujarat,Small Business,04/09/2021,Referral,1
C00082,Meera Gupta,meera.gupta82@yahoo.com,+91-9271361431,Noida,Uttar Pradesh,Consumer,04-04-2021,Marketplace,1
C00083, Pooja Sharma ,pooja.sharma83@yahoo.com,+91-7209063208,Kolkata,West Bengal,Small Business,2023-06-09,Direct,1
C00084,Aanya Agarwal,aanya.agarwal84@mail.com,+91-8834812535,Delhi,Delhi,Small Business,2025-04-11,Marketplace,Y
C00085,Tanya Malhotra,tanya.malhotra85@mail.com,+91-7339604915,Chandigarh,Chandigarh,Corporate,2023-02-20,Marketplace,Yes
C00086,Varun Sharma,varun.sharma86@yahoo.com,+91-8041929790,Chennai,Tamil Nadu,Small Business,09-08-2023,Referral,No
C00087,Varun Mehta,varun.mehta87@outlook.com,+91-8120016279,Indore,Madhya Pradesh,Small Business,04-24-2024,Direct,Y
C00088,Amit Nair,amit.nair88@yahoo.com,+91-9756550636,Hyderabad,TELANGANA,Small Business,11-01-2021,Direct,0
C00089,karan chopra,KARAN.CHOPRA89@GMAIL.COM,+91-8180002487,Jaipur,Rajasthan,Small Business,30/10/2025,Referral,N
C00090,Aanya Gupta,aanya.gupta90@gmail.com,+91-7040588163,Bhubaneswar,Odisha,Corporate,2024-09-18,Organic Search,Yes
C00091,Ankit Iyer,ANKIT.IYER91@GMAIL.COM,+91-7889737338,Gurugram,Haryana,Corporate,06-20-2025,Direct,No
C00092,Vivaan Singh,vivaan.singh92@yahoo.com,+91-8703826594,Chandigarh,Chandigarh,Small Business,01-20-2026,Organic Search,Y
C00093,MEERA PATEL,meera.patel93@outlook.com,+91-8158638062,Bhopal,Madhya Pradesh,Small Business,07-30-2025,Email,N
C00094,Neha Saxena,neha.saxena94@company.in,+91-7718150313,Hyderabad,telangana,Small Business,11-12-2021,Referral,No
C00095,Kiara Reddy,kiara.reddy95@mail.com,+91-8349406919,Chandigarh,Chandigarh,Corporate,07-05-2026,Organic Search,0
C00096,Nikhil Mehta,nikhil.mehta96@outlook.com,+91-9890416998,Kochi,Kerala,Corporate,2022-09-24,Marketplace,
C00097,POOJA GUPTA,pooja.gupta97@yahoo.com,+91-9770387920,Pune,Maharashtra,Small Business,10-30-2025,Email,Y
C00098,Ira Sharma,ira.sharma98@gmail.com,+91-7608490241,Coimbatore,Tamil Nadu,Small Business,06-02-2026,Marketplace,N
C00099,Riya Kumar,riya.kumar99@yahoo.com,+91-9704799972,NOIDA,Uttar Pradesh,Consumer,04-30-2021,Paid Search,N
C00100,Kiara Singh,kiara.singh100@company.in,+91-9521166052,Ahmedabad,gujarat,Consumer,08/12/2022,Email,1
C00101,Myra Kumar,myra.kumar101@mail.com,+91-9102996505,Coimbatore,Tamil Nadu,Small Business,08/08/2021,Referral,Y
C00102,Simran Joshi,simran.joshi102@gmail.com,+91-9127354612,Surat,gujarat,Consumer,2025-02-11,Referral,Y
C00103,Kiara Singh,kiara.singh103@yahoo.com,+91-9717729159, Kolkata ,West Bengal,Corporate,04-28-2023,Marketplace,1
C00104,Varun Verma,varun.verma104@yahoo.com,+91-8063239503,Ahmedabad,Gujarat,Small Business,06/01/2024,Social Media,Y
C00105,Amit Bansal,amit.bansal105@outlook.com,+91-7909895115,Bhubaneswar,Odisha,Consumer,2022-06-19,Referral,1
C00106,Ishaan Patel,ishaan.patel106@outlook.com,+91-8075413763,Bhubaneswar,odisha,Consumer,2021-08-01,Email,Y
C00107,Aarav Reddy,aarav.reddy107@company.in,+91-7439921366,Pune, Maharashtra ,Consumer,2025-04-17,Referral,0
C00108,Sneha Mehta,sneha.mehta108@gmail.com,+91-8844210621,Mumbai,Maharashtra,Small Business,12-12-2021,Email,1
C00109,Aanya Verma,aanya.verma109@company.in,+91-7051827414,Kolkata,,Consumer,2025-09-20,Marketplace,Yes
C00110,Rahul Saxena,rahul.saxena110@company.in,+91-8191714875,Chandigarh,Chandigarh,Consumer,2022-09-29,Referral,Y
C00111,Aanya Kumar,aanya.kumar111@gmail.com,+91-9246290917,pune,Maharashtra,Corporate,03-04-2025,Email,0
C00112,Kiara Saxena,,+91-7441973220,Indore,Madhya Pradesh,Consumer,01-11-2021,Direct,N
C00113,Diya Joshi,diya.joshi113@outlook.com,+91-7226225156,Chandigarh,Chandigarh,Small Business,01/07/2025,Direct,0
C00114,IRA SHAH,ira.shah114@yahoo.com,8761091683,Coimbatore,Tamil Nadu,Small Business,2021-02-09,Direct,Y
C00115,Varun Joshi,varun.joshi115@company.in,+91-7410500102,Nagpur,Maharashtra,Small Business,13/09/2021,Paid Search,N
C00116,kabir shah,kabir.shah116@yahoo.com,+91-8538832840,Pune,Maharashtra,Consumer,2023-12-22,Social Media,Y
C00117,karan mishra,karan.mishra117@yahoo.com,+91-8073108894,Ahmedabad,Gujarat,Consumer,13/05/2022,Marketplace,Y
C00118,ISHAAN BANSAL,ishaan.bansal118@gmail.com,8979958124,Bengaluru,Karnataka,Consumer,06-06-2025,Paid Search,0
C00119,Myra Iyer,myra.iyer119@gmail.com,+91-9258354191,Coimbatore,Tamil Nadu,Consumer,03-21-2021,Paid Search,Yes
C00120,Vivaan Chopra,vivaan.chopra120@outlook.com,+91-9821211202,Nagpur,Maharashtra,Small Business,08-18-2021,Social Media,Y
C00121,Nikhil Nair,,+91-9114097693,Gurugram,Haryana,Consumer,19/08/2021,,Y
C00122,Sahil Singh,sahil.singh122@outlook.com,+91-7433929868,Nagpur,Maharashtra,Consumer,2025-11-25,Referral,Yes
C00123, Kabir Kumar , kabir.kumar123@mail.com ,+91-9587239638,Jaipur,Rajasthan,Corporate,03-03-2022,Social Media,Yes
C00124,Ishaan Joshi,ISHAAN.JOSHI124@OUTLOOK.COM,+91-8657587204,Mumbai,Maharashtra,Consumer,2025-08-23,Marketplace,Yes
C00125,Aarav Reddy,aarav.reddy125@gmail.com,+91-9349545786,Ahmedabad,Gujarat,Small Business,06-01-2026,Direct,Yes
C00126,aanya joshi,aanya.joshi126@gmail.com,+91-7016387764,Pune,maharashtra,Small Business,05-22-2026,Social Media,
C00127,Meera Kumar,meera.kumar127@company.in,+91-7971703178,Indore,madhya pradesh,Corporate,02-01-2022,Direct,0
C00128,Neha Joshi,neha.joshi128@outlook.com,+91-9219713803,Coimbatore,Tamil Nadu,Small Business,05-08-2022,Paid Search,Yes
C00129,Diya Gupta,diya.gupta129@company.in,+91-7053102106,Mumbai,Maharashtra,Consumer,09-15-2025,Social Media,Yes
C00130,MEERA CHOPRA,meera.chopra130@mail.com,+919924068985,Gurugram,Haryana,Small Business,09-19-2024,Organic Search,N
C00131,Kabir Mishra,kabir.mishra131@outlook.com,+91-7907915284,Kochi,Kerala,Consumer,2025-03-12,Marketplace,Y
C00132,Kiara Verma,kiara.verma132@yahoo.com,+91-7532029870,Indore,Madhya Pradesh,Consumer,02/01/2026,Organic Search,N
C00133,Sneha Joshi, sneha.joshi133@yahoo.com ,9930025537,Bhubaneswar,Odisha,Small Business,2021-02-04,Referral,
C00134,priya jain,priya.jain134@mail.com,+91-8607304606,Bhopal,Madhya Pradesh,Small Business,03-19-2022,Marketplace,Y
C00135,Simran Jain,simran.jain135@outlook.com,+91-8114227340,Bhopal,Madhya Pradesh,Consumer,02-17-2023,Paid Search,0
C00136,Kabir Agarwal,kabir.agarwal136@yahoo.com,+91-7959186138,Noida,Uttar Pradesh,Consumer,2024-09-19,Email,1
C00137,Riya Mishra,riya.mishra137@gmail.com,+91-9445569788,,Chandigarh,Consumer,2023-01-09,Referral,Y
C00138,Kabir Jain, kabir.jain138@company.in ,+91-7856477685,Chandigarh, Chandigarh ,Corporate,2023-02-20,Marketplace,Yes
C00139,Kiara Saxena,kiara.saxena139@mail.com,+91-9105301413,Patna, Bihar ,Corporate,11/07/2025,Direct,
C00140,Pooja Verma,POOJA.VERMA140@GMAIL.COM,+91-9962452613,PATNA,bihar,Corporate,2023-11-02,Referral,Y
C00141, Riya Jain ,riya.jain141@outlook.com,+91-8129550258,Pune,,Consumer,08-06-2025,Direct,Y
C00142,Sahil Saxena,sahil.saxena142@gmail.com,+91-8134408349,mumbai,,Consumer,2021-06-11,Social Media,0
C00143,Pooja Agarwal,pooja.agarwal143@outlook.com,+91-8167514229,Mumbai,Maharashtra,Corporate,09-24-2025,Direct,1
C00144,Sahil Nair,sahil.nair144@gmail.com,+91-9074811306,Patna,Bihar,Corporate,07-08-2021,Email,Y
C00145,Myra Joshi,myra.joshi145@outlook.com,9632445649,Coimbatore,TAMIL NADU,Corporate,2026-04-07,Organic Search,0
C00146,Aditya Chopra,aditya.chopra146@outlook.com,8770980600,Kochi,Kerala,Small Business,06-01-2024,Email,No
C00147, Nikhil Bansal ,nikhil.bansal147@gmail.com,+91-8254059868,pune,Maharashtra,Small Business,2022-11-04,Direct,1
C00148,Vivaan Shah,vivaan.shah148@company.in,+91-7018629956,Pune,maharashtra,Corporate,06-02-2026,Referral,N
C00149,Ananya Kapoor,ananya.kapoor149@outlook.com,+91-9200288670,Lucknow,Uttar Pradesh,Consumer,06-10-2023,Direct,Y
C00150,Sahil Nair,sahil.nair150@company.in,+91-9293095089,Noida,Uttar Pradesh,Consumer,03-13-2022,Marketplace,
C00151,Vivaan Nair,vivaan.nair151@gmail.com,+91-9779356860,Kochi,,Small Business,24/03/2024,Marketplace,No
C00152,SAHIL SHAH,sahil.shah152@mail.com,9931997465, Noida ,UTTAR PRADESH,Consumer,04/05/2022,Email,Yes
C00153,Saanvi Shah,saanvi.shah153@outlook.com,9235986982,Noida,Uttar Pradesh,Small Business,07-11-2025,Organic Search,No
C00154,Kiara Joshi,kiara.joshi154@mail.com,+91-8637982876,Bhubaneswar,ODISHA,Consumer,2024-03-04,Organic Search,
C00155,Tanya Sharma,tanya.sharma155@gmail.com,+91-7446362270,BHUBANESWAR,ODISHA,Consumer,11-18-2025,Organic Search,N
C00156,Varun Agarwal,varun.agarwal156@company.in,+91-7508119378,Chandigarh,Chandigarh,Small Business,07-06-2021,Organic Search,
C00157,VIHAAN PATEL,vihaan.patel157@mail.com,+91-9782883717,Bhopal,Madhya Pradesh,Corporate,03/08/2022,Direct,Y
C00158,Rohan Kumar,rohan.kumar158@mail.com,+91-7233595980,kolkata,West Bengal,Consumer,2026-03-05,Organic Search,Y
C00159,Ankit Mehta,ankit.mehta159@company.in,+91-9429027360,Lucknow,Uttar Pradesh,Small Business,22/11/2022,Referral,Yes
C00160,Saanvi Iyer,saanvi.iyer160@yahoo.com,+91-9313346852,Pune,Maharashtra,Small Business,11-05-2021,Referral,Y
C00161, Ira Kapoor ,ira.kapoor161@mail.com,+918704179289,Kolkata, West Bengal ,Small Business,11/11/2022,Paid Search,No
C00162,Vihaan Verma,vihaan.verma162@mail.com,7199447370,Chennai,Tamil Nadu,Small Business,2024-01-26,Email,No
C00163,Saanvi Chopra,saanvi.chopra163@gmail.com,+91-9763712703,Patna,Bihar,Small Business,2022-04-30,Paid Search,Y
C00164,Kabir Saxena,kabir.saxena164@mail.com,+91-874142162,Delhi,Delhi,Corporate,2024-03-07,Email,Yes
C00165,rohan reddy,rohan.reddy165@mail.com,+91-7869080406,KOCHI,Kerala,Small Business,09-05-2022,Email,1
C00166, Riya Malhotra ,riya.malhotra166@gmail.com,+91-8637398296,Indore,Madhya Pradesh,,02-05-2022,,
C00167,Arjun Saxena,arjun.saxena167@company.in,+91-7664768939,Jaipur,Rajasthan,Small Business,01/10/2025,Social Media,No
C00168,Sahil Kapoor,sahil.kapoor168@gmail.com,+91-7921090693,Bengaluru,Karnataka,Small Business,2021-08-02,Email,1
C00169,VARUN KAPOOR,varun.kapoor169@mail.com,+91-7752783751,Patna,BIHAR,Consumer,2024-03-17,Social Media,No
C00170,Karan Kapoor,karan.kapoor170@mail.comm,+91-7294708501,Bhopal,Madhya Pradesh,Small Business,11-26-2024,Organic Search,No
C00171,Arjun Saxena,arjun.saxena171@mail.com,+91-9418790740,Ahmedabad,Gujarat,Corporate,23/02/2026,Referral,
C00172,Tanya Sharma,tanya.sharma172@yahoo.com,+91-9381780551,Ahmedabad,Gujarat,Consumer,2024-01-08,Marketplace,Y
C00173,Sahil Singh,sahil.singh173@gmail.com,+91-9325612900,Pune,Maharashtra,Small Business,07-15-2024,Paid Search,1
C00174,Saanvi Iyer,saanvi.iyer174@mail.com,+91-7516977385,Delhi,Delhi,Corporate,2021-02-18,Referral,1
C00175,Nikhil Nair,nikhil.nair175@company.in,+91-7981686710,,Madhya Pradesh,Corporate,11-06-2025,Social Media,Yes
C00176,Ananya Iyer,ananya.iyer176@gmail.com,+91-9046721228,Gurugram,Haryana,Corporate,12-01-2023,Direct,Y
C00177,Sahil Mishra,sahil.mishra177@outlook.com,+91-8636687473,Indore,madhya pradesh,Consumer,11-18-2022,Social Media,1
C00178, Ananya Bansal ,ananya.bansal178@mail.com,+91-7537042335,Indore,MADHYA PRADESH,Consumer,11-24-2021,Paid Search,1
C00179,Aanya Joshi,aanya.joshi179@outlook.com,+91-7150989488,Kolkata,West Bengal,Corporate,05-05-2026,Direct,1
C00180,Riya Iyer,riya.iyer180@outlook.com,+91-877040188,Surat,Gujarat,Small Business,2022-07-13,Email,1
C00181,Ankit Iyer,ankit.iyer181@company.in,+91-7947437263,Chandigarh, Chandigarh ,Small Business,19/01/2024,Direct,N
C00182,diya sharma,,+91-7439261284,Bengaluru,Karnataka,Corporate,03/02/2021,Organic Search,Y
C00183,Vivaan Agarwal,vivaan.agarwal183@gmail.com,+91-8638862478,BHOPAL,Madhya Pradesh,Consumer,10-17-2023,Social Media,Y
C00184,RAHUL VERMA,rahul.verma184@mail.com,+91-7223714148,Noida,Uttar Pradesh,Corporate,11-14-2025,Paid Search,Y
C00185,Vihaan Kumar,vihaan.kumar185@gmail.com,7257922823,Coimbatore,Tamil Nadu,Consumer,16/03/2022,Direct,Y
C00186,Saanvi Bansal,saanvi.bansal186@outlook.com,+91-8390198781,Noida,Uttar Pradesh,Corporate,2022-10-19,Email,N
C00187,Diya Gupta,diya.gupta187@company.in,+91-8216030167,Noida,uttar pradesh,Small Business,10-01-2021,Email,Yes
C00188,vivaan nair,vivaan.nair188@mail.comm,+91-7896523274,Kolkata,West Bengal,Small Business,04-02-2026,Organic Search,Y
C00189,Ishaan Saxena,ishaan.saxena189@gmail.com,+91-8068429057,Pune,maharashtra,Corporate,28/08/2025,Direct,0
C00190,Varun Nair,varun.nair190@mail.com,+91-8849361671,Lucknow,Uttar Pradesh,Small Business,05-27-2023,Paid Search,Yes
C00191,AARAV MISHRA,aarav.mishra191@yahoo.comm,+91-9962321335,Kolkata,West Bengal,Consumer,09-26-2022,Paid Search,No
C00192,Simran Chopra,simran.chopra192@company.in,+919556498528,Hyderabad,Telangana,Consumer,04-12-2025,Organic Search,1
C00193,Vivaan Mishra,vivaan.mishra193@gmail.com,7657978181,Nagpur,Maharashtra,Corporate,31/12/2025,Social Media,
C00194,Myra Patel,myra.patel194@company.in,+91-9645686265,Bengaluru,Karnataka,Corporate,27/12/2023,Paid Search,0
C00195,POOJA PATEL,pooja.patel195@gmail.com,+91-7368570209,Kochi,Kerala,Consumer,28/08/2022,Email,Y
C00196,Nikhil Sharma,nikhil.sharma196@mail.com,+91-7861982997,Bhopal,MADHYA PRADESH,Corporate,04/02/2021,Email,Y
C00197,Ankit Reddy,,7092292243,Coimbatore,Tamil Nadu,Small Business,06-30-2026,Social Media,Y
C00198,Tanya Agarwal,tanya.agarwal198@yahoo.com,+91-9236466111,Kolkata,West Bengal,Consumer,07-21-2023,Marketplace,Y
C00199,Aanya Saxena,aanya.saxena199@company.in,+91-7678810634,Bengaluru,Karnataka,Small Business,04-30-2022,Direct,N
C00200, Arjun Patel ,arjun.patel200@gmail.com,+91-7991756673,Hyderabad,Telangana,Consumer,2021-11-22,Referral,Y
C00201,Varun Agarwal,varun.agarwal201@yahoo.com,+91-8886715571,Chandigarh,Chandigarh,Corporate,02-18-2026,Direct,Y
C00202,Riya Singh,riya.singh202@company.in,+918699137133,Kochi,Kerala,Consumer,2021-07-21,Referral,0
C00203,aditya saxena,aditya.saxena203@yahoo.com,+918776223687,Pune,Maharashtra,Corporate,08/04/2023,Organic Search,1
C00204,Amit Saxena,amit.saxena204@yahoo.com,+91-9428767813,Patna,Bihar,Consumer,2022-08-16,Email,Y
C00205,Kiara Chopra,kiara.chopra205@mail.com,+91-9832404750,Coimbatore,Tamil Nadu,Small Business,2021-01-27,Direct,Yes
C00206,Diya Gupta,diya.gupta206@gmail.com,+91-9970028366,Delhi,Delhi,Corporate,09/02/2026,Paid Search,Yes
C00207,Diya Saxena,diya.saxena207@mail.com,+91-9701442510,Chandigarh, Chandigarh ,Corporate,22/03/2024,Referral,N
C00208,Nikhil Mishra,nikhil.mishra208@gmail.com,,Chennai,Tamil Nadu,Corporate,2024-09-29,Organic Search,No
C00209,Meera Shah,meera.shah209@gmail.com,+91-9057754346,Patna,Bihar,Corporate,05-27-2026,Direct,
C00210,Aarav Mehta,aarav.mehta210@outlook.com,+91-8204566630,Gurugram,Haryana,Small Business,11/11/2022,Paid Search,Yes
C00211,Ishaan Saxena,ishaan.saxena211@yahoo.com,+91-8905995222,Surat,Gujarat,Corporate,2022-09-24,Paid Search,0
C00212,Meera Saxena,meera.saxena212@gmail.com,+91-8431468604,Pune,Maharashtra,Small Business,03/07/2024,Paid Search,Y
C00213,Aarav Jain,aarav.jain213@mail.com,+91-8216625499,Noida,UTTAR PRADESH,Consumer,10-19-2024,Direct,0
C00214,Pooja Nair,pooja.nair214@outlook.com,+91-9000146357,Surat,Gujarat,Corporate,03/04/2026,Referral,No
C00215,Simran Reddy,simran.reddy215@company.in,+91-7733587041,Kochi,Kerala,Small Business,2022-02-26,Email,0
C00216,Meera Gupta,meera.gupta216@yahoo.com,+91-8469741396,Lucknow,Uttar Pradesh,Small Business,2021-11-16,Direct,1
C00217,Diya Chopra,diya.chopra217@gmail.com,+91-9732169658,Bhubaneswar,Odisha,Corporate,30/01/2026,Direct,No
C00218,Aditya Shah,aditya.shah218@mail.com,+91-858580025,Jaipur,Rajasthan,Small Business,2025-01-11,Direct,Y
C00219,Ishaan Iyer,ishaan.iyer219@outlook.com,7576717254,Bhopal,Madhya Pradesh,Corporate,06-17-2026,Paid Search,1
C00220,Tanya Bansal,TANYA.BANSAL220@OUTLOOK.COM,+91-9139567857,Bhopal,Madhya Pradesh,Consumer,08-10-2025,Email,Yes
C00221,KIARA SAXENA,kiara.saxena221@mail.com,9872118270,Mumbai,Maharashtra,Small Business,03/07/2024,Social Media,Yes
C00222,Amit Shah,amit.shah222@gmail.com,+91-8253070489, Ahmedabad ,,Consumer,12-04-2021,Direct,0
C00223,Ira Kumar,ira.kumar223@yahoo.com,+91-7362501515,Ahmedabad,Gujarat,Corporate,2026-07-25,Organic Search,1
C00224,Saanvi Mishra,saanvi.mishra224@mail.com,+919278231594,COIMBATORE,Tamil Nadu,Small Business,01-13-2026,Marketplace,Yes
C00225,Ananya Singh,ananya.singh225@mail.com,+91-9528551559,AHMEDABAD,gujarat,Consumer,07/01/2023,Paid Search,Y
C00226,Vivaan Jain,vivaan.jain226@mail.com,+91-7557947412,Chennai,Tamil Nadu,Small Business,01-27-2023,Marketplace,Yes
C00227,Rohan Gupta,rohan.gupta227@gmail.com,+91-8136726892,Ahmedabad,Gujarat,Small Business,2023-04-02,Organic Search,Yes
C00228,Sahil Bansal,sahil.bansal228@company.in,+91-8144335983,Jaipur,Rajasthan,,01-16-2021,Marketplace,Y
C00229,Neha Iyer,neha.iyer229@outlook.com,+91-7389411691,Indore,Madhya Pradesh,Corporate,26/02/2026,Organic Search,0
C00230,AMIT MEHTA,amit.mehta230@gmail.com,+91-7270551270,BENGALURU,Karnataka,Small Business,01-15-2026,Paid Search,N
C00231,VARUN GUPTA,varun.gupta231@yahoo.comm,9655887892,Delhi,Delhi,Consumer,12-07-2022,Marketplace,Y
C00232,Simran Mehta,simran.mehta232@outlook.com,+91-9938137245, Chandigarh ,Chandigarh,Small Business,05-24-2023,Organic Search,1
C00233,Sahil Kumar,sahil.kumar233@company.in,+91-7382858698,Jaipur,Rajasthan,Consumer,05-04-2026,Organic Search,Yes
C00234,Ira Malhotra,ira.malhotra234@mail.com,+91-8554354263,Jaipur,Rajasthan,Consumer,2026-03-17,Organic Search,Yes
C00235,ishaan malhotra,ishaan.malhotra235@outlook.com,+91-7225299266,Ahmedabad,Gujarat,Small Business,2026-06-10,Social Media,N
C00236, Amit Malhotra ,amit.malhotra236@company.in,+91-8872026192,Chennai, Tamil Nadu ,Consumer,2025-05-06,Marketplace,1
C00237,Rohan Reddy,rohan.reddy237@outlook.com,+91-7729867338,Kolkata,West Bengal,Consumer,14/08/2025,Email,Y
C00238,Varun Shah,varun.shah238@company.in,+91-7144399177,Jaipur,Rajasthan,Consumer,2022-02-06,Organic Search,Yes
C00239,Rohan Bansal,rohan.bansal239mail.com,,Gurugram,Haryana,Small Business,28/01/2023,Direct,
C00240,NEHA MEHTA,neha.mehta240@mail.com,+91-9897612417,Mumbai,Maharashtra,Small Business,2026-03-22,Direct,N
C00241,Sahil Joshi,sahil.joshi241@outlook.com,+91-8601222993,Lucknow,Uttar Pradesh,Consumer,18/05/2022,Organic Search,Y
C00242,Aanya Gupta,aanya.gupta242@yahoo.com,+919236336378,Pune,Maharashtra,Corporate,25/06/2022,Email,No
C00243, Saanvi Shah ,saanvi.shah243@mail.com,+91-7737605316,Nagpur,Maharashtra,Consumer,03-26-2024,Direct,Y
C00244,Vihaan Singh,vihaan.singh244@outlook.com,+91-7148988494,DELHI,Delhi,Small Business,01-11-2026,Email,No
C00245,Rahul Mishra,rahul.mishra245@outlook.com,+91-9427650861,Coimbatore,Tamil Nadu,Consumer,04-06-2022,Direct,
C00246,Vihaan Agarwal,vihaan.agarwal246@gmail.com,+91-9198110658,,Tamil Nadu,Small Business,2021-08-18,Paid Search,0
C00247,Amit Malhotra,amit.malhotra247@outlook.com,+91-8778948768,kochi,Kerala,Small Business,02/05/2023,Referral,0
C00248,NIKHIL SHAH,,+91-8297049620,Bengaluru,Karnataka,Small Business,14/03/2026,Direct,Y
C00249,Arjun Agarwal,arjun.agarwal249@gmail.com,+91-8107721600, Coimbatore ,Tamil Nadu,Consumer,2022-05-05,Social Media,No
C00250,Vivaan Mishra,vivaan.mishra250@mail.com,+91-7405911554,Surat, Gujarat ,Small Business,19/07/2024,Referral,Y
C00251,Arjun Mehta,arjun.mehta251@mail.com,+91-9257661694,Bengaluru,Karnataka,Small Business,04-12-2022,Email,No
C00252,ROHAN MISHRA,rohan.mishra252@gmail.com,+91-7538349165,Jaipur,Rajasthan,Small Business,03/04/2022,Organic Search,Y
C00253, Sahil Singh ,sahil.singh253@mail.com,+91-7389894192,Pune,maharashtra,Consumer,11-25-2024,Paid Search,Y
C00254,Ankit Iyer,ankit.iyer254@gmail.com,+91-9998458008,Jaipur,Rajasthan,Corporate,11/01/2023,Direct,Y
C00255,Aditya Reddy,aditya.reddy255@gmail.com,+91-8906775938,Coimbatore,TAMIL NADU,Corporate,19/10/2025,Email,Y
C00256,Arjun Patel,arjun.patel256@company.in,7724660700,Bhopal,Madhya Pradesh,Corporate,14/07/2025,Referral,1
C00257,Saanvi Saxena,saanvi.saxena257@yahoo.com,+919698833021,Ahmedabad,Gujarat,Consumer,10-07-2021,Marketplace,0
C00258,Ishaan Mishra,ishaan.mishra258@company.in,+917075893742,COIMBATORE,Tamil Nadu,Corporate,03/05/2022,Paid Search,1
C00259,Saanvi Singh,saanvi.singh259@company.in,+91-7671350453,gurugram, Haryana ,Corporate,03-28-2025,Social Media,1
C00260,IRA NAIR,ira.nair260@outlook.com,+91-7364821968,Chandigarh,Chandigarh,Corporate,2024-10-14,Social Media,1
C00261,Diya Shah,diya.shah261@company.in,+91-9866407741,Pune,Maharashtra,Corporate,2025-11-21,Email,Y
C00262,Nikhil Shah,nikhil.shah262@mail.com,+91-7900822844,Pune,Maharashtra,Consumer,08-30-2026,Direct,Y
C00263,Neha Chopra,neha.chopra263@company.in,+91-8862832469,Chennai,Tamil Nadu,Consumer,02/04/2023,Social Media,Y
C00264, Ananya Jain ,ANANYA.JAIN264@COMPANY.IN,+91-8333761598,Kolkata,West Bengal,Corporate,2021-06-01,Organic Search,Y
C00265,Diya Jain,diya.jain265@gmail.com,+91-7387862568,Surat,Gujarat,Small Business,2023-08-25,Email,No
C00266,Diya Shah,diya.shah266@yahoo.com,+91-8179171816,Bhopal,Madhya Pradesh,Consumer,07-02-2026,Social Media,Y
C00267,Rahul Jain,rahul.jain267@gmail.com,+91-8328298095,Delhi,Delhi,Consumer,2022-05-15,Social Media,Y
C00268,Varun Bansal, varun.bansal268@outlook.com ,+91-7344003508,Bhubaneswar,Odisha,Corporate,08-19-2025,Direct,Y
C00269,Sahil Verma,sahil.verma269@yahoo.com,+91-9698511953, Bhubaneswar ,Odisha,Small Business,10-20-2023,Paid Search,No
C00270,Simran Mishra,simran.mishra270@gmail.com,+91-9449808800, Chennai ,Tamil Nadu,Consumer,2023-07-26,Email,
C00271,Myra Bansal,myra.bansal271@gmail.com,+91-8143332519,Coimbatore,Tamil Nadu,Small Business,27/04/2023,Paid Search,0
C00272,ADITYA SHARMA,aditya.sharma272@yahoo.com,+91-8647100434,Coimbatore,Tamil Nadu,Corporate,2022-01-26,Organic Search,1
C00273,Aanya Kapoor,aanya.kapoor273@yahoo.com,+91-9163575681,Indore,Madhya Pradesh,Small Business,03/01/2022,Social Media,Yes
C00274,Pooja Agarwal,pooja.agarwal274@outlook.com,+91-7649677141,Nagpur,Maharashtra,Small Business,08/12/2025,Direct,0
C00275,Saanvi Singh,,+91-9185012042,Bengaluru,Karnataka,Consumer,2023-05-20,Social Media,Y
C00276,Meera Nair,meera.nair276@gmail.com,+91-9832699830,Gurugram,Haryana,Corporate,2021-01-24,Marketplace,No
C00277,Simran Verma,simran.verma277@mail.com,+91-8713336599,Mumbai,Maharashtra,Corporate,07/07/2025,Direct,No
C00278,RIYA MEHTA,riya.mehta278@company.in,+91-8814779777,Coimbatore, Tamil Nadu ,Corporate,2025-10-11,Social Media,Y
C00279,varun chopra,varun.chopra279@yahoo.com,+91-8837094114,Surat,Gujarat,Consumer,2021-07-04,Organic Search,0
C00280,Rohan Kumar,rohan.kumar280@gmail.com,+91-8954202161,Bhopal,Madhya Pradesh,Small Business,2024-10-30,Direct,1
C00281,Sneha Jain,sneha.jain281@outlook.com,+91-9964787371,Coimbatore,Tamil Nadu,Consumer,07-08-2022,Marketplace,N
C00282,ADITYA MISHRA,aditya.mishra282@yahoo.comm,+91-7713417649,Kochi,Kerala,Consumer,06-10-2026,Referral,0
C00283,Amit Shah,amit.shah283@mail.com,+91-9626352261,patna,Bihar,Small Business,08-08-2023,Social Media,1
C00284,Aarav Kumar,aarav.kumar284@yahoo.com,+91-9941941302,Surat,Gujarat,Small Business,2026-04-03,Email,Y
C00285,Karan Chopra,karan.chopra285@yahoo.com,+91-9120533071,Bengaluru,KARNATAKA,Small Business,2021-03-16,Organic Search,0
C00286,Ananya Reddy,ananya.reddy286@gmail.com,+91-9213572221,Indore,Madhya Pradesh,Corporate,2025-11-29,Paid Search,N
C00287,Varun Nair,varun.nair287@outlook.com,,Hyderabad,Telangana,Small Business,07/04/2023,Social Media,N
C00288,Kabir Saxena,kabir.saxena288@yahoo.com,+91-9216870095,Chandigarh,Chandigarh,Small Business,08-20-2022,Direct,Y
C00289,Rahul Saxena,rahul.saxena289@company.in,+918347310764,Surat,Gujarat,Corporate,2022-08-25,Social Media,
C00290,Diya Kapoor,diya.kapoor290@mail.com,+91-923912049,Bengaluru,Karnataka,Corporate,2023-11-26,Marketplace,Y
C00291,Kiara Mishra,kiara.mishra291@gmail.com,+91-9429221571,Gurugram,Haryana,Consumer,08-16-2023,Paid Search,No
C00292,Kiara Singh,kiara.singh292@company.in,+91-9045491387,Bengaluru,Karnataka,Small Business,08/07/2025,Marketplace,
C00293,Kabir Chopra,kabir.chopra293@yahoo.com,+91-8956067164,Kochi, Kerala ,Small Business,21/02/2025,Organic Search,Y
C00294,Simran Shah,simran.shah294@gmail.com,9099352779,Chandigarh,Chandigarh,Consumer,07-03-2021,Direct,0
C00295,Karan Bansal,karan.bansal295@outlook.com,+91-8698217745,Bengaluru,Karnataka,Consumer,2025-12-20,Paid Search,
C00296,Neha Verma,neha.verma296@mail.com,+919284318901,Gurugram,Haryana,Small Business,2023-10-02,Marketplace,1
C00297,ANANYA GUPTA,ananya.gupta297@gmail.com,+91-7662401514,Pune,Maharashtra,Consumer,2024-08-25,Marketplace,N
C00298,Saanvi Saxena,saanvi.saxena298@company.in,+91-7281140892,Nagpur, Maharashtra ,Small Business,03-18-2021,Email,Y
C00299,ira iyer,ira.iyer299@yahoo.com,+91-7004299516,Hyderabad,Telangana,Consumer,11-17-2022,Social Media,
C00300,Neha Gupta,neha.gupta300@gmail.com,+91-8200264250,Surat,Gujarat,Corporate,07-27-2024,Paid Search,Y
C00301,POOJA CHOPRA,pooja.chopra301@gmail.com,+91-8687024832,Jaipur,Rajasthan,Small Business,11-14-2021,Organic Search,No
C00302,Varun Mehta,varun.mehta302@gmail.comm,+91-8207463396,Kochi,Kerala,Consumer,05-26-2024,Referral,Yes
C00303,Neha Saxena,neha.saxena303@yahoo.com,+91-9427258822,Coimbatore,Tamil Nadu,Corporate,06-06-2022,Social Media,0
C00304,AARAV MALHOTRA,aarav.malhotra304@gmail.com,+91-7522773527,Bhubaneswar,Odisha,Consumer,2021-06-28,Direct,Y
C00305,Varun Joshi, varun.joshi305@yahoo.com ,+91-8855206571,Chennai,Tamil Nadu,Consumer,10-01-2024,Referral,0
C00306,neha singh,neha.singh306@gmail.com,7547762075,Mumbai,Maharashtra,Corporate,11-04-2025,Organic Search,0
C00307,Simran Malhotra, simran.malhotra307@mail.com ,+91-9221412448,Patna,Bihar,Small Business,2021-10-04,Marketplace,Y
C00308,Aanya Shah,aanya.shah308@mail.com,+91-7625453276,Chandigarh,Chandigarh,Small Business,2025-02-19,Direct,Y
C00309,Diya Mehta,,+91-9646142846,Coimbatore,Tamil Nadu,Small Business,22/06/2021,Paid Search,Y
C00310,Ira Sharma,ira.sharma310@outlook.com,+91-9515503899,Mumbai,Maharashtra,Consumer,2023-03-27,Organic Search,Y
C00311, Meera Singh ,meera.singh311@yahoo.com,+91-9263133100,Lucknow,Uttar Pradesh,Corporate,2021-09-25,Marketplace,N
C00312,Sneha Iyer,sneha.iyer312@yahoo.com,+91-9183000783,Surat,Gujarat,Corporate,30/11/2021,Direct,0
C00313,Nikhil Chopra,nikhil.chopra313@outlook.com,+91-7889915488,Coimbatore,Tamil Nadu,Consumer,06-10-2025,Social Media,Y
C00314,kiara saxena,kiara.saxena314@outlook.com,+918361592358,Patna,bihar,Consumer,2023-12-24,Social Media,N
C00315,Diya Mehta,diya.mehta315@outlook.com,+91-9594306443,Lucknow,Uttar Pradesh,Consumer,12-06-2023,Marketplace,1
C00316,Vihaan Joshi,vihaan.joshi316@company.in,+91-8981702791,Chennai, Tamil Nadu ,Consumer,10-23-2025,Marketplace,N
C00317,Myra Malhotra, myra.malhotra317@mail.com ,+91-7597579155,Bhopal,Madhya Pradesh,Small Business,2025-05-21,Direct,Y
C00318,PRIYA JAIN,priya.jain318@gmail.com,+91-8000896729,Coimbatore, Tamil Nadu ,Corporate,2025-02-18,Paid Search,Yes
C00319,Myra Chopra,myra.chopra319@mail.com,+918971202883,Hyderabad,Telangana,Consumer,20/09/2021,Social Media,Yes
C00320,Meera Jain,meera.jain320@company.in,+91-9830727200,Hyderabad,telangana,Consumer,28/06/2021,Marketplace,No
C00321,Aditya Singh,aditya.singh321@outlook.com,7114752423,NAGPUR,Maharashtra,Corporate,11/04/2025,Organic Search,N
C00322,Nikhil Bansal,,+91-7431709168,Bengaluru,Karnataka,Corporate,11-21-2022,Organic Search,
C00323,Rahul Singh,rahul.singh323@outlook.com,+91-7866458310,Bhopal,Madhya Pradesh,Corporate,2022-01-10,Organic Search,Y
C00324,Priya Reddy,priya.reddy324@mail.com,+91-8837731893,Lucknow,Uttar Pradesh,Small Business,2022-12-13,Referral,0
C00325,Arjun Iyer,arjun.iyer325@yahoo.com,+91-8668875855,Gurugram,Haryana,Corporate,09-22-2024,Direct,
C00326, Neha Sharma ,neha.sharma326@gmail.com,+91-8046020939,Kolkata,West Bengal,Small Business,29/04/2024,Direct,Y
C00327,Riya Malhotra,riya.malhotra327@outlook.com,+91-7883979150,,Odisha,Consumer,2023-10-15,Paid Search,Y
C00328,Neha Iyer,neha.iyer328@yahoo.com,+91-7848411797,Chennai,Tamil Nadu,Consumer,14/03/2024,Email,1
C00329,Sahil Patel,sahil.patel329@gmail.com,+91-8289484702,Coimbatore, Tamil Nadu ,Consumer,2023-11-20,Organic Search,No
C00330,Saanvi Kapoor,saanvi.kapoor330@company.in,9526767947,Chandigarh,Chandigarh,Corporate,05-25-2022,Social Media,1
C00331,Varun Malhotra,varun.malhotra331@yahoo.com,+91-7121358915,,West Bengal,Small Business,02-09-2026,Organic Search,N
C00332,Ankit Malhotra,ankit.malhotra332@company.in,+91-8644064552, Hyderabad ,Telangana,,2021-12-31,Marketplace,Y
C00333,Aditya Malhotra,aditya.malhotra333@company.in,+91-7576951818,Nagpur,Maharashtra,Small Business,01-20-2026,Organic Search,Y
C00334,Aditya Mishra,,+91-8008372962,Mumbai,,Corporate,08/09/2021,Referral,No
C00335,Pooja Malhotra,,+91-8551387812,Lucknow,Uttar Pradesh,Consumer,29/12/2024,Direct,N
C00336,Ira Bansal,IRA.BANSAL336@COMPANY.IN,+91-974050376,Patna,Bihar,Small Business,15/01/2025,Direct,Y
C00337,Amit Kapoor,amit.kapoor337@mail.com,9167397784,Surat,Gujarat,Corporate,28/03/2026,Direct,No
C00338,Ankit Kapoor,ankit.kapoor338@yahoo.com,+91-9858199245,Ahmedabad,Gujarat,Corporate,01-06-2022,Direct,1
C00339,Simran Joshi,,+91-7808125441,Kolkata,West Bengal,Small Business,2024-07-07,Email,N
C00340,Arjun Kapoor,arjun.kapoor340@mail.com,+91-7940186551, Jaipur ,Rajasthan,Consumer,08-21-2022,Referral,No
C00341,Kabir Mehta,kabir.mehta341@gmail.com,+91-8284632334,Kolkata,west bengal,Small Business,2021-03-30,Direct,1
C00342,Arjun Patel,arjun.patel342@mail.com,+91-9811631556,Lucknow,Uttar Pradesh,Consumer,07/04/2024,Direct,Y
C00343,Arjun Nair,arjun.nair343@yahoo.com,+91-8863248879,Coimbatore,Tamil Nadu,Corporate,20/05/2021,Marketplace,1
C00344,Ananya Bansal,ananya.bansal344@gmail.com,+91-9189353138,Indore,Madhya Pradesh,Consumer,2026-05-19,Direct,
C00345,Rohan Kapoor,rohan.kapoor345@company.in,+91-9228663296,Jaipur,Rajasthan,Consumer,05-24-2022,Paid Search,Y
C00346,Tanya Agarwal,tanya.agarwal346@gmail.com,+91-8816991604, Delhi ,Delhi,Small Business,07-09-2021,Paid Search,Y
C00347,Vihaan Verma,vihaan.verma347@yahoo.com,+91-7927884600, Chennai ,Tamil Nadu,Corporate,2025-09-25,Organic Search,Yes
C00348,Rahul Mehta,rahul.mehta348@mail.com,+91-7659240606,Indore,madhya pradesh,Small Business,2023-10-11,,1
C00349,Vihaan Kapoor,vihaan.kapoor349@gmail.com,+91-9102895903,Pune,Maharashtra,Corporate,03-01-2024,Email,1
C00350,Saanvi Shah,saanvi.shah350outlook.com,+91-9205746669,Bengaluru,Karnataka,Small Business,01/01/2024,Email,1
C00351,Riya Joshi,riya.joshi351@gmail.com,7341341981,Surat,Gujarat,Corporate,24/08/2021,Email,
C00352,Nikhil Singh,nikhil.singh352@gmail.com,+91-9294907628,Bhopal,Madhya Pradesh,Consumer,2021-06-23,Referral,Y
C00353,Ira Singh,ira.singh353@yahoo.com,+91-9075004731,Lucknow,Uttar Pradesh,Small Business,2025-06-01,Email,Yes
C00354,Ira Singh,,+91-9113322013,Jaipur,Rajasthan,Consumer,10/08/2025,Organic Search,0
C00355,Rohan Patel,rohan.patel355company.in,+91-7852399067,Indore,Madhya Pradesh,Corporate,09-21-2025,Direct,1
C00356,Riya Kapoor,riya.kapoor356@gmail.com,+91-7058621792,Bengaluru,Karnataka,Consumer,2024-11-02,Paid Search,Y
C00357, Sneha Agarwal ,sneha.agarwal357@company.in,+91-9157507853,Kolkata,WEST BENGAL,Consumer,09-02-2022,Social Media,N
C00358,Vihaan Reddy,,+91-8561547676,Chandigarh,Chandigarh,Small Business,03/08/2024,Social Media,Y
C00359,Arjun Sharma,arjun.sharma359@yahoo.com,+91-9271445252, Noida ,Uttar Pradesh,Consumer,23/04/2025,Organic Search,
C00360,Pooja Reddy,pooja.reddy360@company.in,+91-7823374138,surat,Gujarat,Consumer,23/11/2024,Direct,Yes
C00361,Vivaan Shah,vivaan.shah361@yahoo.com,,Delhi,DELHI,Corporate,05-18-2025,Direct,Yes
C00362,Sneha Joshi,sneha.joshi362@outlook.com,+91-7167893174,Surat,gujarat,Corporate,29/06/2022,Social Media,
C00363,Ananya Patel, ananya.patel363@mail.com ,+91-8526788512,Chandigarh,Chandigarh,Small Business,03-06-2021,Email,0
C00364,Vihaan Reddy,vihaan.reddy364@yahoo.com,+91-7995243301,Ahmedabad,Gujarat,Small Business,2026-05-17,Paid Search,N
C00365,Aditya Patel,aditya.patel365@company.in,,Mumbai, Maharashtra ,Small Business,02-13-2022,,Y
C00366,Simran Singh,simran.singh366@outlook.com,+91-8908366487,NOIDA,Uttar Pradesh,Small Business,2023-09-26,Organic Search,1
C00367,kabir nair,kabir.nair367@outlook.com,+91-7482791562,Bhubaneswar,ODISHA,Small Business,02-29-2024,Paid Search,Y
C00368,Ankit Mishra,ankit.mishra368@outlook.com,+91-8139888502,Patna,Bihar,Consumer,01-09-2021,Social Media,No
C00369,Kabir Kumar,kabir.kumar369@outlook.com,+91-9734194154,Bhopal,Madhya Pradesh,Small Business,10-05-2023,Marketplace,Y
C00370,Vihaan Nair,vihaan.nair370@yahoo.comm,+91-9398200084,Jaipur,Rajasthan,Small Business,2024-12-01,Organic Search,Y
C00371,Nikhil Patel,nikhil.patel371@gmail.com,9497983389,Bhopal, Madhya Pradesh ,Corporate,05-04-2021,Direct,0
C00372,Myra Reddy, myra.reddy372@gmail.com ,+917745521284,Kochi,Kerala,Consumer,2026-02-04,Direct,Y
C00373,Vihaan Kapoor,vihaan.kapoor373@mail.com,+91-9803324932,Hyderabad,Telangana,Consumer,2025-03-02,Paid Search,Yes
C00374,Ishaan Iyer,ishaan.iyer374@gmail.com,9077935216,Chennai,Tamil Nadu,Corporate,04/02/2021,Direct,
C00375,Simran Patel, simran.patel375@mail.com ,+91-7692447546,Jaipur,Rajasthan,Corporate,01-18-2022,Marketplace,Y
C00376,Diya Mishra,diya.mishra376@mail.com,+91-8664876543, Indore ,Madhya Pradesh,Consumer,17/09/2022,Social Media,Yes
C00377,Rohan Gupta,rohan.gupta377@mail.com,+91-8107861448,Ahmedabad,Gujarat,Corporate,2025-12-16,Referral,No
C00378,Ira Gupta,ira.gupta378@mail.com,9765386801,Chandigarh,Chandigarh,Consumer,02/02/2021,Direct,0
C00379,arjun gupta,arjun.gupta379@gmail.com,8411844389,Hyderabad,Telangana,Corporate,2023-05-21,Marketplace,1
C00380,Saanvi Mehta,saanvi.mehta380@yahoo.com,+91-9730256149,Delhi,Delhi,Small Business,01/12/2021,Paid Search,1
C00381,Saanvi Chopra,saanvi.chopra381@yahoo.com,+91-7042655516,Noida,UTTAR PRADESH,Consumer,16/08/2022,Organic Search,1
C00382,Ananya Saxena,ananya.saxena382@company.in,+91-9484110392,Jaipur,Rajasthan,Small Business,2025-09-18,Social Media,
C00383,Priya Singh,priya.singh383@company.in,+91-8442364344,Coimbatore,Tamil Nadu,Corporate,2022-12-26,Organic Search,Y
C00384,Aditya Sharma,aditya.sharma384@company.in,+91-9720969819,patna,Bihar,Small Business,04-02-2024,Direct,1
C00385,AARAV NAIR,aarav.nair385@mail.com,+918781193901,Kolkata,West Bengal,Corporate,2021-05-14,Email,N
C00386,Pooja Kapoor,pooja.kapoor386@mail.com,+91-8731382986,Delhi,Delhi,Small Business,2022-02-12,Organic Search,Y
C00387,Aarav Jain,aarav.jain387@gmail.com,+91-9724998490,Noida,Uttar Pradesh,Consumer,06-28-2023,Organic Search,Y
C00388,Arjun Bansal,arjun.bansal388@gmail.com,+91-9122766328,Patna,Bihar,Corporate,2022-02-17,Paid Search,Y
C00389,Karan Shah,karan.shah389@mail.com,,Bhubaneswar,Odisha,Consumer,2023-11-09,Paid Search,Y
C00390,Ananya Agarwal,ananya.agarwal390@yahoo.com,+91-9129452115,Coimbatore,Tamil Nadu,Consumer,10-22-2023,Referral,0
C00391,Myra Jain,myra.jain391@outlook.com,+91-8606148055,Ahmedabad,Gujarat,Consumer,19/05/2021,Referral,No
C00392,Vihaan Gupta,vihaan.gupta392@outlook.com,+91-7046819541,Chennai,Tamil Nadu,Corporate,08-10-2024,Referral,1
C00393,Diya Reddy,diya.reddy393@yahoo.com,+91-7512213630,Chennai,Tamil Nadu,Small Business,04-18-2025,Email,Y
C00394,Aditya Chopra,aditya.chopra394@company.in,+91-9389935392,Pune,maharashtra,Consumer,07/05/2024,Marketplace,1
C00395,VIHAAN KUMAR,vihaan.kumar395@yahoo.com,+91-7021222966,Mumbai,Maharashtra,Consumer,2021-06-26,Paid Search,Y
C00396,Sahil Shah,sahil.shah396@company.in,+91-9104979960,Chandigarh,Chandigarh,Consumer,2023-07-15,Referral,Y
C00397, Karan Mehta ,karan.mehta397@company.in,+91-9266216479,Kochi,Kerala,Corporate,03/02/2026,Paid Search,1
C00398,Rohan Mishra,rohan.mishra398@gmail.com,+918979322046,Gurugram,Haryana,Consumer,29/01/2026,Organic Search,1
C00399,amit malhotra,amit.malhotra399@outlook.com,+91-9227449313,Chennai,Tamil Nadu,Corporate,31/03/2022,Referral,Yes
C00400,Saanvi Mehta,saanvi.mehta400@yahoo.com,+91-7404768759,Hyderabad,Telangana,Small Business,2024-06-04,Social Media,Y
C00401,Karan Sharma,karan.sharma401@outlook.com,7469809301,patna,Bihar,Corporate,04-05-2024,Social Media,Yes
C00402,Ira Bansal,ira.bansal402@outlook.com,+91-9558699034, Jaipur ,Rajasthan,Small Business,03-26-2021,Organic Search,1
C00403,Rahul Singh,rahul.singh403@mail.com,+91-8139494896,Ahmedabad,Gujarat,Small Business,2025-09-06,Referral,Y
C00404,Kiara Patel,,8265841695,Nagpur, Maharashtra ,Corporate,05-21-2022,Paid Search,Yes
C00405,Kabir Mehta,kabir.mehta405@mail.com,+91-8068280780,Chandigarh,Chandigarh,Consumer,06/02/2022,Email,Yes
C00406,Aditya Mishra,aditya.mishra406@company.in,+91-7595324881,Gurugram,HARYANA,Consumer,01-04-2025,Social Media,
C00407,ira patel,ira.patel407@mail.com,+917540890313,patna,Bihar,Corporate,2026-03-01,Organic Search,
C00408,Amit Verma,amit.verma408@mail.com,+91-9902026770, Chennai ,Tamil Nadu,Consumer,01-27-2021,Referral,Y
C00409,AANYA KAPOOR,aanya.kapoor409@yahoo.com,+91-9926249045,Coimbatore,Tamil Nadu,Small Business,08-23-2022,Organic Search,0
C00410,Ira Agarwal,ira.agarwal410@company.in,+91-7120133063,BHOPAL,Madhya Pradesh,Corporate,2024-05-25,Paid Search,
C00411,Ishaan Nair,ishaan.nair411@company.in,+91-9418701230,Nagpur,Maharashtra,Corporate,02-15-2024,Marketplace,Yes
C00412,Kabir Reddy,kabir.reddy412@mail.com,+91-7683671517,Gurugram,Haryana,Small Business,06/05/2026,Organic Search,Yes
C00413,Arjun Verma,arjun.verma413@company.in,+91-8379368328,Mumbai,Maharashtra,Consumer,2023-03-30,Direct,Y
C00414,Ishaan Verma,ishaan.verma414@gmail.com,+91-7795876146,Bengaluru,Karnataka,Consumer,07-26-2026,Referral,Y
C00415,kabir saxena,kabir.saxena415@gmail.com,+91-7962163813,surat,Gujarat,Corporate,05-19-2025,Organic Search,Y
C00416,Neha Chopra,neha.chopra416@gmail.com,+91-7255086561,Ahmedabad,Gujarat,Consumer,09-13-2021,Direct,Y
C00417,Ankit Iyer,ankit.iyer417@yahoo.com,+91-9793176023,Coimbatore,Tamil Nadu,Consumer,2023-07-22,Referral,Y
C00418,Myra Malhotra,myra.malhotra418@yahoo.com,+91-8510922679,Noida,Uttar Pradesh,Consumer,2023-08-09,Marketplace,Y
C00419,Kabir Bansal,kabir.bansal419@outlook.com,+91-8255903097,Hyderabad,Telangana,Corporate,11/11/2021,Marketplace,N
C00420,Riya Agarwal,riya.agarwal420@mail.com,+91-9670918974,Lucknow,Uttar Pradesh,Corporate,2023-08-03,Organic Search,Y
C00421,Ananya Agarwal,ananya.agarwal421@company.in,+91-8648993670,GURUGRAM,Haryana,Consumer,01/07/2021,Marketplace,N
C00422,Sahil Sharma,sahil.sharma422@mail.com,+91-7245322487,Lucknow,Uttar Pradesh,Consumer,2024-03-23,Social Media,Yes
C00423,Aditya Joshi,aditya.joshi423@outlook.com,+91-9831371045,Noida,,Consumer,20/02/2021,Direct,N
C00424,Myra Verma,myra.verma424@gmail.com,+91-7772251935,Gurugram,Haryana,Corporate,07-21-2026,Social Media,N
C00425,vivaan agarwal,vivaan.agarwal425@gmail.com,+91-9579466477,Ahmedabad,gujarat,Small Business,09/04/2022,Email,No
C00426,Myra Nair,myra.nair426@outlook.com,9539302505, Coimbatore ,Tamil Nadu,Consumer,11-10-2024,Direct,1
C00427,Tanya Singh,tanya.singh427@gmail.com,+91-7837619957,Nagpur,Maharashtra,Consumer,09-23-2023,Organic Search,0
C00428,Pooja Joshi,pooja.joshi428@company.in,+91-8052026151,kochi,Kerala,Corporate,2022-07-20,Paid Search,Y
C00429,Rohan Singh,rohan.singh429@outlook.com,+917146353876,Chandigarh,Chandigarh,Small Business,27/10/2021,Email,Y
C00430,Amit Verma,amit.verma430@outlook.com,+91-8871274931,Mumbai,Maharashtra,Small Business,2023-01-22,Email,Yes
C00431,Sahil Singh,sahil.singh431@outlook.com,+91-9182822156,Kolkata,West Bengal,Corporate,28/07/2024,Social Media,Yes
C00432,Ananya Chopra,ananya.chopra432@yahoo.com,,Kochi,Kerala,Consumer,2023-04-28,Social Media,1
C00433,Amit Bansal,amit.bansal433@yahoo.com,+91-7515140923,nagpur,Maharashtra,Corporate,15/07/2022,Direct,Y
C00434, Nikhil Reddy ,nikhil.reddy434@company.in,+91-9397323135,Delhi, Delhi ,Corporate,2021-02-02,Paid Search,Y
C00435,Riya Mehta,riya.mehta435@company.in,+91-8795980709,Jaipur,Rajasthan,Small Business,20/08/2023,Email,0
C00436,Aanya Singh,aanya.singh436@gmail.com,+91-8920593054, Kolkata ,West Bengal,Corporate,2026-03-19,Organic Search,
C00437,Ishaan Malhotra,ishaan.malhotra437@mail.com,+91-8898167446,Delhi, Delhi ,Corporate,06-12-2026,Email,
C00438,Aarav Sharma,aarav.sharma438@gmail.com,+91-7272579142,Bhopal,Madhya Pradesh,Corporate,2023-03-24,Organic Search,
C00439,Arjun Saxena,ARJUN.SAXENA439@COMPANY.IN,+91-9712510228,Bhopal,madhya pradesh,Corporate,2022-05-22,Direct,Y
C00440,Arjun Shah,arjun.shah440@yahoo.com,+91-7100639474,Bhopal,Madhya Pradesh,Consumer,15/04/2026,Direct,No
C00441,Sahil Iyer,sahil.iyer441@company.in,+91-8588371805,Pune,Maharashtra,Corporate,08-12-2022,Direct,N
C00442,Vivaan Chopra,vivaan.chopra442@company.in,+91-9427998100,Ahmedabad,Gujarat,Corporate,2023-05-07,Organic Search,Y
C00443,Meera Patel,meera.patel443@yahoo.com,7488185700,Jaipur,Rajasthan,Corporate,19/06/2026,Email,Y
C00444,Kabir Mishra,kabir.mishra444@yahoo.com,,Nagpur,maharashtra,Small Business,2022-07-09,Direct,0
C00445,Diya Singh,diya.singh445@mail.com,+917970789345,Delhi,Delhi,Consumer,2024-03-10,Direct,Y
C00446, Ananya Shah ,ananya.shah446@yahoo.com,+91-9543350686,pune, Maharashtra ,Consumer,2026-04-24,Paid Search,0
C00447,myra chopra,myra.chopra447@outlook.com,+91-8655838125, Lucknow ,Uttar Pradesh,Small Business,22/07/2024,Direct,Y
C00448,Tanya Malhotra,tanya.malhotra448@outlook.com,+91-8486022426,Bhubaneswar,Odisha,Small Business,22/02/2023,Social Media,Y
C00449,Pooja Agarwal,pooja.agarwal449@outlook.com,+91-8177567644,Delhi,Delhi,Consumer,04-13-2026,Paid Search,Y
C00450,Sneha Patel,,+91-8349635732,Mumbai,Maharashtra,Corporate,07/03/2023,,1
C00451,Myra Verma,myra.verma451@yahoo.com,8904383663,Mumbai,maharashtra,Corporate,04/08/2025,Organic Search,Y
C00452,Rohan Gupta,rohan.gupta452@outlook.com,+91-7934266427,Hyderabad, Telangana ,Corporate,08/10/2023,Paid Search,1
C00453,Vihaan Mehta,vihaan.mehta453@yahoo.com,+91-9104042880,Ahmedabad,Gujarat,Small Business,01-16-2026,Marketplace,No
C00454,Nikhil Saxena,nikhil.saxena454@outlook.com,+91-7135068330,Noida,Uttar Pradesh,Small Business,2026-05-01,Paid Search,No
C00455,Diya Singh, diya.singh455@outlook.com ,+91-9648329782,Hyderabad,Telangana,Consumer,06-24-2025,Organic Search,Yes
C00456,Neha Kapoor,neha.kapoor456@gmail.com,+91-9996304511,gurugram, Haryana ,Small Business,2022-07-26,Direct,Y
C00457,aanya mishra,aanya.mishra457@yahoo.com,+91-994082242,Mumbai,Maharashtra,Consumer,2022-10-15,Referral,Y
C00458,Meera Reddy,meera.reddy458@company.in,,Surat,gujarat,Small Business,2023-08-22,Social Media,No
C00459,Meera Kumar, meera.kumar459@yahoo.com ,+91-8811346167,Chandigarh,Chandigarh,Consumer,12/03/2022,Direct,0
C00460,Rahul Kapoor,rahul.kapoor460@gmail.com,+91-8933894663,Chandigarh, Chandigarh ,Corporate,2025-02-03,Email,0
C00461,Myra Verma,myra.verma461@outlook.com,+91-9574095107,KOCHI,Kerala,Small Business,04-28-2024,Direct,Y
C00462,aditya iyer,aditya.iyer462@yahoo.com,+91-8967227624,Pune,Maharashtra,Corporate,02-21-2026,Direct,1
C00463,Aarav Kumar,aarav.kumar463@gmail.com,+91-8120882285,Ahmedabad,Gujarat,Corporate,26/09/2023,Paid Search,Yes
C00464,aarav malhotra,aarav.malhotra464@gmail.com,+91-972668861,Chennai,Tamil Nadu,Small Business,08-22-2024,Organic Search,No
C00465,Ira Bansal,ira.bansal465@company.in,+918675300330,Bengaluru,Karnataka,Small Business,2021-11-18,Paid Search,Y
C00466,Pooja Nair,pooja.nair466@company.in,+91-9107784731,Gurugram,Haryana,Corporate,03-31-2025,Referral,N
C00467,Myra Jain,myra.jain467@outlook.com,+91-9719240771,Ahmedabad,Gujarat,,26/05/2025,Marketplace,Y
C00468,Karan Singh,karan.singh468@mail.com,,Bhopal,Madhya Pradesh,Small Business,11-26-2021,Marketplace,
C00469,Riya Mehta,riya.mehta469@company.in,+91-7858071348,Hyderabad,Telangana,Consumer,28/04/2023,Marketplace,Y
C00470, Vihaan Bansal ,vihaan.bansal470@gmail.com,+91-9019533229,Mumbai,Maharashtra,Small Business,12-02-2023,Marketplace,1
C00471,Nikhil Saxena,nikhil.saxena471@company.in,+91-9490273474,Bhubaneswar,Odisha,Corporate,2025-08-19,Marketplace,Yes
C00472,Nikhil Bansal,nikhil.bansal472@company.in,+917635758131,Lucknow,Uttar Pradesh,Corporate,01-25-2025,Social Media,Yes
C00473,Rahul Joshi,RAHUL.JOSHI473@YAHOO.COM,+91-8564062981, Jaipur ,Rajasthan,Small Business,07-21-2025,Referral,1
C00474,Aarav Gupta,aarav.gupta474@yahoo.com,+91-7513641216,LUCKNOW,Uttar Pradesh,Small Business,02-19-2021,Marketplace,Y
C00475,Simran Verma,simran.verma475@mail.com,+91-9795195681,Kochi,Kerala,Consumer,2022-12-28,Paid Search,0
C00476,Kiara Singh,kiara.singh476@gmail.com,+91-7358141037,noida,Uttar Pradesh,Corporate,19/06/2026,Organic Search,1
C00477,Pooja Agarwal,pooja.agarwal477@yahoo.com,+91-8134729933,,Tamil Nadu,Small Business,2026-08-23,Marketplace,Yes
C00478,Arjun Bansal,arjun.bansal478@mail.com,+91-8319415411,Lucknow,Uttar Pradesh,Consumer,2022-02-26,Social Media,0
C00479,Rahul Jain,rahul.jain479@outlook.com,+91-8592535796,CHANDIGARH,CHANDIGARH,Corporate,15/07/2024,Marketplace,N
C00480,Ishaan Agarwal,ishaan.agarwal480outlook.com,+91-8836091419,surat,Gujarat,Corporate,2023-03-28,Marketplace,0
C00481,Vihaan Agarwal,vihaan.agarwal481@mail.com,+91-8586770646,Patna,Bihar,Small Business,10-31-2021,Email,Yes
C00482,Tanya Saxena,tanya.saxena482@gmail.com,+91-8348453216,Surat,Gujarat,Consumer,05-30-2023,Referral,0
C00483,Simran Verma,SIMRAN.VERMA483@GMAIL.COM,+91-8877789378,Nagpur,Maharashtra,Corporate,09-01-2024,Marketplace,0
C00484,Pooja Mehta,pooja.mehta484@company.in,+91-7653716836,Mumbai,,,2024-10-23,Social Media,Yes
C00485,Sneha Joshi,sneha.joshi485@outlook.com,,Gurugram,Haryana,Consumer,13/02/2023,Paid Search,N
C00486,AANYA KUMAR, aanya.kumar486@outlook.com ,+91-8888243482,Chandigarh, Chandigarh ,Corporate,05-05-2023,Email,N
C00487,ARJUN CHOPRA,arjun.chopra487@outlook.com,+91-9177162664,Patna,Bihar,Small Business,02-15-2026,Social Media,Y
C00488,Rahul Kapoor,rahul.kapoor488@gmail.com,+91-760445572,Coimbatore,Tamil Nadu,Small Business,30/09/2022,Paid Search,
C00489,KABIR KUMAR,kabir.kumar489@gmail.com,+91-8602813593, Indore ,Madhya Pradesh,Corporate,2021-04-16,,N
C00490,Aditya Malhotra,aditya.malhotra490@gmail.com,+91-8891571587,Mumbai,Maharashtra,Small Business,06-29-2024,Paid Search,
C00491,Kabir Patel,kabir.patel491@gmail.com,+91-8072791762,Kolkata, West Bengal ,Corporate,09-08-2024,Marketplace,1
C00492,Rahul Verma,rahul.verma492yahoo.com,9725717915,Chennai,Tamil Nadu,Consumer,14/08/2024,Email,Yes
C00493,Rahul Saxena,rahul.saxena493@outlook.com,,Lucknow,Uttar Pradesh,Consumer,13/12/2023,Paid Search,Yes
C00494,Kiara Malhotra,kiara.malhotra494@gmail.com,+91-9194318630, Noida ,Uttar Pradesh,Small Business,03-10-2021,Email,Y
C00495,Arjun Kumar,arjun.kumar495@mail.com,+91-9618493607,Bhubaneswar,Odisha,Consumer,06-30-2025,Direct,Y
C00496,Vivaan Malhotra,vivaan.malhotra496@yahoo.com,+91-8041370923,Bengaluru, Karnataka ,Corporate,04/03/2023,Paid Search,No
C00497,aarav singh,aarav.singh497@outlook.com,+91-8882363858,Nagpur,Maharashtra,Small Business,05/02/2026,Referral,0
C00498,SAHIL MISHRA,sahil.mishra498@mail.com,+91-8557137740,Kolkata,West Bengal,Small Business,07/11/2025,Social Media,Y
C00499,Nikhil Chopra,nikhil.chopra499@mail.com,+91-9095351182,Kolkata,west bengal,Small Business,04-17-2025,Email,1
C00500,Nikhil Verma,nikhil.verma500@company.in,+91-9697747761,Indore,MADHYA PRADESH,Small Business,06-04-2023,Social Media,N
C00501,Ananya Bansal,ananya.bansal501@outlook.com,+91-7899284625,delhi,Delhi,Consumer,02/07/2025,Organic Search,Y
C00502,Rahul Kapoor,rahul.kapoor502@mail.com,+91-9084951645,Lucknow,Uttar Pradesh,Corporate,10-15-2022,Direct,Y
C00503,Aditya Jain,aditya.jain503@outlook.com,+91-8654593890,Bhopal,Madhya Pradesh,Small Business,2024-04-18,Marketplace,N
C00504,Vihaan Joshi,vihaan.joshi504@yahoo.com,+91-9075642946,Kochi,Kerala,Small Business,27/02/2023,Referral,N
C00505,Diya Iyer,diya.iyer505@gmail.com,+91-8060407459,Indore,Madhya Pradesh,Consumer,05-03-2026,Marketplace,0
C00506,saanvi shah,saanvi.shah506@gmail.com,+91-7247157166,Chandigarh,Chandigarh,Corporate,2021-09-19,Referral,0
C00507,Aanya Iyer,aanya.iyer507@outlook.com,+91-9317618519,surat, Gujarat ,Corporate,2021-08-05,Marketplace,0
C00508,Amit Singh,amit.singh508@gmail.com,+91-8750517794,Lucknow,Uttar Pradesh,Small Business,01-20-2023,Organic Search,Y
C00509,RIYA AGARWAL,riya.agarwal509@mail.com,+91-700742555,Jaipur,Rajasthan,Consumer,25/04/2025,Organic Search,Y
C00510,Pooja Nair,pooja.nair510@yahoo.com,+91-7639304826,Gurugram,haryana,Consumer,08/05/2022,Referral,
C00511,priya kapoor,priya.kapoor511@gmail.com,+91-9107833160,Kochi,Kerala,Small Business,05-22-2026,Paid Search,Y
C00512,Kiara Mehta,kiara.mehta512@company.in,+91-8380894268,Surat,Gujarat,Corporate,2024-03-22,Email,Yes
C00513,meera mehta,meera.mehta513@mail.com,+91-9250496030,Indore,Madhya Pradesh,Corporate,2021-07-03,Referral,Y
C00514, Varun Mishra ,varun.mishra514@yahoo.com,+91-8674675460,Jaipur,Rajasthan,Corporate,07-03-2021,Direct,1
C00515,Nikhil Sharma,nikhil.sharma515@company.in,+91-8088454159,chandigarh,Chandigarh,Small Business,01-14-2026,Social Media,1
C00516,Aanya Iyer,aanya.iyer516@outlook.com,+91-7868124994,Surat,Gujarat,Consumer,06-05-2022,Social Media,Y
C00517,Kiara Jain,kiara.jain517@mail.com,9442983221,Delhi,Delhi,Consumer,25/10/2023,Direct,Y
C00518,Sneha Bansal,sneha.bansal518@yahoo.com,8363882153,MUMBAI,,Consumer,13/03/2021,Marketplace,N
C00519,Sahil Verma,sahil.verma519@mail.com,+91-9769352628,Gurugram, Haryana ,Small Business,01/09/2023,Direct,1
C00520,Ananya Kumar,ananya.kumar520@gmail.com,+91-9325718433,Indore,Madhya Pradesh,Small Business,2024-12-16,Direct,N
C00521,Ishaan Mehta,ishaan.mehta521@yahoo.com,+91-8990184474,Gurugram,Haryana,Small Business,2024-06-11,Social Media,Y
C00522,Karan Kapoor,karan.kapoor522@company.in,+91-9864715453,Nagpur,Maharashtra,Small Business,10-01-2022,Email,Y
C00523,Karan Singh,karan.singh523gmail.com,+91-7226571165,mumbai,Maharashtra,Small Business,01-01-2025,Paid Search,Y
C00524,Simran Iyer,simran.iyer524@yahoo.com,+91-9412328824,Hyderabad,Telangana,Consumer,10-19-2023,Direct,No
C00525,Varun Bansal,varun.bansal525@mail.com,+91-9434314470,Gurugram,Haryana,Consumer,24/02/2025,Social Media,Y
C00526,Ira Jain,ira.jain526@gmail.com,+91-8085405984,Coimbatore,Tamil Nadu,Small Business,04-07-2021,Referral,No
C00527,TANYA VERMA,tanya.verma527mail.com,9463819175,Bengaluru,Karnataka,Small Business,2025-04-06,Social Media,
C00528,Ishaan Chopra,ishaan.chopra528@outlook.com,+91-836843637,Surat,gujarat,,11/06/2022,Marketplace,Y
C00529,kabir shah,kabir.shah529@company.in,,Bhubaneswar,ODISHA,Small Business,2021-11-29,Referral,0
C00530,Pooja Kumar,pooja.kumar530@outlook.com,9180058372,Coimbatore,Tamil Nadu,Consumer,08-13-2022,Marketplace,1
C00531,Riya Mishra, riya.mishra531@company.in ,+91-9935743411,Chennai,Tamil Nadu,Consumer,09-15-2021,Organic Search,No
C00532,Nikhil Jain,nikhil.jain532@mail.com,+91-9063511934,Mumbai,Maharashtra,Small Business,19/02/2023,Referral,1
C00533,myra sharma,myra.sharma533@outlook.com,+91-8865653342,Bengaluru,Karnataka,Corporate,2023-01-24,Referral,0
C00534,Myra Malhotra,,+91-8388487755, Hyderabad ,Telangana,Consumer,07-18-2026,Social Media,No
C00535,Simran Patel,simran.patel535@mail.com,+91-7899606602,Indore,Madhya Pradesh,Consumer,07-04-2024,Email,N
C00536,Nikhil Shah,nikhil.shah536@yahoo.com,+91-8346300658,Patna,bihar,Consumer,10/08/2024,Direct,Y
C00537,Saanvi Joshi,saanvi.joshi537@gmail.com,+91-8171484810,Kolkata,West Bengal,Corporate,31/03/2023,Referral,Y
C00538, Aanya Agarwal ,aanya.agarwal538@yahoo.com,+91-8583260877,Chennai,Tamil Nadu,Small Business,2025-04-14,Social Media,Y
C00539,Vivaan Reddy,vivaan.reddy539@company.in,+91-9701063454,Noida,Uttar Pradesh,Consumer,2021-05-22,Paid Search,Y
C00540,Nikhil Joshi,nikhil.joshi540@outlook.com,+91-9115081131, Mumbai ,Maharashtra,Consumer,06-10-2025,Organic Search,N
C00541,Saanvi Verma,saanvi.verma541@yahoo.com,+91-8372066031,Delhi,DELHI,Consumer,20/03/2021,Organic Search,Y
C00542,Neha Nair,NEHA.NAIR542@YAHOO.COM,+91-9695864167,Nagpur,Maharashtra,Small Business,05-10-2025,Direct,1
C00543,Ishaan Kumar,ishaan.kumar543@gmail.com,+91-9449020294,Pune,Maharashtra,Corporate,2023-05-28,Paid Search,No
C00544,Ishaan Chopra,ishaan.chopra544@outlook.com,+91-9062338387,Bhopal,Madhya Pradesh,Small Business,10-15-2023,Email,Y
C00545,Vivaan Nair,vivaan.nair545@yahoo.com,9807302199,Chennai,Tamil Nadu,Corporate,22/05/2024,,Y
C00546,Amit Joshi,AMIT.JOSHI546@MAIL.COM,+91-9419057219,Kochi,Kerala,Consumer,24/09/2021,Direct,0
C00547,Ishaan Agarwal,ishaan.agarwal547@outlook.com,9792511382,jaipur,Rajasthan,Small Business,25/06/2026,Direct,Y
C00548,Diya Nair,diya.nair548@yahoo.com,+91-7634079710, Chandigarh ,Chandigarh,Corporate,2025-07-29,Organic Search,Y
C00549,POOJA REDDY,pooja.reddy549@yahoo.com,,Noida, Uttar Pradesh ,Corporate,16/08/2026,Organic Search,No
C00550,Tanya Kapoor,tanya.kapoor550@company.in,+91-7457098881,Nagpur,Maharashtra,Small Business,2023-02-11,Email,N
C00551,Aarav Sharma,aarav.sharma551@outlook.com,+91-8088490321,Jaipur,Rajasthan,Corporate,07-09-2025,Referral,0
C00552,Diya Nair,diya.nair552@outlook.com,+91-7420936068,jaipur,rajasthan,Corporate,2026-07-02,Referral,No
C00553,Vihaan Jain,vihaan.jain553@gmail.com,+919635895536,Coimbatore,Tamil Nadu,Consumer,2021-04-26,Direct,Y
C00554,ANKIT BANSAL,ankit.bansal554@yahoo.com,+91-732994219,Surat,Gujarat,Corporate,2022-12-25,Organic Search,Y
C00555,AMIT JAIN, amit.jain555@gmail.com ,+91-9255610387,gurugram,Haryana,Small Business,2025-09-11,Paid Search,Y
C00556,ADITYA SHAH,aditya.shah556@yahoo.com,+91-7286984909,Hyderabad,Telangana,Consumer,04-20-2022,Social Media,Y
C00557,Aanya Patel,aanya.patel557@yahoo.com,+91-9056148393,Lucknow,Uttar Pradesh,Consumer,18/10/2021,Marketplace,N
C00558,Priya Agarwal,priya.agarwal558@gmail.com,+91-7827235141,Chandigarh,Chandigarh,Corporate,2023-07-10,Referral,1
C00559,Aditya Iyer,aditya.iyer559@yahoo.com,+91-9792445389,Mumbai,Maharashtra,Corporate,09-01-2024,Marketplace,0
C00560,Diya Gupta,diya.gupta560@outlook.com,+91-8165015038,Coimbatore,Tamil Nadu,Small Business,2024-08-20,Marketplace,Y
C00561,Simran Mishra,simran.mishra561@outlook.com,+91-9233866964,Chennai,Tamil Nadu,Corporate,10-09-2023,Referral,Y
C00562,Ananya Jain,ananya.jain562@outlook.com,+91-7285814650,Mumbai,Maharashtra,Corporate,06/02/2026,Referral,Y
C00563,Rohan Singh,rohan.singh563@gmail.com,,Indore,Madhya Pradesh,Consumer,04-20-2023,Email,
C00564,Ira Joshi,ira.joshi564@gmail.com,+91-8646140692,Bengaluru,Karnataka,Small Business,2022-01-09,Paid Search,Y
C00565,Vihaan Mishra,,+91-7352175015,Chandigarh,Chandigarh,Small Business,24/04/2025,Email,0
C00566,Pooja Mehta,pooja.mehta566@yahoo.com,+91-8735193913,Indore,Madhya Pradesh,Consumer,2023-10-16,Referral,No
C00567,Meera Sharma,meera.sharma567@company.in,+91-7981644156,Coimbatore,TAMIL NADU,Consumer,2022-10-10,Direct,Y
C00568,Pooja Iyer,pooja.iyer568@outlook.com,+91-8872149503,DELHI,Delhi,Corporate,06-30-2024,Referral,Y
C00569, Vihaan Sharma ,vihaan.sharma569@mail.com,+91-7767642077,CHENNAI,Tamil Nadu,Consumer,2025-02-20,Referral,Y
C00570,Saanvi Patel,saanvi.patel570@yahoo.com,+91-8055655388, Bengaluru ,Karnataka,Small Business,10-26-2022,Referral,0
C00571,rahul saxena,rahul.saxena571@mail.com,+91-8750964943,indore,Madhya Pradesh,Consumer,2021-05-30,,1
C00572,Sahil Patel,sahil.patel572@mail.com,+91-8050084221,Kochi,Kerala,Consumer,2023-11-02,Social Media,No
C00573,Kiara Kapoor,kiara.kapoor573@company.in,+91-7174051038,Bhubaneswar,Odisha,Consumer,12-14-2024,Email,0
C00574,Meera Reddy,meera.reddy574@company.in,+91-9515223769,Patna,Bihar,Small Business,05-29-2021,Social Media,N
C00575,Aditya Jain,aditya.jain575@outlook.com,+91-7835342988,BHOPAL,Madhya Pradesh,Small Business,2022-09-14,Referral,Y
C00576,Varun Chopra,varun.chopra576@gmail.com,+91-8598227684,Pune,Maharashtra,Consumer,2024-09-16,Referral,No
C00577,Riya Mishra,riya.mishra577@company.in,+91-7635534765,Coimbatore,Tamil Nadu,Small Business,2023-10-16,Email,Y
C00578,Sahil Reddy,sahil.reddy578@company.in,+91-8433599297,Delhi, Delhi ,Small Business,2026-07-08,Organic Search,Y
C00579,Kabir Iyer,kabir.iyer579@company.in,+917652352598,Chandigarh,Chandigarh,Small Business,2022-07-01,Email,Y
C00580,pooja sharma,pooja.sharma580@yahoo.com,+91-8251675591,Chennai,tamil nadu,Corporate,11/03/2024,Marketplace,Y
C00581,Nikhil Chopra,nikhil.chopra581@outlook.com,+91-8795165755,KOCHI,Kerala,Small Business,06-20-2024,Organic Search,No
C00582,Nikhil Reddy,nikhil.reddy582@yahoo.com,+91-9884674801,Gurugram,Haryana,Small Business,10/05/2023,Referral,1
C00583,Simran Reddy,simran.reddy583@yahoo.com,+91-9433394189, Kochi ,Kerala,Small Business,11-04-2022,Paid Search,Y
C00584,Rahul Nair,rahul.nair584@mail.comm,+91-9073603182,Lucknow,Uttar Pradesh,Corporate,08-29-2022,Marketplace,
C00585,Aanya Iyer,aanya.iyer585@gmail.comm,+91-9531111257,Kochi,Kerala,Corporate,2025-09-06,Direct,Yes
C00586,Meera Agarwal,meera.agarwal586@mail.com,+91-7009665440,Jaipur,Rajasthan,Small Business,01-26-2024,Organic Search,N
C00587,Tanya Iyer,tanya.iyer587@gmail.com,, Surat ,Gujarat,Corporate,2021-11-23,Referral,Y
C00588,Ira Singh,ira.singh588@outlook.com,+91-766816212,Surat,Gujarat,Corporate,2023-09-09,Referral,Yes
C00589, Simran Gupta ,simran.gupta589@gmail.com,+91-7078286696,Indore,Madhya Pradesh,Small Business,20/12/2021,Marketplace,Y
C00590,Simran Saxena,simran.saxena590@yahoo.com,9995115611,Bhopal,,,07-18-2026,Social Media,1
C00591,Amit Sharma,amit.sharma591@company.in,+91-7500337444,Lucknow,Uttar Pradesh,Consumer,27/10/2024,Direct,Y
C00592,Nikhil Agarwal,nikhil.agarwal592@yahoo.com,8562445716,Bhopal,Madhya Pradesh,Small Business,04/04/2021,Marketplace,Y
C00593,Rohan Shah,rohan.shah593@mail.com,+91-9363127020,Chennai,Tamil Nadu,Small Business,2024-05-02,Paid Search,Y
C00594,Arjun Chopra,arjun.chopra594@company.in,+91-9410294696,Delhi,Delhi,Corporate,01-29-2023,Email,1
C00595, Aarav Saxena ,aarav.saxena595@mail.com,+91-7254999353,Ahmedabad,Gujarat,Corporate,04-13-2024,Email,Y
C00596,Meera Shah,meera.shah596@outlook.com,+91-9882025167,Chennai,Tamil Nadu,Corporate,10-21-2023,Organic Search,No
C00597, Ishaan Bansal ,ishaan.bansal597@yahoo.com,+91-8765776327,Bengaluru,Karnataka,Small Business,06/04/2023,Organic Search,Y
C00598,Vivaan Verma,vivaan.verma598@mail.com,+91-8199704988,Kochi,Kerala,Small Business,2021-09-25,Referral,Y
C00599,Sahil Joshi,sahil.joshi599@company.in,+91-7621448128,Bhubaneswar,Odisha,Small Business,2022-02-09,Marketplace,
C00600,Sneha Jain, sneha.jain600@mail.com ,+91-7084052697,Gurugram,Haryana,Consumer,10-29-2024,Marketplace,No
C00601,ARJUN KAPOOR,arjun.kapoor601@mail.com,+91-9024578142, Coimbatore ,TAMIL NADU,Corporate,2025-10-31,Organic Search,
C00602,kiara patel,kiara.patel602@yahoo.com,+91-8757235114,kolkata,West Bengal,Consumer,01-17-2026,Social Media,Y
C00603,Varun Chopra,varun.chopra603@company.in,+91-9472504416,Chennai,Tamil Nadu,Consumer,2025-01-01,Direct,N
C00604,Ishaan Patel, ishaan.patel604@company.in ,+91-7876876005,Surat,GUJARAT,Small Business,2025-11-04,Paid Search,1
C00605,Arjun Malhotra,arjun.malhotra605@yahoo.com,+91-9541258777,Kolkata,West Bengal,Small Business,30/01/2026,Email,Y
C00606,Ishaan Kapoor,ishaan.kapoor606@company.in,+91-9982930466,Surat,Gujarat,Consumer,2022-04-09,Organic Search,
C00607, Ankit Gupta ,ankit.gupta607@mail.com,+91-8426254951,kolkata,West Bengal,Corporate,07-03-2026,Marketplace,Y
C00608,Karan Agarwal,karan.agarwal608@gmail.comm,+91-7117346255,Lucknow,Uttar Pradesh,Consumer,05-05-2021,Direct,Y
C00609,Amit Patel,amit.patel609@outlook.com,+91-8254722851,Indore,Madhya Pradesh,Small Business,2026-05-07,Email,Y
C00610,Vivaan Jain,vivaan.jain610@gmail.com,+91-7380914444,Delhi,Delhi,Small Business,2025-07-18,Marketplace,Y
C00611,tanya verma,tanya.verma611@company.in,+91-9397718655, Bhubaneswar ,Odisha,Corporate,01-27-2023,Organic Search,Yes
C00612, Sneha Kumar ,sneha.kumar612@company.in,+91-7806096647,Noida,Uttar Pradesh,Small Business,2022-09-27,Organic Search,1
C00613,Sahil Patel,sahil.patel613@mail.com,+91-8984125774,Indore,Madhya Pradesh,Corporate,05-16-2025,Direct,N
C00614,Sneha Sharma,sneha.sharma614@company.in,+91-9472653085,Mumbai,Maharashtra,Consumer,04-03-2021,Organic Search,No
C00615,Vivaan Mishra,vivaan.mishra615@gmail.com,+91-8524985960,bhubaneswar,Odisha,Consumer,05-16-2022,Paid Search,Y
C00616,Rahul Mehta, rahul.mehta616@yahoo.com ,+91-8746535263,Coimbatore,Tamil Nadu,Corporate,2026-08-31,Paid Search,Y
C00617,Simran Sharma,simran.sharma617@gmail.com,+91-9250003422,Gurugram,Haryana,Consumer,04-19-2026,Paid Search,No
C00618,Kabir Verma,kabir.verma618@outlook.com,+91-9469727351,Mumbai,Maharashtra,Consumer,06-15-2025,Paid Search,0
C00619,Ananya Reddy,ananya.reddy619@company.in,+91-8262498713,Lucknow,Uttar Pradesh,Consumer,2021-06-25,Organic Search,1
C00620, Sahil Sharma ,sahil.sharma620@yahoo.com,+91-8708668170,Delhi,Delhi,Small Business,22/04/2021,Email,1
C00621,Neha Singh,neha.singh621@company.in,+91-9252676570,Coimbatore,Tamil Nadu,Corporate,04-20-2022,Email,Y
C00622,Ishaan Joshi,ishaan.joshi622@outlook.com,+91-9968285300,Bhubaneswar,Odisha,Small Business,2025-02-17,Referral,1
C00623,Sahil Jain,sahil.jain623@company.in,+91-9578314759,Gurugram,Haryana,Small Business,12/02/2026,Organic Search,Yes
C00624,Neha Jain,neha.jain624@yahoo.com,+91-7957897586,Chennai,Tamil Nadu,Consumer,14/07/2025,Organic Search,Y
C00625,Amit Mehta,amit.mehta625@mail.com,+91-9878257557,Surat,Gujarat,Corporate,2022-07-22,Direct,1
C00626,Diya Sharma,diya.sharma626@yahoo.com,+91-9838623815,NOIDA,Uttar Pradesh,Corporate,2025-03-30,Marketplace,No
C00627,Varun Singh,varun.singh627@yahoo.com,,Ahmedabad,Gujarat,Consumer,2021-05-01,Marketplace,1
C00628,Riya Mehta,riya.mehta628@gmail.com,7109458663,Mumbai,Maharashtra,Corporate,02-18-2024,Referral,Y
C00629,Vivaan Nair,vivaan.nair629@outlook.com,+91-8678206800, Kolkata ,West Bengal,Small Business,27/07/2022,Referral,Y
C00630,Neha Jain,neha.jain630outlook.com,+91-9250483146,Mumbai,Maharashtra,Small Business,03-24-2023,Organic Search,N
C00631,Sneha Kumar,sneha.kumar631@gmail.comm,+91-7483699333,Pune,Maharashtra,Corporate,25/07/2024,Email,Y
C00632,Sneha Shah,sneha.shah632@gmail.com,+91-7405944165,Lucknow,Uttar Pradesh,Small Business,2026-01-25,Paid Search,Y
C00633,Rahul Gupta,rahul.gupta633@mail.com,+91-8803318166,Coimbatore,Tamil Nadu,Corporate,07-06-2026,Social Media,No
C00634,Vihaan Shah,vihaan.shah634@gmail.com,+91-8729932917,Kochi,Kerala,Consumer,2021-09-08,Organic Search,Y
C00635,Rohan Joshi,rohan.joshi635@outlook.com,+91-9832767805,bhubaneswar,Odisha,Corporate,01-07-2026,Referral,Y
C00636,Tanya Shah,tanya.shah636@outlook.com,+91-7069433663,Noida,Uttar Pradesh,Small Business,17/09/2024,Direct,No
C00637,Sneha Jain,sneha.jain637@mail.com,+91-9343730965,Nagpur,Maharashtra,Corporate,05-27-2021,Referral,Y
C00638,Pooja Gupta,pooja.gupta638@company.in,+91-9678518762,Bhubaneswar,Odisha,Consumer,2022-09-23,Direct,N
C00639,Ira Verma,ira.verma639@gmail.com,+91-9660900416,Ahmedabad,Gujarat,Small Business,27/05/2022,Paid Search,Yes
C00640,Rohan Joshi,rohan.joshi640@yahoo.com,+91-7954329496,Bhubaneswar,Odisha,Small Business,27/02/2022,Referral,Y
C00641,Meera Shah,meera.shah641@yahoo.com,+91-9166730459,Kolkata,West Bengal,Corporate,16/04/2021,,Yes
C00642,Rahul Jain,rahul.jain642@mail.com,+91-9572689888,Pune,maharashtra,Consumer,28/09/2024,Paid Search,Y
C00643,Ira Jain,ira.jain643@company.in,+91-883073016,Chennai,TAMIL NADU,Small Business,12-25-2023,Organic Search,
C00644, Saanvi Iyer ,saanvi.iyer644@mail.com,+91-7557383228,Delhi,Delhi,Small Business,11-27-2024,Email,0
C00645,Tanya Bansal,tanya.bansal645@outlook.com,+91-9874685014,Ahmedabad, Gujarat ,Consumer,09-25-2025,Referral,Y
C00646,Kabir Sharma,kabir.sharma646@gmail.com,,Delhi,Delhi,Corporate,04-20-2022,Organic Search,Yes
C00647,Sneha Saxena,sneha.saxena647@mail.com,+91-9145698913,Nagpur,Maharashtra,Corporate,09-29-2025,Paid Search,Yes
C00648,ISHAAN GUPTA,ishaan.gupta648@yahoo.com,+91-7574347894,,maharashtra,Small Business,2022-08-10,Direct,No
C00649,Aarav Iyer,aarav.iyer649@company.in,+91-7775951121,Hyderabad,Telangana,Corporate,01-27-2025,Direct,
C00650,Vihaan Singh,vihaan.singh650@gmail.com,+91-9013362475,Bhopal,Madhya Pradesh,Corporate,12-20-2025,Paid Search,Y
C00651,Arjun Malhotra,arjun.malhotra651@mail.com,+91-7715386206,Lucknow,Uttar Pradesh,Consumer,13/04/2023,Social Media,Y
C00652,Neha Reddy,neha.reddy652@outlook.com,+91-7500273103,AHMEDABAD,Gujarat,Corporate,12-03-2025,Organic Search,No
C00653,Kabir Shah,kabir.shah653@mail.com,+91-7423296554,Noida,Uttar Pradesh,Small Business,08-11-2021,Marketplace,No
C00654,karan mehta,karan.mehta654@mail.com,+91-7173678976,Indore,Madhya Pradesh,Consumer,05-08-2025,Marketplace,Y
C00655,Rahul Shah,rahul.shah655@mail.com,+91-8190496998,Hyderabad,Telangana,Small Business,2023-03-16,Direct,N
C00656,ROHAN SINGH,rohan.singh656@company.in,, Kochi ,Kerala,Small Business,2022-06-15,Email,N
C00657,Vivaan Mishra,vivaan.mishra657@yahoo.com,+91-8955684376,Gurugram,Haryana,Consumer,2022-03-01,Email,Y
C00658,KABIR JAIN,kabir.jain658@company.in,+91-8575081282,Surat,Gujarat,Consumer,2021-09-28,Referral,Yes
C00659, Ishaan Malhotra ,ishaan.malhotra659@mail.com,+91-7910587204, Indore ,Madhya Pradesh,Small Business,10-02-2022,Email,Y
C00660,Myra Malhotra,myra.malhotra660@gmail.com,,GURUGRAM,Haryana,Small Business,02-01-2021,Referral,Yes
C00661,Pooja Gupta,,+91-7740806705,INDORE,Madhya Pradesh,Consumer,07-15-2022,Marketplace,N
C00662,arjun bansal,arjun.bansal662@outlook.com,9338062656,bhopal,madhya pradesh,Corporate,09/02/2025,Organic Search,0
C00663,NIKHIL JOSHI,nikhil.joshi663@gmail.com,+91-8183468755,Lucknow,Uttar Pradesh,Small Business,13/04/2022,Organic Search,
C00664,Aarav Reddy,aarav.reddy664@yahoo.com,+91-8091871452, Chennai ,TAMIL NADU,Small Business,02/09/2022,Organic Search,No
C00665,Rahul Shah,rahul.shah665@gmail.com,+917533965008,Jaipur,Rajasthan,Corporate,2023-12-12,Social Media,Y
C00666,Diya Kumar,diya.kumar666@outlook.com,+91-9568104126,Delhi,Delhi,Corporate,12/07/2026,Referral,Y
C00667,Ishaan Chopra,ishaan.chopra667@gmail.com,+91-8384351900,Surat,Gujarat,Small Business,03-30-2024,Paid Search,0
C00668,Vivaan Saxena,vivaan.saxena668@mail.com,+919837925186,Kochi,Kerala,Corporate,11-29-2023,Email,0
C00669,Ankit Patel,ankit.patel669@gmail.com,+91-9688480618,Pune,Maharashtra,Small Business,05-06-2021,Paid Search,0
C00670,Riya Nair,RIYA.NAIR670@GMAIL.COM,9319690275,Kochi,Kerala,Consumer,19/01/2022,Direct,Yes
C00671,SIMRAN KUMAR,simran.kumar671@company.in,+91-9485050873,Patna,Bihar,Small Business,24/07/2021,Email,Y
C00672,Saanvi Mishra,saanvi.mishra672@mail.com,+91-8976713587,Noida,Uttar Pradesh,Corporate,19/06/2025,Email,Yes
C00673,Kiara Saxena,kiara.saxena673@yahoo.comm,+91-9408760003,Surat,Gujarat,Consumer,27/12/2024,Email,N
C00674,Pooja Verma,pooja.verma674@yahoo.com,+91-9264346695,Chandigarh,Chandigarh,Corporate,2021-09-17,Marketplace,1
C00675,Arjun Joshi,arjun.joshi675@company.in,+91-7188080289,Chennai,Tamil Nadu,Small Business,2025-06-29,Referral,Y
C00676,Sneha Mehta,sneha.mehta676@outlook.com,+91-9079793198,SURAT,,Small Business,06-04-2022,Paid Search,Y
C00677,Kiara Agarwal,kiara.agarwal677@mail.com,+91-7793314666,Chandigarh,Chandigarh,Small Business,26/09/2025,Email,Y
C00678,Diya Reddy,diya.reddy678@outlook.com,+91-7578822813,GURUGRAM,Haryana,Corporate,05-11-2026,Email,
C00679,SIMRAN KAPOOR,,+91-9210481302,Chennai,Tamil Nadu,Small Business,02/04/2025,Referral,Yes
C00680,Simran Iyer,simran.iyer680@company.in,7695051469,PATNA,Bihar,Consumer,10-02-2025,Marketplace,1
C00681,Kabir Joshi,kabir.joshi681@outlook.com,+91-7791671380,,Madhya Pradesh,Consumer,2022-03-21,Social Media,0
C00682,Myra Chopra,myra.chopra682@outlook.com,7445200444,Coimbatore,Tamil Nadu,Consumer,01-14-2022,Organic Search,
C00683, Meera Chopra ,meera.chopra683@mail.com,+91-853916562,Coimbatore,Tamil Nadu,Consumer,2024-01-25,Paid Search,N
C00684,Amit Chopra,amit.chopra684@yahoo.com,9286167917, Lucknow ,Uttar Pradesh,Small Business,23/11/2022,Marketplace,Yes
C00685, Vivaan Verma ,vivaan.verma685@outlook.com,+91-7625527607,Chandigarh,Chandigarh,Corporate,07-28-2022,Marketplace,0
C00686,Kiara Kapoor,kiara.kapoor686@yahoo.com,7728946324,CHENNAI,Tamil Nadu,Small Business,2025-04-04,Social Media,N
C00687,Vivaan Kapoor,vivaan.kapoor687@yahoo.com,+91-7985425516,Patna,Bihar,Small Business,2021-05-27,Social Media,No
C00688,Ananya Agarwal,ananya.agarwal688@gmail.com,+91-7283284824,Chandigarh,Chandigarh,Corporate,03-15-2022,Email,
C00689,Amit Kapoor,amit.kapoor689@mail.com,+91-9966104051,Patna,Bihar,Consumer,05-26-2026,Email,1
C00690,Nikhil Agarwal,nikhil.agarwal690@outlook.com,+91-8930718638,Hyderabad,Telangana,Corporate,2022-02-27,Email,Y
C00691,Nikhil Shah, nikhil.shah691@yahoo.com ,+917987925992,Noida,Uttar Pradesh,Corporate,30/04/2025,,Y
C00692,Priya Mishra,priya.mishra692@outlook.com,+91-9375256603,Chennai,Tamil Nadu,Consumer,15/12/2021,Marketplace,No
C00693,Priya Singh,PRIYA.SINGH693@GMAIL.COM,+918736359501,delhi,Delhi,Corporate,17/02/2024,Organic Search,1
C00694,Varun Nair,varun.nair694@gmail.com,8212007738,Surat,Gujarat,Corporate,22/06/2025,Referral,Yes
C00695,Tanya Patel,tanya.patel695@mail.com,+91-8971876745,Bhopal,MADHYA PRADESH,Small Business,30/04/2022,Marketplace,0
C00696,Ankit Kapoor,ankit.kapoor696@mail.comm,+91-7373556805,Jaipur,RAJASTHAN,Corporate,01-08-2025,Social Media,Y
C00697,Simran Bansal,simran.bansal697@outlook.com,+91-8248922054,Indore,Madhya Pradesh,Corporate,30/04/2024,Paid Search,Y
C00698,Rohan Patel,rohan.patel698@company.in,+91-8135305064,Patna,Bihar,Corporate,08/03/2022,Referral,Y
C00699,Amit Verma,amit.verma699@company.in,+91-7226950966,Mumbai,Maharashtra,Small Business,04-10-2026,Paid Search,Yes
C00700,nikhil bansal,nikhil.bansal700@gmail.com,,Kolkata,West Bengal,Corporate,2021-08-30,Referral,Y
C00701,Amit Nair, amit.nair701@company.in ,+91-7304428029,kolkata,West Bengal,Small Business,2021-01-19,Marketplace,
C00702,Kiara Malhotra,kiara.malhotra702@mail.com,+91-8104196744,Gurugram,Haryana,Corporate,2021-12-27,Social Media,Y
C00703,Ira Iyer,ira.iyer703@company.in,+91-8545943616,Patna,Bihar,Small Business,09-19-2023,Email,Yes
C00704,Ankit Mishra,ankit.mishra704@mail.com,+91-8643362176,NOIDA,Uttar Pradesh,Small Business,05-05-2024,Social Media,No
C00705,Meera Kumar,meera.kumar705@mail.com,+91-8431540506,chennai,tamil nadu,Small Business,06-21-2024,Organic Search,Yes
C00706,Nikhil Bansal,nikhil.bansal706@gmail.com,+91-9667099561,Bhopal,Madhya Pradesh,Corporate,2024-01-03,Organic Search,1
C00707,Sahil Verma,sahil.verma707@outlook.com,,Mumbai,Maharashtra,Corporate,2023-11-30,Referral,Y
C00708,Varun Nair,,7206779059,,Haryana,Consumer,06-05-2023,Email,Yes
C00709,Aditya Gupta,aditya.gupta709@outlook.com,+91-8446591092,Noida,Uttar Pradesh,Consumer,11/01/2025,Email,Y
C00710,Rahul Sharma,rahul.sharma710@mail.com,+91-9348210315,Bhopal,Madhya Pradesh,Small Business,17/09/2023,Marketplace,Y
C00711,Meera Chopra, meera.chopra711@company.in ,+91-7690115833,Kochi,Kerala,Corporate,05-21-2023,Direct,N
C00712,Simran Joshi, simran.joshi712@outlook.com ,+91-7171084936,Surat,,Consumer,10/07/2021,Referral,Y
C00713,Pooja Sharma,pooja.sharma713@outlook.com,+91-9416231813,Surat,Gujarat,Small Business,2023-02-02,,Y
C00714,Kiara Nair,kiara.nair714@mail.com,+919984585872,INDORE,Madhya Pradesh,Corporate,01-08-2022,Direct,No
C00715,Varun Saxena,VARUN.SAXENA715@MAIL.COM,+91-8572138736,pune,Maharashtra,Corporate,2026-08-23,Direct,1
C00716,Tanya Saxena,tanya.saxena716@gmail.com,+91-9593618560,Delhi,Delhi,Corporate,09-26-2022,Paid Search,0
C00717,Rohan Sharma,rohan.sharma717@yahoo.com,+91-7981994732,Delhi,Delhi,Consumer,30/12/2021,Email,N
C00718,Nikhil Sharma,nikhil.sharma718@gmail.com,+91-9988775646,bengaluru,Karnataka,Consumer,03/12/2025,Social Media,1
C00719,ananya kapoor,ananya.kapoor719@gmail.com,+91-7991317604,chennai, Tamil Nadu ,Small Business,06-18-2025,Direct,Yes
C00720,Meera Jain,meera.jain720@yahoo.com,+91-7125291217,delhi,Delhi,Consumer,05/02/2024,Referral,No
C00721,Priya Malhotra,priya.malhotra721@company.in,+91-8692222340,Bhopal,Madhya Pradesh,Small Business,2025-06-01,Direct,N
C00722,Nikhil Joshi,nikhil.joshi722@company.in,+91-7815067734,Gurugram,Haryana,Corporate,27/04/2022,Social Media,Y
C00723,Karan Saxena,karan.saxena723@gmail.com,+91-9652998107,Nagpur,Maharashtra,Consumer,09-11-2023,Social Media,Y
C00724,Ankit Nair,ankit.nair724@outlook.com,+91-7149183460,Delhi,Delhi,Corporate,07/02/2025,Referral,0
C00725,Meera Shah,meera.shah725@outlook.com,+91-9028032576,Ahmedabad,Gujarat,Corporate,2026-08-22,Email,Yes
C00726,RIYA GUPTA,riya.gupta726@yahoo.com,+91-9472683878,Lucknow,Uttar Pradesh,Consumer,08/04/2022,Organic Search,Yes
C00727,Rahul Iyer,rahul.iyer727@yahoo.com,+91-8292774093,Gurugram,Haryana,Corporate,08-17-2021,Organic Search,
C00728,Priya Nair,priya.nair728@yahoo.com,+91-9392216858,Hyderabad,Telangana,Consumer,2024-02-19,Direct,Y
C00729,Nikhil Saxena,,+91-8945475662,chandigarh,Chandigarh,Small Business,24/07/2025,Email,No
C00730,Diya Saxena,diya.saxena730@gmail.com,7549857034,Delhi,Delhi,Small Business,03-10-2023,Direct,Y
C00731,Varun Verma,varun.verma731@gmail.com,+91-8678324716,Chennai,Tamil Nadu,Corporate,2023-02-03,Paid Search,0
C00732, Vihaan Jain ,vihaan.jain732@mail.com,+91-9968637961,Chennai,Tamil Nadu,Corporate,2024-12-21,Email,0
C00733,Simran Singh, simran.singh733@yahoo.com ,+91-7535502069,nagpur,Maharashtra,Small Business,30/06/2023,Email,1
C00734,SAANVI MEHTA,saanvi.mehta734@company.in,+91-7930680493,Lucknow,Uttar Pradesh,Corporate,10-24-2022,Marketplace,Y
C00735,rohan nair,rohan.nair735@gmail.com,+91-7906510986,Bhopal,Madhya Pradesh,,05-16-2026,Social Media,
C00736,Aanya Singh,aanya.singh736@mail.comm,9834641231,Bhubaneswar,Odisha,Corporate,23/08/2021,Organic Search,Yes
C00737,Neha Gupta,neha.gupta737@gmail.com,+91-9431924004,Hyderabad,Telangana,Small Business,2024-01-18,Organic Search,Y
C00738,simran patel,simran.patel738@outlook.com,+91-9800443130,Jaipur,Rajasthan,Corporate,06/09/2022,Organic Search,
C00739,Saanvi Mehta,saanvi.mehta739@yahoo.com,+91-7796176498,Mumbai,Maharashtra,Corporate,04-26-2021,Direct,Yes
C00740, Ishaan Singh , ishaan.singh740@gmail.com ,+91-9201145785,patna,Bihar,Small Business,15/01/2023,Email,Yes
C00741,Saanvi Sharma,saanvi.sharma741@gmail.com,+91-9339707148,Delhi,Delhi,Consumer,09/01/2026,,N
C00742,Ira Reddy,ira.reddy742@company.in,+91-8832338920,Kolkata,WEST BENGAL,Small Business,2022-03-27,Social Media,Y
C00743,Riya Kumar,riya.kumar743@company.in,+91-8348678013,Kochi,Kerala,Small Business,05/10/2024,Direct,Y
C00744,Simran Mishra,simran.mishra744@gmail.com,+91-8041349425,Patna,Bihar,Corporate,2026-01-21,Organic Search,
C00745,Myra Patel,myra.patel745@company.in,,Patna, Bihar ,Consumer,2024-01-10,Referral,
C00746,Ira Mehta,ira.mehta746@company.in,7539709649,Surat,GUJARAT,Small Business,2025-11-08,Paid Search,0
C00747,Diya Kapoor,diya.kapoor747@mail.com,+91-9910015639,Indore,Madhya Pradesh,Small Business,2025-10-29,Organic Search,
C00748,Tanya Nair,tanya.nair748@yahoo.com,+919880842900,delhi,Delhi,Small Business,06-23-2024,Direct,1
C00749,Simran Iyer,simran.iyer749@gmail.com,+91-7605024708,Jaipur,Rajasthan,Consumer,25/07/2021,Paid Search,Y
C00750,Kabir Joshi,kabir.joshi750@outlook.com,+91-8204012131,Noida, Uttar Pradesh ,Small Business,2024-10-11,Paid Search,Y
C00751,Vihaan Sharma,vihaan.sharma751@yahoo.com,+91-9879034757,Kolkata,West Bengal,Consumer,02-13-2021,Social Media,Y
C00752,Ankit Kumar,ankit.kumar752@mail.com,+91-7931083713,Kolkata,West Bengal,Consumer,07-11-2021,Paid Search,Y
C00753,Aanya Verma,aanya.verma753@gmail.com,+91-9837057163,Indore,Madhya Pradesh,Consumer,2022-02-21,Referral,
C00754,Vihaan Iyer,vihaan.iyer754@yahoo.com,+91-7275260215,Kochi, Kerala ,Consumer,06/11/2024,Email,Y
C00755,SIMRAN KUMAR,simran.kumar755@yahoo.com,9205520418,pune,Maharashtra,Corporate,08-31-2025,Paid Search,No
C00756,Arjun Shah,arjun.shah756@mail.com,+91-7469834933,Patna,Bihar,Consumer,10/07/2026,Direct,Yes
C00757,Neha Kapoor,neha.kapoor757@yahoo.comm,+91-9317471852,Chennai,Tamil Nadu,Consumer,2024-05-22,Marketplace,No
C00758,Pooja Kapoor,pooja.kapoor758@outlook.com,+91-8924983066,Nagpur,Maharashtra,Small Business,2025-06-16,Paid Search,Y
C00759,aarav malhotra,aarav.malhotra759@company.in,+91-9809423279,Mumbai, Maharashtra ,Corporate,16/03/2024,Paid Search,0
C00760,Karan Patel,karan.patel760@company.in,7772601857,bhubaneswar,odisha,Consumer,11-28-2023,Email,N
C00761,Nikhil Kumar,nikhil.kumar761@gmail.com,+91-7327574755,Mumbai,,Corporate,07/04/2022,Social Media,Y
C00762,Meera Mishra,meera.mishra762@yahoo.com,+91-9448205495,Surat,Gujarat,Corporate,05-22-2026,Organic Search,Y
C00763, Ishaan Mishra ,ishaan.mishra763@gmail.com,+917322568010,Hyderabad,Telangana,Corporate,07-06-2021,Marketplace,0
C00764,Sneha Jain,,+91-8192648339,Kochi,Kerala,,2023-03-27,Social Media,Y
C00765,Tanya Reddy,TANYA.REDDY765@MAIL.COM,9713596008, Chennai ,Tamil Nadu,Corporate,2023-08-21,Organic Search,
C00766,Nikhil Malhotra,nikhil.malhotra766@company.in,+91-9387185761,hyderabad,telangana,Corporate,28/04/2025,Paid Search,Y
C00767,Vihaan Malhotra,vihaan.malhotra767@outlook.com,+91-9851102404,Noida,Uttar Pradesh,Consumer,17/09/2022,Direct,Y
C00768,Meera Chopra,meera.chopra768@company.in,+91-9499676025, Coimbatore ,Tamil Nadu,Corporate,16/02/2022,Email,
C00769,Rahul Joshi, rahul.joshi769@outlook.com ,+91-7647145446,Noida,Uttar Pradesh,Corporate,06-24-2025,Paid Search,N
C00770,Pooja Agarwal,pooja.agarwal770@gmail.com,9610609005,Chandigarh,Chandigarh,Corporate,15/08/2025,Social Media,0
C00771,Ananya Iyer,ananya.iyer771@mail.com,+91-7831253326,Indore,Madhya Pradesh,Corporate,06/04/2022,Social Media,
C00772,Aarav Agarwal,aarav.agarwal772outlook.com,+91-9598146019,SURAT,Gujarat,Small Business,02-10-2021,,
C00773,Rohan Agarwal,rohan.agarwal773@outlook.com,+91-9317667297,Noida,Uttar Pradesh,Corporate,06-18-2021,Social Media,N
C00774,Aarav Patel,aarav.patel774@outlook.com,+91-8676657881,Kochi,Kerala,Small Business,12-28-2024,Marketplace,Yes
C00775,myra bansal, myra.bansal775@gmail.com ,+91-7508159713,Gurugram,Haryana,Small Business,24/05/2021,Paid Search,Y
C00776,Meera Chopra,meera.chopra776@outlook.com,+91-8607285191,Ahmedabad,Gujarat,Consumer,2022-06-01,Organic Search,No
C00777,Vihaan Mehta,vihaan.mehta777@outlook.com,+91-8669873130,Bhubaneswar,Odisha,Small Business,2025-03-06,Social Media,No
C00778,Ishaan Singh,ishaan.singh778@mail.com,+91-7392579674,Hyderabad,Telangana,Corporate,04-19-2026,Social Media,No
C00779,Tanya Reddy,tanya.reddy779@yahoo.com,+91-8342726255,Hyderabad,Telangana,Corporate,27/06/2026,Referral,0
C00780,Vihaan Nair,vihaan.nair780@yahoo.com,+91-8270436719,Bhubaneswar,Odisha,Small Business,12-30-2024,Email,N
C00781,Arjun Saxena,arjun.saxena781@company.in,+91-9767289281,Chennai,Tamil Nadu,Small Business,03/06/2021,Marketplace,Y
C00782,Diya Gupta,diya.gupta782@yahoo.com,+91-7913569129,Lucknow,Uttar Pradesh,Consumer,24/07/2021,Direct,Y
C00783,Neha Kapoor,neha.kapoor783@gmail.com,+91-9596742432,Gurugram,Haryana,Corporate,28/10/2025,Referral,Y
C00784,Tanya Joshi,tanya.joshi784@yahoo.com,+91-8247728263,Lucknow,Uttar Pradesh,Small Business,09/02/2024,Marketplace,0
C00785,Diya Shah,diya.shah785@mail.com,+91-7769443881,Indore,,Small Business,10-31-2021,Social Media,Yes
C00786,Varun Reddy,varun.reddy786@outlook.com,+91-9246578338,Pune,maharashtra,Consumer,17/01/2023,Marketplace,Yes
C00787,Varun Reddy,varun.reddy787@gmail.comm,+91-9650832925, Gurugram ,Haryana,Consumer,15/11/2022,Organic Search,No
C00788,Amit Saxena,amit.saxena788@gmail.com,+91-9873058075,Noida, Uttar Pradesh ,Small Business,05-13-2022,Marketplace,Y
C00789,Vihaan Malhotra,vihaan.malhotra789@mail.com,+91-9157312617,Delhi,Delhi,Consumer,10/07/2022,Paid Search,Y
C00790,Ishaan Nair,ishaan.nair790@mail.com,+91-7259216919,Nagpur,Maharashtra,Consumer,10-29-2025,Paid Search,Y
C00791,Arjun Kapoor,arjun.kapoor791@yahoo.com,+91-9182092898,,Gujarat,Corporate,26/04/2021,Social Media,1
C00792,Aditya Verma,aditya.verma792@mail.com,+91-7879341790, Pune ,,Small Business,2024-05-12,Social Media,1
C00793,Ishaan Malhotra,ishaan.malhotra793@mail.com,+91-7498470654,Bengaluru,Karnataka,Corporate,05-16-2023,Organic Search,Y
C00794,Riya Iyer,riya.iyer794@mail.com,+91-8505837004, Ahmedabad ,Gujarat,Small Business,09-08-2024,Organic Search,1
C00795,Priya Agarwal,priya.agarwal795@yahoo.com,+91-7279197653,Delhi,Delhi,,2025-01-11,Email,No
C00796,Ishaan Saxena,ishaan.saxena796@company.in,+91-8136050507,bhubaneswar,Odisha,,05/10/2021,,0
C00797,Nikhil Shah,nikhil.shah797@gmail.com,+91-9365832495,Ahmedabad,GUJARAT,Corporate,06-21-2024,Referral,1
C00798,Ishaan Kumar,ishaan.kumar798@outlook.com,8243876683,HYDERABAD,Telangana,Corporate,2023-05-27,,
C00799,meera bansal, meera.bansal799@yahoo.com ,+91-8439763964,Bhubaneswar,Odisha,Small Business,2025-08-24,Referral,No
C00800,Simran Shah,simran.shah800@gmail.com,+91-7148637167,Jaipur,Rajasthan,Consumer,17/04/2023,Social Media,Yes
C00801,Amit Malhotra,amit.malhotra801@company.in,+91-9035646970,Pune,Maharashtra,Small Business,07-26-2025,,No
C00802,Rohan Mehta,,+91-7073090265,Gurugram,Haryana,Consumer,2026-04-28,Direct,Yes
C00803,Amit Iyer,amit.iyer803@yahoo.com,+918506483713,jaipur,Rajasthan,Corporate,03-29-2022,Marketplace,1
C00804,Ananya Chopra,ananya.chopra804@company.in,,Noida,Uttar Pradesh,Corporate,2026-08-11,Referral,Y
C00805,Aditya Malhotra,aditya.malhotra805@gmail.com,+91-7865865449,Surat,Gujarat,Consumer,03-20-2023,Referral,1
C00806,ROHAN PATEL,,+91-7637306122,Jaipur,Rajasthan,Small Business,2023-05-03,,
C00807,Riya Shah, riya.shah807@gmail.com ,+91-7396619966,Gurugram,Haryana,Small Business,08-21-2023,Organic Search,
C00808,SIMRAN REDDY,simran.reddy808@mail.com,+91-9351980659,Surat,Gujarat,Consumer,2021-06-16,Referral,Y
C00809,Riya Gupta,riya.gupta809@gmail.com,+91-9152845922,LUCKNOW,Uttar Pradesh,Small Business,07/09/2022,Social Media,Yes
C00810,Aanya Shah,aanya.shah810@company.in,+91-759248293, Ahmedabad ,Gujarat,Small Business,2022-07-25,Referral,
C00811,Ira Saxena,,+91-8539793028, Mumbai ,Maharashtra,Corporate,2023-06-30,Email,1
C00812,Aditya Kumar,aditya.kumar812@outlook.comm,+91-9858552537,Bhubaneswar, Odisha ,Consumer,2021-09-07,Organic Search,Y
C00813,Ishaan Patel,ISHAAN.PATEL813@COMPANY.IN,+91-813598431,Gurugram,Haryana,Corporate,25/10/2025,Direct,Y
C00814,Kiara Malhotra,kiara.malhotra814@outlook.com,8016179916,Kolkata,West Bengal,Consumer,20/04/2023,Marketplace,Y
C00815,Priya Bansal,priya.bansal815@company.in,+91-8683561115,hyderabad,Telangana,Small Business,09/12/2024,Email,Yes
C00816,Simran Jain,simran.jain816@company.in,+917892036745,Surat,Gujarat,Consumer,22/03/2022,Direct,1
C00817,Tanya Patel,tanya.patel817@yahoo.com,+91-8530212365,Pune,maharashtra,Small Business,03-12-2021,Email,Y
C00818,Kiara Joshi,kiara.joshi818@company.in,+91-9149385429,JAIPUR,Rajasthan,Small Business,2021-09-23,Organic Search,Y
C00819,Priya Nair,priya.nair819@yahoo.com,+91-7125875182,Surat,Gujarat,Consumer,2025-10-03,Direct,0
C00820,tanya shah,tanya.shah820@mail.com,+91-7056720777,Patna,Bihar,Corporate,04-24-2022,Marketplace,Y
C00821, Sahil Nair ,sahil.nair821@gmail.com,+91-9732168451,Patna,Bihar,Consumer,02-08-2021,Marketplace,
C00822,Amit Sharma,amit.sharma822@yahoo.com,+91-7480826346,Coimbatore,Tamil Nadu,Small Business,31/03/2022,Marketplace,N
C00823,Saanvi Reddy,saanvi.reddy823@gmail.com,, Kolkata ,West Bengal,Consumer,09/02/2025,Paid Search,Y
C00824,meera shah,meera.shah824@company.in,+91-8114894493,Delhi,Delhi,Consumer,2025-12-18,Direct,1
C00825,Ankit Mishra,ANKIT.MISHRA825@COMPANY.IN,+91-7848792701,bengaluru,Karnataka,Corporate,11-23-2023,Organic Search,Y
C00826,Aanya Singh,AANYA.SINGH826@MAIL.COM,7981971938,Chandigarh,Chandigarh,Consumer,03-25-2025,Marketplace,Yes
C00827,Tanya Gupta,tanya.gupta827@gmail.com,+91-9141766693,Mumbai,maharashtra,Consumer,05/10/2025,Social Media,Y
C00828,Vihaan Shah,,9746596425,Indore,Madhya Pradesh,Small Business,21/10/2022,Referral,No
C00829,Aditya Bansal,aditya.bansal829@gmail.com,+91-8650444580,Pune,Maharashtra,Small Business,2023-07-31,Marketplace,No
C00830,Nikhil Bansal,nikhil.bansal830@company.in,+91-8694052083,Hyderabad, Telangana ,Small Business,2026-01-21,Referral,N
C00831,Diya Mehta,diya.mehta831@company.in,+91-9272097066,Noida,Uttar Pradesh,Consumer,08-02-2021,Social Media,N
C00832,Ananya Sharma,ananya.sharma832@gmail.com,+91-7859057017,INDORE,Madhya Pradesh,Small Business,02/09/2024,Email,0
C00833,Saanvi Reddy,saanvi.reddy833@outlook.com,+91-8036118146,Indore,MADHYA PRADESH,Corporate,2023-01-12,Organic Search,0
C00834,Priya Nair,priya.nair834@company.in,+91-7245698603,Bhubaneswar,Odisha,Small Business,2025-03-04,Paid Search,Y
C00835,Rohan Sharma, rohan.sharma835@company.in ,+91-8143067209,Hyderabad,TELANGANA,Consumer,2021-11-14,Referral,Y
C00836, Ankit Reddy ,ankit.reddy836@gmail.com,+91-7788297481,Jaipur,RAJASTHAN,Corporate,09/04/2022,Marketplace,Yes
C00837,Vivaan Kumar,vivaan.kumar837@mail.com,+91-9592541687,Indore,Madhya Pradesh,Small Business,10-10-2022,Marketplace,Y
C00838,Priya Malhotra,priya.malhotra838@company.in,+91-9374965580,,Chandigarh,Consumer,27/06/2026,Social Media,Y
C00839,Rohan Verma,rohan.verma839@gmail.com,,Noida,UTTAR PRADESH,Consumer,2025-03-02,Paid Search,Y
C00840,Rohan Joshi,rohan.joshi840@gmail.com,+91-8477694063,INDORE,Madhya Pradesh,Corporate,2023-07-16,Email,N
C00841, Ishaan Kumar , ishaan.kumar841@yahoo.com ,9308131068,Surat,Gujarat,Small Business,03/08/2023,Social Media,Y
C00842,Vivaan Singh,vivaan.singh842@yahoo.com,+91-9525432817,Bengaluru,Karnataka,Consumer,2025-04-22,Referral,N
C00843,Arjun Chopra,arjun.chopra843@yahoo.com,+91-9033463229,INDORE, Madhya Pradesh ,Consumer,06-21-2025,Email,
C00844,Ankit Agarwal,ankit.agarwal844@yahoo.com,+91-996817993,Lucknow,Uttar Pradesh,Small Business,01-21-2022,Referral,Yes
C00845,Kiara Jain,kiara.jain845@outlook.com,+91-9154864021,Bengaluru,Karnataka,Small Business,09/08/2024,Marketplace,N
C00846,Ankit Joshi,ankit.joshi846@mail.com,+91-9652190469,Hyderabad,Telangana,Corporate,02/04/2024,Direct,0
C00847,kabir kapoor,kabir.kapoor847@gmail.com,+91-7722764628, Hyderabad ,Telangana,Corporate,07-30-2024,Marketplace,1
C00848,Rohan Mishra,rohan.mishra848@yahoo.com,9775060322,,KERALA,Small Business,10-28-2022,Referral,1
C00849,Meera Sharma,meera.sharma849@outlook.com,7795048055,Ahmedabad,Gujarat,Consumer,18/03/2021,Marketplace,Y
C00850,Neha Joshi,NEHA.JOSHI850@GMAIL.COM,+91-9271507717,Bhopal,Madhya Pradesh,Small Business,06-27-2025,Email,No
C00851,Aarav Sharma,aarav.sharma851@outlook.com,+91-8827984125,Gurugram,Haryana,Small Business,2023-04-23,Direct,No
C00852,Ananya Mishra,ananya.mishra852@yahoo.com,+91-8554830758,Pune,MAHARASHTRA,Small Business,10/05/2021,Social Media,Y
C00853,Riya Iyer,riya.iyer853@gmail.com,+91-7810828128,Kochi, Kerala ,Small Business,2022-11-22,Email,Yes
C00854,Kiara Shah,kiara.shah854@yahoo.com,+91-8625646518,Jaipur,Rajasthan,Consumer,2021-06-19,Email,No
C00855,saanvi agarwal,saanvi.agarwal855@gmail.com,+917068734247,Hyderabad,Telangana,Consumer,05-08-2026,Social Media,0
C00856,Vivaan Kapoor,vivaan.kapoor856@gmail.com,+91-8785150719,Bhopal,Madhya Pradesh,Corporate,05-08-2025,Direct,Y
C00857,Vivaan Patel, vivaan.patel857@company.in ,+91-9220597712,Kochi,Kerala,Consumer,27/04/2025,Email,N
C00858,Aarav Kapoor,aarav.kapoor858@company.in,+91-8737535527,Coimbatore,Tamil Nadu,Consumer,10/07/2022,Email,1
C00859,Diya Mehta,diya.mehta859@outlook.com,+91-7881525720,Nagpur,Maharashtra,Corporate,2022-11-24,Marketplace,Yes
C00860,Neha Patel,neha.patel860@gmail.com,+91-7333931572,bengaluru,Karnataka,Consumer,05-02-2021,Email,
C00861,priya jain,priya.jain861@mail.com,+91-8798215024,Mumbai,Maharashtra,Small Business,2023-08-14,Organic Search,
C00862,KARAN JOSHI,karan.joshi862@yahoo.com,+91-7082797040,Mumbai,,Small Business,09-11-2025,Paid Search,Yes
C00863,Vihaan Iyer,vihaan.iyer863@outlook.com,,Nagpur,Maharashtra,Consumer,04-03-2022,Email,Y
C00864,arjun kapoor,arjun.kapoor864@outlook.com,+91-9809118843, Bhubaneswar ,ODISHA,Consumer,01-13-2026,Email,Y
C00865,Kiara Kumar,kiara.kumar865@yahoo.com,+91-8271234857,Bhopal,Madhya Pradesh,Corporate,2021-05-04,Referral,1
C00866,Varun Shah,varun.shah866@mail.com,+918744377398,Pune,Maharashtra,Small Business,2022-07-01,Social Media,1
C00867, Rahul Kumar ,rahul.kumar867@outlook.com,+917025210091,Bhubaneswar,Odisha,Consumer,2022-08-08,Organic Search,Yes
C00868,Neha Bansal, neha.bansal868@gmail.com ,+91-8261191283,Bhopal,Madhya Pradesh,Small Business,16/06/2024,,N
C00869, Sneha Kapoor ,sneha.kapoor869@mail.com,+91-9140667400,Ahmedabad,Gujarat,Corporate,27/06/2025,Social Media,Y
C00870, Ira Shah ,ira.shah870@mail.com,+91-7748095650,SURAT,gujarat,Corporate,2025-05-04,Paid Search,1
C00871,Pooja Shah,pooja.shah871@yahoo.com,+91-8064930043,Patna,Bihar,Consumer,2025-06-26,Organic Search,Yes
C00872,Ankit Jain,ankit.jain872@gmail.com,+91-9574792435,Kolkata,West Bengal,Corporate,2021-05-01,Marketplace,N
C00873,SNEHA VERMA,SNEHA.VERMA873@MAIL.COM,+91-9218720815,Surat,Gujarat,Corporate,2026-04-10,Social Media,No
C00874,Pooja Patel,pooja.patel874@mail.com,+91-9080822579, Delhi ,Delhi,Corporate,2022-02-24,Direct,No
C00875,Meera Iyer,meera.iyer875@gmail.com,+91-8926593056,Bengaluru,Karnataka,Consumer,30/10/2025,Referral,Y
C00876,Diya Joshi,diya.joshi876@yahoo.com,+91-7222607297,mumbai,Maharashtra,Consumer,10-28-2021,Direct,Y
C00877,Neha Mehta,neha.mehta877@company.in,+91-8262390570,NAGPUR,Maharashtra,Consumer,2024-03-19,Organic Search,0
C00878, Myra Reddy ,myra.reddy878@mail.com,+91-9393856414,Mumbai,Maharashtra,Consumer,06/09/2023,,No
C00879,Tanya Gupta,tanya.gupta879@outlook.com,,Pune,Maharashtra,Corporate,20/06/2025,Organic Search,Y
C00880,Sahil Joshi,sahil.joshi880@mail.com,+91-9527873225,Patna,Bihar,Consumer,06-13-2021,,1
C00881,Diya Kumar,diya.kumar881@outlook.com,+91-9578325358,Patna,BIHAR,Consumer,07/09/2025,Referral,
C00882,saanvi verma,saanvi.verma882@yahoo.com,+91-7397956297, Patna ,bihar,Small Business,03-01-2024,Organic Search,1
C00883,Vihaan Kumar,vihaan.kumar883@gmail.com,+91-993665884,Pune,Maharashtra,Corporate,2023-07-15,Marketplace,Y
C00884,Varun Mehta,varun.mehta884@company.in,+91-9457988055,Mumbai,Maharashtra,Small Business,2026-06-14,Paid Search,Y
C00885,Amit Iyer,amit.iyer885@gmail.com,+91-7928064383,Surat, Gujarat ,Corporate,08-01-2021,Referral,Y
C00886,Pooja Iyer,pooja.iyer886gmail.com,+91-7929240240,Gurugram,Haryana,Small Business,08-29-2021,Referral,No
C00887,Vihaan Singh,vihaan.singh887@yahoo.com,+91-7184674659,Gurugram,HARYANA,Corporate,13/07/2026,Direct,No
C00888,Vihaan Saxena,vihaan.saxena888@gmail.com,+91-8671986325,Mumbai, Maharashtra ,Small Business,03-05-2024,Referral,N
C00889, Simran Malhotra ,simran.malhotra889@company.in,+91-8272739221,Pune,maharashtra,,22/07/2025,Paid Search,Y
C00890,Myra Chopra,myra.chopra890@outlook.com,+91-7553829805,Pune,Maharashtra,Small Business,29/08/2024,Email,0
C00891,Arjun Shah,arjun.shah891@mail.com,+91-8289968640,Mumbai,Maharashtra,Small Business,2024-09-14,Social Media,Y
C00892,Sahil Kumar,sahil.kumar892@company.in,+91-7025680339,Kolkata,West Bengal,Consumer,2021-04-15,Paid Search,1
C00893, Aanya Agarwal ,aanya.agarwal893@yahoo.com,+91-8695580465,Delhi,Delhi,Corporate,2023-02-05,Paid Search,Y
C00894,Neha Singh,neha.singh894@gmail.com,+91-9217344272,AHMEDABAD,Gujarat,Consumer,20/07/2026,Direct,1
C00895,Vivaan Bansal,vivaan.bansal895@company.in,+917949777164,Lucknow,Uttar Pradesh,Small Business,10/03/2024,Paid Search,Y
C00896,Myra Saxena,myra.saxena896@company.in,8902455078,Delhi,Delhi,Consumer,03-31-2025,Social Media,Y
C00897,Ankit Chopra,,+91-9174711824,Ahmedabad,Gujarat,Corporate,10/01/2021,Marketplace,1
C00898,Amit Gupta,amit.gupta898@mail.com,+91-7448769060,Surat,Gujarat,Small Business,06-08-2026,Email,No
C00899, Aarav Mishra ,aarav.mishra899@yahoo.com,+91-7547861672,Patna,Bihar,Consumer,10/04/2025,Email,N
C00900,Ananya Sharma,ananya.sharma900@gmail.com,+91-7701578854, Jaipur ,Rajasthan,Small Business,05-30-2024,Marketplace,Y
C00901,Varun Patel,varun.patel901@company.in,+91-9347867678,Chennai,Tamil Nadu,Corporate,07-22-2021,Email,Yes
C00902,Meera Sharma,meera.sharma902@mail.com,+91-8661381697,Lucknow,Uttar Pradesh,Consumer,16/01/2021,Referral,Y
C00903,Myra Reddy,myra.reddy903@outlook.com,+91-9144315003,Indore,,Small Business,04/09/2024,Email,1
C00904,simran saxena,simran.saxena904@outlook.com,+91-8396277182,,Karnataka,Consumer,05-24-2024,,N
C00905,Priya Reddy,priya.reddy905@gmail.com,+91-7195772630,Coimbatore,TAMIL NADU,Corporate,09-23-2022,Marketplace,Y
C00906,Ishaan Agarwal,ishaan.agarwal906@gmail.com,+91-9561418176,Gurugram,Haryana,Consumer,2026-06-18,Referral,1
C00907,Sahil Chopra,sahil.chopra907@mail.comm,+91-8382412839,Surat,,Corporate,26/10/2023,Paid Search,Y
C00908,SIMRAN JOSHI,simran.joshi908@outlook.com,+91-8204165695,Mumbai,Maharashtra,Corporate,2024-07-02,Direct,
C00909,Ankit Malhotra,ankit.malhotra909@mail.com,+91-7554636776, Ahmedabad ,Gujarat,Small Business,06-12-2025,Social Media,1
C00910,Nikhil Jain,nikhil.jain910@yahoo.com,+91-7423728489,Ahmedabad,Gujarat,Corporate,2025-04-22,Referral,Y
C00911,Aanya Patel,aanya.patel911@outlook.com,+91-7100517573,Bhopal,Madhya Pradesh,Consumer,02-28-2026,Organic Search,1
C00912,Diya Agarwal,diya.agarwal912@company.in,+91-8918253328,noida,Uttar Pradesh,Corporate,29/12/2025,Direct,
C00913,Aditya Nair,aditya.nair913@gmail.com,+91-9190123070,Gurugram,Haryana,Consumer,18/11/2022,Organic Search,1
C00914,Karan Singh,karan.singh914@gmail.com,+91-8433400831,Hyderabad,Telangana,Consumer,2022-02-13,Direct,Y
C00915,Varun Kapoor,varun.kapoor915@mail.com,+91-9066083854,Bhopal,Madhya Pradesh,Consumer,05/08/2023,Organic Search,No
C00916,Kiara Saxena,kiara.saxena916@company.in,+91-782037706,Patna,Bihar,Small Business,06-18-2026,Marketplace,0
C00917,Karan Verma,karan.verma917@yahoo.com,+91-7956247353,Indore,Madhya Pradesh,Consumer,07-03-2021,Organic Search,N
C00918,Rahul Reddy,rahul.reddy918@yahoo.com,+91-8690258431,Delhi,Delhi,Small Business,06-03-2021,Social Media,
C00919,Aanya Agarwal,aanya.agarwal919@company.in,+91-8817881125,Chandigarh,Chandigarh,Consumer,30/03/2021,Social Media,Y
C00920,Pooja Patel,pooja.patel920@yahoo.com,+91-7162117256,Kochi,Kerala,Consumer,02-17-2025,Direct,N
C00921,Neha Malhotra,neha.malhotra921@gmail.com,+91-9022683510,Bhopal,Madhya Pradesh,Corporate,2024-11-15,,Y
C00922,Rohan Kumar,rohan.kumar922@mail.com,+91-8231278036,Mumbai,Maharashtra,Small Business,05-13-2024,Paid Search,Y
C00923,Tanya Kapoor,TANYA.KAPOOR923@YAHOO.COM,+91-7650956634,Surat,Gujarat,Small Business,05-02-2021,Referral,1
C00924,Myra Gupta,myra.gupta924@yahoo.com,+91-7137746581,Jaipur,Rajasthan,Small Business,06-21-2023,,0
C00925,Sneha Bansal,sneha.bansal925@gmail.com,+91-8178314900,Patna,Bihar,Consumer,06/12/2024,Paid Search,Y
C00926,Meera Mehta,meera.mehta926@mail.com,+91-9629982652,Mumbai,MAHARASHTRA,Corporate,2023-01-19,Direct,No
C00927,Aditya Mehta,aditya.mehta927@outlook.com,+91-7775533388,Ahmedabad,Gujarat,Small Business,16/05/2024,Email,Y
C00928,Ira Gupta,ira.gupta928@outlook.com,+91-8360710805,Pune,Maharashtra,Corporate,03-31-2024,Organic Search,
C00929,Saanvi Joshi,saanvi.joshi929@outlook.com,+91-7982860143,mumbai,Maharashtra,Small Business,02/03/2022,Marketplace,Y
C00930,Myra Iyer,myra.iyer930@gmail.com,+91-7309675734,Bhubaneswar,Odisha,Corporate,03-15-2023,Organic Search,Y
C00931,rohan mishra,rohan.mishra931@gmail.com,+91-7442797360,Pune,Maharashtra,Consumer,2022-08-04,Social Media,Y
C00932,Rohan Kumar,rohan.kumar932@outlook.com,+91-9636891822,Delhi,Delhi,Consumer,2023-05-01,Paid Search,Yes
C00933,Diya Malhotra,diya.malhotra933@outlook.com,+91-827968142,Surat,Gujarat,Small Business,12-17-2023,Direct,N
C00934,Ananya Shah,ananya.shah934@outlook.com,+91-7395631597,Noida,Uttar Pradesh,Consumer,07-14-2025,Organic Search,1
C00935,Myra Mishra,myra.mishra935@outlook.com,+91-9497974063,Pune,Maharashtra,Consumer,01-15-2024,Email,N
C00936,Kabir Mishra,kabir.mishra936@company.in,+91-7351312064,Chennai,Tamil Nadu,Corporate,2025-09-10,Direct,1
C00937,simran singh,simran.singh937@mail.com,+91-9613137625,Bhopal,Madhya Pradesh,Consumer,2021-11-13,Organic Search,0
C00938,Simran Mehta,,+91-7017467311,Coimbatore,Tamil Nadu,Consumer,29/05/2026,Marketplace,Yes
C00939,Simran Bansal,simran.bansal939@yahoo.com,+91-9718004140, Bhopal ,Madhya Pradesh,,19/07/2025,Marketplace,
C00940,Sneha Gupta,sneha.gupta940@yahoo.com,+91-8976391858,Pune,maharashtra,Consumer,04-15-2021,Organic Search,N
C00941,Neha Jain,neha.jain941@mail.com,+91-8167788076,Ahmedabad,Gujarat,Corporate,05-29-2026,Organic Search,1
C00942,SAANVI JAIN,saanvi.jain942@gmail.com,+91-7044761795, Chennai , Tamil Nadu ,Small Business,2021-12-07,Referral,Y
C00943,Amit Gupta,amit.gupta943@mail.com,+91-7861450988,Patna,bihar,Corporate,05-23-2024,Organic Search,
C00944,Meera Verma,meera.verma944@outlook.com,+91-9128209545,Mumbai,Maharashtra,Consumer,02-05-2022,Email,Y
C00945,Aanya Gupta,aanya.gupta945@yahoo.com,+91-9081250425,Pune,Maharashtra,Consumer,05-23-2023,Referral,Y
C00946,Karan Kapoor,karan.kapoor946@mail.com,+91-8219594117,Pune,maharashtra,Small Business,06/10/2024,Paid Search,0
C00947,Amit Mishra,amit.mishra947@gmail.com,+91-9003794171,Mumbai,MAHARASHTRA,Corporate,01-10-2025,Direct,0
C00948, Ira Kapoor ,ira.kapoor948@outlook.com,+91-7791267902,CHENNAI,TAMIL NADU,Consumer,05-16-2025,Social Media,N
C00949,Aarav Kapoor,aarav.kapoor949@company.in,+917440695494,Nagpur,Maharashtra,Consumer,2025-08-14,Paid Search,Y
C00950,Arjun Nair,arjun.nair950@yahoo.com,8219377735,,telangana,Corporate,09-30-2022,Marketplace,No
C00951,Ankit Singh,ankit.singh951@yahoo.com,+91-7834254098,Pune,Maharashtra,Corporate,20/08/2022,Referral,Y
C00952,Pooja Bansal,POOJA.BANSAL952@YAHOO.COM,7312621735, Nagpur ,Maharashtra,Corporate,11/09/2024,Email,0
C00953,Aanya Patel,aanya.patel953@gmail.com,7958948752, Noida ,Uttar Pradesh,Corporate,2021-04-13,Marketplace,Y
C00954,Diya Reddy,,+918314522219,Noida,UTTAR PRADESH,Consumer,02-04-2023,,Y
C00955,amit verma,amit.verma955@outlook.com,+91-8907189565,bhopal,Madhya Pradesh,Consumer,12-25-2025,Social Media,1
C00956,Pooja Jain,pooja.jain956@mail.com,+91-9142746909,Hyderabad,,Consumer,07/02/2021,Direct,Y
C00957,Amit Reddy,amit.reddy957@yahoo.com,+91-8354311789,LUCKNOW,Uttar Pradesh,Consumer,2021-04-28,Email,Yes
C00958,Ira Kumar,ira.kumar958@gmail.com,7972208035,kolkata,West Bengal,Corporate,2025-11-18,Organic Search,1
C00959,Kiara Iyer,kiara.iyer959@gmail.com,+91-9594691148,Hyderabad,Telangana,Consumer,11/06/2025,Organic Search,Y
C00960,Myra Singh,myra.singh960@gmail.com,+91-7969343726,Gurugram, Haryana ,Small Business,01-09-2021,Social Media,Y
C00961,Riya Nair,riya.nair961@mail.com,+91-7612576201,Indore,Madhya Pradesh,Small Business,09/06/2023,Referral,N
C00962,Kiara Sharma,kiara.sharma962@mail.com,+91-7448438009,Pune,Maharashtra,Consumer,2025-10-19,Email,No
C00963,Saanvi Iyer,saanvi.iyer963@company.in,8056160289,Delhi, Delhi ,Consumer,12-15-2025,Paid Search,Y
C00964,Meera Saxena,meera.saxena964@mail.com,+91-7653788102,Surat,Gujarat,Corporate,2023-09-30,Paid Search,No
C00965,Pooja Saxena,pooja.saxena965@company.in,+91-8107477528,Bhopal, Madhya Pradesh ,Small Business,2026-07-29,Marketplace,No
C00966,Rohan Malhotra,rohan.malhotra966@outlook.com,8583985000,Bhopal,Madhya Pradesh,Small Business,20/02/2024,Social Media,
C00967,Aanya Shah,aanya.shah967@yahoo.com,7516743556,Chandigarh,Chandigarh,Corporate,24/01/2021,Marketplace,0
C00968,ankit malhotra, ankit.malhotra968@yahoo.com ,+91-8893434873,Coimbatore,Tamil Nadu,Consumer,09/01/2024,Referral,Y
C00969,Aanya Nair,aanya.nair969@mail.com,+91-825115282,Coimbatore,Tamil Nadu,Consumer,08-01-2023,Direct,Y
C00970,Varun Shah,,8912407355, Ahmedabad , Gujarat ,Consumer,07-30-2022,Direct,
C00971, Varun Agarwal ,varun.agarwal971@company.in,+91-7912750437,Bengaluru,Karnataka,,04/04/2021,Direct,Yes
C00972,Ankit Malhotra,ankit.malhotra972yahoo.com,+91-8591163616,Patna,Bihar,Consumer,2021-08-01,Organic Search,No
C00973,Aanya Kapoor,aanya.kapoor973@company.in,9758579296,Pune,Maharashtra,Small Business,2021-05-27,Marketplace,
C00974,Rahul Singh,rahul.singh974@mail.com,+91-721448499,Ahmedabad,Gujarat,Corporate,10/07/2025,Marketplace,Y
C00975,meera jain,meera.jain975@mail.com,+91-7458286294,Nagpur,Maharashtra,Corporate,27/09/2025,Organic Search,Y
C00976,Amit Reddy,amit.reddy976@outlook.com,+91-9764343253,Jaipur,Rajasthan,Consumer,07/12/2025,Referral,Y
C00977,KIARA CHOPRA,kiara.chopra977@mail.com,+91-8826745838, Lucknow ,Uttar Pradesh,Small Business,01-18-2021,Paid Search,Y
C00978,Rahul Nair,rahul.nair978@yahoo.com,+917457394000,Delhi,Delhi,Consumer,02-20-2023,Marketplace,0
C00979,Simran Chopra,simran.chopra979@company.in,,,Tamil Nadu,Consumer,05-24-2026,Marketplace,N
C00980,Aanya Mishra,aanya.mishra980@yahoo.com,+91-9970998754,Coimbatore,Tamil Nadu,Small Business,16/10/2025,Social Media,1
C00981,Riya Joshi,riya.joshi981@outlook.comm,+91-9641375937,Chennai,Tamil Nadu,Consumer,02-28-2024,Organic Search,N
C00982,POOJA SHARMA,pooja.sharma982@gmail.com,+91-7489702126,Kochi,,Corporate,05/12/2021,Social Media,N
C00983,Karan Agarwal,karan.agarwal983@outlook.com,+91-8368567719,Kochi,Kerala,Corporate,09/07/2026,Direct,Yes
C00984,Karan Joshi,karan.joshi984@gmail.com,+91-7595750905,Bengaluru,Karnataka,,2022-08-05,Direct,Y
C00985,Aarav Iyer, aarav.iyer985@gmail.com ,+91-7369437914,Bhopal,Madhya Pradesh,Consumer,04/05/2023,Marketplace,N
C00986,meera jain,,+91-9260541612,Chennai,TAMIL NADU,Consumer,22/12/2025,Organic Search,Y
C00987,Pooja Verma,pooja.verma987@yahoo.com,+91-8824062052,Patna,bihar,Corporate,12/04/2021,Direct,0
C00988,Sneha Sharma, sneha.sharma988@yahoo.com ,+91-8498305895,Indore,Madhya Pradesh,Corporate,2023-09-29,Direct,1
C00989,Pooja Joshi,POOJA.JOSHI989@COMPANY.IN,+91-7446014356,Coimbatore,Tamil Nadu,Consumer,02-07-2022,Direct,Y
C00990,Aditya Kapoor,aditya.kapoor990@yahoo.com,+91-8856522808,bhubaneswar,Odisha,Corporate,02-15-2021,Direct,
C00991,Pooja Sharma,pooja.sharma991@outlook.com,+91-7582307639,Kochi,Kerala,Corporate,16/09/2022,Organic Search,Yes
C00992,Arjun Bansal,arjun.bansal992@company.in,+91-7597323074,Pune,Maharashtra,Consumer,12/06/2025,Marketplace,Y
C00993,Ananya Agarwal,,+91-9746425468,Patna,BIHAR,Small Business,2021-03-10,Referral,Y
C00994,MEERA JAIN,meera.jain994@yahoo.com,+91-790546762,INDORE,Madhya Pradesh,Small Business,20/11/2022,Paid Search,0
C00995,Ira Joshi,ira.joshi995@outlook.com,+91-9965157605,Coimbatore,Tamil Nadu,Consumer,21/05/2025,Social Media,N
C00996,Ananya Reddy,ananya.reddy996@outlook.com,+91-8798874372,Mumbai,Maharashtra,Small Business,02/01/2024,Marketplace,1
C00997, Meera Mishra ,meera.mishra997@outlook.com,+918567313409,Nagpur,Maharashtra,Small Business,04-05-2024,Referral,No
C00998,Sneha Iyer,sneha.iyer998outlook.com,+91-8312548786,,Delhi,Corporate,05-11-2021,Organic Search,0
C00999,Vihaan Chopra,vihaan.chopra999@mail.com,9944737340,BENGALURU,,Small Business,2025-09-24,Email,N
C01000,diya joshi,diya.joshi1000@yahoo.com,+91-9940104078,mumbai,Maharashtra,Consumer,2024-09-16,Referral,Y
C01001,Tanya Malhotra,tanya.malhotra1001@yahoo.com,+91-9129918030,Bhopal,Madhya Pradesh,Corporate,2024-12-04,Social Media,0
C01002,Karan Mishra,karan.mishra1002@outlook.com,+91-8794776739,Indore,madhya pradesh,Small Business,30/08/2025,Direct,Y
C01003,Sahil Malhotra,sahil.malhotra1003@gmail.com,+91-9195432667,ahmedabad,Gujarat,Consumer,02-27-2021,Social Media,1
C01004,Amit Chopra,amit.chopra1004@outlook.com,+91-9318650511,Delhi,Delhi,Corporate,09-12-2025,Organic Search,No
C01005,Sneha Gupta,sneha.gupta1005@yahoo.com,8573108158,Surat,Gujarat,Consumer,31/08/2023,,Yes
C01006,Rahul Agarwal,rahul.agarwal1006@gmail.com,+91-9641564021,Chennai,tamil nadu,Consumer,2021-06-06,Direct,Y
C01007,Meera Reddy,meera.reddy1007@company.in,+91-9943376914,Mumbai,Maharashtra,Small Business,27/06/2026,Referral,Y
C01008,Sahil Sharma,sahil.sharma1008@yahoo.com,+91-8254205684,INDORE,Madhya Pradesh,Corporate,11-28-2021,Paid Search,
C01009,POOJA VERMA,pooja.verma1009@outlook.com,+91-8716977854,Chennai,Tamil Nadu,Corporate,07-14-2021,Direct,1
C01010,Tanya Saxena,tanya.saxena1010@gmail.com,7740981317,,Maharashtra,Consumer,2023-09-26,Paid Search,
C01011,Amit Mehta,amit.mehta1011@company.in,+91-7038816171,,Maharashtra,Small Business,19/12/2021,Referral,Y
C01012,Aarav Nair,aarav.nair1012@gmail.com,+91-7037945975,Bengaluru,Karnataka,Consumer,02-04-2025,Marketplace,Yes
C01013,Simran Mishra,simran.mishra1013@outlook.com,+91-8477971897,Indore,Madhya Pradesh,Small Business,01/02/2026,Paid Search,1
C01014,Arjun Patel, arjun.patel1014@company.in ,+91-8561033420,Bhopal,Madhya Pradesh,Corporate,2026-05-12,Social Media,1
C01015,Ankit Kapoor,ANKIT.KAPOOR1015@COMPANY.IN,+91-9920477878,Hyderabad,Telangana,Corporate,01/02/2022,Social Media,Yes
C01016,MEERA REDDY,meera.reddy1016@mail.com,+91-7093834239,Bhopal,Madhya Pradesh,Consumer,08-06-2023,Paid Search,Y
C01017,sahil jain,sahil.jain1017@yahoo.com,7276655738,Pune, Maharashtra ,Consumer,18/08/2022,Direct,1
C01018,Rahul Verma,rahul.verma1018@outlook.com,+91-9236130735, Coimbatore ,tamil nadu,Small Business,12/03/2024,Marketplace,1
C01019,Ira Saxena,ira.saxena1019@mail.com,+91-7040429214,Pune,Maharashtra,Small Business,2024-07-07,Direct,1
C01020,Arjun Malhotra,arjun.malhotra1020@outlook.com,+91-7380877530,patna,Bihar,Small Business,08/08/2021,Paid Search,Y
C01021,Arjun Kapoor,arjun.kapoor1021@yahoo.com,+91-9636767312,Kolkata,West Bengal,Small Business,05/07/2021,Direct,N
C01022,Karan Jain,karan.jain1022@mail.com,+91-7935560933,Gurugram,Haryana,Corporate,01/11/2024,Marketplace,1
C01023,Ankit Kumar,ankit.kumar1023@yahoo.com,+91-8697220620,pune,Maharashtra,Consumer,05/02/2022,Email,No
C01024,Sahil Jain,sahil.jain1024@mail.com,+91-9312321625,Delhi,Delhi,Small Business,2021-05-12,Referral,Y
C01025,Aditya Mehta,aditya.mehta1025@mail.com,+91-7584482506,Chennai,tamil nadu,Corporate,2021-02-15,Referral,N
C01026,Rohan Joshi,rohan.joshi1026@outlook.comm,+91-9337656806, Chandigarh ,CHANDIGARH,Consumer,20/11/2022,Organic Search,Yes
C01027,Kiara Malhotra,kiara.malhotra1027@gmail.com,+91-8444668229,Indore,Madhya Pradesh,Small Business,2024-03-13,Social Media,Y
C01028,Karan Jain,karan.jain1028@mail.com,7303220952,Delhi,Delhi,Small Business,31/12/2023,Email,Y
C01029,Neha Nair,neha.nair1029@yahoo.com,+91-9684837766,Kolkata,,Small Business,03-08-2021,Direct,1
C01030,Ishaan Mehta,ishaan.mehta1030@mail.com,+91-8593119419,Surat,Gujarat,Corporate,11-22-2025,Paid Search,No
C01031,Aarav Bansal,aarav.bansal1031@yahoo.com,+91-9402786725,,Gujarat,Corporate,09/03/2025,Social Media,No
C01032, Pooja Singh ,pooja.singh1032@company.in,7865045737,Coimbatore,Tamil Nadu,Small Business,10-25-2024,Referral,
C01033,POOJA SHAH,pooja.shah1033company.in,+91-7457378442,Ahmedabad,Gujarat,Corporate,11-10-2025,Referral,1
C01034,Saanvi Nair,saanvi.nair1034@company.in,8454733373,Chandigarh,Chandigarh,Small Business,03-23-2021,Referral,No
C01035,Aarav Agarwal,aarav.agarwal1035@gmail.com,+91-7984948304,Lucknow,Uttar Pradesh,Consumer,2023-12-19,Marketplace,Y
C01036,Sneha Joshi,sneha.joshi1036@outlook.com,+91-8616591643,Noida,Uttar Pradesh,Consumer,2021-10-20,Social Media,N
C01037,Aarav Gupta,aarav.gupta1037@gmail.com,+91-8432214956,Jaipur,Rajasthan,Small Business,2021-01-07,Paid Search,1
C01038,kabir verma,kabir.verma1038@company.in,+91-8108810138,Chennai,Tamil Nadu,Corporate,2023-09-29,Referral,Y
C01039,Ankit Bansal,ankit.bansal1039@outlook.com,+91-8775867765,Surat,Gujarat,Small Business,26/12/2025,Email,Yes
C01040,Rahul Joshi,rahul.joshi1040@mail.com,+91-8974378421,SURAT,GUJARAT,Small Business,2023-09-11,Social Media,No
C01041,Ishaan Mishra,ishaan.mishra1041@gmail.com,+91-7255099461,Mumbai,Maharashtra,Small Business,10/07/2021,Paid Search,No
C01042,Rahul Malhotra,rahul.malhotra1042@yahoo.com,+918767885141,Indore,Madhya Pradesh,Corporate,02-25-2021,Social Media,Y
C01043,Aditya Jain,aditya.jain1043@mail.com,+91-7372646990,Patna,Bihar,Corporate,05-31-2023,Referral,Y
C01044,Ananya Bansal,ananya.bansal1044@company.in,+917632482152,GURUGRAM,haryana,Corporate,2022-06-30,Organic Search,Y
C01045,Saanvi Malhotra,saanvi.malhotra1045@gmail.com,+91-8813897978,SURAT,Gujarat,Corporate,2024-12-23,Social Media,
C01046,Diya Kumar,diya.kumar1046@company.in,+91-9601494465,Ahmedabad,Gujarat,Small Business,13/11/2022,Referral,N
C01047,Aditya Mehta,aditya.mehta1047@gmail.com,+91-7840075756,Indore,Madhya Pradesh,Consumer,07-27-2024,Social Media,Y
C01048,Simran Shah,simran.shah1048@outlook.com,+91-9379414299,Nagpur,maharashtra,Corporate,03-30-2022,Organic Search,Y
C01049,Amit Verma,amit.verma1049@mail.com,+91-9605757947,Chennai,TAMIL NADU,Consumer,02-26-2022,Social Media,N
C01050,Aanya Gupta,aanya.gupta1050@outlook.com,+91-9753560746,Mumbai,Maharashtra,Consumer,09-15-2021,Direct,
C01051,Aanya Reddy,aanya.reddy1051@company.in,+91-8311798039,Lucknow,Uttar Pradesh,Small Business,01-23-2023,Direct,Y
C01052,Myra Singh,myra.singh1052@company.in,+91-9261026665, Bhopal ,Madhya Pradesh,Corporate,05-21-2022,Marketplace,1
C01053, Kabir Sharma ,kabir.sharma1053@yahoo.com,7016673996,NAGPUR, Maharashtra ,Corporate,11/12/2024,Email,0
C01054,Amit Patel,amit.patel1054@yahoo.com,,Ahmedabad,Gujarat,Small Business,09-18-2024,Organic Search,Y
C01055,Ananya Sharma,ananya.sharma1055@outlook.com,+91-8714290609,Chandigarh,Chandigarh,Consumer,06/04/2021,Social Media,No
C01056,Myra Patel,myra.patel1056@mail.com,+91-8636025891,Kolkata, West Bengal ,Consumer,09-01-2023,Marketplace,1
C01057,Aarav Agarwal,aarav.agarwal1057@mail.com,+91-947999089,Coimbatore,Tamil Nadu,Corporate,09-10-2024,Email,Y
C01058,Neha Singh,neha.singh1058@company.in,+91-8891932076,Ahmedabad,Gujarat,Consumer,16/01/2022,Marketplace,
C01059,Meera Saxena,meera.saxena1059@outlook.com,+91-9849851710,Chandigarh,Chandigarh,Consumer,10-13-2022,Email,
C01060,Amit Mishra,amit.mishra1060@company.in,+91-8714652597, Chandigarh ,Chandigarh,Small Business,07/01/2024,Direct,No
C01061,Pooja Kumar,pooja.kumar1061@mail.com,9945622702,Nagpur,Maharashtra,Small Business,30/04/2025,Email,No
C01062,Aditya Nair,aditya.nair1062@company.in,+91-8832954296,Bhubaneswar,Odisha,Consumer,07-24-2021,Social Media,Y
C01063,Rohan Agarwal,rohan.agarwal1063@yahoo.com,+91-9846783817,Bengaluru,Karnataka,Consumer,2021-07-19,Paid Search,
C01064,Aarav Gupta,aarav.gupta1064@yahoo.com,+91-8719039723,Lucknow,UTTAR PRADESH,Small Business,08-29-2024,Marketplace,Y
C01065,Saanvi Patel,saanvi.patel1065@outlook.com,+91-9680278126,Delhi,DELHI,Small Business,11-30-2024,Marketplace,N
C01066,Tanya Joshi,tanya.joshi1066@company.in,+91-7681675196,Jaipur,Rajasthan,Small Business,2025-02-27,Direct,Y
C01067,Pooja Saxena,pooja.saxena1067@company.in,+91-8191152405,Mumbai,Maharashtra,Corporate,08/11/2022,Direct,Yes
C01068,Kiara Bansal,kiara.bansal1068@outlook.com,+91-8553252360,Chandigarh,chandigarh,Corporate,2023-05-12,,Yes
C01069,sahil jain,sahil.jain1069@company.in,+91-8485088963,Delhi,Delhi,Small Business,2021-07-28,Marketplace,Yes
C01070,nikhil iyer,nikhil.iyer1070@yahoo.com,+91-8723531146,Coimbatore,Tamil Nadu,Consumer,22/06/2026,Social Media,No
C01071,Saanvi Jain,saanvi.jain1071@company.in,+91-7667368984,Surat,Gujarat,Small Business,12/12/2023,Organic Search,Yes
C01072,Meera Shah,meera.shah1072@gmail.com,+91-9978707512,Kochi,Kerala,Consumer,2024-08-01,Email,Y
C01073,AARAV GUPTA,aarav.gupta1073@outlook.com,+91-8882610592,Kochi,Kerala,Corporate,01-10-2024,Marketplace,N
C01074,Karan Iyer,karan.iyer1074@company.in,+91-8840119810, Gurugram ,Haryana,Consumer,29/12/2024,Marketplace,N
C01075,Pooja Sharma,pooja.sharma1075@outlook.com,+91-9115266667,Mumbai,Maharashtra,Small Business,2025-07-18,Paid Search,Y
C01076,Karan Verma,karan.verma1076@yahoo.com,+917658709019,Kochi,Kerala,Consumer,11-04-2024,Marketplace,1
C01077,myra shah,myra.shah1077@gmail.com,7714025422,Pune,Maharashtra,Corporate,14/10/2022,Marketplace,0
C01078,Ananya Agarwal,ananya.agarwal1078@outlook.com,+91-8230122438,Bhopal, Madhya Pradesh ,Corporate,2024-11-04,Direct,0
C01079,Priya Malhotra,priya.malhotra1079@outlook.com,+91-7344762123,Nagpur,maharashtra,Consumer,02/11/2021,Organic Search,
C01080,Saanvi Kapoor,saanvi.kapoor1080@company.in,+91-9840692432,Surat,Gujarat,Small Business,2023-08-30,Referral,Yes
C01081,Tanya Saxena,tanya.saxena1081@company.in,+91-9466611971,Nagpur,Maharashtra,Consumer,25/10/2022,Direct,N
C01082,Pooja Sharma,pooja.sharma1082@outlook.com,+91-9089685115,Bhopal,Madhya Pradesh,Corporate,14/04/2022,Referral,0
C01083,Ananya Kumar,ananya.kumar1083@outlook.com,+91-7595055676,Pune,Maharashtra,Small Business,2021-01-15,Marketplace,N
C01084,Ishaan Nair,ishaan.nair1084@yahoo.com,+91-9743532114,Noida,Uttar Pradesh,Consumer,29/08/2024,Organic Search,Y
C01085,Kabir Iyer,kabir.iyer1085@yahoo.com,+919070994704,Kolkata,West Bengal,Consumer,02/02/2026,Organic Search,1
C01086,Aarav Reddy,aarav.reddy1086@company.in,+91-9536593310,Mumbai,Maharashtra,Small Business,27/11/2023,Social Media,0
C01087,Karan Joshi,karan.joshi1087@company.in,+91-8804740410,Mumbai,Maharashtra,Small Business,10/08/2026,Direct,Y
C01088,Tanya Gupta,tanya.gupta1088company.in,+91-8464176580,Indore,MADHYA PRADESH,Corporate,14/01/2025,Referral,No
C01089,Myra Reddy,myra.reddy1089@yahoo.com,+91-9476543467,Kochi,Kerala,Small Business,04-12-2021,Direct,1
C01090,ADITYA MEHTA,aditya.mehta1090@yahoo.com,+91-8902066222,Nagpur,Maharashtra,Corporate,03-15-2025,Marketplace,0
C01091,Aditya Gupta,aditya.gupta1091@company.in,+91-8801493906,Delhi, Delhi ,Consumer,19/11/2022,Organic Search,Y
C01092,Priya Kapoor,PRIYA.KAPOOR1092@OUTLOOK.COM,+91-9628400024,Gurugram,Haryana,Small Business,24/05/2025,Social Media,
C01093,Diya Mishra,diya.mishra1093@company.in,+91-9713350637,,Uttar Pradesh,Small Business,15/11/2023,Social Media,0
C01094,Tanya Malhotra,tanya.malhotra1094@mail.com,,Noida,Uttar Pradesh,Small Business,2022-05-17,Email,Y
C01095,Tanya Chopra,tanya.chopra1095@mail.com,+91-7327657312,Gurugram,Haryana,Consumer,2025-01-23,Email,Y
C01096,Saanvi Sharma,saanvi.sharma1096@outlook.com,9941085140,Jaipur,Rajasthan,Corporate,2022-10-15,Direct,Y
C01097,Vivaan Agarwal, vivaan.agarwal1097@company.in ,+91-7419511862,Bhopal,Madhya Pradesh,Small Business,2026-01-07,,No
C01098, Riya Chopra ,riya.chopra1098@yahoo.com,8830706903,Bengaluru,Karnataka,Corporate,2025-12-30,Organic Search,Y
C01099,Neha Malhotra, neha.malhotra1099@mail.com ,+91-7554594421,Coimbatore,,Small Business,2022-09-26,Marketplace,No
C01100,Riya Kumar,riya.kumar1100@gmail.com,,Gurugram,Haryana,Consumer,23/12/2025,Paid Search,0
C01101,Priya Joshi,priya.joshi1101@company.in,+91-9342533599,Gurugram,Haryana,Consumer,2026-04-09,Direct,Yes
C01102,Pooja Bansal,pooja.bansal1102@company.in,+91-8449802467,Nagpur,Maharashtra,Corporate,07-02-2023,Social Media,0
C01103,Neha Malhotra,NEHA.MALHOTRA1103@GMAIL.COM,+91-7282675518,Delhi, Delhi ,Corporate,2025-08-28,Paid Search,N
C01104,Vivaan Jain,vivaan.jain1104@outlook.com,+91-8426306018,mumbai,Maharashtra,Consumer,04-11-2022,Organic Search,Y
C01105,Varun Jain,varun.jain1105@yahoo.com,+91-8315010880,Kolkata,west bengal,,2024-08-16,Paid Search,Y
C01106,Amit Mishra,amit.mishra1106@yahoo.comm,+91-7870986604,Kochi, Kerala ,Consumer,08-16-2021,Social Media,Y
C01107,Nikhil Mishra,nikhil.mishra1107@yahoo.com,+91-7262702338,Hyderabad,TELANGANA,Consumer,01-02-2024,Email,No
C01108,Rohan Saxena,rohan.saxena1108@mail.com,+91-919447606,Coimbatore,Tamil Nadu,Consumer,2026-05-26,Social Media,Yes
C01109,Aarav Shah,aarav.shah1109@outlook.com,8489669674,Noida,Uttar Pradesh,Small Business,05-30-2022,Social Media,Y
C01110,Ananya Patel,ananya.patel1110@outlook.com,+91-7671172125,Bengaluru,karnataka,Corporate,06/08/2024,Organic Search,N
C01111,Amit Mishra,amit.mishra1111@outlook.com,+91-7472769319,Patna,Bihar,Small Business,2025-01-06,Marketplace,Y
C01112,Amit Malhotra,amit.malhotra1112@gmail.com,+91-8857896619, Bengaluru ,Karnataka,Small Business,04/01/2021,Email,Y
C01113,Aanya Mehta,aanya.mehta1113company.in,9169758976,chennai,Tamil Nadu,Corporate,06-30-2021,Organic Search,N
C01114,Vivaan Agarwal,vivaan.agarwal1114@gmail.com,+91-9182943631,BHOPAL,Madhya Pradesh,Corporate,2024-12-17,Referral,
C01115, Vivaan Sharma ,VIVAAN.SHARMA1115@YAHOO.COM,+91-9741557242,Coimbatore,Tamil Nadu,Corporate,04-04-2024,Paid Search,1
C01116,Pooja Bansal,pooja.bansal1116@mail.com,+91-8488976879,Nagpur,Maharashtra,Small Business,03-06-2026,Social Media,Y
C01117,ADITYA MALHOTRA,aditya.malhotra1117@outlook.com,+91-8727309970,Surat,Gujarat,Corporate,02/01/2022,Referral,N
C01118,Vihaan Chopra,vihaan.chopra1118@company.in,+91-7859263516,Coimbatore, Tamil Nadu ,Consumer,2022-03-20,Paid Search,Yes
C01119,Diya Reddy,diya.reddy1119@gmail.com,+91-7156671899,Jaipur,Rajasthan,,06/05/2023,Paid Search,Y
C01120,Aarav Sharma,aarav.sharma1120@gmail.com,+91-7970771719,Gurugram,Haryana,Corporate,02-13-2024,Paid Search,
C01121,Pooja Kapoor,pooja.kapoor1121@yahoo.com,+91-7017942548,Hyderabad,Telangana,Small Business,03-21-2024,Organic Search,Y
C01122,Varun Saxena,varun.saxena1122@yahoo.com,+91-8773038709,Bhubaneswar,Odisha,Corporate,2022-04-16,Referral,Y
C01123, Saanvi Kapoor ,saanvi.kapoor1123@outlook.com,+91-8301078649,Patna,Bihar,Consumer,2023-11-30,Paid Search,Y
C01124,Varun Iyer,,+91-8132025592,Delhi,Delhi,Consumer,08-02-2025,Marketplace,Y
C01125,amit reddy,amit.reddy1125@mail.com,+91-9873679662,Bhopal,Madhya Pradesh,Corporate,2023-06-22,Social Media,N
C01126,Rohan Reddy,ROHAN.REDDY1126@GMAIL.COM,+91-8339252970,Bhubaneswar,Odisha,Consumer,31/01/2024,Marketplace,1
C01127,Ananya Reddy,ananya.reddy1127@yahoo.com,+91-9575449268,Coimbatore,Tamil Nadu,,2021-04-22,Paid Search,N
C01128,Meera Jain,meera.jain1128@gmail.com,8654886661,SURAT,Gujarat,Corporate,2026-01-21,Organic Search,1
C01129,Rahul Reddy, rahul.reddy1129@company.in ,8239615283,Surat,Gujarat,Small Business,27/06/2025,Organic Search,N
C01130,Meera Singh,meera.singh1130@gmail.com,+91-8909180764,Jaipur,RAJASTHAN,Consumer,2026-05-23,Referral,1
C01131,Priya Verma,priya.verma1131@outlook.com,+91-7369929828,Delhi,Delhi,Small Business,2025-09-29,Paid Search,Y
C01132,Saanvi Sharma,saanvi.sharma1132@yahoo.com,+91-8336236050,Chennai,Tamil Nadu,Small Business,25/04/2025,Paid Search,Yes
C01133,Sahil Malhotra,sahil.malhotra1133@outlook.com,+91-9405858125,Bengaluru,Karnataka,Consumer,2024-09-11,Social Media,Y
C01134,Ankit Chopra,ANKIT.CHOPRA1134@COMPANY.IN,+91-8562670251,Patna,Bihar,Corporate,01/08/2024,Marketplace,Yes
C01135,Meera Mehta,meera.mehta1135@mail.com,+91-969892354,Gurugram,Haryana,Small Business,08-04-2023,Paid Search,Y
C01136,Pooja Verma, pooja.verma1136@gmail.com ,+91-9863923625,Lucknow,Uttar Pradesh,Corporate,08-15-2021,Organic Search,Y
C01137,Sneha Joshi,sneha.joshi1137@gmail.com,+91-9280008278,Jaipur,Rajasthan,Consumer,29/07/2021,Direct,1
C01138,Sneha Nair,sneha.nair1138@company.in,+91-927764817, Lucknow ,Uttar Pradesh,Corporate,2023-05-24,Paid Search,Yes
C01139,Sahil Singh,sahil.singh1139@company.in,+91-9617736201,Bhubaneswar,Odisha,Small Business,01-27-2024,Paid Search,1
C01140,Simran Bansal,simran.bansal1140@yahoo.com,+91-9682712311,Pune,Maharashtra,Corporate,02-03-2023,Direct,
C01141,Arjun Singh,arjun.singh1141@outlook.com,+919598454361,Mumbai,MAHARASHTRA,Small Business,2026-05-16,Marketplace,0
C01142,Varun Jain, varun.jain1142@yahoo.com ,+91-8144379600,Delhi,Delhi,Consumer,2022-04-22,Paid Search,No
C01143,karan jain,karan.jain1143@mail.com,+91-9453500806,Gurugram,Haryana,Small Business,17/07/2024,,
C01144,MYRA PATEL,,+91-8566666049,Indore,Madhya Pradesh,Consumer,2023-04-21,Direct,
C01145,Kabir Saxena,kabir.saxena1145@yahoo.com,+91-9025949831,Kochi,Kerala,Small Business,2022-12-05,Email,Y
C01146,Tanya Mishra,tanya.mishra1146@mail.com,+91-7687906730,Bengaluru,karnataka,Consumer,2023-05-08,Organic Search,Yes
C01147,NIKHIL IYER,nikhil.iyer1147@yahoo.com,+91-7901101132,AHMEDABAD,Gujarat,Corporate,13/09/2023,Social Media,Y
C01148,Myra Shah,myra.shah1148@mail.com,,,Karnataka,Consumer,29/04/2025,Organic Search,Yes
C01149, Neha Bansal ,neha.bansal1149@gmail.com,+91-7117979814,, Rajasthan ,,2025-07-26,Direct,1
C01150,Pooja Shah,pooja.shah1150@gmail.com,+91-8423423572,Chandigarh,Chandigarh,Small Business,06-30-2022,Organic Search,Yes
C01151,Saanvi Kapoor,saanvi.kapoor1151@outlook.com,+91-7457443785,Hyderabad,Telangana,Consumer,22/08/2024,Social Media,Y
C01152,Vihaan Sharma, vihaan.sharma1152@outlook.com ,+91-9546953837,Ahmedabad,Gujarat,Corporate,2024-06-21,Organic Search,No
C01153,Neha Malhotra,neha.malhotra1153@outlook.com,+91-9923238187,Kochi,Kerala,Corporate,05/07/2023,Organic Search,No
C01154,RIYA SHAH,riya.shah1154@gmail.com,+91-7721068046,Kochi, Kerala ,Corporate,03-20-2025,Email,Y
C01155,karan chopra,karan.chopra1155@company.in,+91-9457773402,Ahmedabad,Gujarat,Consumer,03/06/2022,Direct,
C01156,Karan Nair,karan.nair1156@mail.com,+91-9199460503,BENGALURU,Karnataka,Small Business,11-24-2023,Social Media,Yes
C01157, Simran Agarwal ,simran.agarwal1157@company.in,+91-8190151691,Lucknow,Uttar Pradesh,Corporate,29/11/2022,Organic Search,Yes
C01158,Vihaan Reddy,vihaan.reddy1158@mail.com,+91-9438217611,Gurugram,Haryana,Corporate,24/10/2025,Email,N
C01159,Aanya Verma,aanya.verma1159@yahoo.com,,Coimbatore,Tamil Nadu,Consumer,03-03-2023,Social Media,N
C01160,Ankit Mehta,ankit.mehta1160@mail.com,+91-7185620092,Chandigarh,Chandigarh,Small Business,07-21-2022,Direct,Y
C01161,Kabir Joshi,kabir.joshi1161@company.in,+91-7143365273,AHMEDABAD,Gujarat,Small Business,12/11/2024,Marketplace,Yes
C01162,Simran Chopra,simran.chopra1162@gmail.com,+91-9564376563,Bhopal, Madhya Pradesh ,Corporate,02-28-2021,Direct,1
C01163, Aanya Mishra ,AANYA.MISHRA1163@MAIL.COM,+91-8102388827,Chandigarh,Chandigarh,Corporate,2024-09-25,Paid Search,0
C01164,Myra Mehta, myra.mehta1164@mail.com ,+91-7764260288,GURUGRAM,Haryana,Small Business,25/03/2025,,Y
C01165,Kiara Jain,KIARA.JAIN1165@COMPANY.IN,+91-7288342902,DELHI,Delhi,Consumer,08-17-2021,Organic Search,N
C01166,Karan Joshi,karan.joshi1166@mail.com,+91-9482454298, Kolkata ,WEST BENGAL,Corporate,2022-04-06,Email,0
C01167,Kiara Agarwal,kiara.agarwal1167@company.in,+91-9325611898,Hyderabad,Telangana,Consumer,08-19-2022,Email,Yes
C01168,Ananya Malhotra,ananya.malhotra1168@outlook.com,8753857965, Chandigarh ,Chandigarh,Consumer,2021-03-21,Referral,Yes
C01169,saanvi chopra,saanvi.chopra1169@mail.com,+91-8170742001,Noida, Uttar Pradesh ,Small Business,08-05-2021,Paid Search,Y
C01170,Ankit Kapoor,ANKIT.KAPOOR1170@COMPANY.IN,+91-7841277300,Mumbai,maharashtra,Corporate,04/10/2025,Referral,No
C01171,rahul gupta,rahul.gupta1171@company.in,,Bengaluru,Karnataka,,09/03/2025,Organic Search,Y
C01172,Saanvi Sharma, saanvi.sharma1172@company.in ,+91-9007206925,Nagpur,Maharashtra,Consumer,14/03/2024,Referral,Y
C01173,Diya Gupta,,+91-9904624474,Mumbai,Maharashtra,Corporate,01-23-2025,Email,Y
C01174,Aarav Kumar,aarav.kumar1174@company.in,+91-8978744652,Patna,Bihar,Consumer,29/09/2024,Direct,Yes
C01175,Karan Kumar,karan.kumar1175@outlook.com,+91-8893257924,Delhi,Delhi,Small Business,09/02/2025,Direct,0
C01176,Meera Iyer,meera.iyer1176@company.in,+91-9277168113,Pune,Maharashtra,Small Business,2026-02-19,Email,No
C01177,Riya Kapoor,riya.kapoor1177@outlook.com,+91-7115144579,Hyderabad,telangana,Corporate,01-19-2023,Email,Y
C01178,Tanya Agarwal,tanya.agarwal1178@company.in,+91-9561751681,Chandigarh,Chandigarh,,2025-08-15,Paid Search,1
C01179,Ananya Patel, ananya.patel1179@mail.com ,+91-8425423464,indore,Madhya Pradesh,Small Business,06-07-2026,Social Media,1
C01180,Aarav Mishra,aarav.mishra1180@mail.com,+91-8082632281,Hyderabad,Telangana,Consumer,27/11/2021,Email,
C01181,Rahul Jain,,+91-8197353918,Kochi,Kerala,Consumer,2024-04-22,Direct,1
C01182,Rohan Bansal,rohan.bansal1182@gmail.com,+91-9215913159,Lucknow,Uttar Pradesh,Small Business,18/03/2024,Paid Search,N
C01183,Sneha Verma, sneha.verma1183@gmail.com ,+91-8357522356,Kochi,Kerala,Corporate,19/06/2022,Organic Search,Y
C01184,Aanya Mishra,aanya.mishra1184@outlook.com,968668817,Kochi,Kerala,Small Business,02-01-2023,Social Media,1
C01185,Vihaan Nair, vihaan.nair1185@outlook.com ,+91-9699295733,Chandigarh,CHANDIGARH,Corporate,07-26-2022,Direct,Yes
C01186,Rohan Iyer,rohan.iyer1186@yahoo.com,+91-7154633202,Nagpur,Maharashtra,Corporate,2023-06-22,Paid Search,1
C01187,Riya Malhotra,riya.malhotra1187@yahoo.com,+91-7584905931,Surat, Gujarat ,Small Business,2024-10-16,Marketplace,Y
C01188,Amit Sharma,amit.sharma1188@yahoo.com,+91-8490176400,Chandigarh,Chandigarh,Small Business,2025-02-17,Organic Search,N
C01189,Diya Saxena,diya.saxena1189@mail.com,+91-9731721015,Indore,Madhya Pradesh,Small Business,01-10-2026,Marketplace,N
C01190,Neha Bansal,neha.bansal1190@gmail.com,+91-7296999187,Kochi,Kerala,Small Business,15/03/2024,Email,Yes
C01191,AMIT MALHOTRA,amit.malhotra1191@yahoo.com,+91-9962598180, Coimbatore ,Tamil Nadu,Corporate,21/03/2026,Paid Search,Y
C01192,Saanvi Malhotra,saanvi.malhotra1192@mail.com,+91-7202715908,Jaipur,Rajasthan,Small Business,2021-04-29,Social Media,
C01193, Sahil Gupta ,sahil.gupta1193@mail.com,+91-8962947355,Delhi,Delhi,Small Business,02-21-2026,Email,Yes
C01194,Ira Chopra, ira.chopra1194@mail.com ,+91-8471469998,Lucknow,Uttar Pradesh,Consumer,05-04-2025,Social Media,No
C01195,Kabir Nair,kabir.nair1195@gmail.com,+91-9150162284,bengaluru,Karnataka,Small Business,2024-07-07,Marketplace,Y
C01196,Saanvi Kapoor,saanvi.kapoor1196@outlook.com,+91-8289286961,Patna,Bihar,Consumer,19/09/2023,Paid Search,Y
C01197,Neha Agarwal, neha.agarwal1197@yahoo.com ,+91-9834826984,Mumbai,Maharashtra,Consumer,08/09/2021,Organic Search,Y
C01198,Simran Singh,simran.singh1198@outlook.com,+91-8575779532,Chennai,Tamil Nadu,Consumer,2025-11-07,Email,N
C01199,Riya Gupta, riya.gupta1199@gmail.com ,+91-9654586415, Kolkata ,West Bengal,Corporate,2021-10-15,Organic Search,N
C01200,diya kapoor,diya.kapoor1200@yahoo.com,+91-9688801170,Noida,Uttar Pradesh,Small Business,11/10/2021,Marketplace,Y
C01201,Vihaan Mehta,vihaan.mehta1201@gmail.com,+919544483442,Hyderabad,Telangana,Corporate,15/11/2023,Paid Search,1
C01202,Sahil Mehta,sahil.mehta1202@company.in,+91-7329979441,Pune,Maharashtra,Corporate,2021-08-13,Organic Search,0
C01203,Aarav Sharma,aarav.sharma1203@mail.com,,indore,,Consumer,2022-07-15,Social Media,
C01204,Myra Mehta,myra.mehta1204@yahoo.com,+91-8450175255,,West Bengal,Corporate,01/03/2023,Email,Y
C01205,Karan Nair,karan.nair1205@outlook.com,+91-9663765034,Noida,Uttar Pradesh,Corporate,2021-04-09,Referral,N
C01206,Kabir Joshi,kabir.joshi1206@gmail.com,+91-9228580491,Noida,UTTAR PRADESH,Small Business,2025-10-31,Email,1
C01207,Vivaan Singh,vivaan.singh1207@outlook.comm,+91-7444265464,Ahmedabad,Gujarat,Corporate,2021-11-22,Social Media,Y
C01208,Sneha Mehta,sneha.mehta1208@gmail.com,+91-8429569339,Bhopal,Madhya Pradesh,Consumer,2024-12-07,Social Media,N
C01209,Aanya Agarwal,aanya.agarwal1209@outlook.com,882102899, Bhubaneswar ,Odisha,Small Business,20/12/2021,Social Media,Y
C01210,Rahul Bansal,rahul.bansal1210@company.in,+91-7237747010,Chennai,tamil nadu,Small Business,2026-01-22,Organic Search,Yes
C01211,Sneha Sharma,sneha.sharma1211@outlook.com,+919035218340,Kolkata,West Bengal,Small Business,12-09-2022,Direct,No
C01212,Aanya Patel,aanya.patel1212@company.in,+91-9038609060,Mumbai,Maharashtra,Small Business,04-05-2022,Direct,No
C01213,Neha Kumar,neha.kumar1213@outlook.com,+91-7697099785,,West Bengal,Consumer,06-16-2026,Social Media,No
C01214,Kiara Kapoor,kiara.kapoor1214@yahoo.com,+91-9432147921,Mumbai,Maharashtra,Corporate,2024-03-27,Referral,
C01215,Simran Chopra,simran.chopra1215@company.in,+91-7207351620,indore, Madhya Pradesh ,Consumer,27/01/2024,Organic Search,
C01216,Simran Jain,simran.jain1216@gmail.com,+91-7498188464,ahmedabad,Gujarat,Corporate,02/07/2025,Paid Search,Yes
C01217,Sneha Chopra,sneha.chopra1217@mail.com,+91-7793386411,CHENNAI,Tamil Nadu,Consumer,2024-04-12,Social Media,Y
C01218,Aditya Iyer,aditya.iyer1218@mail.com,9514943597,Jaipur,Rajasthan,Small Business,21/03/2021,Social Media,
C01219,Kabir Singh,kabir.singh1219@gmail.com,+919550039879,Jaipur,Rajasthan,Corporate,2023-10-05,Referral,Y
C01220,Neha Saxena,neha.saxena1220@outlook.com,+91-9111869335,Kolkata,West Bengal,Small Business,22/12/2022,Referral,Yes
C01221,Aditya Jain,aditya.jain1221@yahoo.com,+91-9479891731,Nagpur,Maharashtra,Consumer,2023-03-05,Marketplace,Yes
C01222,Ira Kumar,ira.kumar1222@company.in,+91-7141766395,Indore, Madhya Pradesh ,Corporate,2023-11-23,Paid Search,
C01223,Ishaan Chopra,ishaan.chopra1223@mail.comm,+91-8538289408,Bhubaneswar, Odisha ,Small Business,2025-07-30,Marketplace,
C01224,Vihaan Bansal,vihaan.bansal1224@yahoo.com,7438117184,Bengaluru,KARNATAKA,Consumer,2021-08-06,Paid Search,N
C01225,Karan Singh,,+91-9725660691,Bhubaneswar,Odisha,Small Business,06-18-2026,Direct,1
C01226,Neha Kapoor,neha.kapoor1226@gmail.com,+91-8531337234,Noida,Uttar Pradesh,Consumer,01-28-2022,Marketplace,1
C01227,Riya Saxena,riya.saxena1227@mail.com,+91-7916480261,Indore,Madhya Pradesh,Small Business,2026-02-15,Organic Search,No
C01228,Sahil Shah,sahil.shah1228@outlook.com,+91-7548754133,Chandigarh,Chandigarh,Small Business,07-17-2025,Direct,N
C01229,kabir iyer,kabir.iyer1229@outlook.com,+91-8438595363,Gurugram,Haryana,Small Business,11-23-2022,Social Media,Yes
C01230,AARAV MEHTA,aarav.mehta1230@mail.com,+91-9845512535,NOIDA,Uttar Pradesh,Consumer,03/07/2026,Paid Search,Y
C01231,Ira Kapoor,,+91-8224413680, Kochi ,Kerala,Small Business,09-25-2021,Organic Search,N
C01232,Sneha Patel,sneha.patel1232@outlook.com,+91-9452510986,Chandigarh,Chandigarh,Consumer,03/01/2025,Organic Search,Yes
C01233,Varun Nair,varun.nair1233@mail.com,+91-8167802277,Bhubaneswar,Odisha,Corporate,11-11-2023,Email,No
C01234,Meera Malhotra,meera.malhotra1234@gmail.com,+91-8929986246,Indore,Madhya Pradesh,Consumer,21/08/2026,Paid Search,Y
C01235,Kabir Joshi,kabir.joshi1235@mail.com,+91-8689130150,Delhi,Delhi,Consumer,30/06/2023,Organic Search,
C01236,Kiara Gupta,kiara.gupta1236@mail.com,+918248707611,Jaipur, Rajasthan ,Consumer,2021-08-29,Paid Search,No
C01237,Vivaan Joshi,vivaan.joshi1237@company.in,+91-9159116339,Gurugram,Haryana,Small Business,07-01-2021,,N
C01238,Riya Reddy,riya.reddy1238@gmail.com,+91-9069832083,Lucknow,uttar pradesh,Consumer,05-08-2021,Marketplace,Yes
C01239,Pooja Shah,pooja.shah1239@gmail.com,+91-8530046212,Gurugram,Haryana,Corporate,2023-07-01,Email,Y
C01240,Sahil Iyer,sahil.iyer1240@gmail.com,+91-7660128910,INDORE,Madhya Pradesh,Consumer,2021-11-01,Referral,Y
C01241,Varun Chopra,varun.chopra1241@outlook.com,9323153406,Coimbatore,Tamil Nadu,Small Business,13/01/2023,Social Media,Y
C01242,Rohan Singh,rohan.singh1242@mail.com,+91-7521575703,Pune,Maharashtra,Small Business,2023-08-01,Organic Search,Y
C01243,Vihaan Singh,vihaan.singh1243@outlook.com,+91-7452927871,Surat, Gujarat ,Consumer,18/03/2022,Organic Search,1
C01244,Simran Agarwal,simran.agarwal1244@mail.com,+91-7182541021,Pune,Maharashtra,Small Business,09/08/2026,Organic Search,No
C01245,Priya Saxena,priya.saxena1245@company.in,+91-8856277952,Delhi, Delhi ,Consumer,27/11/2024,Referral,0
C01246,VARUN MALHOTRA,varun.malhotra1246@outlook.com,+91-8744771999,Hyderabad,Telangana,Small Business,11-15-2024,Direct,
C01247,Diya Shah,diya.shah1247@yahoo.com,+91-8915514103,Jaipur,Rajasthan,Small Business,05-04-2025,Direct,1
C01248,Saanvi Verma,saanvi.verma1248@company.in,+91-9936966404, Pune ,Maharashtra,Corporate,2026-07-30,Organic Search,
C01249,Priya Jain,priya.jain1249@mail.com,+91-7242946259,Surat,Gujarat,Corporate,07-22-2023,Paid Search,Y
C01250,Amit Singh,amit.singh1250@mail.com,,Jaipur,Rajasthan,Corporate,2024-02-10,Direct,0
C01251,Ankit Chopra,ankit.chopra1251@mail.com,+91-7492878650,Gurugram,haryana,Consumer,06-08-2023,Referral,Yes
C01252,Rohan Malhotra,rohan.malhotra1252@company.in,+91-9917496939,Indore,Madhya Pradesh,Small Business,2024-03-02,Social Media,Y
C01253,Kabir Reddy,kabir.reddy1253@outlook.com,+91-7801295784,Chennai,TAMIL NADU,Small Business,29/10/2023,Referral,
C01254,Kabir Iyer,kabir.iyer1254@company.in,+91-9856696491,Noida,Uttar Pradesh,Consumer,10-23-2021,Organic Search,Yes
C01255,Nikhil Gupta,nikhil.gupta1255@outlook.com,+91-7350553232,Ahmedabad,Gujarat,Consumer,04-14-2025,Marketplace,N
C01256,Priya Joshi,priya.joshi1256@mail.com,+91-7122365421,Ahmedabad,Gujarat,Small Business,05-24-2024,Email,Y
C01257,Priya Chopra,priya.chopra1257@company.in,+91-7496513761, Nagpur ,Maharashtra,Consumer,2023-11-12,Paid Search,No
C01258,Ananya Iyer,ananya.iyer1258company.in,+91-8934749415,Delhi,Delhi,Small Business,14/06/2023,,0
C01259,Meera Patel,meera.patel1259@mail.com,+91-9770334784,Hyderabad,Telangana,Corporate,05-21-2023,Paid Search,Y
C01260,Varun Mishra,varun.mishra1260@mail.com,+91-8727849521,Indore,Madhya Pradesh,Corporate,01-24-2024,Organic Search,
C01261,Karan Mishra, karan.mishra1261@outlook.com ,+91-8669877396,Chandigarh,Chandigarh,Corporate,25/04/2026,Email,No
C01262,Amit Iyer,amit.iyer1262@outlook.com,+91-9464487826,Bhubaneswar,Odisha,Small Business,2025-08-07,Social Media,1
C01263,Aditya Mehta,aditya.mehta1263@gmail.com,9385415624,Surat,Gujarat,Small Business,2024-05-04,Organic Search,Y
C01264,Vihaan Jain,vihaan.jain1264@outlook.com,+91-7853880957,Pune,Maharashtra,Small Business,02/11/2021,Marketplace,Y
C01265,Aanya Jain,aanya.jain1265@gmail.com,+91-7114938575,Gurugram,Haryana,Small Business,07/03/2026,Paid Search,Y
C01266,Ira Saxena,ira.saxena1266@mail.com,+91-9664811963,Bhopal,MADHYA PRADESH,Small Business,01-31-2025,Organic Search,0
C01267,KARAN CHOPRA,KARAN.CHOPRA1267@YAHOO.COM,+91-9517875555,Chennai,Tamil Nadu,Small Business,09-17-2025,Social Media,N
C01268,Sneha Malhotra,sneha.malhotra1268@outlook.com,+91-8699146338,Ahmedabad,Gujarat,Small Business,12-07-2024,Social Media,Y
C01269,Ira Nair,ira.nair1269@yahoo.com,+91-715495770,Bhubaneswar,Odisha,Small Business,2025-02-02,Direct,No
C01270,Ankit Sharma,ankit.sharma1270@company.in,+91-9070343586,Kolkata,West Bengal,Corporate,03-25-2023,Social Media,Y
C01271,saanvi joshi,saanvi.joshi1271@yahoo.com,+91-8659248228,Kochi,Kerala,Corporate,2021-05-01,Social Media,0
C01272,ananya malhotra,ananya.malhotra1272@company.in,+91-7586222554,Ahmedabad,Gujarat,Consumer,2026-04-28,Paid Search,1
C01273,Vivaan Chopra,vivaan.chopra1273@gmail.com,+91-9223712019,NOIDA,Uttar Pradesh,Small Business,07/04/2026,Social Media,0
C01274,Riya Shah,riya.shah1274outlook.com,+91-8477203910,Chennai,Tamil Nadu,Small Business,08-06-2025,Email,Y
C01275,Rohan Jain,rohan.jain1275@yahoo.com,+91-7471533217,Hyderabad,,Corporate,2024-05-03,Referral,Y
C01276,Rahul Kapoor,rahul.kapoor1276@outlook.com,+91-7153814045,Bhubaneswar,Odisha,Small Business,19/05/2024,Direct,Y
C01277,Sneha Mishra, sneha.mishra1277@mail.com ,+91-7505449283,ahmedabad,Gujarat,Corporate,30/09/2023,Social Media,
C01278,Tanya Shah,tanya.shah1278@mail.com,+91-898069992,Lucknow,Uttar Pradesh,Consumer,11-02-2024,Direct,1
C01279,Ishaan Joshi,ishaan.joshi1279@mail.com,+91-8716056707,Jaipur,rajasthan,Small Business,2021-05-01,Organic Search,No
C01280,Ishaan Gupta,ishaan.gupta1280outlook.com,+91-8255016153,Noida,UTTAR PRADESH,Consumer,2022-07-28,Email,Y
C01281,Varun Nair,varun.nair1281@mail.com,+91-9084834994,Surat,Gujarat,Consumer,09-08-2022,Paid Search,Y
C01282,Myra Agarwal,myra.agarwal1282@mail.com,+91-8556223402,Bengaluru,Karnataka,Corporate,21/11/2021,Social Media,0
C01283,Meera Singh,meera.singh1283@gmail.com,+91-7494473877,Lucknow,Uttar Pradesh,Corporate,12/07/2022,Marketplace,N
C01284,Ira Reddy,ira.reddy1284@mail.com,+91-7655168958,Nagpur,Maharashtra,Consumer,2026-01-26,Marketplace,N
C01285,Saanvi Jain,saanvi.jain1285@mail.com,+91-8564175952,coimbatore,Tamil Nadu,Small Business,01/09/2025,Organic Search,No
C01286, Neha Joshi ,neha.joshi1286@gmail.com,+91-7089428030,Lucknow,Uttar Pradesh,Corporate,19/09/2022,Organic Search,Y
C01287,Vivaan Reddy,vivaan.reddy1287@outlook.com,+91-8444018991,Surat,Gujarat,Corporate,07/02/2023,Referral,
C01288,Priya Jain, priya.jain1288@gmail.com ,+91-8792612725,Indore,Madhya Pradesh,Corporate,25/04/2026,Email,Y
C01289,SAHIL JAIN,sahil.jain1289@gmail.com,+91-9223304000,Kolkata,west bengal,Consumer,11/04/2021,Social Media,N
C01290, Karan Joshi ,karan.joshi1290@mail.com,+91-9859114364,Chennai,Tamil Nadu,Small Business,08/01/2026,Marketplace,1
C01291,Vihaan Agarwal,vihaan.agarwal1291@gmail.com,+91-7800358185,BENGALURU,Karnataka,Consumer,02-14-2024,Marketplace,N
C01292,Kiara Jain,kiara.jain1292@outlook.com,+91-8298595026,Bhubaneswar,Odisha,Consumer,01/01/2026,Social Media,1
C01293,Aanya Patel,aanya.patel1293@mail.com,+91-9505409031,Chennai,tamil nadu,Corporate,2025-03-17,Marketplace,Y
C01294,Vihaan Patel,vihaan.patel1294@company.in,+91-7892445882,Ahmedabad,Gujarat,Small Business,2021-08-07,Organic Search,No
C01295,Diya Shah,diya.shah1295@outlook.com,+91-8597040568, Bhopal ,Madhya Pradesh,Small Business,01-09-2021,Social Media,1
C01296, Varun Joshi ,varun.joshi1296@company.in,+91-7828425746,Hyderabad,telangana,Consumer,2021-09-09,Direct,
C01297,Ira Sharma,ira.sharma1297@company.in,+91-9350765069,Lucknow,Uttar Pradesh,Consumer,02-08-2023,Email,Y
C01298,Sahil Agarwal,sahil.agarwal1298@yahoo.com,+91-9170705555,Bengaluru,Karnataka,Small Business,27/06/2021,Social Media,Y
C01299,DIYA PATEL,diya.patel1299@gmail.com,,Coimbatore,Tamil Nadu,Consumer,2026-08-26,Organic Search,Y
C01300,Ankit Patel,ankit.patel1300@company.in,+91-8975261991,Pune,Maharashtra,Small Business,2022-09-27,Paid Search,1
C01301,Aditya Malhotra,aditya.malhotra1301@outlook.com,+91-8424884917, Indore ,,Small Business,08-10-2021,Referral,Y
C01302,Myra Shah,myra.shah1302@outlook.com,+91-9997132459,Jaipur,Rajasthan,Corporate,10/04/2023,Email,No
C01303,Aditya Malhotra,aditya.malhotra1303@company.in,+91-7465028961,Lucknow,Uttar Pradesh,Consumer,2022-12-25,Social Media,Y
C01304,Diya Mishra,,+91-8221631248,Noida,Uttar Pradesh,,09-03-2025,Social Media,Yes
C01305,Vihaan Bansal, vihaan.bansal1305@gmail.com ,+91-8157727749,Kochi,Kerala,Consumer,11-26-2022,Social Media,Y
C01306,Kiara Kapoor,kiara.kapoor1306@company.in,+91-8016853580,Patna,Bihar,Consumer,2021-10-11,Referral,1
C01307,Aanya Chopra,aanya.chopra1307@mail.com,+91-8504894349,Jaipur,Rajasthan,Small Business,2024-12-24,Email,Y
C01308,Sneha Sharma,sneha.sharma1308@mail.com,+91-7782920135,Coimbatore,Tamil Nadu,Corporate,2025-08-10,Direct,N
C01309,Myra Sharma,MYRA.SHARMA1309@GMAIL.COM,9386915852,GURUGRAM,Haryana,Corporate,16/03/2023,Marketplace,Y
C01310,Aditya Agarwal,aditya.agarwal1310@company.in,+91-7451749898,Gurugram,Haryana,Corporate,07-02-2025,Marketplace,Y
C01311,IRA SINGH,ira.singh1311@outlook.com,+91-9847115017,Chennai,Tamil Nadu,Corporate,17/12/2022,Email,Y
C01312,Amit Singh,amit.singh1312@company.in,+91-9607959128,Coimbatore,Tamil Nadu,Small Business,2024-09-26,Marketplace,N
C01313,Vivaan Kapoor,vivaan.kapoor1313@company.in,+91-9479616352,ahmedabad,Gujarat,Small Business,02-14-2023,Paid Search,0
C01314,Ira Joshi,ira.joshi1314@outlook.com,+91-9569347845,Kolkata,West Bengal,Small Business,2023-11-05,Email,Y
C01315,Kabir Shah,kabir.shah1315@gmail.com,+91-7034681351,Kolkata,West Bengal,Corporate,05/12/2025,Paid Search,Y
C01316, Karan Mishra ,karan.mishra1316@outlook.com,7328528151,Chennai,Tamil Nadu,Small Business,31/07/2022,Paid Search,Yes
C01317,Ishaan Mehta,ishaan.mehta1317@gmail.com,+91-7020460550,Gurugram,Haryana,Corporate,26/06/2025,Paid Search,0
C01318,Ananya Jain,ananya.jain1318@outlook.com,+91-7458720620,Chennai,Tamil Nadu,Small Business,30/08/2025,Paid Search,
C01319,Ankit Gupta,ankit.gupta1319@gmail.com,+91-8586695313,Pune,Maharashtra,Small Business,2025-08-15,Paid Search,N
C01320,Diya Agarwal,diya.agarwal1320@mail.com,+91-7017033936,Bhopal,Madhya Pradesh,Small Business,2023-10-06,Direct,1
C01321,Vivaan Joshi,vivaan.joshi1321@mail.com,+91-8535323606,Gurugram,Haryana,Small Business,11-30-2023,Organic Search,No
C01322,Myra Agarwal,myra.agarwal1322@mail.com,+91-9895286342,Mumbai,Maharashtra,Small Business,20/02/2021,Direct,No
C01323,Amit Chopra,amit.chopra1323@yahoo.com,+91-9545406888,Noida,Uttar Pradesh,,2022-04-21,Paid Search,No
C01324,Nikhil Kapoor,nikhil.kapoor1324@mail.com,7660721615,Gurugram,Haryana,Corporate,05-06-2021,Email,No
C01325,Pooja Mishra,pooja.mishra1325@gmail.com,+91-7535257094,Noida, Uttar Pradesh ,Small Business,2024-09-01,Direct,Y
C01326,Ankit Singh,ankit.singh1326@yahoo.com,+91-8729334894,PUNE,Maharashtra,Small Business,24/08/2023,Referral,N
C01327,Sahil Kumar,sahil.kumar1327@yahoo.com,+91-7682581939,Jaipur,Rajasthan,Corporate,01-10-2026,Referral,1
C01328,Nikhil Kapoor,nikhil.kapoor1328@outlook.com,+91-9090767990,Coimbatore,TAMIL NADU,,10-16-2024,Marketplace,0
C01329,Varun Patel,varun.patel1329@company.in,+91-8242704459,Surat,Gujarat,Small Business,2023-04-30,Email,
C01330,Rohan Saxena,rohan.saxena1330@yahoo.com,+91-897319387,Gurugram,Haryana,Corporate,2021-06-12,Organic Search,1
C01331,Karan Shah,,+91-9008237640,Gurugram,Haryana,Corporate,14/01/2021,Paid Search,0
C01332,Meera Saxena, meera.saxena1332@company.in ,+91-8397389194, Chandigarh ,Chandigarh,Consumer,11-20-2023,Social Media,No
C01333,Aanya Singh,aanya.singh1333@company.in,7427358720,Gurugram,Haryana,Small Business,16/03/2022,Organic Search,0
C01334,Ankit Patel,ankit.patel1334@yahoo.com,+91-9001978116,Bengaluru,Karnataka,Corporate,03-25-2023,Marketplace,Yes
C01335,karan bansal,karan.bansal1335@yahoo.com,+91-8362250936,Lucknow,uttar pradesh,Corporate,2026-08-02,Paid Search,1
C01336,Amit Reddy,amit.reddy1336@outlook.com,+917410275816,Gurugram,Haryana,Corporate,05-04-2024,Organic Search,Y
C01337,Riya Agarwal,riya.agarwal1337@gmail.com,,Chandigarh,Chandigarh,Consumer,2026-05-13,Organic Search,No
C01338,Aditya Verma,aditya.verma1338@outlook.comm,+91-7051483448, Jaipur ,Rajasthan,Corporate,10-09-2024,Paid Search,No
C01339,Myra Bansal,myra.bansal1339@gmail.com,+91-9576593381,Bengaluru,Karnataka,Corporate,07-28-2026,Organic Search,N
C01340,pooja iyer,pooja.iyer1340@mail.com,7690359751,Mumbai,Maharashtra,Corporate,02-01-2024,Paid Search,
C01341,Tanya Sharma,tanya.sharma1341@mail.com,+91-9690275375,Coimbatore,Tamil Nadu,Corporate,30/07/2024,Social Media,N
C01342, Sahil Joshi , sahil.joshi1342@yahoo.com ,+91-8763419718,Gurugram,Haryana,Small Business,02-12-2026,Social Media,No
C01343,Amit Reddy,amit.reddy1343@outlook.com,+91-9216841282, Kolkata ,West Bengal,Consumer,2026-08-24,Direct,Y
C01344,Karan Sharma,karan.sharma1344@gmail.com,,Ahmedabad,Gujarat,Small Business,22/12/2025,Referral,1
C01345,Ananya Agarwal,ananya.agarwal1345@company.in,+91-7254666297,,Karnataka,Consumer,12-03-2021,Social Media,Y
C01346,Kiara Joshi,kiara.joshi1346@outlook.com,+91-9635238987,Bengaluru,Karnataka,Corporate,09-03-2021,Email,Yes
C01347, Meera Shah ,meera.shah1347@outlook.com,+91-9920951966,Hyderabad,Telangana,Consumer,27/03/2024,Email,0
C01348,Vivaan Sharma,vivaan.sharma1348@outlook.com,+91-7663817358,Kolkata,West Bengal,Corporate,2024-04-27,Organic Search,Yes
C01349,Arjun Gupta, arjun.gupta1349@mail.com ,+91-7049737022,pune,Maharashtra,Small Business,16/04/2023,Direct,N
C01350,Amit Nair,amit.nair1350@mail.com,+91-8758175711,Chennai,Tamil Nadu,Small Business,2024-06-28,Referral,No
C01351,Vivaan Iyer,vivaan.iyer1351@outlook.com,+91-7134859601,Pune,Maharashtra,Corporate,02-26-2025,Organic Search,0
C01352,Diya Verma,diya.verma1352@mail.com,+91-7909753856,Coimbatore,Tamil Nadu,Small Business,06-23-2022,Paid Search,1
C01353,Aanya Verma,aanya.verma1353company.in,+91-9440830085,Delhi,Delhi,Consumer,05-04-2024,Social Media,Yes
C01354,Rahul Kapoor,rahul.kapoor1354@mail.com,+91-9009136167,jaipur,Rajasthan,Consumer,12-21-2024,Direct,Y
C01355, Kiara Shah ,kiara.shah1355@company.in,+91-9048373445,Bengaluru,Karnataka,Corporate,08-21-2021,Email,Yes
C01356,Kabir Bansal,kabir.bansal1356@mail.com,+91-9144801287,Noida,Uttar Pradesh,Corporate,2023-12-12,Referral,Y
C01357,Saanvi Mishra,saanvi.mishra1357@company.in,+919932496796,bengaluru,Karnataka,Corporate,2023-05-05,Social Media,1
C01358,Diya Nair,diya.nair1358@gmail.com,+91-7068325300,Pune,Maharashtra,Corporate,2022-06-22,Referral,1
C01359,Saanvi Chopra,saanvi.chopra1359@yahoo.com,+91-7984564360,Ahmedabad,Gujarat,,30/06/2022,Organic Search,Y
C01360,Aditya Agarwal,aditya.agarwal1360@outlook.com,+91-9862522436,Chennai,TAMIL NADU,Corporate,2024-11-07,Organic Search,N
C01361,Aarav Shah,aarav.shah1361@gmail.com,+91-7978115726,INDORE, Madhya Pradesh ,Corporate,01/03/2023,Email,Y
C01362,Riya Patel,riya.patel1362@mail.comm,+91-7252510395,Chandigarh,Chandigarh,Corporate,05-11-2026,Social Media,Y
C01363,Kabir Joshi,kabir.joshi1363@gmail.com,+91-9216608460,CHENNAI,Tamil Nadu,Small Business,01-17-2025,Social Media,0
C01364,Diya Sharma,DIYA.SHARMA1364@OUTLOOK.COM,+91-8905684901,Hyderabad,TELANGANA,Consumer,2024-12-02,Social Media,0
C01365,ROHAN JOSHI,rohan.joshi1365@company.in,+91-8843608479,Bhopal,Madhya Pradesh,Corporate,25/03/2024,Referral,0
C01366,Ankit Kapoor,ankit.kapoor1366@yahoo.com,+91-8230659852,Ahmedabad,Gujarat,Corporate,03-27-2025,Marketplace,
C01367,Diya Bansal,diya.bansal1367@mail.com,+91-8875845579,Ahmedabad,Gujarat,Consumer,11/01/2022,Email,Y
C01368,Myra Agarwal,myra.agarwal1368@mail.com,+91-888351402,Indore,Madhya Pradesh,Consumer,06-10-2021,Email,Y
C01369,Priya Joshi,,+91-8564252312,Hyderabad,Telangana,Corporate,2021-10-24,Paid Search,Y
C01370,Diya Kapoor,diya.kapoor1370gmail.com,+91-9317788182,BHOPAL,MADHYA PRADESH,Small Business,2024-09-28,Marketplace,No
C01371,Rahul Mehta,rahul.mehta1371@mail.com,+91-9919089895,BENGALURU,Karnataka,Consumer,13/12/2025,Organic Search,Yes
C01372,Amit Shah,amit.shah1372@company.in,+91-8879833753,Mumbai,Maharashtra,Small Business,04-12-2025,Social Media,No
C01373,priya saxena,priya.saxena1373@company.in,8321158476,Chandigarh,Chandigarh,Corporate,2023-08-16,Direct,N
C01374,Nikhil Joshi,nikhil.joshi1374@mail.com,+91-752687641,Gurugram,Haryana,Small Business,19/05/2022,Organic Search,Yes
C01375,Arjun Bansal,arjun.bansal1375@company.in,+91-7990734055,Bhubaneswar,Odisha,Small Business,06-24-2024,Referral,Yes
C01376,Saanvi Kapoor,saanvi.kapoor1376@mail.comm,+91-9882843336,Delhi,Delhi,Small Business,11-20-2025,Email,Y
C01377,Kiara Nair,kiara.nair1377@outlook.comm,+91-7330733900,Surat,Gujarat,Consumer,24/08/2025,Paid Search,1
C01378,Ishaan Shah,ishaan.shah1378@yahoo.com,+91-7382088976,delhi,Delhi,Small Business,09-07-2023,Social Media,0
C01379,Diya Nair,diya.nair1379@outlook.com,+91-7828315917,Bengaluru,Karnataka,Consumer,06/02/2026,Social Media,1
C01380,Varun Jain,varun.jain1380@yahoo.com,+91-9470326726,Chandigarh,CHANDIGARH,Corporate,2023-10-23,Marketplace,1
C01381,Kabir Agarwal,kabir.agarwal1381@mail.com,+91-7841496605,Chandigarh,Chandigarh,Corporate,2024-03-09,Organic Search,Y
C01382,kabir chopra,kabir.chopra1382@mail.com,+91-9903814950,Mumbai,Maharashtra,Small Business,04/02/2026,Paid Search,Yes
C01383,Myra Kumar,myra.kumar1383@gmail.com,+91-8012846606,Bengaluru,,Consumer,30/09/2022,Social Media,
C01384,Priya Mishra,priya.mishra1384@outlook.com,+91-7814439401,Mumbai,Maharashtra,Corporate,02-20-2025,Email,Y
C01385,Kabir Agarwal,kabir.agarwal1385@gmail.com,+91-7051645411,Ahmedabad,Gujarat,Small Business,24/08/2023,Referral,0
C01386,kabir bansal,kabir.bansal1386@company.in,+91-8237382435,Indore,Madhya Pradesh,Small Business,07-23-2025,Organic Search,Y
C01387,Ira Verma,ira.verma1387@gmail.com,9445528716,Bhubaneswar,Odisha,Consumer,09-15-2024,Marketplace,0
C01388,varun singh,varun.singh1388@gmail.com,+91-8557490797,Patna,BIHAR,Small Business,03-24-2024,Direct,Y
C01389,vivaan sharma,vivaan.sharma1389@outlook.com,+91-8077951204,Ahmedabad,Gujarat,Consumer,10/09/2025,Referral,N
C01390,Diya Kumar,diya.kumar1390@mail.com,+91-9342333841,KOCHI,KERALA,Corporate,14/06/2023,Email,1
C01391,Rahul Chopra,rahul.chopra1391@outlook.com,+91-9374000146,Kochi,Kerala,Corporate,09-16-2023,Social Media,Y
C01392,Diya Mishra,diya.mishra1392@yahoo.com,+91-7291993498,Chandigarh,Chandigarh,Consumer,08-09-2026,Marketplace,N
C01393,Nikhil Joshi,nikhil.joshi1393@outlook.com,+91-8100744691,Kochi,Kerala,Small Business,2023-01-24,Referral,Y
C01394,Ananya Gupta,ananya.gupta1394@yahoo.com,,Surat,Gujarat,Corporate,2022-09-28,Paid Search,No
C01395,VIVAAN GUPTA,vivaan.gupta1395@mail.com,+91-8857650214,Surat,Gujarat,Small Business,2023-03-23,Organic Search,0
C01396,Riya Patel,riya.patel1396@outlook.com,+91-9413806915,Surat,GUJARAT,Corporate,06-20-2024,Referral,0
C01397,Simran Kumar,simran.kumar1397@company.in,+91-7613121359,Bhopal,Madhya Pradesh,Consumer,01/10/2023,Referral,N
C01398,Ananya Agarwal,ananya.agarwal1398@company.in,+91-9574812850,Chandigarh,Chandigarh,Corporate,31/03/2025,Social Media,Yes
C01399,Ankit Sharma,ankit.sharma1399@mail.com,+91-8791378947,Kolkata,West Bengal,Corporate,12/07/2021,Referral,Y
C01400,Simran Patel,simran.patel1400@yahoo.com,+919619592129,bhubaneswar,,Consumer,2022-10-09,Social Media,Y
C01401,Varun Mehta,varun.mehta1401@company.in,+91-7020919462,Kolkata,west bengal,,2021-07-06,Organic Search,0
C01402,Saanvi Reddy,saanvi.reddy1402@mail.comm,+91-7024494922,Bhopal,Madhya Pradesh,Corporate,2021-11-21,Marketplace,0
C01403, Arjun Nair ,arjun.nair1403@outlook.com,+91-8998002072,Mumbai,MAHARASHTRA,Corporate,01-27-2026,,
C01404,Varun Mehta,varun.mehta1404@mail.com,+919860730100,Surat,Gujarat,Consumer,05-30-2023,Marketplace,Y
C01405,Aditya Joshi,aditya.joshi1405@gmail.com,+91-7923869511,Pune,Maharashtra,Small Business,02-20-2022,Organic Search,Y
C01406,Diya Mehta,diya.mehta1406@company.in,+91-7067604757,Nagpur,,Consumer,12-09-2021,Social Media,Y
C01407,Karan Reddy,karan.reddy1407@company.in,+91-7703587131,Jaipur,RAJASTHAN,Consumer,09-13-2021,Referral,Yes
C01408,Priya Verma,priya.verma1408@mail.com,+91-7701886039,LUCKNOW,Uttar Pradesh,Consumer,2025-12-19,Marketplace,N
C01409,ananya sharma,ananya.sharma1409@yahoo.com,+91-7169824126,Chandigarh,Chandigarh,Small Business,13/07/2024,Social Media,0
C01410,Neha Malhotra,neha.malhotra1410@mail.com,+91-8093569227,Nagpur,Maharashtra,Consumer,14/04/2021,Marketplace,1
C01411,Saanvi Kapoor,saanvi.kapoor1411@company.in,+919424484756,Kochi,Kerala,Consumer,09-20-2022,Paid Search,Yes
C01412,Nikhil Nair,nikhil.nair1412@outlook.com,+91-8385536319,Kolkata,West Bengal,Corporate,18/12/2024,Paid Search,N
C01413,Ishaan Reddy,ishaan.reddy1413@gmail.com,+91-8042296168,Coimbatore,Tamil Nadu,Small Business,16/06/2024,Paid Search,Y
C01414, Tanya Iyer ,tanya.iyer1414@company.in,+91-7969578926,Chandigarh,CHANDIGARH,Consumer,19/05/2025,Direct,No
C01415,Rohan Malhotra,rohan.malhotra1415@company.in,+91-7932649106,Chennai,Tamil Nadu,Consumer,2023-12-27,Referral,Yes
C01416,Aanya Shah,aanya.shah1416@company.in,+91-9282683221, Lucknow ,Uttar Pradesh,Small Business,2024-05-14,Social Media,Yes
C01417,Rohan Shah,rohan.shah1417@mail.com,+91-7920873929,,Bihar,Small Business,07-24-2026,Organic Search,N
C01418,SNEHA AGARWAL,sneha.agarwal1418@mail.com,+91-8999468644,Coimbatore,Tamil Nadu,Corporate,17/03/2023,Paid Search,Y
C01419,Priya Gupta,priya.gupta1419company.in,+91-8806971605,Ahmedabad,Gujarat,Consumer,2021-04-19,Email,Y
C01420,meera reddy,meera.reddy1420@company.in,+91-7038606254,Jaipur,Rajasthan,Corporate,07-23-2022,Paid Search,Y
C01421,Varun Kumar,varun.kumar1421@mail.com,+918268547765,Delhi, Delhi ,Corporate,2025-06-07,Social Media,Y
C01422,Ananya Kapoor,ananya.kapoor1422@company.in,8817363961,Jaipur,Rajasthan,Small Business,2022-11-26,Marketplace,
C01423,ROHAN SHAH,rohan.shah1423@gmail.com,+91-9580495489,KOLKATA,West Bengal,Corporate,2025-12-22,Marketplace,N
C01424,Neha Verma,NEHA.VERMA1424@OUTLOOK.COM,+91-7572810643,Kolkata,West Bengal,Small Business,2025-04-19,Marketplace,Y
C01425,Aditya Saxena,aditya.saxena1425@yahoo.com,+91-8227124766,Surat,Gujarat,Consumer,20/06/2022,Direct,0
C01426,Sahil Shah,sahil.shah1426@gmail.com,+91-8557018037,Lucknow,Uttar Pradesh,Small Business,06-14-2026,Email,1
C01427,Kiara Shah,kiara.shah1427@gmail.com,+91-7677739198,Bhubaneswar,Odisha,Small Business,12-19-2022,Email,Y
C01428,Vivaan Joshi,vivaan.joshi1428@outlook.com,+91-7385156524,Nagpur,Maharashtra,Consumer,03-04-2024,Marketplace,N
C01429,Diya Kumar,diya.kumar1429@outlook.com,+91-7093482346,Patna,Bihar,Corporate,18/06/2025,Social Media,N
C01430,Karan Mehta,karan.mehta1430@gmail.com,8651809915,Nagpur,Maharashtra,Small Business,2023-08-06,,N
C01431,Aditya Joshi,aditya.joshi1431@mail.com,+91-9492592310,Coimbatore,Tamil Nadu,Small Business,20/08/2025,Email,N
C01432,Ananya Saxena,ananya.saxena1432@mail.com,+91-7476910050,Pune, Maharashtra ,Consumer,2023-04-17,Paid Search,Y
C01433,Aanya Saxena,AANYA.SAXENA1433@OUTLOOK.COM,+91-8617124208,Lucknow,Uttar Pradesh,Corporate,2025-09-27,Organic Search,1
C01434,Aanya Iyer,aanya.iyer1434@outlook.com,+91-8948247367, Kolkata ,West Bengal,Small Business,2025-11-25,Referral,Y
C01435,Rohan Nair,rohan.nair1435@yahoo.com,+91-7363493163,Noida,Uttar Pradesh,Small Business,14/05/2024,Direct,Yes
C01436,Myra Agarwal,myra.agarwal1436@yahoo.com,+91-8590861379,LUCKNOW,Uttar Pradesh,Corporate,2025-03-19,Organic Search,Yes
C01437,Meera Bansal,meera.bansal1437@mail.com,+91-8476232379,Delhi,Delhi,Small Business,25/04/2021,Organic Search,Y
C01438,Myra Singh,myra.singh1438outlook.com,+91-9093054736,Kolkata,West Bengal,Corporate,2021-12-26,Marketplace,
C01439,Sahil Kapoor,sahil.kapoor1439@mail.com,+91-8680455435,Coimbatore,Tamil Nadu,Small Business,04-02-2026,Paid Search,N
C01440,Meera Agarwal,meera.agarwal1440@gmail.com,+91-7500651872,Chandigarh, Chandigarh ,Small Business,2024-09-30,Organic Search,1
C01441,ankit shah,ankit.shah1441@outlook.com,+91-9377032498,Kochi,KERALA,Small Business,2025-07-31,Paid Search,Y
C01442,Myra Agarwal,myra.agarwal1442yahoo.com,+91-7517549514,Bengaluru,Karnataka,Small Business,02-10-2021,Organic Search,No
C01443,Karan Nair,karan.nair1443company.in,+917643841116,Kolkata,West Bengal,Corporate,2025-09-05,Organic Search,Y
C01444,Priya Verma,priya.verma1444@yahoo.comm,+91-7547440768,Chennai,Tamil Nadu,Corporate,2024-06-01,Organic Search,
C01445,aarav malhotra,aarav.malhotra1445@outlook.com,+91-9414553217,gurugram,Haryana,Consumer,20/09/2021,Referral,1
C01446,Rahul Jain,rahul.jain1446@company.in,+91-840174520,Surat,GUJARAT,Small Business,04-04-2023,Direct,Y
C01447,Karan Mehta,karan.mehta1447@outlook.com,+91-8417435197,BENGALURU,Karnataka,Consumer,03/11/2024,Social Media,Yes
C01448, Simran Iyer ,simran.iyer1448@gmail.com,+91-8022025505,Patna,Bihar,Small Business,30/10/2021,Referral,Y
C01449,Riya Kumar,riya.kumar1449@company.in,+919420443717,Bengaluru,Karnataka,Small Business,21/06/2022,Marketplace,N
C01450,Varun Iyer,varun.iyer1450@company.in,+91-7145866822,Noida,Uttar Pradesh,Corporate,14/02/2025,Marketplace,N
C01451,Meera Sharma, meera.sharma1451@mail.com ,+91-8644378059,Pune,Maharashtra,Consumer,08-06-2025,Paid Search,
C01452,Arjun Gupta,arjun.gupta1452@gmail.com,+91-8840867494,Hyderabad,Telangana,Small Business,03-28-2023,Direct,No
C01453,Meera Reddy,meera.reddy1453@outlook.com,,Coimbatore,Tamil Nadu,Corporate,27/09/2023,Direct,Y
C01454,Sahil Nair,sahil.nair1454@mail.com,+91-7405958576,Nagpur,Maharashtra,,2025-09-15,Marketplace,Y
C01455,Priya Reddy,priya.reddy1455@company.in,7109845503,Patna,Bihar,Corporate,2021-05-24,Marketplace,N
C01456,priya shah,priya.shah1456@gmail.com,+91-8365614363, Bhubaneswar ,Odisha,Corporate,06-17-2023,Organic Search,Y
C01457,Ishaan Nair,ishaan.nair1457@outlook.comm,+91-8261890865,Patna,Bihar,Consumer,01-14-2023,Referral,0
C01458,Meera Malhotra,meera.malhotra1458@company.in,+91-7305087271,Delhi,Delhi,Corporate,03-10-2021,Organic Search,1
C01459, Vihaan Kumar ,vihaan.kumar1459@yahoo.com,+91-7774642561,Gurugram,Haryana,Consumer,01-19-2021,Referral,0
C01460,Priya Bansal,priya.bansal1460@company.in,+91-9855693370,Bhopal,Madhya Pradesh,Corporate,2023-07-22,Paid Search,Y
C01461,Ishaan Malhotra,ishaan.malhotra1461@company.in,+91-7729060755,Jaipur,Rajasthan,Small Business,2022-12-18,Direct,No
C01462,Vihaan Bansal,vihaan.bansal1462@yahoo.com,+91-9225686420,Indore,Madhya Pradesh,Consumer,14/09/2025,Direct,N
C01463,Simran Joshi,simran.joshi1463@outlook.com,+91-7159245408,noida,Uttar Pradesh,Consumer,07/02/2021,Social Media,1
C01464,Vivaan Joshi,vivaan.joshi1464@outlook.com,+91-7887205997,bhubaneswar,Odisha,Corporate,01-12-2025,Paid Search,
C01465,Tanya Sharma,tanya.sharma1465@yahoo.com,+91-7624247106,Bhubaneswar,Odisha,Small Business,2025-05-16,Paid Search,Y
C01466, Ishaan Iyer ,ishaan.iyer1466@outlook.com,+91-8774715400,indore,Madhya Pradesh,Corporate,05-19-2022,Marketplace,1
C01467,Rohan Nair,rohan.nair1467@mail.com,+91-8467701935,Kolkata,WEST BENGAL,Small Business,2022-11-04,Paid Search,Y
C01468,riya patel, riya.patel1468@company.in ,+91-8918893423,Chandigarh,chandigarh,Corporate,2025-01-15,Email,
C01469,MYRA IYER,myra.iyer1469@company.in,+91-9943008304,Lucknow,Uttar Pradesh,Small Business,12-18-2022,Paid Search,Y
C01470,Meera Mehta,meera.mehta1470@gmail.com,+91-8692782023,Kolkata,West Bengal,Small Business,08-24-2023,Organic Search,N
C01471,Ananya Joshi,ananya.joshi1471@yahoo.com,+91-8769735395,,Delhi,Small Business,08-12-2022,Social Media,Y
C01472,Rahul Sharma,rahul.sharma1472@outlook.com,+91-8780573266,Nagpur,Maharashtra,Corporate,01-19-2023,Organic Search,1
C01473,Ankit Patel,ankit.patel1473@outlook.comm,+91-8670147470,Surat,Gujarat,Consumer,04-12-2026,Paid Search,Yes
C01474,Sneha Sharma,SNEHA.SHARMA1474@GMAIL.COM,+91-8993099941,Kochi,Kerala,Small Business,2022-11-23,Paid Search,Y
C01475,Saanvi Gupta,saanvi.gupta1475@company.in,+91-7733170624,Ahmedabad,Gujarat,Consumer,11-11-2022,Paid Search,No
C01476,Kabir Singh,kabir.singh1476@company.in,+91-8847313698,Kochi,Kerala,Consumer,08-22-2021,Marketplace,Y
C01477,Amit Kumar,amit.kumar1477@outlook.com,+91-7989362053,Coimbatore,Tamil Nadu,Small Business,2023-08-09,Paid Search,Y
C01478,Riya Malhotra,riya.malhotra1478@outlook.com,+91-7549934737,Bhubaneswar,Odisha,Consumer,2021-03-25,Email,N
C01479,Kiara Chopra,kiara.chopra1479@gmail.com,+91-9458387163,HYDERABAD,Telangana,Corporate,04-16-2026,Referral,0
C01480,Sahil Mehta,sahil.mehta1480@outlook.com,+91-8900451446,Coimbatore,Tamil Nadu,Corporate,2024-04-11,Marketplace,Yes
C01481,Aarav Mishra,aarav.mishra1481@mail.com,+91-9610053404,Chennai,Tamil Nadu,Small Business,10/03/2025,Email,No
C01482,Kabir Agarwal,kabir.agarwal1482@mail.com,+91-7673158956,Bhubaneswar,Odisha,Small Business,06-21-2023,Email,N
C01483,Rohan Jain,rohan.jain1483@company.in,+91-8090744966,Noida,Uttar Pradesh,Corporate,2024-06-01,Email,0
C01484,Tanya Gupta,tanya.gupta1484@outlook.com,+91-9058469599,Patna,Bihar,Corporate,2021-05-09,Email,Y
C01485,Aanya Singh, aanya.singh1485@outlook.com ,+91-7693839373,Coimbatore,Tamil Nadu,Consumer,2026-02-13,Social Media,Y
C01486,Vivaan Agarwal,vivaan.agarwal1486@outlook.com,+91-7474063158,Noida, Uttar Pradesh ,Corporate,10-17-2022,Email,Y
C01487,Ananya Shah,ananya.shah1487@gmail.com,+91-9987959222,Gurugram,Haryana,Small Business,15/02/2025,,Y
C01488,Myra Jain,myra.jain1488@outlook.com,7009734746,Ahmedabad,Gujarat,Consumer,12-26-2025,Referral,1
C01489,Riya Kumar,riya.kumar1489@mail.com,+91-8947562010,Hyderabad,Telangana,Corporate,12/06/2026,Referral,No
C01490,Ananya Bansal,ananya.bansal1490@mail.com,+91-9864726459,Indore,Madhya Pradesh,Small Business,02/10/2021,Referral,No
C01491,Ishaan Kapoor,ishaan.kapoor1491@gmail.com,+91-7677768885,Jaipur, Rajasthan ,Consumer,2024-04-17,Referral,0
C01492,Arjun Bansal,arjun.bansal1492@yahoo.com,+91-8269718385,Chandigarh,Chandigarh,Consumer,07/04/2021,Organic Search,No
C01493,AANYA JOSHI,aanya.joshi1493@company.in,+91-8327061635,Mumbai,Maharashtra,Consumer,2024-10-06,Referral,Y
C01494,Diya Nair,diya.nair1494@yahoo.com,+91-9024066204,,Delhi,Small Business,08-16-2021,Organic Search,1
C01495,Neha Agarwal,neha.agarwal1495@outlook.com,+91-7314729338,Kolkata,West Bengal,Small Business,10-05-2021,Email,No
C01496,Diya Nair,diya.nair1496@company.in,+91-849370630,Bengaluru,Karnataka,Consumer,10-03-2022,Email,
C01497,Neha Malhotra,neha.malhotra1497@yahoo.com,+91-8714413545,Bhubaneswar,Odisha,Small Business,02-06-2023,Paid Search,
C01498,Ananya Shah,ananya.shah1498@yahoo.com,+91-8078801815,Lucknow,Uttar Pradesh,Corporate,28/09/2021,Paid Search,1
C01499,Sahil Reddy,sahil.reddy1499@yahoo.com,8931241424,Kolkata,West Bengal,Corporate,01-10-2021,Social Media,Yes
C01500,Tanya Singh,tanya.singh1500@company.in,+917061010173,Bengaluru,Karnataka,Consumer,2021-02-18,Email,Y
C01501,Nikhil Verma,nikhil.verma1501@company.in,+91-9823044445,Lucknow,Uttar Pradesh,Corporate,26/01/2023,Referral,1
C01502,Sahil Agarwal,sahil.agarwal1502@mail.com,+91-9249211788,Bengaluru,Karnataka,Consumer,02-16-2026,,N
C01503,ADITYA AGARWAL,aditya.agarwal1503@outlook.com,+91-7515324143,Chandigarh,Chandigarh,Small Business,2022-01-31,Referral,Y
C01504,Riya Kapoor,riya.kapoor1504@mail.com,7971134499,Bengaluru,Karnataka,Small Business,27/06/2026,Email,
C01505,Amit Sharma, amit.sharma1505@mail.com ,+91-7941662038,Lucknow,Uttar Pradesh,Small Business,07-31-2022,Paid Search,1
C01506,Simran Patel,simran.patel1506@company.in,+91-7747398184,Kochi,Kerala,Corporate,2023-04-24,Paid Search,Y
C01507,Ankit Saxena, ankit.saxena1507@gmail.com ,+91-7558105877,Jaipur,Rajasthan,Corporate,2022-07-01,Email,N
C01508,Rohan Joshi,rohan.joshi1508@mail.com,+91-9461525479,PUNE,maharashtra,,2026-06-16,Email,0
C01509,Sneha Iyer,sneha.iyer1509company.in,+91-7364783688,Hyderabad,Telangana,Corporate,17/11/2024,Paid Search,0
C01510,saanvi bansal,saanvi.bansal1510@company.in,+91-7458061405,Hyderabad,Telangana,Consumer,04/02/2023,Direct,0
C01511,Tanya Saxena,tanya.saxena1511@yahoo.comm,+91-9865399477,Surat,Gujarat,Corporate,10-08-2023,Email,No
C01512,Vihaan Patel,vihaan.patel1512@gmail.com,+91-8802539581,Bhubaneswar,Odisha,Small Business,02/04/2024,Direct,N
C01513,Sneha Shah,sneha.shah1513@mail.com,+91-7580111929,Lucknow,Uttar Pradesh,Small Business,2024-10-05,Referral,
C01514,VARUN SHAH,varun.shah1514@outlook.com,+91-9916138262,BHOPAL,Madhya Pradesh,Small Business,09-22-2022,Organic Search,No
C01515,ADITYA REDDY,aditya.reddy1515@outlook.com,+91-7183586631,Coimbatore,Tamil Nadu,Corporate,02-27-2021,Direct,1
C01516,Myra Nair,myra.nair1516@mail.com,+91-8483186183,Bengaluru,Karnataka,Small Business,21/09/2024,Direct,0
C01517,ishaan agarwal,,+91-7206537132,bengaluru,Karnataka,Consumer,28/11/2025,Organic Search,Y
C01518,saanvi agarwal,saanvi.agarwal1518@company.in,+91-9871211773,Bhopal,Madhya Pradesh,Corporate,2022-01-05,Social Media,1
C01519,Varun Shah,varun.shah1519@yahoo.com,+91-863104924,Indore,Madhya Pradesh,Corporate,01-19-2022,Organic Search,1
C01520,Aditya Agarwal,aditya.agarwal1520@mail.com,+91-9461491423,Patna,bihar,Small Business,29/09/2024,Paid Search,Y
C01521,RAHUL KAPOOR,rahul.kapoor1521@company.in,9915521318,chennai,Tamil Nadu,Consumer,03-09-2026,Direct,N
C01522,Pooja Malhotra,pooja.malhotra1522@yahoo.com,+91-8361087419,Indore,madhya pradesh,Corporate,05/04/2026,Email,Y
C01523,Diya Mishra,DIYA.MISHRA1523@YAHOO.COM,+91-9821183056,Noida,UTTAR PRADESH,Small Business,03-06-2022,Social Media,0
C01524,Saanvi Gupta,saanvi.gupta1524@mail.com,8608079025,Bengaluru,Karnataka,Consumer,15/12/2021,Email,Y
C01525,Sneha Malhotra,sneha.malhotra1525@gmail.com,+91-7761651687,Chennai,Tamil Nadu,Corporate,12/08/2022,Paid Search,Yes
C01526,Sneha Chopra,sneha.chopra1526@company.in,+91-9233042859,Ahmedabad,Gujarat,Small Business,19/05/2022,Marketplace,No
C01527,Tanya Singh,tanya.singh1527@gmail.comm,+91-7006478540,Bhubaneswar,Odisha,Corporate,19/09/2025,Referral,1
C01528,Simran Mishra,simran.mishra1528@outlook.com,+91-8187567792,Bhopal,Madhya Pradesh,Corporate,19/05/2026,Organic Search,0
C01529,Aanya Mehta,aanya.mehta1529@company.in,,Noida,Uttar Pradesh,Consumer,01-16-2021,Referral,1
C01530,Meera Sharma,meera.sharma1530@mail.com,+91-7400006800,Gurugram,Haryana,Corporate,08-08-2023,Social Media,No
C01531,Kiara Singh,kiara.singh1531@gmail.com,+91-9580961195,Kolkata, West Bengal ,Corporate,04/08/2024,Referral,Y
C01532,Simran Jain,simran.jain1532@mail.com,+91-9545315295,Mumbai,MAHARASHTRA,Corporate,2022-06-04,Referral,No
C01533,Aanya Verma,aanya.verma1533@mail.com,+91-8755566880,Lucknow,Uttar Pradesh,Consumer,2022-02-27,Direct,0
C01534,Diya Shah,diya.shah1534@gmail.com,+91-7515560220,Noida,Uttar Pradesh,Small Business,26/06/2026,Paid Search,0
C01535,Kiara Joshi,kiara.joshi1535@mail.com,+91-9444776913,Gurugram,Haryana,Small Business,08-27-2024,Referral,Y
C01536,KARAN GUPTA,karan.gupta1536@company.in,+91-8527687248,Jaipur, Rajasthan ,Small Business,04-30-2025,Marketplace,0
C01537,ROHAN AGARWAL,rohan.agarwal1537@outlook.com,+919375408342,Bhubaneswar,ODISHA,Small Business,08-14-2026,Referral,
C01538,Ishaan Jain,ishaan.jain1538@gmail.com,+91-7815536635,Indore,Madhya Pradesh,Consumer,01-15-2023,Social Media,
C01539,Sahil Patel,sahil.patel1539@outlook.com,+91-9032094322,Pune,Maharashtra,Corporate,12/10/2025,Marketplace,
C01540,Varun Singh,varun.singh1540@company.in,+91-7197258803,Chandigarh,,Corporate,12-04-2024,Referral,Y
C01541,Ira Sharma,ira.sharma1541@gmail.com,+91-9640762608,Surat,Gujarat,Consumer,2024-08-04,Social Media,Y
C01542,Simran Mishra,simran.mishra1542@outlook.com,+91-949045219,Mumbai,Maharashtra,Corporate,05-02-2022,Social Media,No
C01543,Vivaan Verma,vivaan.verma1543@outlook.com,+91-7591756286,Delhi,Delhi,Corporate,2021-06-02,Direct,1
C01544,Ishaan Iyer,ishaan.iyer1544@company.in,+91-9190378134,Chennai,Tamil Nadu,Corporate,06-24-2023,Referral,N
C01545,Karan Jain,karan.jain1545@gmail.com,9356962032,DELHI,delhi,Corporate,05/09/2025,Paid Search,Y
C01546,Neha Saxena,neha.saxena1546@company.in,+91-7076528755,Pune,Maharashtra,Small Business,2022-03-21,Paid Search,N
C01547,Myra Singh,myra.singh1547@company.in,+91-7694927184,BENGALURU,Karnataka,Small Business,2026-08-03,Direct,No
C01548,Sahil Chopra,sahil.chopra1548@company.in,+91-7354274739,pune,Maharashtra,Corporate,12-25-2021,Direct,1
C01549,Amit Jain,amit.jain1549@outlook.com,+91-7491789114,SURAT,Gujarat,Consumer,02/07/2021,Direct,Y
C01550,Priya Chopra,priya.chopra1550@gmail.com,+91-8875003373, Chandigarh ,Chandigarh,Consumer,29/11/2022,Direct,Y
C01551,Ishaan Iyer, ishaan.iyer1551@gmail.com ,+91-9864800082,Ahmedabad,gujarat,Corporate,2025-01-22,,Y
C01552,Saanvi Gupta,saanvi.gupta1552@company.in,+91-9655592175, Bengaluru ,Karnataka,Small Business,14/10/2023,Email,
C01553,Simran Saxena,simran.saxena1553@mail.com,+91-9749488764,pune,Maharashtra,Consumer,09-11-2022,Marketplace,1
C01554,Riya Agarwal,riya.agarwal1554@gmail.com,+91-8886091038,Patna,,Consumer,2023-02-23,Email,N
C01555,Ishaan Mehta,ishaan.mehta1555@outlook.com,+91-7067534811,pune,Maharashtra,Corporate,02-16-2021,Marketplace,N
C01556,Aditya Singh,,+91-7404788841,Indore,Madhya Pradesh,Small Business,24/07/2024,Referral,Y
C01557,Myra Kumar,myra.kumar1557@outlook.com,+91-8446934652,Bengaluru,Karnataka,Corporate,2022-08-23,Social Media,0
C01558,Varun Sharma,varun.sharma1558@yahoo.com,+91-9627603980,Bhopal,madhya pradesh,Corporate,2025-09-28,Social Media,N
C01559,Saanvi Mehta,saanvi.mehta1559@mail.com,9484913166,Delhi,Delhi,Corporate,09-28-2022,Social Media,
C01560, Priya Reddy ,priya.reddy1560@company.in,+91-7271059630, Bhubaneswar ,Odisha,Small Business,2024-09-14,Social Media,N
C01561,Tanya Mishra,tanya.mishra1561@outlook.com,+91-8336963562,Coimbatore,Tamil Nadu,Corporate,2021-08-24,Referral,No
C01562,Rahul Nair,rahul.nair1562@gmail.com,8549925773,Bhubaneswar,Odisha,Consumer,03-19-2026,Direct,Yes
C01563,Ishaan Mehta,ishaan.mehta1563@gmail.com,+91-7078969430,,West Bengal,Consumer,07/01/2022,Organic Search,N
C01564,aditya kapoor,aditya.kapoor1564@yahoo.com,+91-8628394654,Ahmedabad,Gujarat,Corporate,02/10/2022,Marketplace,No
C01565,Aarav Iyer,aarav.iyer1565@mail.comm,+91-8428998418,Mumbai,Maharashtra,Small Business,01-06-2025,Organic Search,Y
C01566,Simran Saxena,simran.saxena1566@company.in,+91-7093209850,Bhopal,madhya pradesh,Consumer,09/02/2025,Marketplace,0
C01567,Nikhil Nair,nikhil.nair1567@company.in,+91-9681977451,Hyderabad,Telangana,Consumer,04-18-2022,Social Media,Yes
C01568,nikhil saxena,nikhil.saxena1568@outlook.com,,Surat,Gujarat,Corporate,09/04/2026,Referral,Y
C01569,ishaan agarwal,ishaan.agarwal1569@gmail.com,+91-7383692151,Jaipur,Rajasthan,Corporate,2021-05-31,Organic Search,No
C01570,Saanvi Shah,SAANVI.SHAH1570@OUTLOOK.COM,+91-7273380463,Bhopal,Madhya Pradesh,Small Business,23/07/2024,Marketplace,Yes
C01571,Sahil Kumar,sahil.kumar1571@gmail.com,+91-8252590602,Surat, Gujarat ,Consumer,08-21-2022,Social Media,N
C01572,Riya Jain,riya.jain1572@gmail.com,+91-9961142103,Indore,Madhya Pradesh,,2026-07-22,Marketplace,Yes
C01573,arjun singh,arjun.singh1573@company.in,+91-9896086189,Chennai,TAMIL NADU,Small Business,09-19-2023,Direct,1
C01574,Vivaan Singh,vivaan.singh1574@mail.comm,+91-7457318413,Noida,Uttar Pradesh,Corporate,14/02/2024,Paid Search,0
C01575,Vivaan Singh,,+91-7328578671,Chandigarh,Chandigarh,Corporate,08-02-2024,Direct,Y
C01576,Amit Jain,amit.jain1576@yahoo.com,+91-7139626370,Indore,Madhya Pradesh,Corporate,2026-08-19,Social Media,Y
C01577,Aditya Jain,aditya.jain1577@outlook.com,+91-8637367871,INDORE,Madhya Pradesh,Consumer,2021-04-17,Referral,No
C01578,Pooja Patel,pooja.patel1578@yahoo.com,+91-7796188063,Noida,Uttar Pradesh,Small Business,10/01/2021,Marketplace,0
C01579,ISHAAN PATEL,ishaan.patel1579@outlook.com,+91-7434786000,Chennai,Tamil Nadu,Corporate,2023-11-01,Social Media,No
C01580,Neha Patel, neha.patel1580@yahoo.com ,+91-9468222550,Lucknow,Uttar Pradesh,Corporate,2026-07-07,Paid Search,Y
C01581,Myra Gupta,myra.gupta1581@mail.com,9734357353,BENGALURU,Karnataka,Corporate,01/05/2021,Direct,Y
C01582,Rohan Mehta,rohan.mehta1582@yahoo.com,+91-8070611367,Bengaluru,Karnataka,Consumer,28/04/2026,Email,
C01583,Ishaan Chopra,ishaan.chopra1583@yahoo.com,+91-9378952836,Patna,bihar,Corporate,01-27-2021,Email,N
C01584,Tanya Sharma,tanya.sharma1584@company.in,+91-7993468377,Chennai,Tamil Nadu,Small Business,2025-12-30,Organic Search,N
C01585,Varun Nair,varun.nair1585@mail.com,+91-7434297257,LUCKNOW,Uttar Pradesh,Small Business,01-04-2023,Marketplace,No
C01586,Riya Chopra,riya.chopra1586@yahoo.com,+91-8379231200,Indore,Madhya Pradesh,Consumer,2021-05-17,Organic Search,Y
C01587,Nikhil Malhotra,nikhil.malhotra1587@gmail.com,+91-9555377116,mumbai,Maharashtra,Corporate,2023-02-19,Organic Search,
C01588, Neha Patel ,neha.patel1588@gmail.com,+91-7617961754,Delhi,Delhi,Consumer,13/01/2026,Marketplace,Y
C01589,Diya Joshi,DIYA.JOSHI1589@COMPANY.IN,+91-8934007821,Bhopal,Madhya Pradesh,,05-21-2021,Organic Search,1
C01590,Tanya Agarwal,tanya.agarwal1590@outlook.com,+91-9993688888,Ahmedabad,Gujarat,Small Business,01-06-2026,Social Media,Yes
C01591,Aarav Shah,aarav.shah1591@gmail.com,+919563032885,Hyderabad,Telangana,Corporate,10-21-2021,Organic Search,Yes
C01592,Myra Nair,MYRA.NAIR1592@MAIL.COM,8261853491,Surat,Gujarat,Small Business,09/01/2025,Email,Y
C01593,Sneha Mishra,sneha.mishra1593@company.in,9277811382,bhopal,Madhya Pradesh,Small Business,11-21-2021,Organic Search,No
C01594,Pooja Sharma,pooja.sharma1594@yahoo.com,+91-7303388695,Surat,Gujarat,Consumer,01-30-2024,Paid Search,Y
C01595,Nikhil Joshi,nikhil.joshi1595@mail.com,+91-8613846517,Pune,Maharashtra,Small Business,02-13-2024,Email,
C01596,Ankit Gupta,ankit.gupta1596@yahoo.com,+91-9923568042,mumbai,Maharashtra,Corporate,10-06-2022,,Y
C01597,Neha Mishra,neha.mishra1597@outlook.com,+91-9491250409,Bhopal,Madhya Pradesh,Small Business,08-23-2026,Referral,0
C01598,Riya Verma,riya.verma1598@yahoo.com,+91-9310777046,Lucknow,UTTAR PRADESH,Corporate,2026-01-03,Social Media,Yes
C01599,Kabir Reddy,kabir.reddy1599@mail.com,+91-7066552347,Gurugram,Haryana,Corporate,07/01/2026,Referral,Yes
C01600,Sneha Agarwal,sneha.agarwal1600@company.in,+91-8526592611,Kochi,Kerala,Small Business,08-15-2021,Direct,
C01601,Diya Bansal,diya.bansal1601@yahoo.com,+91-8147256805,Lucknow,Uttar Pradesh,,11/10/2024,Organic Search,No
C01602,Ishaan Sharma,ishaan.sharma1602@yahoo.com,+91-9987240532,Kochi,Kerala,Small Business,2026-08-02,Paid Search,1
C01603,Simran Jain,simran.jain1603@gmail.com,+91-8315256476,Noida,uttar pradesh,Small Business,15/03/2024,Direct,Y
C01604,Ananya Chopra,ananya.chopra1604@company.in,+91-7829120578,Pune,Maharashtra,Consumer,04-13-2026,Paid Search,0
C01605,Karan Verma,karan.verma1605@mail.com,9489007575,Jaipur,Rajasthan,,05-12-2024,Referral,No
C01606,Varun Jain,varun.jain1606@gmail.com,8128899620,Patna,Bihar,Corporate,2022-09-30,Marketplace,Y
C01607,Ira Jain,ira.jain1607@company.in,+91-8245888676,Bhopal,Madhya Pradesh,Small Business,2026-05-27,Social Media,No
C01608,Vivaan Joshi,vivaan.joshi1608@yahoo.com,+91-8949694731,Jaipur, Rajasthan ,Corporate,01-05-2025,Marketplace,N
C01609,nikhil bansal,nikhil.bansal1609@company.in,+91-8033336822,Bengaluru,Karnataka,Corporate,01-05-2024,Organic Search,Y
C01610,KIARA KAPOOR,,+91-8209886032,Hyderabad,telangana,Corporate,25/07/2021,Paid Search,N
C01611,Kiara Verma,kiara.verma1611@company.in,+91-7953557980,Hyderabad,Telangana,Small Business,2023-05-09,Marketplace,Y
C01612,Nikhil Verma,nikhil.verma1612@company.in,+91-8781779503,Mumbai,Maharashtra,Corporate,01-28-2021,Direct,Y
C01613,Arjun Mishra,arjun.mishra1613@yahoo.com,+91-7678876424,Gurugram,Haryana,Small Business,12-06-2023,Social Media,Yes
C01614,Vihaan Reddy,vihaan.reddy1614@gmail.com,+917132879736,Noida,Uttar Pradesh,Corporate,2021-08-04,Referral,N
C01615,SIMRAN AGARWAL,simran.agarwal1615@company.in,+91-9157899134,Coimbatore,TAMIL NADU,Small Business,04-19-2026,Email,Y
C01616,SAHIL CHOPRA,sahil.chopra1616@outlook.com,,lucknow,Uttar Pradesh,Small Business,2022-02-02,Referral,
C01617,Meera Reddy,meera.reddy1617@outlook.com,+91-8198266302,delhi,DELHI,Consumer,08-17-2022,Email,Y
C01618,Myra Saxena,myra.saxena1618@mail.com,+91-8765148062,,Gujarat,Small Business,06/09/2022,Email,N
C01619,POOJA BANSAL,pooja.bansal1619@company.in,+91-8971346709,Bhopal,Madhya Pradesh,,18/07/2026,Referral,Y
C01620,Riya Mishra,riya.mishra1620@outlook.com,+91-9071113325,Indore,Madhya Pradesh,Consumer,01-14-2022,Marketplace,No
C01621,Rohan Bansal,rohan.bansal1621@outlook.com,+91-8992293700,Hyderabad,Telangana,Small Business,02-23-2022,Marketplace,Y
C01622,ROHAN KUMAR,rohan.kumar1622@company.in,+91-7062523880,Lucknow,Uttar Pradesh,Consumer,2026-07-04,Social Media,No
C01623,Ankit Jain,ankit.jain1623@outlook.com,+91-8775325564,Pune, Maharashtra ,Small Business,2024-11-23,Paid Search,Y
C01624,Rohan Reddy, rohan.reddy1624@outlook.com ,+91-9639018575,Ahmedabad,Gujarat,Corporate,2026-03-12,Marketplace,Y
C01625,Rahul Sharma,rahul.sharma1625@company.in,+91-8034430277,Chandigarh,Chandigarh,Corporate,08-06-2023,Marketplace,0
C01626,Ankit Verma,ankit.verma1626@outlook.com,+91-7022826867,Bhopal,MADHYA PRADESH,Corporate,2021-07-28,Marketplace,Yes
C01627,Ira Singh,ira.singh1627@gmail.com,+91-7214461910,,Tamil Nadu,Consumer,09-04-2024,Paid Search,Y
C01628,kiara kumar,kiara.kumar1628@outlook.comm,+91-9978423612,indore,Madhya Pradesh,,23/02/2025,Organic Search,Y
C01629,Ankit Saxena,ankit.saxena1629@outlook.comm,+91-739766283,Bhubaneswar,Odisha,Consumer,2021-01-14,Referral,Y
C01630,Simran Kapoor,simran.kapoor1630@mail.com,+91-9627454015,NOIDA,Uttar Pradesh,Consumer,2025-02-23,Paid Search,Yes
C01631,Pooja Gupta,pooja.gupta1631@outlook.com,+91-8672336566,Bengaluru,Karnataka,Small Business,01/05/2023,Email,No
C01632,Vivaan Iyer,vivaan.iyer1632@outlook.com,+91-9804989122,GURUGRAM,Haryana,Consumer,2026-05-16,Direct,N
C01633,Arjun Shah,arjun.shah1633@gmail.com,+91-765953434,Bhopal,Madhya Pradesh,Corporate,2024-06-25,Direct,No
C01634,Saanvi Saxena,saanvi.saxena1634@company.in,+91-9085341159,PATNA,Bihar,Small Business,2022-08-27,Direct,No
C01635,Arjun Saxena,arjun.saxena1635@yahoo.com,+91-9818097876,Bhopal,Madhya Pradesh,,01/03/2026,Marketplace,
C01636,Aditya Kumar,aditya.kumar1636@mail.com,+91-9886151914, Coimbatore ,Tamil Nadu,Small Business,26/09/2025,Organic Search,Y
C01637,Tanya Verma,tanya.verma1637@yahoo.com,+91-8484967510,Nagpur,Maharashtra,Small Business,02-11-2026,Referral,Y
C01638,Meera Verma, meera.verma1638@gmail.com ,,Hyderabad,Telangana,Corporate,05-06-2026,Marketplace,N
C01639,Kiara Singh, kiara.singh1639@company.in ,+91-7344867033,Bengaluru,Karnataka,Corporate,2022-02-08,Social Media,Yes
C01640,AMIT AGARWAL,amit.agarwal1640@yahoo.com,,Kolkata,West Bengal,Consumer,16/11/2025,Referral,1
C01641,Meera Patel,meera.patel1641@mail.com,+91-8472936053,Pune,Maharashtra,Small Business,05-16-2024,Referral,Yes
C01642,Vivaan Malhotra,vivaan.malhotra1642@gmail.com,+91-8882454168,Jaipur,Rajasthan,Corporate,15/06/2023,Direct,1
C01643,Rohan Shah,rohan.shah1643@company.in,+91-8153993997,Chandigarh, Chandigarh ,,03/04/2023,Organic Search,Y
C01644,KABIR MALHOTRA,kabir.malhotra1644@outlook.com,+91-7324137031,Chandigarh,Chandigarh,Small Business,2021-12-09,Organic Search,0
C01645,Ankit Saxena,ankit.saxena1645@company.in,+91-979523367,Ahmedabad,Gujarat,Consumer,2024-07-13,Paid Search,1
C01646,Ira Kapoor,ira.kapoor1646@gmail.com,, Gurugram ,HARYANA,Consumer,20/07/2026,Marketplace,Yes
C01647,Priya Shah,priya.shah1647@outlook.com,+91-9945552562,bhubaneswar,ODISHA,Corporate,28/02/2023,Paid Search,
C01648,Tanya Chopra,tanya.chopra1648@outlook.com,7804425373,Lucknow,Uttar Pradesh,Consumer,16/08/2024,Direct,N
C01649,Rahul Patel,rahul.patel1649@company.in,+91-7978828659,Patna,Bihar,Consumer,20/06/2024,Referral,1
C01650,Amit Agarwal,amit.agarwal1650@company.in,+91-9841105181,PATNA,Bihar,Consumer,2025-08-07,Email,Y
C01651,Meera Agarwal,meera.agarwal1651@gmail.com,+91-9596067775,Bengaluru,Karnataka,Corporate,2023-01-08,Social Media,No
C01652,Ankit Kapoor,ankit.kapoor1652@gmail.com,+91-8139190078,indore,Madhya Pradesh,Small Business,20/04/2021,Email,Yes
C01653,Sneha Reddy,sneha.reddy1653@gmail.com,+91-7670215875,Patna,Bihar,Corporate,2021-10-20,Marketplace,0
C01654,Vivaan Chopra,vivaan.chopra1654@outlook.com,+91-7085728806,Delhi,Delhi,Small Business,2023-06-10,Marketplace,
C01655,Vivaan Agarwal,vivaan.agarwal1655@gmail.com,+91-8037737930,Coimbatore,Tamil Nadu,Consumer,08/09/2024,Social Media,Y
C01656,Sneha Shah,sneha.shah1656@yahoo.com,+91-9442547507,Noida, Uttar Pradesh ,Small Business,03-15-2021,Marketplace,0
C01657,Arjun Nair,arjun.nair1657@outlook.com,+91-8915429579,Bhubaneswar,Odisha,Small Business,05-24-2023,Organic Search,Y
C01658,Simran Sharma,simran.sharma1658@yahoo.com,+91-8532341384,Delhi,Delhi,Corporate,2026-03-16,Organic Search,Y
C01659,Diya Mehta,diya.mehta1659@company.in,+91-9471950112,Coimbatore,Tamil Nadu,Consumer,08-02-2026,Social Media,Yes
C01660,Sahil Mehta,sahil.mehta1660@company.in,+91-7828135061,Noida,Uttar Pradesh,Corporate,10-26-2023,Referral,Yes
C01661,Karan Mehta,karan.mehta1661outlook.com,+91-9468315037,Noida,Uttar Pradesh,Consumer,2026-07-13,Social Media,
C01662,Kabir Nair,kabir.nair1662@gmail.com,+918945324201,Mumbai,Maharashtra,Small Business,2022-03-08,Organic Search,Y
C01663,Nikhil Agarwal,NIKHIL.AGARWAL1663@OUTLOOK.COM,+91-7796153391,Kolkata,West Bengal,Corporate,05-30-2024,Referral,Yes
C01664,aditya verma,ADITYA.VERMA1664@GMAIL.COM,+91-7652366167,Lucknow,Uttar Pradesh,Small Business,12/10/2025,Paid Search,Y
C01665,Diya Mehta,diya.mehta1665@yahoo.comm,+91-9107716030,Surat,Gujarat,Consumer,2025-09-08,Referral,N
C01666,myra bansal,myra.bansal1666@outlook.com,+91-9465826713,Delhi,Delhi,Corporate,10-31-2025,Referral,Y
C01667,Kabir Jain,kabir.jain1667yahoo.com,+91-9875615884, Nagpur ,Maharashtra,Corporate,04-06-2026,Direct,Y
C01668,Kiara Agarwal,kiara.agarwal1668@yahoo.com,+91-9447617858,Nagpur,Maharashtra,Small Business,06-23-2026,Direct,No
C01669,Meera Bansal,meera.bansal1669@gmail.com,+91-8261759262,NAGPUR,Maharashtra,Consumer,03/05/2022,Email,N
C01670,Saanvi Iyer,saanvi.iyer1670@yahoo.com,+91-9201846827,Mumbai,Maharashtra,Small Business,04-06-2021,Organic Search,N
C01671,Pooja Agarwal,pooja.agarwal1671@company.in,+91-7312005997,Bengaluru,Karnataka,Small Business,2021-08-11,Referral,1
C01672,Sneha Kapoor,sneha.kapoor1672@gmail.com,+91-7700905312,Pune,Maharashtra,Small Business,25/07/2021,Referral,No
C01673,Nikhil Chopra,nikhil.chopra1673@outlook.com,+91-7277025688, Hyderabad ,Telangana,Small Business,2026-01-07,Email,No
C01674,Sneha Saxena,sneha.saxena1674@yahoo.com,+91-7585341927,Chennai,Tamil Nadu,Corporate,12-11-2023,Paid Search,Y
C01675,Vihaan Jain,vihaan.jain1675@outlook.com,+91-7392574404,Indore,Madhya Pradesh,Consumer,07/07/2024,Social Media,N
C01676, Rohan Mehta ,rohan.mehta1676outlook.com,+91-7926459455,Coimbatore, Tamil Nadu ,Corporate,11-15-2022,Referral,1
C01677,Diya Malhotra,diya.malhotra1677mail.com,+91-784730346,Hyderabad,Telangana,Consumer,11-27-2023,Email,1
C01678,Rohan Nair,rohan.nair1678@mail.com,8940497840,Indore,Madhya Pradesh,Consumer,2025-01-19,Direct,1
C01679,Kiara Nair,kiara.nair1679@gmail.com,+91-7105034778,Jaipur,Rajasthan,Small Business,26/01/2022,Organic Search,0
C01680,Neha Shah,neha.shah1680company.in,+91-7133249553,Noida,Uttar Pradesh,Consumer,10-14-2023,Referral,No
C01681,KIARA NAIR,kiara.nair1681@company.in,+91-7680891444,Chennai,Tamil Nadu,Consumer,11-24-2022,Direct,N
C01682,riya verma,riya.verma1682@gmail.com,+91-8857671189,Kochi, Kerala ,Small Business,12-14-2023,Email,1
C01683,Aarav Mishra,aarav.mishra1683@company.in,+91-7245813758,Hyderabad,Telangana,Small Business,2025-01-15,Paid Search,Y
C01684,Tanya Saxena,TANYA.SAXENA1684@MAIL.COM,+91-9355478845,Noida,Uttar Pradesh,Consumer,2025-04-21,Paid Search,1
C01685,Riya Sharma,riya.sharma1685@outlook.com,+91-8168210170,Nagpur,Maharashtra,Consumer,2022-04-08,Direct,
C01686,Vivaan Mishra,vivaan.mishra1686@mail.com,+91-9014243856, Kolkata ,WEST BENGAL,Corporate,20/03/2025,Paid Search,N
C01687,arjun singh, arjun.singh1687@company.in ,,Hyderabad, Telangana ,Corporate,2026-06-28,Marketplace,No
C01688,Pooja Kumar,pooja.kumar1688@company.in,+91-8947886987,JAIPUR,rajasthan,Consumer,2022-02-26,Paid Search,Y
C01689,kabir mehta,kabir.mehta1689@gmail.com,+91-9429599393,Noida,Uttar Pradesh,Consumer,30/06/2024,Paid Search,Y
C01690,Vivaan Mishra,vivaan.mishra1690@gmail.com,+91-7879168100,Indore,Madhya Pradesh,Corporate,2023-09-15,Referral,No
C01691,Karan Gupta,KARAN.GUPTA1691@GMAIL.COM,+91-8699973723,Lucknow,Uttar Pradesh,Small Business,09-06-2022,Organic Search,1
C01692,Vihaan Saxena,vihaan.saxena1692@company.in,9166254447,INDORE,Madhya Pradesh,Consumer,07/05/2024,Organic Search,Y
C01693,Vihaan Shah,vihaan.shah1693@outlook.com,+91-8247489260,AHMEDABAD,GUJARAT,Small Business,08-29-2021,Email,Y
C01694,Meera Sharma,meera.sharma1694@gmail.com,,Patna,Bihar,Corporate,05-16-2025,Direct,N
C01695,Amit Jain,amit.jain1695@outlook.com,+91-974441729,chandigarh,Chandigarh,Small Business,15/01/2021,Referral,Y
C01696,ANANYA MISHRA,ananya.mishra1696@company.in,+91-8447901201, Bengaluru ,KARNATAKA,Corporate,17/02/2025,Paid Search,1
C01697,Varun Agarwal,varun.agarwal1697@company.in,+91-7163299394,Bengaluru,Karnataka,Consumer,16/10/2022,Social Media,Y
C01698,Simran Malhotra,simran.malhotra1698@yahoo.com,,Jaipur,rajasthan,Corporate,18/01/2026,Paid Search,0
C01699,Pooja Verma,pooja.verma1699@mail.com,+91-7876886485,Indore,Madhya Pradesh,Small Business,2022-02-28,Paid Search,1
C01700,AANYA KAPOOR,aanya.kapoor1700@company.in,+91-8527301705,Ahmedabad,Gujarat,Corporate,2023-12-08,Social Media,Y
C01701,Ankit Shah,ankit.shah1701@yahoo.com,+91-8438585570,Gurugram,Haryana,Small Business,2022-09-20,Email,Y
C01702,Sneha Shah,,+91-718342031,Nagpur,Maharashtra,Consumer,09/11/2025,Direct,1
C01703,Neha Patel,NEHA.PATEL1703@MAIL.COM,+91-7054554332,Mumbai,Maharashtra,Small Business,2021-05-24,Social Media,0
C01704,Simran Malhotra,simran.malhotra1704@yahoo.com,+91-9721874600,Coimbatore,Tamil Nadu,Small Business,06/10/2025,Paid Search,Y
C01705,Ishaan Jain,,+91-9934481078,Mumbai, Maharashtra ,Corporate,09-15-2021,Email,1
C01706,Vivaan Nair,VIVAAN.NAIR1706@GMAIL.COM,+91-9923619316,Bhubaneswar,Odisha,Small Business,2023-09-12,Paid Search,0
C01707,Nikhil Singh,nikhil.singh1707@mail.com,+91-8981123842,Chandigarh, Chandigarh ,Small Business,20/04/2023,Marketplace,N
C01708,Aditya Singh,aditya.singh1708@mail.com,+919736272300,Bhopal,Madhya Pradesh,Small Business,05/01/2024,Organic Search,Y
C01709,ankit agarwal,ankit.agarwal1709@mail.com,+91-8221199982,MUMBAI,Maharashtra,Small Business,2022-11-30,Social Media,Y
C01710,Riya Gupta,riya.gupta1710@company.in,+917029694160,Chennai,Tamil Nadu,Corporate,31/07/2023,Email,N
C01711,Ankit Joshi,ankit.joshi1711@yahoo.com,+91-9398293779,Coimbatore,tamil nadu,Consumer,05-01-2023,Paid Search,Yes
C01712,Aditya Chopra,,+91-7061723948,Nagpur,Maharashtra,Corporate,2023-10-25,Referral,N
C01713,Pooja Iyer,pooja.iyer1713@mail.com,+91-7666848017,Lucknow,Uttar Pradesh,Consumer,2022-01-30,Organic Search,Yes
C01714,PRIYA SAXENA,priya.saxena1714@gmail.com,+91-7684149575,Chandigarh,Chandigarh,Consumer,2026-08-04,Social Media,Y
C01715,Ankit Kumar,ankit.kumar1715@mail.com,+91-9163765423,Delhi,Delhi,Consumer,10-10-2025,Direct,Y
C01716,Nikhil Joshi,nikhil.joshi1716@mail.com,8253174843,Chandigarh,Chandigarh,Corporate,2023-06-18,Social Media,0
C01717,Nikhil Chopra,nikhil.chopra1717@outlook.com,+91-8003790816, Nagpur ,Maharashtra,Small Business,25/02/2023,,No
C01718,Priya Kapoor,priya.kapoor1718@gmail.com,+91-8429650783,Coimbatore,Tamil Nadu,Consumer,10-21-2021,Marketplace,Y
C01719,Aanya Mehta,aanya.mehta1719@outlook.com,+91-7041262305,Coimbatore,Tamil Nadu,Corporate,2022-05-08,Email,Y
C01720,Vihaan Patel,vihaan.patel1720@outlook.com,+91-7780012582,Patna, Bihar ,Consumer,07-11-2025,Referral,Y
C01721,Simran Reddy,simran.reddy1721@gmail.com,+91-9686725870,Bhopal,Madhya Pradesh,Consumer,2025-07-16,Organic Search,1
C01722,Aarav Kumar,aarav.kumar1722@outlook.com,+91-9191573075,Surat,Gujarat,Consumer,2025-05-05,,N
C01723,Vihaan Saxena,vihaan.saxena1723@yahoo.com,+91-9527096831,Noida,UTTAR PRADESH,Consumer,04-18-2022,Referral,Y
C01724,Kabir Kapoor,kabir.kapoor1724@mail.com,+91-7679315989,Pune,maharashtra,Corporate,01/04/2021,Email,Y
C01725,Varun Verma,varun.verma1725@yahoo.com,+91-9083546639,Coimbatore,Tamil Nadu,Consumer,2023-05-10,Referral,0
C01726,Meera Chopra,meera.chopra1726@outlook.com,+91-7569513468,Patna,Bihar,Corporate,01/04/2026,,Y
C01727,Tanya Jain,tanya.jain1727@outlook.com,+91-9525464434,Ahmedabad,Gujarat,Consumer,23/08/2023,Email,Y
C01728,Aanya Singh,aanya.singh1728@yahoo.com,9619521081,Noida, Uttar Pradesh ,Consumer,26/03/2026,Social Media,Y
C01729, Tanya Chopra ,tanya.chopra1729@gmail.com,+91-753217457,Ahmedabad,Gujarat,Consumer,2026-01-13,Email,No
C01730,Tanya Chopra,tanya.chopra1730company.in,+91-9017311405,Coimbatore,Tamil Nadu,Small Business,02/06/2023,Marketplace,1
C01731,Priya Joshi,priya.joshi1731@company.in,+91-8888244552,Mumbai,MAHARASHTRA,Corporate,2025-07-12,Social Media,
C01732,Myra Mishra,myra.mishra1732@mail.com,+91-9089548914,Jaipur,Rajasthan,Corporate,2024-05-01,Organic Search,Y
C01733,Sneha Gupta,sneha.gupta1733@mail.com,,Hyderabad,Telangana,Consumer,2021-03-18,Email,N
C01734,Ishaan Gupta,ishaan.gupta1734@yahoo.comm,+91-8169879786,Lucknow,Uttar Pradesh,Consumer,02-12-2026,Marketplace,N
C01735,Simran Joshi,simran.joshi1735@yahoo.com,7664380626,Kolkata,West Bengal,Corporate,2024-08-05,Direct,Y
C01736,Aarav Mehta,aarav.mehta1736@mail.com,+91-8055375751,Mumbai,Maharashtra,Corporate,2022-07-30,Marketplace,Yes
C01737,Amit Malhotra,amit.malhotra1737@yahoo.com,+91-9203372765,Kochi,Kerala,Corporate,15/04/2022,Paid Search,
C01738,Karan Malhotra,karan.malhotra1738@gmail.com,+91-9176619348,Bhubaneswar,Odisha,Consumer,10-26-2021,Paid Search,Y
C01739,Sahil Nair,sahil.nair1739@outlook.com,+91-7099143446,,uttar pradesh,Small Business,11-29-2024,Marketplace,Y
C01740,Tanya Sharma,,+91-7904968362,Lucknow,Uttar Pradesh,Small Business,04-19-2026,Paid Search,Y
C01741,Ankit Kapoor,ankit.kapoor1741@gmail.com,+91-8486882998,Bengaluru,Karnataka,Consumer,08-28-2022,Email,N
C01742,Aditya Sharma,aditya.sharma1742@outlook.com,+91-9349111807,Gurugram,,Consumer,03-03-2021,Referral,
C01743,Aanya Kapoor,aanya.kapoor1743@gmail.com,+91-9874683162,Bhubaneswar,Odisha,Small Business,01-15-2021,Email,Y
C01744,Vivaan Chopra,vivaan.chopra1744@yahoo.com,+91-898732786,Lucknow, Uttar Pradesh ,Small Business,22/06/2025,Organic Search,N
C01745,Rahul Singh,rahul.singh1745@company.in,7518800292,gurugram,Haryana,Consumer,2025-06-17,Direct,1
C01746,Myra Malhotra,myra.malhotra1746@company.in,+91-7785766907,Ahmedabad,Gujarat,Small Business,04-13-2021,Paid Search,No
C01747,Rohan Shah,rohan.shah1747@gmail.com,+91-8621565191,Delhi, Delhi ,Small Business,03-28-2025,Social Media,0
C01748,Arjun Verma,arjun.verma1748@gmail.com,+91-9110735400,Bhopal,MADHYA PRADESH,Small Business,11-05-2022,Direct,Y
C01749,Rahul Singh,,+91-9912016950,Kochi,Kerala,Corporate,02-05-2026,Social Media,Y
C01750,Priya Sharma,priya.sharma1750@mail.com,,Gurugram,Haryana,Small Business,07-12-2024,Paid Search,0
C01751,Sneha Verma,sneha.verma1751@gmail.com,+91-8918436919,Jaipur,rajasthan,Consumer,11-14-2025,Paid Search,No
C01752,Riya Kumar,riya.kumar1752@company.in,+91-8065995566,Mumbai,Maharashtra,Corporate,2023-11-24,Marketplace,Y
C01753,aanya mishra,aanya.mishra1753@gmail.com,+91-9077510047,Kolkata,West Bengal,Small Business,16/07/2025,Paid Search,Y
C01754,Varun Malhotra,varun.malhotra1754@yahoo.com,+91-7028218730,Coimbatore,Tamil Nadu,Small Business,11-10-2025,Social Media,0
C01755,Aanya Kumar,aanya.kumar1755@yahoo.com,+91-9446593299,LUCKNOW,Uttar Pradesh,Corporate,2023-06-25,Organic Search,Y
C01756,Ankit Jain,ankit.jain1756@gmail.com,+91-7419171151,Indore,Madhya Pradesh,Consumer,07-01-2023,Email,No
C01757,Karan Joshi,karan.joshi1757@mail.com,+91-9935089560,Kolkata,West Bengal,Consumer,03-12-2021,Email,Y
C01758,Rahul Saxena,rahul.saxena1758@outlook.com,+91-8381826756,Chennai,Tamil Nadu,Consumer,05/08/2026,Referral,
C01759,Saanvi Mishra,saanvi.mishra1759@gmail.com,+91-7863454018,Kolkata,West Bengal,Corporate,02/06/2026,Social Media,Y
C01760,Meera Patel,meera.patel1760@company.in,,Kochi,Kerala,Small Business,20/03/2026,Referral,Y
C01761,sneha patel,sneha.patel1761@company.in,+91-7493165027,Surat,Gujarat,Corporate,23/10/2021,Organic Search,No
C01762,Simran Bansal,simran.bansal1762@outlook.com,+91-9296439655,Ahmedabad,Gujarat,Corporate,2023-10-20,Social Media,Yes
C01763,Priya Iyer,priya.iyer1763@gmail.comm,+91-7811741855,Noida,Uttar Pradesh,Consumer,2026-06-19,Social Media,0
C01764, Sneha Joshi ,sneha.joshi1764@gmail.com,+91-8345967418,Gurugram,haryana,Corporate,03/02/2021,Paid Search,Y
C01765,Priya Shah,priya.shah1765@company.in,9259843725,Pune,Maharashtra,Corporate,2022-10-18,Direct,0
C01766,Myra Agarwal,myra.agarwal1766@yahoo.com,9253479590,,Uttar Pradesh,Consumer,04-26-2025,,N
C01767,Aarav Sharma,aarav.sharma1767@yahoo.com,,lucknow,Uttar Pradesh,Small Business,2022-09-26,Paid Search,0
C01768,Meera Kapoor,meera.kapoor1768@gmail.com,+91-948436471,Hyderabad,Telangana,Corporate,2022-06-04,Social Media,N
C01769,Aanya Shah,aanya.shah1769@company.in,+91-9093056193,Hyderabad,Telangana,Small Business,2021-12-29,Email,Yes
C01770,MEERA MEHTA,meera.mehta1770@mail.com,+91-7114866436,bhubaneswar,Odisha,Corporate,02-06-2025,Social Media,0
C01771,neha reddy,neha.reddy1771@yahoo.com,+91-9642000982,Bhubaneswar, Odisha ,Corporate,12-15-2023,Referral,Yes
C01772,Vivaan Verma,,+91-8488612912,Gurugram,Haryana,Corporate,14/07/2026,Marketplace,No
C01773,Kiara Reddy,kiara.reddy1773@mail.com,,Bengaluru,karnataka,Small Business,05/01/2024,Direct,Yes
C01774,SIMRAN CHOPRA,simran.chopra1774@gmail.com,+91-8688551262,Delhi, Delhi ,Small Business,09/01/2024,Referral,Y
C01775,Karan Iyer,karan.iyer1775@outlook.com,+91-7405833403,Chennai,Tamil Nadu,Consumer,2025-09-07,Paid Search,No
C01776,Sahil Shah,sahil.shah1776@outlook.com,+91-9384849943,Coimbatore,Tamil Nadu,Small Business,21/05/2026,Organic Search,1
C01777,Sahil Kapoor,sahil.kapoor1777@mail.com,+91-9191078555,Ahmedabad,Gujarat,Consumer,12-21-2022,Direct,Yes
C01778,Aanya Bansal, aanya.bansal1778@outlook.com ,+91-9861987666,jaipur,Rajasthan,Corporate,15/06/2021,Direct,No
C01779,Neha Agarwal,neha.agarwal1779@yahoo.com,,hyderabad,Telangana,Small Business,2026-03-01,Referral,Yes
C01780,Tanya Jain,tanya.jain1780@mail.com,+91-7959287823,Jaipur,Rajasthan,Corporate,02/11/2023,Direct,
C01781,Karan Chopra,karan.chopra1781@company.in,+91-8258057711,Kochi,Kerala,Consumer,2024-07-26,,No
C01782,Nikhil Chopra,nikhil.chopra1782@gmail.com,+91-8297050179,surat,Gujarat,Small Business,15/12/2025,Marketplace,
C01783,NIKHIL JOSHI,nikhil.joshi1783@mail.com,+91-8123827098,Indore,Madhya Pradesh,Consumer,23/02/2025,Social Media,No
C01784,Arjun Mishra,arjun.mishra1784@yahoo.com,+91-7660817512,PATNA,Bihar,Small Business,2021-05-17,Social Media,Y
C01785,Rohan Kapoor,rohan.kapoor1785@yahoo.com,+91-7769779326,Chennai,Tamil Nadu,Small Business,2021-06-04,Referral,N
C01786,Karan Kapoor,karan.kapoor1786@outlook.com,+91-8561924266, Nagpur ,Maharashtra,Small Business,2022-08-04,Organic Search,Y
C01787, Arjun Joshi ,arjun.joshi1787gmail.com,+91-8570115048,PATNA,Bihar,Corporate,30/01/2025,Social Media,1
C01788,Vihaan Saxena,vihaan.saxena1788@mail.com,+91-7901494816,Indore,Madhya Pradesh,Consumer,2025-05-15,Referral,Y
C01789,MEERA KAPOOR,meera.kapoor1789@mail.comm,+91-8081767358,Jaipur,Rajasthan,Corporate,07/02/2026,Social Media,1
C01790,Sneha Shah,sneha.shah1790@yahoo.com,7077923916,Coimbatore,Tamil Nadu,Small Business,03-07-2022,Marketplace,Yes
C01791,NIKHIL PATEL,nikhil.patel1791@yahoo.com,+91-9378435723,Delhi, Delhi ,Consumer,2022-05-10,Organic Search,Y
C01792,Sahil Verma,sahil.verma1792@gmail.com,+91-9338924081,Jaipur,Rajasthan,Small Business,2024-09-25,Direct,1
C01793,Rohan Shah,rohan.shah1793@mail.com,+91-9307925479,,Gujarat,Consumer,04/02/2026,Paid Search,N
C01794,Meera Verma,meera.verma1794@company.in,+91-9018132213,Bengaluru,Karnataka,Small Business,03-22-2023,Direct,Yes
C01795,Ishaan Saxena,ishaan.saxena1795@gmail.com,+91-7689834107, Bengaluru ,Karnataka,Small Business,12-05-2021,Marketplace,Y
C01796,Ankit Singh,ankit.singh1796@outlook.com,+91-7665058935,Ahmedabad,Gujarat,Small Business,2021-04-18,Direct,N
C01797,ishaan bansal,ishaan.bansal1797@gmail.com,+91-8006267365,AHMEDABAD,GUJARAT,Small Business,04/02/2025,Social Media,Y
C01798,Riya Kumar,riya.kumar1798@company.in,+91-7024384230,Indore,Madhya Pradesh,Small Business,10-14-2021,Organic Search,N
C01799,Amit Nair,amit.nair1799@company.in,+91-7585741612,Bhubaneswar,Odisha,Consumer,01-03-2021,Direct,No
C01800,Ira Malhotra,ira.malhotra1800@outlook.com,+91-9769622648,HYDERABAD,Telangana,Small Business,23/12/2023,Marketplace,Y
C01801,aarav malhotra,aarav.malhotra1801@outlook.com,+91-7288417500,Lucknow,UTTAR PRADESH,Corporate,01/05/2023,Email,Y
C01802,Pooja Nair,pooja.nair1802@gmail.com,+91-8725939540,Kolkata,West Bengal,Consumer,03-14-2026,Direct,
C01803,aditya verma,aditya.verma1803@gmail.com,+91-7039807333,Mumbai,Maharashtra,Consumer,06-12-2022,Organic Search,N
C01804,Nikhil Gupta,nikhil.gupta1804@mail.com,+91-8779183264,Surat,Gujarat,Consumer,28/10/2021,Direct,0
C01805,Tanya Reddy,,+91-9780915467,Delhi,Delhi,Consumer,2024-11-16,Email,Y
C01806,DIYA SINGH,diya.singh1806@gmail.com,+91-7413239963,,Maharashtra,Small Business,15/12/2023,Social Media,Y
C01807,Saanvi Mehta,saanvi.mehta1807@gmail.comm,+917622905765,COIMBATORE,Tamil Nadu,Corporate,06-08-2024,Paid Search,N
C01808,Priya Joshi,priya.joshi1808@gmail.comm,+91-9501045015,Chandigarh,Chandigarh,Corporate,11-01-2021,Marketplace,Y
C01809,Simran Shah,simran.shah1809@yahoo.com,+91-8440664986,Bengaluru,Karnataka,Small Business,09-07-2022,Referral,1
C01810,Priya Malhotra,priya.malhotra1810@mail.com,+91-7734698260,Ahmedabad,Gujarat,Small Business,2026-04-03,Organic Search,
C01811,Nikhil Patel,nikhil.patel1811@gmail.com,+91-9983350460,Ahmedabad,Gujarat,Small Business,2022-02-02,Organic Search,Y
C01812,Neha Reddy,,+91-9414857398,Pune,Maharashtra,Corporate,29/03/2022,Referral,N
C01813,Sahil Malhotra,sahil.malhotra1813@mail.com,+91-9557770332,Jaipur,Rajasthan,Small Business,2025-07-15,Direct,
C01814,Ishaan Verma,ishaan.verma1814@mail.com,+91-7153124502,Chandigarh, Chandigarh ,Consumer,01/11/2025,Organic Search,Y
C01815,KIARA KAPOOR,kiara.kapoor1815@mail.com,+91-8333567065,Mumbai,Maharashtra,Consumer,16/12/2023,Referral,Y
C01816,Nikhil Verma,nikhil.verma1816@yahoo.com,+91-7451898956,Ahmedabad,Gujarat,Consumer,26/06/2022,Social Media,0
C01817,Sneha Nair,sneha.nair1817@company.in,+91-7322169275,Bhopal,Madhya Pradesh,Corporate,16/07/2026,Email,Y
C01818,Arjun Sharma,arjun.sharma1818@yahoo.comm,+91-7653804877,Kolkata,West Bengal,Consumer,17/07/2025,Organic Search,0
C01819,Ankit Kapoor,ankit.kapoor1819@outlook.com,+91-8240943147,Ahmedabad,Gujarat,,03/11/2021,Marketplace,Y
C01820,Rohan Kapoor,rohan.kapoor1820@yahoo.com,+91-8422028243,Jaipur,Rajasthan,Corporate,22/07/2024,Social Media,Y
C01821,Tanya Verma,tanya.verma1821@yahoo.com,+91-8304503971,HYDERABAD,telangana,Small Business,07-09-2023,Referral,0
C01822,Meera Mehta,meera.mehta1822@mail.com,+91-7055957375,Pune,Maharashtra,Consumer,19/06/2026,Referral,Y
C01823,Priya Saxena,priya.saxena1823@company.in,+91-8834800596,Patna,Bihar,Small Business,08-19-2026,Organic Search,Yes
C01824,Amit Mishra,amit.mishra1824outlook.com,+91-7998846479,Bhubaneswar,Odisha,Corporate,2023-03-25,Paid Search,1
C01825,SIMRAN REDDY,simran.reddy1825@yahoo.com,+91984668951,Kolkata,WEST BENGAL,Corporate,03-04-2022,Marketplace,N
C01826,Varun Agarwal,varun.agarwal1826@gmail.com,+91-8080057215,Lucknow, Uttar Pradesh ,Small Business,28/03/2023,Paid Search,Y
C01827,Vivaan Mehta,vivaan.mehta1827@outlook.com,+91-9183398655,Patna,Bihar,Small Business,01-03-2021,Paid Search,0
C01828,Ishaan Mehta,ishaan.mehta1828@gmail.com,+91-8530246818,Bhopal,Madhya Pradesh,Consumer,07/07/2023,Direct,Yes
C01829,tanya reddy,tanya.reddy1829@company.in,+91-9036125715,Mumbai,Maharashtra,Corporate,21/05/2025,Referral,N
C01830,Ankit Reddy,ankit.reddy1830@company.in,+91-9391696964, Patna ,Bihar,Corporate,2021-01-01,Email,Y
C01831,Myra Nair,myra.nair1831@company.in,+91-9055906484,Bhubaneswar,Odisha,Corporate,29/10/2023,Social Media,No
C01832,Vihaan Kapoor,vihaan.kapoor1832@yahoo.com,+91-8424612570,Surat,Gujarat,Corporate,06/01/2025,Referral,Y
C01833,Priya Bansal,priya.bansal1833@outlook.com,+91-9231093212,DELHI,Delhi,Corporate,14/08/2023,Social Media,Y
C01834,Simran Agarwal,simran.agarwal1834@yahoo.com,+91-7031818978,Delhi,Delhi,Small Business,2021-07-11,Organic Search,
C01835,Kiara Mehta,kiara.mehta1835@mail.com,7673707631,coimbatore,Tamil Nadu,Consumer,2026-04-25,Referral,Y
C01836, Myra Kumar ,myra.kumar1836@company.in,+91-8853625032,Surat,Gujarat,Corporate,2021-11-08,Direct,1
C01837,Priya Bansal,priya.bansal1837@outlook.com,+91-8958952852,Mumbai,Maharashtra,Small Business,16/07/2024,Social Media,Yes
C01838,Saanvi Singh,saanvi.singh1838@outlook.com,+91-7284388167,MUMBAI,Maharashtra,Corporate,2025-12-27,Paid Search,1
C01839,Ankit Mishra,ankit.mishra1839@yahoo.com,+91-8384670987,Lucknow,UTTAR PRADESH,Small Business,30/09/2023,Social Media,Y
C01840,Aanya Shah,aanya.shah1840@mail.com,+91-7181583794,Gurugram,Haryana,Consumer,16/01/2025,Referral,N
C01841,Simran Kapoor,simran.kapoor1841@mail.com,+91-9149856079,coimbatore,Tamil Nadu,Consumer,15/05/2024,Marketplace,Y
C01842,Rahul Sharma,rahul.sharma1842@gmail.com,+91-9619186555,Bhopal,Madhya Pradesh,Corporate,2022-12-18,Email,N
C01843,Riya Chopra,,+91-9542815731,Bengaluru,Karnataka,Small Business,2021-06-17,Referral,Y
C01844,Amit Kapoor,amit.kapoor1844@gmail.com,+91-7026337266,Nagpur,Maharashtra,Consumer,12/01/2024,Referral,Y
C01845,Arjun Singh,arjun.singh1845@outlook.com,+91-9677116516,Pune,Maharashtra,Small Business,03-18-2022,Referral,Y
C01846,Aarav Nair,aarav.nair1846@outlook.com,+91-7117233736,Gurugram,Haryana,Small Business,25/02/2021,Social Media,N
C01847,Rahul Agarwal,rahul.agarwal1847@company.in,+91-7500530014,Patna,Bihar,Corporate,04-29-2021,Direct,
C01848,Aarav Mishra,aarav.mishra1848@company.in,+91-8386001055,Patna,Bihar,Small Business,05-12-2023,Email,N
C01849,neha singh,neha.singh1849@gmail.com,+91-8719607286,Bhubaneswar,Odisha,Consumer,2025-01-15,Email,Y
C01850,Vivaan Saxena,vivaan.saxena1850@mail.com,+91-9724839618,Nagpur,Maharashtra,Corporate,07-04-2021,Direct,No
C01851,Ishaan Verma,ishaan.verma1851@outlook.com,+91-7096302671,Kochi,Kerala,,27/01/2024,Email,Yes
C01852,Amit Singh,amit.singh1852@yahoo.com,+91-9502526907,bengaluru,Karnataka,Corporate,10-17-2023,Email,Y
C01853,Aditya Verma,aditya.verma1853@yahoo.com,+91-9131388524,PATNA,Bihar,Corporate,2024-06-15,Paid Search,1
C01854,Nikhil Shah, nikhil.shah1854@mail.com ,+91-7276083428,Surat,Gujarat,Consumer,04-04-2021,Direct,N
C01855,Meera Saxena,meera.saxena1855@gmail.com,9170276210,Surat,GUJARAT,,08-17-2021,Social Media,Y
C01856,Myra Iyer,myra.iyer1856@company.in,+91-9155750522,Kolkata,West Bengal,Corporate,05-16-2022,Organic Search,No
C01857, Aditya Iyer ,aditya.iyer1857@mail.com,+91-8099449118,Surat,Gujarat,Consumer,2026-06-06,Paid Search,0
C01858,Rohan Kapoor, rohan.kapoor1858@gmail.com ,+91-9684869950, Lucknow ,uttar pradesh,Consumer,2023-09-28,,Y
C01859,Arjun Mehta,arjun.mehta1859@outlook.com,+91-8997041386, Mumbai ,Maharashtra,Consumer,04-24-2021,Social Media,1
C01860,Pooja Chopra,,+91-8730206760,Patna,Bihar,Corporate,15/11/2021,Paid Search,1
C01861,riya sharma,riya.sharma1861@company.in,+91-7204970944,Delhi,Delhi,Consumer,06-09-2022,Social Media,N
C01862,Vihaan Patel,vihaan.patel1862@mail.com,+91-7319461354,Chennai,tamil nadu,Corporate,2026-04-16,Marketplace,No
C01863,Saanvi Iyer,saanvi.iyer1863@yahoo.com,+91-9779628325,Kochi,Kerala,Small Business,01-15-2023,Email,0
C01864,Aditya Agarwal, aditya.agarwal1864@mail.com ,+91-9775130219, Kochi ,Kerala,Small Business,01/08/2026,Paid Search,N
C01865, Meera Kapoor ,meera.kapoor1865@gmail.com,+91-8969401002,Chandigarh,Chandigarh,Small Business,10-05-2021,Social Media,Y
C01866,Kiara Joshi,kiara.joshi1866@gmail.com,+91-8784105558,Kolkata,West Bengal,Corporate,05-25-2023,Organic Search,0
C01867,Rahul Verma,rahul.verma1867@outlook.com,+91-7841125155,Surat,Gujarat,Consumer,13/04/2026,Social Media,Y
C01868,Diya Singh,diya.singh1868@company.in,+91-9792085651,Coimbatore, Tamil Nadu ,Consumer,01-10-2024,Referral,Y
C01869,Meera Reddy,meera.reddy1869@gmail.com,+91-8981390091,Hyderabad,Telangana,Corporate,08-08-2023,Paid Search,Y
C01870,Ira Sharma,ira.sharma1870@outlook.com,+91-9890627490,Chandigarh,chandigarh,Consumer,11-05-2023,Paid Search,1
C01871, Saanvi Kapoor ,saanvi.kapoor1871@outlook.com,+91-7414856368,Delhi,DELHI,Small Business,25/03/2026,Direct,Yes
C01872,Ankit Kumar,ankit.kumar1872@gmail.com,9941263473,Hyderabad,Telangana,Small Business,2022-08-11,Email,Y
C01873,Aditya Chopra,aditya.chopra1873@company.in,9215909702,Bhopal,Madhya Pradesh,Consumer,16/05/2021,Social Media,Yes
C01874,Simran Saxena,simran.saxena1874@company.in,+91-9617610173,Jaipur,Rajasthan,Corporate,26/03/2022,Organic Search,Yes
C01875,Karan Kapoor,karan.kapoor1875@company.in,8632324713,Mumbai,Maharashtra,Small Business,2025-10-17,Email,0
C01876,Varun Verma,varun.verma1876@gmail.com,,Lucknow,Uttar Pradesh,Corporate,05/01/2024,Social Media,N
C01877,Rohan Kumar,rohan.kumar1877@company.in,+91-8446481770,Bhopal, Madhya Pradesh ,Corporate,04/02/2026,Paid Search,Y
C01878,Tanya Bansal,tanya.bansal1878@company.in,+91-9081182337,Lucknow,Uttar Pradesh,Consumer,31/01/2025,Organic Search,N
C01879,Saanvi Saxena,saanvi.saxena1879@company.in,+91-8671005891,Chennai,TAMIL NADU,Small Business,2021-04-07,Email,1
C01880,Karan Sharma,karan.sharma1880@company.in,+91-7953980474,Ahmedabad,Gujarat,Corporate,04-02-2022,Direct,Yes
C01881,Sneha Shah,sneha.shah1881@outlook.com,+91-8058184544,Lucknow,Uttar Pradesh,Small Business,2023-05-28,Direct,1
C01882,Varun Gupta,varun.gupta1882@gmail.com,+91-9410795941,Nagpur, Maharashtra ,Corporate,05/08/2023,Referral,Y
C01883,Nikhil Chopra,nikhil.chopra1883@yahoo.com,+91-7627090885,hyderabad,Telangana,Consumer,02-08-2023,Referral,Yes
C01884,Priya Shah,priya.shah1884@gmail.com,+91-8464696509,Lucknow,uttar pradesh,Consumer,22/07/2025,Paid Search,Y
C01885,Neha Gupta,neha.gupta1885@outlook.com,+91-8764328776,Noida,Uttar Pradesh,Corporate,10-25-2024,Referral,1
C01886,Neha Bansal,neha.bansal1886@gmail.com,+91-9457154188,Bhopal,Madhya Pradesh,Consumer,2022-03-03,Referral,0
C01887,Kiara Chopra,kiara.chopra1887@outlook.com,+91-7563455478,Ahmedabad,Gujarat,Consumer,19/05/2026,Organic Search,Y
C01888,Neha Nair,neha.nair1888@yahoo.com,+917722806926,Noida,Uttar Pradesh,Corporate,2024-08-14,Email,Y
C01889,Ankit Kapoor,ankit.kapoor1889@yahoo.com,+91-8118703974,Kolkata,West Bengal,Corporate,11-13-2022,Email,Yes
C01890,Diya Iyer,diya.iyer1890@yahoo.com,+91-9390820289,Delhi,Delhi,Small Business,2021-12-16,Paid Search,1
C01891,Arjun Joshi,arjun.joshi1891@company.in,+91-7046591071,Chandigarh,Chandigarh,Consumer,23/03/2021,Paid Search,Y
C01892,Arjun Bansal,arjun.bansal1892@mail.comm,+91-9952653816,Nagpur,Maharashtra,Consumer,12/10/2025,Email,0
C01893,Diya Iyer,diya.iyer1893@outlook.com,,Bhopal,madhya pradesh,Corporate,10/05/2022,Organic Search,0
C01894,Kabir Kapoor,kabir.kapoor1894@outlook.com,+91-9499120686,COIMBATORE,Tamil Nadu,Corporate,2021-09-11,Paid Search,1
C01895,Saanvi Saxena,saanvi.saxena1895@outlook.com,+91-9652539520,Chennai, Tamil Nadu ,Corporate,25/03/2026,Paid Search,1
C01896,Ishaan Malhotra,ishaan.malhotra1896@yahoo.com,+91-8877845406,Bhopal,Madhya Pradesh,Corporate,2024-09-25,Email,1
C01897,vihaan verma,vihaan.verma1897@mail.com,+91-9696690793,Patna,Bihar,Consumer,10/05/2024,Marketplace,Yes
C01898,Varun Patel,VARUN.PATEL1898@OUTLOOK.COM,+91-8589377619,Noida,Uttar Pradesh,Small Business,03-21-2026,Referral,0
C01899,Diya Gupta,diya.gupta1899@gmail.com,+91-7422872330,BHUBANESWAR,Odisha,Corporate,2023-07-25,Paid Search,Y
C01900,Priya Reddy,priya.reddy1900@yahoo.comm,+91-9513169291,Mumbai,MAHARASHTRA,Small Business,2022-01-19,Referral,Y
C01901,Ananya Jain,ananya.jain1901@outlook.com,+91-8216327828,Coimbatore,Tamil Nadu,Corporate,2023-05-14,Direct,N
C01902,SIMRAN VERMA,simran.verma1902@yahoo.com,+91-8741985558,Noida,Uttar Pradesh,Small Business,12-14-2023,Direct,N
C01903,Aanya Joshi,aanya.joshi1903@gmail.com,+91-9349553853,Bhubaneswar,Odisha,Small Business,10-16-2022,Direct,Y
C01904,Karan Sharma,karan.sharma1904@gmail.com,+91-8714193479,Noida,Uttar Pradesh,Corporate,2022-07-30,Social Media,0
C01905,Nikhil Kumar,nikhil.kumar1905@company.in,+91-7071556916,nagpur,Maharashtra,Consumer,08-13-2022,Direct,0
C01906,Kabir Saxena,kabir.saxena1906@mail.com,7384961811,Bhopal,Madhya Pradesh,Corporate,2023-06-21,Direct,1
C01907,Meera Saxena,meera.saxena1907@mail.com,+91842249333,Patna,Bihar,Small Business,2022-04-04,Organic Search,Y
C01908,Ira Singh,ira.singh1908company.in,+91-7810803415,Noida,Uttar Pradesh,Corporate,2026-01-26,Organic Search,N
C01909,Rohan Sharma,rohan.sharma1909@gmail.com,7290207141,Ahmedabad,gujarat,Small Business,2026-02-03,Referral,1
C01910,Sahil Mehta,sahil.mehta1910@gmail.com,+91-8876492884,Chennai,Tamil Nadu,Consumer,04/11/2022,Referral,1
C01911,Rohan Gupta, rohan.gupta1911@yahoo.com ,+91-9434475151,Gurugram,Haryana,Consumer,04/08/2026,Social Media,No
C01912,Tanya Malhotra,tanya.malhotra1912@company.in,+919133146756,Surat,Gujarat,Consumer,07-25-2025,,Y
C01913,Sneha Reddy,sneha.reddy1913@mail.com,,Chandigarh,Chandigarh,Consumer,2021-07-12,Direct,1
C01914,KABIR BANSAL,kabir.bansal1914@gmail.com,+91-7678182708,Lucknow,Uttar Pradesh,Consumer,08/07/2023,Paid Search,Y
C01915,Ankit Mishra,ankit.mishra1915@company.in,+91-7418953065,Nagpur,Maharashtra,Corporate,02-23-2025,Direct,Y
C01916, Myra Shah ,,+91-8459204787,indore,Madhya Pradesh,Small Business,2024-08-10,Organic Search,1
C01917,Vihaan Mehta,vihaan.mehta1917@gmail.com,+91-8350805156,Chandigarh,Chandigarh,Corporate,12/08/2024,Social Media,N
C01918,Ananya Mishra,ANANYA.MISHRA1918@MAIL.COM,+91-8287148777,Indore,Madhya Pradesh,Consumer,2022-01-03,Direct,Y
C01919,Diya Singh,diya.singh1919@gmail.com,+91-7009566076,patna,Bihar,Small Business,2025-04-02,Marketplace,
C01920,Ishaan Kapoor,ishaan.kapoor1920@outlook.com,+91-7687710868,Patna,Bihar,Consumer,2022-06-23,Marketplace,Y
C01921,Saanvi Malhotra,saanvi.malhotra1921gmail.com,+91-7967724639,pune,Maharashtra,Corporate,2023-11-27,Email,1
C01922,ishaan mehta,ishaan.mehta1922@outlook.com,+91-7365168201,Coimbatore,Tamil Nadu,Consumer,02/08/2026,Email,Y
C01923,Ishaan Mehta,ishaan.mehta1923@outlook.com,+91-9874039550,Pune,Maharashtra,Corporate,2026-06-29,Direct,Y
C01924,Amit Verma,amit.verma1924@yahoo.com,+91-8027453492,Nagpur,Maharashtra,Small Business,02-06-2022,,Y
C01925,Riya Mishra,riya.mishra1925@yahoo.com,+91-9806667943,HYDERABAD,Telangana,Corporate,01-27-2022,Paid Search,Y
C01926,Saanvi Joshi,saanvi.joshi1926@yahoo.com,7696873011,Kolkata,West Bengal,Small Business,2022-10-01,Direct,Y
C01927, Vivaan Saxena ,vivaan.saxena1927@gmail.com,+91-8621314635,Bengaluru,Karnataka,Consumer,23/05/2023,Social Media,1
C01928,Tanya Shah,tanya.shah1928@gmail.com,+91-8225361353,Lucknow,Uttar Pradesh,Corporate,2024-12-29,Social Media,Yes
C01929,Kabir Singh,kabir.singh1929@outlook.com,+91-8650447354,kochi,Kerala,Corporate,06-03-2024,Email,1
C01930,aanya kapoor,aanya.kapoor1930@gmail.com,+91-7353107800,Lucknow,Uttar Pradesh,Consumer,01/09/2023,Paid Search,0
C01931,Amit Singh,amit.singh1931@outlook.com,+91-7006442469,Indore,Madhya Pradesh,Small Business,02-01-2024,Referral,0
C01932, Vivaan Verma ,vivaan.verma1932@yahoo.com,+91-9693005129,Chandigarh,Chandigarh,Corporate,2023-07-16,Referral,Y
C01933, Aditya Saxena ,aditya.saxena1933@outlook.com,+91-7261725740,Patna, Bihar ,Corporate,18/01/2022,Paid Search,Y
C01934,Myra Agarwal,myra.agarwal1934@yahoo.com,+91-8457720530,Chennai,Tamil Nadu,Consumer,2026-02-02,Social Media,Y
C01935,Sneha Sharma,sneha.sharma1935@gmail.com,+91-7827706212,Patna,Bihar,Consumer,2026-08-02,Social Media,
C01936,Neha Malhotra,neha.malhotra1936@gmail.com,+91-9830575118,Patna,Bihar,Corporate,2024-04-06,Marketplace,0
C01937,Riya Shah,riya.shah1937@gmail.com,9297221425,Indore,Madhya Pradesh,Small Business,2021-03-27,,1
C01938,Sneha Malhotra,sneha.malhotra1938@outlook.com,+91-9039193012,Noida,Uttar Pradesh,Consumer,2026-01-22,Organic Search,Y
C01939,Tanya Kumar,tanya.kumar1939@company.in,+91-7486241772,Chennai,TAMIL NADU,Small Business,05-09-2021,Direct,No
C01940,rohan patel,rohan.patel1940@yahoo.com,+91-9887948275,Gurugram,Haryana,Corporate,07/11/2025,Paid Search,N
C01941,Kiara Kumar,,+91-8758118644,Ahmedabad, Gujarat ,Corporate,05-30-2024,Organic Search,1
C01942,Ananya Patel,ananya.patel1942@outlook.com,+91-7356940005,Indore,Madhya Pradesh,Consumer,2025-06-19,Social Media,No
C01943,VIHAAN SHAH,vihaan.shah1943@outlook.com,+91-9928527249,Patna,Bihar,Small Business,2022-01-18,Email,N
C01944,Diya Saxena,diya.saxena1944@outlook.com,+91-8377338301, Indore ,Madhya Pradesh,Corporate,01-13-2026,Marketplace,N
C01945,Meera Saxena,meera.saxena1945@company.in,+91-9885759341,Hyderabad,Telangana,Corporate,01-30-2026,Organic Search,1
C01946,kiara saxena,kiara.saxena1946@outlook.com,+91-7955403677,Patna,Bihar,Consumer,2025-08-18,Direct,No
C01947,Sneha Jain,sneha.jain1947@company.in,+91-8506950961,Bhubaneswar,Odisha,Consumer,20/06/2021,Paid Search,Yes
C01948,aditya verma,ADITYA.VERMA1948@COMPANY.IN,+91-9440788727,Chennai,Tamil Nadu,Consumer,2023-12-27,Email,0
C01949,Neha Verma,neha.verma1949@company.in,+91-7453454633,NOIDA,Uttar Pradesh,Corporate,07/01/2026,Social Media,0
C01950,Vivaan Gupta,vivaan.gupta1950@yahoo.com,+91-730643337,Nagpur,Maharashtra,Consumer,2024-10-19,Direct,N
C01951,Sneha Jain,sneha.jain1951@outlook.com,+91-7329230844,DELHI,Delhi,Small Business,2025-04-01,Marketplace,Yes
C01952,Pooja Mishra,pooja.mishra1952@gmail.com,+91-7770831111,Mumbai,Maharashtra,Consumer,11/04/2025,Organic Search,Y
C01953,Priya Reddy, priya.reddy1953@outlook.com ,+91-7674519867,Ahmedabad,Gujarat,Small Business,12-09-2021,Marketplace,Y
C01954,Ankit Kumar,ankit.kumar1954@yahoo.com,+91-8609749781,Surat,GUJARAT,Consumer,08-05-2024,Marketplace,Y
C01955,VIHAAN SINGH,vihaan.singh1955@company.in,+91-8319511011,NAGPUR,Maharashtra,Consumer,27/06/2026,Referral,0
C01956,SAHIL MALHOTRA,sahil.malhotra1956@mail.com,+91-8864706517,Hyderabad,Telangana,Small Business,15/10/2021,Direct,Yes
C01957,Amit Mishra,amit.mishra1957@outlook.com,+91-9719916571,Chandigarh,Chandigarh,Consumer,23/03/2026,Referral,Yes
C01958,SAHIL IYER,sahil.iyer1958@outlook.com,,BHUBANESWAR,Odisha,Small Business,02-01-2024,Social Media,N
C01959,Tanya Iyer,tanya.iyer1959@yahoo.com,+91-8050962243,Hyderabad,Telangana,Small Business,10-26-2022,Paid Search,N
C01960,Priya Jain,priya.jain1960@gmail.com,+91-7314499242,noida,Uttar Pradesh,Consumer,2026-02-15,Paid Search,N
C01961,Pooja Agarwal,pooja.agarwal1961@mail.com,,Hyderabad,Telangana,Consumer,08/04/2023,Organic Search,
C01962,Priya Gupta, priya.gupta1962@gmail.com ,+91-7597606821,Delhi,DELHI,Consumer,2025-03-17,Paid Search,0
C01963,Myra Joshi,myra.joshi1963@gmail.com,+91-7982186246,Bhubaneswar,Odisha,Consumer,05-03-2026,Marketplace,1
C01964,Ankit Singh,ankit.singh1964@yahoo.com,+91-7271623148,Surat,Gujarat,Small Business,07-05-2024,Email,Y
C01965,Rahul Mishra,rahul.mishra1965@mail.com,+91-7803741102,LUCKNOW,Uttar Pradesh,Consumer,23/04/2024,Referral,Yes
C01966,Ira Mehta,ira.mehta1966@gmail.com,+91-7549982254,,Haryana,Consumer,05-31-2023,Social Media,No
C01967,Sneha Kumar,sneha.kumar1967@outlook.com,,Bhubaneswar,Odisha,Small Business,2025-01-23,Direct,
C01968,Ishaan Malhotra,ishaan.malhotra1968@outlook.com,+91-8841425171,Bengaluru,Karnataka,Corporate,2026-05-03,Organic Search,Yes
C01969,Tanya Kumar,,+91-8205259030, Lucknow ,Uttar Pradesh,Corporate,30/10/2025,Paid Search,0
C01970,Saanvi Reddy,saanvi.reddy1970@outlook.com,+91-9533699302,Pune,Maharashtra,Corporate,28/05/2021,Email,Yes
C01971,Aditya Malhotra,aditya.malhotra1971@mail.com,+91-8638619096,SURAT,,Consumer,27/04/2021,Paid Search,No
C01972,Amit Singh,amit.singh1972@outlook.com,+91-8520867786,Noida,Uttar Pradesh,Small Business,2025-12-09,,Yes
C01973,Simran Reddy,simran.reddy1973@company.in,+91-8804352636,Kochi,Kerala,Consumer,2022-02-15,Organic Search,No
C01974,Kiara Saxena,kiara.saxena1974@company.in,8445507868,BHOPAL,Madhya Pradesh,Consumer,10-14-2025,Referral,N
C01975,Kabir Kapoor,kabir.kapoor1975@company.in,+91-9888314320,Ahmedabad,,Consumer,03-12-2023,,
C01976,Saanvi Singh,saanvi.singh1976@yahoo.com,+91-9498492229,Bhopal,Madhya Pradesh,Consumer,25/01/2022,Organic Search,
C01977, Aditya Bansal ,aditya.bansal1977@company.in,9196516674,indore,Madhya Pradesh,Corporate,01/08/2024,Marketplace,Y
C01978,Saanvi Chopra,saanvi.chopra1978@gmail.com,+91-8244009920,Chennai,Tamil Nadu,Consumer,2026-06-26,Social Media,1
C01979,Rahul Reddy,rahul.reddy1979@company.in,+91-8416119635,Pune,MAHARASHTRA,Corporate,01-16-2022,Email,0
C01980,Aanya Mishra,aanya.mishra1980@outlook.com,+91-9097778113,Chandigarh,Chandigarh,Small Business,2022-03-10,Social Media,Yes
C01981,Sahil Kapoor,sahil.kapoor1981@gmail.com,+91-9416593078,Indore,Madhya Pradesh,Corporate,07-02-2026,Paid Search,Y
C01982,Aarav Malhotra,aarav.malhotra1982@company.in,+91-9666198792,Indore,Madhya Pradesh,Consumer,24/09/2025,Referral,0
C01983,Kiara Agarwal,kiara.agarwal1983@gmail.com,+91-7871761598,Surat,Gujarat,Consumer,04-04-2022,Paid Search,Y
C01984,Varun Chopra,varun.chopra1984@yahoo.com,+91-8877513606,Chennai,Tamil Nadu,Small Business,01-13-2025,Social Media,
C01985,rahul chopra,rahul.chopra1985@outlook.com,+91-9571792156,Patna,Bihar,Corporate,18/04/2024,,N
C01986,Kabir Chopra,kabir.chopra1986@company.in,+91-960464952,Nagpur,Maharashtra,Small Business,27/07/2023,Marketplace,0
C01987,Myra Nair,myra.nair1987@yahoo.com,+91-9046065628,Pune, Maharashtra ,Small Business,07/09/2025,Paid Search,1
C01988,Tanya Bansal,tanya.bansal1988@gmail.com,+91-7654291036,Bhopal,Madhya Pradesh,Consumer,10-05-2024,Direct,Yes
C01989,TANYA SHAH,tanya.shah1989@outlook.com,7216995762,Gurugram,Haryana,Corporate,2021-06-24,Marketplace,N
C01990,Ishaan Gupta,ishaan.gupta1990@outlook.com,+91-8889045932,Chennai,Tamil Nadu,Small Business,05-31-2025,Email,Y
C01991,Priya Singh,priya.singh1991@yahoo.com,+91-8463091807, Coimbatore ,Tamil Nadu,Small Business,2021-03-23,Email,No
C01992,Aditya Jain,aditya.jain1992@company.in,+91-8821549750,Bhopal,Madhya Pradesh,Consumer,11/11/2025,Organic Search,N
C01993,Sneha Jain,SNEHA.JAIN1993@COMPANY.IN,+919102205571,Mumbai,Maharashtra,,2025-12-02,Paid Search,0
C01994,Riya Verma,riya.verma1994@outlook.com,+91-9563247532,Chandigarh,CHANDIGARH,Consumer,05-30-2024,Marketplace,
C01995,Saanvi Sharma,saanvi.sharma1995@yahoo.com,+91-9281904960,Bhubaneswar,ODISHA,Consumer,2025-05-03,Social Media,No
C01996,Aarav Agarwal,aarav.agarwal1996@yahoo.com,+918603964524,mumbai, Maharashtra ,Small Business,07-15-2024,Social Media,1
C01997,aarav mehta,aarav.mehta1997@yahoo.com,7261399943,Noida,Uttar Pradesh,Corporate,10-22-2025,Paid Search,N
C01998,Vihaan Saxena,vihaan.saxena1998@yahoo.com,+91-8711791475,Chennai,Tamil Nadu,Consumer,2022-05-18,Referral,N
C01999,Saanvi Iyer,saanvi.iyer1999@yahoo.com,+91-7107655966,Coimbatore,Tamil Nadu,Consumer,13/07/2025,Paid Search,Y
C02000,Myra Malhotra,myra.malhotra2000@mail.com,+91-8908152117,hyderabad,Telangana,Small Business,12-21-2025,Marketplace,N
C02001,Ishaan Verma,ishaan.verma2001@yahoo.com,+91-8100748834,Indore,Madhya Pradesh,Corporate,09-17-2023,Marketplace,1
C02002,Aditya Mehta,aditya.mehta2002@mail.com,+91-7783777546,Bengaluru,Karnataka,Corporate,2024-11-27,Email,No
C02003,Riya Sharma,riya.sharma2003@mail.com,+91-9949621165,Jaipur,Rajasthan,Corporate,01-02-2024,Paid Search,0
C02004,Ira Agarwal,ira.agarwal2004@outlook.com,+91-9656962043, Kolkata ,West Bengal,Corporate,08/08/2026,Paid Search,Y
C02005,Aarav Patel,aarav.patel2005@gmail.com,+91-9045495047,COIMBATORE,Tamil Nadu,Corporate,04-11-2026,,1
C02006,Riya Gupta,riya.gupta2006@gmail.com,+91-9653337117,Bengaluru,Karnataka,Small Business,2024-11-19,Paid Search,Yes
C02007,Amit Iyer,amit.iyer2007@outlook.com,+91-9467858028,Patna,Bihar,Small Business,03-27-2023,Marketplace,No
C02008,Nikhil Gupta,nikhil.gupta2008@company.in,+91-7273599977,Jaipur,Rajasthan,Corporate,18/06/2021,Social Media,0
C02009, Ankit Saxena ,ankit.saxena2009@mail.com,8007459530,Gurugram,Haryana,Corporate,08-20-2021,Referral,
C02010,Ira Saxena,ira.saxena2010@company.in,+918167466222,Gurugram,Haryana,Small Business,19/10/2025,Social Media,Y
C02011,Diya Kapoor,diya.kapoor2011@yahoo.com,+918595673568,Bhopal,Madhya Pradesh,Corporate,18/06/2024,Organic Search,No
C02012,Sneha Kapoor,SNEHA.KAPOOR2012@GMAIL.COM,+91-8498544825,Chandigarh,Chandigarh,Corporate,03-07-2025,Social Media,N
C02013, Kiara Patel ,kiara.patel2013@mail.com,+91-9433190862,Gurugram,Haryana,Small Business,03-16-2021,Direct,Y
C02014,Arjun Gupta,arjun.gupta2014@mail.com,,Bhubaneswar,odisha,Consumer,03-23-2022,Marketplace,N
C02015,Aanya Kapoor,aanya.kapoor2015@yahoo.com,+91-8565095851,Chennai,TAMIL NADU,Corporate,28/05/2025,Direct,
C02016,Arjun Reddy,arjun.reddy2016@outlook.com,+91-7948635800,Coimbatore,Tamil Nadu,Corporate,2024-09-26,Marketplace,
C02017,Riya Singh,riya.singh2017@gmail.com,+91-9825300526,Indore,Madhya Pradesh,Small Business,26/05/2021,Direct,1
C02018,Vihaan Chopra,vihaan.chopra2018@company.in,+91-7195635671,Coimbatore,Tamil Nadu,Small Business,2022-06-28,Email,Y
C02019,Aanya Kapoor,aanya.kapoor2019@mail.com,+91-7256859366,Hyderabad,telangana,Consumer,01-17-2025,Social Media,Yes
C02020, Aanya Bansal ,aanya.bansal2020@yahoo.com,+91-7473492172,Gurugram,Haryana,Small Business,2025-07-27,Paid Search,No
C02021,Nikhil Chopra,nikhil.chopra2021@gmail.com,+91-7838832941,Surat,Gujarat,Consumer,04/03/2022,Paid Search,Y
C02022,Riya Verma,riya.verma2022@outlook.com,+91-7541334546,Patna,Bihar,Corporate,05/11/2025,Email,Yes
C02023,Aanya Reddy, aanya.reddy2023@yahoo.com ,+91-8543666220,Chennai,Tamil Nadu,Corporate,03-24-2022,Email,Yes
C02024,Aditya Chopra,aditya.chopra2024gmail.com,+91-7024767080,Nagpur,Maharashtra,Small Business,2022-02-23,Email,N
C02025,Meera Iyer,meera.iyer2025@company.in,9222473586,Delhi,Delhi,Corporate,08/10/2021,Organic Search,1
C02026,ananya agarwal, ananya.agarwal2026@gmail.com ,+91-8535955876,LUCKNOW,Uttar Pradesh,Corporate,14/07/2021,Paid Search,0
C02027,Vihaan Malhotra,vihaan.malhotra2027@outlook.com,+91-7192606385,Patna,Bihar,Small Business,12-31-2024,Referral,Yes
C02028,Priya Nair,priya.nair2028@yahoo.com,+91-7623056659,,Maharashtra,Corporate,15/04/2021,Social Media,Y
C02029,POOJA JAIN,pooja.jain2029@yahoo.com,+91-7671691987,Mumbai, Maharashtra ,Consumer,11/12/2022,Email,N
C02030,Tanya Jain,tanya.jain2030@mail.com,8400325632,Lucknow, Uttar Pradesh ,Corporate,08-12-2024,Direct,1
C02031,Ishaan Iyer,ishaan.iyer2031@company.in,+91-7344818666,Chennai,Tamil Nadu,Small Business,20/10/2021,Social Media,N
C02032,Priya Reddy,priya.reddy2032@outlook.com,+91-9700274469,Surat,Gujarat,Corporate,01/04/2023,Paid Search,No
C02033,Aditya Chopra,aditya.chopra2033@outlook.com,+91-8857802325,Chennai,TAMIL NADU,Consumer,2022-09-14,,Y
C02034,ankit singh,ankit.singh2034@yahoo.com,+91-8793239848,Bengaluru, Karnataka ,Corporate,25/12/2024,Social Media,0
C02035,Arjun Reddy,arjun.reddy2035@gmail.com,+91-8892322598,Bhubaneswar,Odisha,Corporate,2021-11-18,Social Media,Yes
C02036,Myra Jain,myra.jain2036@yahoo.com,7371747971,delhi,Delhi,Corporate,06/12/2021,Direct,1
C02037,Aarav Kumar,aarav.kumar2037@outlook.comm,+919902994292,CHENNAI,Tamil Nadu,Small Business,11-11-2025,Email,
C02038,Arjun Shah,,+91-9929118105,bhubaneswar,Odisha,Corporate,2021-12-08,Referral,N
C02039,Ishaan Kumar,ishaan.kumar2039@gmail.com,+91-8866091350,Coimbatore,TAMIL NADU,Small Business,2025-02-20,Social Media,Yes
C02040,Priya Bansal,priya.bansal2040@mail.com,7863076986,Chennai,Tamil Nadu,Corporate,09-29-2021,Marketplace,1
C02041,Pooja Bansal,pooja.bansal2041@yahoo.com,+91-7691948178,Patna,BIHAR,Consumer,09-27-2024,Organic Search,Yes
C02042,Vivaan Shah,vivaan.shah2042@mail.com,8253315667,Patna,Bihar,Consumer,28/02/2021,Organic Search,Y
C02043,Simran Malhotra,simran.malhotra2043@company.in,,Surat,Gujarat,Small Business,06-18-2025,Direct,1
C02044, Riya Reddy ,riya.reddy2044@yahoo.com,7759899905,Bhubaneswar,Odisha,Corporate,23/02/2022,Organic Search,0
C02045,neha sharma,neha.sharma2045@company.in,+91-9947587067,Patna,Bihar,Corporate,24/05/2023,Direct,0
C02046,Varun Nair,varun.nair2046@company.in,+91-7152382382,Noida,Uttar Pradesh,Small Business,2021-04-12,Paid Search,N
C02047,Aditya Singh,aditya.singh2047@gmail.com,,Indore,Madhya Pradesh,Corporate,03-20-2023,Email,Y
C02048,ira kapoor,ira.kapoor2048@outlook.com,+91-7889725904,Bhubaneswar, Odisha ,Small Business,13/03/2023,Email,Y
C02049,Priya Jain,priya.jain2049@mail.com,+91-8881736697,Kochi,KERALA,Consumer,06-26-2023,Marketplace,Y
C02050,Diya Agarwal, diya.agarwal2050@yahoo.com ,+918943669540,Delhi,Delhi,Consumer,08-04-2022,Direct,1
C02051,Varun Mishra,varun.mishra2051@company.in,+91-8123134782,Hyderabad,Telangana,Consumer,06-16-2026,Referral,Y
C02052,Ankit Gupta,ankit.gupta2052@yahoo.com,+91-9362868800, Kolkata ,west bengal,Small Business,01-05-2021,Social Media,0
C02053,Ira Malhotra,ira.malhotra2053@company.in,+91-8401363438,Pune,Maharashtra,Consumer,09-12-2025,Referral,No
C02054,Pooja Kumar,pooja.kumar2054@yahoo.com,+91-7197452532,Patna,Bihar,Corporate,06-27-2021,Marketplace,Y
C02055,Rohan Verma,rohan.verma2055@company.in,+91-9268444457,Bengaluru, Karnataka ,Consumer,09-15-2024,Email,N
C02056,Neha Iyer,neha.iyer2056@outlook.com,+91-9663082259,Patna,Bihar,Consumer,2023-09-25,Direct,Yes
C02057,Rohan Patel,,+91-8308204329,Gurugram,haryana,Corporate,10-19-2024,Email,
C02058,Nikhil Bansal,nikhil.bansal2058@gmail.com,+91-7020218472,Bengaluru,Karnataka,Small Business,2022-05-06,Organic Search,Y
C02059,Kiara Agarwal,kiara.agarwal2059@outlook.com,+91-8894156520,Gurugram,Haryana,Corporate,2021-01-25,Direct,Y
C02060,ANANYA VERMA,ananya.verma2060@mail.com,+91-9799002949,Nagpur,MAHARASHTRA,Consumer,03-14-2023,Social Media,Y
C02061,Nikhil Reddy,nikhil.reddy2061@outlook.com,+91-8853873643,Bengaluru,Karnataka,Consumer,05-01-2022,Organic Search,Y
C02062,sahil verma,sahil.verma2062@mail.com,+91-9895270994,hyderabad, Telangana ,Small Business,14/02/2025,Direct,1
C02063,Riya Kumar,riya.kumar2063mail.com,+91-8162575160,Nagpur, Maharashtra ,Corporate,20/09/2023,Email,
C02064,Tanya Agarwal,tanya.agarwal2064@mail.com,+91-9644344965,Kochi,Kerala,Consumer,08-05-2026,Organic Search,
C02065,Rohan Singh,rohan.singh2065@gmail.com,+91-9701832505,Chennai,Tamil Nadu,Corporate,17/08/2023,Email,Y
C02066,Sahil Sharma,sahil.sharma2066@mail.com,+91-8188668364,MUMBAI,Maharashtra,Consumer,2025-01-31,Referral,1
C02067,Tanya Agarwal,tanya.agarwal2067@outlook.com,+91-7132958327,Chandigarh,Chandigarh,Small Business,21/06/2024,Organic Search,0
C02068,KABIR MISHRA,kabir.mishra2068@company.in,+91-7841942246,Coimbatore,tamil nadu,Consumer,2021-11-01,Email,0
C02069,Vivaan Kapoor,vivaan.kapoor2069@mail.com,+91-9343097942,Chandigarh,Chandigarh,Small Business,2024-11-17,Marketplace,Y
C02070,Priya Malhotra,priya.malhotra2070@company.in,+91-9923108811,lucknow,UTTAR PRADESH,Consumer,01-25-2022,Organic Search,
C02071,Sahil Shah,sahil.shah2071@outlook.com,+91-8757851826,Chennai,Tamil Nadu,Corporate,11-14-2024,Direct,Y
C02072,Priya Saxena,priya.saxena2072@gmail.com,+91-7821103934,Chandigarh,Chandigarh,,08-18-2022,Paid Search,
C02073,Neha Mehta,neha.mehta2073mail.com,7031600655,Jaipur,RAJASTHAN,Consumer,18/09/2025,Social Media,Y
C02074,Priya Nair,priya.nair2074@mail.com,+91-9622904785,Kochi,Kerala,Consumer,2026-03-04,Marketplace,Yes
C02075,Riya Iyer,riya.iyer2075@company.in,+91-7832584105,Chennai,Tamil Nadu,Corporate,09-30-2021,Referral,No
C02076,Sneha Agarwal,sneha.agarwal2076@mail.com,+91-8137229901,Noida,Uttar Pradesh,Consumer,2022-11-03,Social Media,
C02077,Aditya Iyer,aditya.iyer2077@mail.com,+91-8580538227,Noida,Uttar Pradesh,Consumer,04-08-2022,Marketplace,
C02078,Sneha Mishra,sneha.mishra2078@mail.com,+91-7322813062,Chennai,Tamil Nadu,Small Business,26/12/2022,Paid Search,
C02079,Karan Shah,karan.shah2079@yahoo.com,+91-8216816247,Jaipur,rajasthan,Corporate,2021-09-15,Marketplace,Y
C02080,Neha Jain,neha.jain2080@mail.com,+91-9151604410,Mumbai,MAHARASHTRA,Small Business,2025-06-14,Social Media,1
C02081,Kabir Gupta,kabir.gupta2081@mail.com,+91-953546482,Delhi,Delhi,Small Business,2021-08-13,Referral,Y
C02082,simran kumar,simran.kumar2082@yahoo.com,+91-9411031185,Jaipur,Rajasthan,,2026-02-26,Paid Search,Yes
C02083,Riya Jain,riya.jain2083@yahoo.com,+91-8805792572,Chennai,Tamil Nadu,Small Business,03-20-2025,Email,
C02084,Amit Verma,amit.verma2084@company.in,+91-8479682180,Coimbatore,Tamil Nadu,Small Business,2025-03-03,Marketplace,
C02085,Ira Gupta,ira.gupta2085@outlook.com,+91-8401179331,Bhopal,Madhya Pradesh,Small Business,05-30-2025,Referral,Y
C02086,Aarav Mehta,aarav.mehta2086@mail.com,+91-7769036830,Mumbai,Maharashtra,Consumer,13/08/2021,Direct,No
C02087,Saanvi Iyer,saanvi.iyer2087@company.in,+91-8747899326,Surat,Gujarat,Corporate,07-26-2024,Marketplace,Y
C02088,Tanya Malhotra,tanya.malhotra2088@company.in,+91-8760330114,nagpur,Maharashtra,Consumer,27/02/2021,Organic Search,Yes
C02089,Meera Nair,meera.nair2089@yahoo.com,,Lucknow,Uttar Pradesh,Consumer,2024-07-23,Email,Y
C02090,Aditya Agarwal,aditya.agarwal2090@mail.com,+91-9945361919,Patna,bihar,Corporate,2026-06-14,Email,N
C02091, Myra Kapoor ,myra.kapoor2091@outlook.com,+91-9252160905,Gurugram,Haryana,Consumer,2026-07-30,Referral,Y
C02092,Ananya Mishra,ananya.mishra2092@mail.com,+91-7125004136,Bhopal,Madhya Pradesh,Corporate,04-26-2021,Email,
C02093,Saanvi Kumar,saanvi.kumar2093@outlook.com,+91-7611212814,Ahmedabad,Gujarat,Consumer,2021-06-25,Paid Search,Y
C02094,Diya Singh,,+91-8248355430,Bengaluru,Karnataka,Consumer,2022-11-08,Direct,0
C02095,Vihaan Mishra,vihaan.mishra2095@mail.com,+91-9284654046,Kochi,Kerala,Small Business,11-14-2021,Referral,0
C02096,Vihaan Verma,vihaan.verma2096@mail.com,+91-8192380126,Indore,Madhya Pradesh,Corporate,09-01-2022,Paid Search,Y
C02097,Nikhil Mehta,nikhil.mehta2097@company.in,+91-8416686196,Jaipur,Rajasthan,Small Business,08-28-2021,Marketplace,0
C02098,Diya Jain,diya.jain2098@gmail.com,+91-8783338461,Kochi,Kerala,Small Business,06-19-2021,Social Media,N
C02099,Nikhil Singh,nikhil.singh2099mail.com,+91-8486899634,Jaipur,Rajasthan,Consumer,2022-07-08,Organic Search,Y
C02100,Vihaan Iyer, vihaan.iyer2100@yahoo.com ,+91-8071241191,Kochi,Kerala,Corporate,06-13-2024,Marketplace,Yes
C02101,Vihaan Joshi,vihaan.joshi2101@company.in,+91-7332031764,Indore,Madhya Pradesh,Consumer,2026-04-16,Email,No
C02102,Meera Verma,meera.verma2102@mail.com,+917500518697,Nagpur,maharashtra,Small Business,2026-04-10,Marketplace,No
C02103,Vivaan Kapoor,vivaan.kapoor2103@mail.com,+91-7166345469,Nagpur,Maharashtra,Consumer,06/10/2025,Marketplace,Y
C02104,Varun Nair,varun.nair2104@outlook.com,+91-8104507453,Bengaluru,Karnataka,Consumer,05-12-2024,Email,Y
C02105,Aarav Sharma,aarav.sharma2105@yahoo.com,+91-8164884913,Pune,Maharashtra,Consumer,12/09/2023,Marketplace,Y
C02106,RAHUL PATEL,rahul.patel2106@yahoo.com,+91-9120904497,Chennai,Tamil Nadu,Small Business,11-26-2025,Social Media,N
C02107,Pooja Mehta,pooja.mehta2107@yahoo.com,+91-7551450706,Bhubaneswar,Odisha,Small Business,12/07/2023,Referral,N
C02108,arjun saxena,arjun.saxena2108@mail.com,+91-8206334102,Kolkata,West Bengal,Consumer,02/08/2024,Paid Search,Y
C02109,MEERA AGARWAL,meera.agarwal2109@company.in,+91-8927576295,Lucknow,Uttar Pradesh,Consumer,2021-06-05,Organic Search,
C02110,kabir kapoor,kabir.kapoor2110@company.in,+91-9600493657,HYDERABAD,Telangana,Consumer,04-01-2021,Marketplace,
C02111,Neha Patel,neha.patel2111@gmail.com,+919414155389,Mumbai, Maharashtra ,Small Business,2023-07-04,Email,Y
C02112,KARAN CHOPRA,karan.chopra2112@company.in,+91-9540306672,Lucknow, Uttar Pradesh ,Corporate,2022-11-26,Organic Search,No
C02113,Tanya Verma,tanya.verma2113@company.in,+91-8244875572,Noida,Uttar Pradesh,Small Business,2024-11-26,Referral,0
C02114,Riya Mehta,riya.mehta2114@gmail.com,9155833883,surat,GUJARAT,Small Business,25/04/2026,Organic Search,No
C02115,Kiara Agarwal,kiara.agarwal2115@company.in,+91707718400, Pune ,Maharashtra,Small Business,2022-01-05,Organic Search,N
C02116,Priya Shah,priya.shah2116@gmail.com,+91-9492035635,Hyderabad,Telangana,Small Business,12-28-2023,Organic Search,
C02117,Amit Mehta,amit.mehta2117@company.in,+91-7191110005,Chennai,Tamil Nadu,Consumer,04-08-2024,Paid Search,1
C02118,Ira Malhotra,ira.malhotra2118@mail.com,+91-7302715021, Pune ,Maharashtra,Consumer,04-30-2022,Marketplace,1
C02119,Ira Bansal,ira.bansal2119@mail.com,+91-8373331633,SURAT,Gujarat,Small Business,2026-05-30,Direct,0
C02120,VIHAAN JOSHI,vihaan.joshi2120@yahoo.com,+91-7754679454,Gurugram,,Corporate,2024-10-15,Organic Search,N
C02121,Kabir Gupta,kabir.gupta2121yahoo.com,+91-8427088475,Kolkata,West Bengal,Small Business,17/11/2022,Referral,N
C02122, Vivaan Saxena ,vivaan.saxena2122@mail.com,+91-9500149549,Nagpur,Maharashtra,Consumer,11/02/2021,Social Media,0
C02123,Aarav Iyer,aarav.iyer2123@mail.com,+91-7680131807,Surat,Gujarat,Small Business,03-25-2025,Direct,1
C02124,Kiara Kumar,kiara.kumar2124@gmail.com,+91-7358072890,Ahmedabad,gujarat,Small Business,03-05-2025,Email,Y
C02125,Nikhil Verma,nikhil.verma2125@gmail.com,+91-7095998530,coimbatore,tamil nadu,Consumer,17/06/2025,Direct,Y
C02126,Ananya Malhotra,ananya.malhotra2126@outlook.com,+91-7886657453,Indore,Madhya Pradesh,Corporate,27/08/2025,Email,Y
C02127,Vivaan Bansal,,7006184179,Surat,Gujarat,Small Business,08-05-2023,Organic Search,N
C02128,Ananya Gupta,ananya.gupta2128@outlook.com,+91-8179853511,Surat,Gujarat,Small Business,05/06/2023,Paid Search,Yes
C02129,Rahul Kapoor,rahul.kapoor2129@gmail.com,+91-7148341711,Indore,Madhya Pradesh,Corporate,12-10-2022,Email,Y
C02130,Rahul Sharma,rahul.sharma2130@gmail.com,+91-9433310135,Indore,Madhya Pradesh,Corporate,05-21-2025,Paid Search,Y
C02131,Kabir Saxena,kabir.saxena2131@gmail.com,+91-7483934396,Chennai,Tamil Nadu,Consumer,2022-11-28,Organic Search,Y
C02132,Vihaan Joshi,vihaan.joshi2132@mail.com,+91-8603488527,Lucknow,Uttar Pradesh,Corporate,01/03/2026,Organic Search,0
C02133,Karan Chopra,karan.chopra2133@company.in,+91-9302802158,MUMBAI,Maharashtra,Corporate,10-22-2022,Direct,N
C02134,Kabir Kumar,kabir.kumar2134@yahoo.com,+91-9388917590,Chennai,Tamil Nadu,Small Business,2022-10-12,Social Media,Yes
C02135,Nikhil Gupta,nikhil.gupta2135@company.in,+91-9517798638,Kochi,Kerala,Consumer,10/08/2024,Organic Search,No
C02136,Diya Sharma,diya.sharma2136@mail.com,+91-9335359478,noida,Uttar Pradesh,Consumer,24/04/2021,Referral,Yes
C02137,Pooja Mishra,pooja.mishra2137@company.in,+91-7503160448,NOIDA,Uttar Pradesh,Consumer,09-01-2023,Email,
C02138,Riya Kumar,riya.kumar2138@gmail.com,+91-9777736451,Hyderabad,Telangana,Consumer,03-12-2023,Organic Search,Y
C02139,Aarav Sharma,aarav.sharma2139@yahoo.com,+91-8991202933,Hyderabad,Telangana,Consumer,12/10/2023,Organic Search,0
C02140,Saanvi Verma,saanvi.verma2140@yahoo.com,+91-7211411274,Jaipur, Rajasthan ,Corporate,11/04/2025,Organic Search,Y
C02141,Rahul Saxena,rahul.saxena2141@company.in,+91-9459032074,chandigarh,Chandigarh,Small Business,04-01-2024,Direct,0
C02142,Kabir Nair,kabir.nair2142@gmail.com,+91-8199516799,Patna,bihar,Corporate,07-09-2022,Marketplace,No
C02143,Karan Jain,karan.jain2143@outlook.com,+91-9813305165,Patna,Bihar,Consumer,08/12/2021,Paid Search,Y
C02144,Diya Gupta,diya.gupta2144@outlook.com,+91-8805882993,Indore,Madhya Pradesh,Corporate,01-20-2024,Email,Yes
C02145,pooja singh,pooja.singh2145@yahoo.com,+91-9043810547,Patna,Bihar,Corporate,06-05-2024,Organic Search,Y
C02146,Aarav Malhotra,aarav.malhotra2146@mail.com,+91-8491780420, Kolkata ,West Bengal,Small Business,11/07/2024,Email,Yes
C02147,Sneha Joshi,sneha.joshi2147@mail.com,+91-8158431583,Bhopal,madhya pradesh,Small Business,20/04/2023,Email,
C02148,Nikhil Mehta,,+91-8652705061,Chennai,Tamil Nadu,Corporate,01/09/2023,Referral,Y
C02149,Kiara Jain,kiara.jain2149@outlook.com,+91-7109426662,Bhopal,Madhya Pradesh,Corporate,03-30-2024,Direct,N
C02150,Ananya Bansal,ananya.bansal2150@gmail.com,7533483391,Nagpur,Maharashtra,Corporate,03-20-2025,Referral,Y
C02151,Diya Reddy,diya.reddy2151@mail.com,+91-7499633663,Nagpur,Maharashtra,Corporate,2025-01-25,Organic Search,Y
C02152,Simran Nair,simran.nair2152@company.in,+91-8281013576,Patna,Bihar,Consumer,12-10-2025,Direct,Y
C02153,Diya Mishra,diya.mishra2153@outlook.com,+91-8606941700,Bhubaneswar,Odisha,Small Business,2026-02-14,Marketplace,Yes
C02154,Rohan Sharma,rohan.sharma2154@gmail.com,+91-7038890794,Kolkata,West Bengal,Consumer,09-27-2021,Referral,Y
C02155,Sneha Singh,,+91-7735828278,Gurugram,Haryana,Corporate,2025-01-06,Paid Search,1
C02156,Arjun Mehta,arjun.mehta2156@outlook.com,+91-7353186749,Lucknow, Uttar Pradesh ,Corporate,09/06/2022,Marketplace,1
C02157,Saanvi Mishra,saanvi.mishra2157@company.in,+91-7945239137,Jaipur,Rajasthan,Corporate,04-23-2024,Social Media,N
C02158,Vihaan Kapoor,vihaan.kapoor2158@mail.com,+91-9520829692,SURAT, Gujarat ,Corporate,09-16-2021,Organic Search,Y
C02159,Riya Patel,riya.patel2159@outlook.com,+91-7574856873,Mumbai,maharashtra,Consumer,02/03/2022,Social Media,No
C02160,Rahul Nair,rahul.nair2160@company.in,+91-8476707789,Coimbatore,Tamil Nadu,Small Business,12/06/2026,Marketplace,Y
C02161,Ishaan Sharma,ishaan.sharma2161@yahoo.com,+91-8933178983,Delhi,Delhi,Corporate,2023-06-09,Organic Search,Y
C02162,Pooja Kumar,pooja.kumar2162@gmail.com,+91-7238576307,Kochi,Kerala,Consumer,2022-05-30,Organic Search,Y
C02163,aarav agarwal,aarav.agarwal2163@gmail.com,+91-9514280662,Bhopal,Madhya Pradesh,Corporate,2025-06-29,Marketplace,Y
C02164,Amit Jain,amit.jain2164@yahoo.com,+919338151087,Jaipur,Rajasthan,Corporate,08-04-2025,Email,1
C02165,Vihaan Gupta,vihaan.gupta2165@outlook.com,+91-9922410693,Hyderabad,Telangana,Consumer,22/07/2025,Direct,Yes
C02166,Ananya Bansal,ananya.bansal2166@mail.com,+91-8333111984,Surat,Gujarat,Consumer,12-27-2022,Organic Search,
C02167,Kabir Bansal,kabir.bansal2167@outlook.com,+91-9581617733,Bhopal,MADHYA PRADESH,Small Business,08-27-2022,Paid Search,0
C02168,tanya sharma,tanya.sharma2168@mail.com,+91-7218476965,Kolkata,West Bengal,Corporate,05-19-2023,Marketplace,N
C02169,Ankit Reddy,ankit.reddy2169@company.in,8459110044,Jaipur,Rajasthan,Consumer,11-17-2024,Marketplace,Y
C02170,Karan Bansal,karan.bansal2170@outlook.com,+91-8155904962,Hyderabad,TELANGANA,Small Business,2024-12-08,Email,No
C02171,aanya reddy,aanya.reddy2171@gmail.com,+91-9949518538,Jaipur,Rajasthan,Corporate,02-15-2022,Direct,Y
C02172,Kabir Verma,kabir.verma2172@outlook.com,+91-9543146498,Hyderabad,Telangana,Consumer,07-13-2025,Direct,N
C02173,diya mishra,diya.mishra2173@company.in,+91-7495019872,Gurugram,Haryana,Consumer,13/02/2023,Referral,1
C02174,AANYA MISHRA,aanya.mishra2174@yahoo.com,+91-9660998711,Jaipur,Rajasthan,Corporate,07-16-2026,Marketplace,No
C02175,Diya Sharma, diya.sharma2175@company.in ,+91-9245651694,Bengaluru,Karnataka,Corporate,10-14-2022,Direct,1
C02176,Ankit Kapoor,ankit.kapoor2176@mail.com,+91-7773201746,Nagpur,Maharashtra,Small Business,2023-03-13,Direct,0
C02177,Rahul Kumar,rahul.kumar2177@outlook.com,+91-9737116374,Coimbatore,Tamil Nadu,Consumer,18/04/2024,Email,Y
C02178,Ira Jain,ira.jain2178@outlook.com,+91-8920349953,Jaipur,Rajasthan,Corporate,2024-06-12,Social Media,1
C02179,Pooja Shah,pooja.shah2179@yahoo.com,9501044371,,Telangana,Corporate,02-29-2024,Email,Y
C02180,Ankit Reddy,ankit.reddy2180@mail.com,+91-8632312299,Bhubaneswar,Odisha,Small Business,11/11/2025,Organic Search,N
C02181,Meera Gupta,meera.gupta2181@gmail.com,+91-8595693900, Bhubaneswar ,Odisha,Consumer,2026-07-18,Organic Search,Y
C02182,Aarav Kumar,aarav.kumar2182@mail.com,+91-7290422940,Noida,uttar pradesh,Small Business,2022-06-14,Email,Yes
C02183,Ankit Patel,ankit.patel2183@mail.com,+91-9978416079,Chennai,Tamil Nadu,Corporate,02-05-2021,Social Media,Yes
C02184,Rohan Mishra,rohan.mishra2184@gmail.com,+91-9841613205, Kochi ,Kerala,Corporate,06-24-2022,Referral,
C02185,Ankit Malhotra,,+91-9500396134,Kolkata,West Bengal,Corporate,2022-12-08,Email,Y
C02186,Varun Patel,varun.patel2186@mail.com,+91-8185085404,kochi,Kerala,Small Business,2024-04-16,Marketplace,Y
C02187,Ankit Iyer, ankit.iyer2187@yahoo.com ,+91-9928881794,Bengaluru,,Consumer,2025-09-22,Organic Search,
C02188,Arjun Kapoor,arjun.kapoor2188@gmail.com,+91-7749576729,Patna,BIHAR,Corporate,08-12-2022,Organic Search,
C02189,neha jain,neha.jain2189@mail.com,+91-7822718253,AHMEDABAD,Gujarat,Consumer,2025-10-07,Paid Search,0
C02190,Varun Reddy,varun.reddy2190@gmail.com,+91-8918127937,Hyderabad,Telangana,Consumer,12-18-2023,Direct,N
C02191,Vivaan Mehta,,+91-8880969511,,Tamil Nadu,Small Business,26/07/2021,Referral,
C02192,Ira Shah,ira.shah2192@company.in,+91-8362277126,NAGPUR,Maharashtra,Corporate,30/06/2023,Marketplace,No
C02193,Myra Jain,myra.jain2193@company.in,+91-9252676052,Surat,Gujarat,Corporate,05/03/2026,Social Media,0
C02194,Nikhil Joshi,nikhil.joshi2194@yahoo.com,7097687577,Kochi,Kerala,Small Business,09-25-2024,Marketplace,
C02195,Neha Verma,neha.verma2195@gmail.com,9212961047,COIMBATORE,Tamil Nadu,Consumer,18/03/2024,Marketplace,No
C02196,Nikhil Reddy,nikhil.reddy2196@yahoo.com,+91-7041945833,Jaipur,RAJASTHAN,Corporate,10-19-2023,Marketplace,
C02197,ARJUN JAIN,arjun.jain2197@company.in,+91-7593250947,Noida,Uttar Pradesh,Small Business,05-25-2026,Organic Search,1
C02198,Rohan Sharma,rohan.sharma2198@company.in,+91-7955971774,Ahmedabad,Gujarat,Small Business,21/11/2023,Email,
C02199,Ira Gupta,ira.gupta2199@gmail.com,+91-838697091,Delhi,Delhi,Corporate,2022-02-24,Referral,No
C02200,rohan singh,rohan.singh2200@yahoo.com,+91-7632179598,Indore,Madhya Pradesh,Corporate,27/06/2023,Referral,
C02201,Nikhil Agarwal,nikhil.agarwal2201@gmail.com,+91-8423187591,Chandigarh,Chandigarh,Small Business,09-07-2021,Social Media,1
C02202,Simran Kumar,,+91-7083504096,Patna,Bihar,Corporate,2021-09-21,Direct,0
C02203,Rahul Agarwal,rahul.agarwal2203@mail.com,+91-7798734581,Mumbai,Maharashtra,Corporate,26/03/2023,Marketplace,0
C02204,ROHAN BANSAL,rohan.bansal2204@company.in,+91-9906755933,Nagpur,Maharashtra,Consumer,10/02/2026,Organic Search,1
C02205,Pooja Iyer,pooja.iyer2205@yahoo.com,+91-9598765497,HYDERABAD,Telangana,Consumer,02/05/2021,Paid Search,
C02206,Arjun Nair,arjun.nair2206@company.in,+91-8394284875,Chandigarh,Chandigarh,Corporate,02-26-2023,Social Media,Y
C02207,Sneha Kumar,sneha.kumar2207@yahoo.com,+91-7298792533,Indore,Madhya Pradesh,Consumer,21/09/2022,Paid Search,Yes
C02208,vivaan jain,vivaan.jain2208@yahoo.com,+91-9930111435,Patna,Bihar,Small Business,2024-05-26,Organic Search,Yes
C02209,Pooja Malhotra,pooja.malhotra2209@yahoo.com,+91-8602924771,Indore,madhya pradesh,Small Business,11-22-2024,Referral,0
C02210,Rohan Patel,rohan.patel2210@company.in,+91-7750337067,Lucknow,Uttar Pradesh,Small Business,04-27-2022,Organic Search,Y
C02211,KIARA SHAH,kiara.shah2211@mail.com,+91-7637848447,Lucknow,Uttar Pradesh,Small Business,23/02/2023,Organic Search,Y
C02212,Kiara Mehta,kiara.mehta2212@yahoo.com,9288395785,kochi,Kerala,Corporate,12-28-2024,Email,Yes
C02213,aditya agarwal,aditya.agarwal2213@yahoo.com,+91-7145795037,Gurugram,Haryana,Consumer,12-31-2024,Organic Search,Yes
C02214,Meera Verma,meera.verma2214@gmail.com,+91-9997902539,COIMBATORE,Tamil Nadu,Corporate,28/11/2025,Referral,1
C02215,Arjun Kumar,arjun.kumar2215@outlook.com,+91-8438855134,Chandigarh,Chandigarh,Consumer,05-08-2026,Email,Yes
C02216,Nikhil Chopra,nikhil.chopra2216@yahoo.com,+91-8260028404,Chennai,Tamil Nadu,Small Business,08/03/2026,Marketplace,N
C02217,Varun Kumar,varun.kumar2217@outlook.com,+91-8828743860,Kochi,Kerala,Corporate,12/12/2021,Paid Search,Y
C02218,Aarav Verma,aarav.verma2218@outlook.com,+91-8192222646,Noida,Uttar Pradesh,Corporate,07-04-2025,Marketplace,Y
C02219,Ananya Shah,ananya.shah2219@yahoo.com,+91-7706903790,Kolkata,West Bengal,Consumer,02-02-2021,,Y
C02220,Ishaan Kumar,ishaan.kumar2220@company.in,+91-9196601035,Chandigarh,CHANDIGARH,Corporate,2021-10-12,Social Media,Y
C02221,Kabir Patel,kabir.patel2221@gmail.com,+91-9514664565,Gurugram,Haryana,Consumer,03-16-2026,Organic Search,0
C02222,ankit verma,ankit.verma2222@company.in,,Pune,Maharashtra,Consumer,23/12/2023,Marketplace,Yes
C02223,Pooja Chopra, pooja.chopra2223@yahoo.com ,+91-9737302765,Bhopal,Madhya Pradesh,Corporate,04-05-2025,Marketplace,Y
C02224, Kiara Saxena ,kiara.saxena2224@gmail.com,+91-8774365224,Bhopal,Madhya Pradesh,Corporate,10/03/2021,Paid Search,No
C02225,Neha Nair,neha.nair2225@gmail.com,9095992384,Kolkata,,Consumer,2024-04-02,Email,0
C02226,AARAV BANSAL,AARAV.BANSAL2226@YAHOO.COM,+91-8237093950,Mumbai,MAHARASHTRA,Small Business,11/02/2022,Social Media,No
C02227,NIKHIL MALHOTRA,nikhil.malhotra2227@company.in,+91-9763188930,Nagpur,Maharashtra,Corporate,02-28-2026,Marketplace,Y
C02228,Priya Kapoor,priya.kapoor2228@mail.com,+91-7807070650,Ahmedabad,GUJARAT,,29/09/2024,Referral,N
C02229,Ankit Kumar,ankit.kumar2229@outlook.com,+91-9398746187,Indore,Madhya Pradesh,Corporate,2022-10-23,,Yes
C02230,Ankit Malhotra,ankit.malhotra2230@company.in,+91-7241362727,Ahmedabad,Gujarat,Consumer,15/12/2021,Paid Search,No
C02231,Sahil Verma,sahil.verma2231@mail.com,8091648515,Gurugram,Haryana,Corporate,2021-03-22,Paid Search,0
C02232,KIARA KAPOOR,kiara.kapoor2232@outlook.com,+91-8259521559,Nagpur,Maharashtra,Small Business,2026-07-16,Marketplace,Y
C02233,Myra Kapoor,myra.kapoor2233@mail.com,+91-8179443089,Delhi,Delhi,Small Business,01-14-2023,Paid Search,N
C02234,Meera Patel,meera.patel2234@gmail.com,+91-9005575099,Kolkata,West Bengal,Small Business,01/04/2026,Social Media,1
C02235,Sneha Jain,sneha.jain2235@gmail.com,9728871482,Gurugram,Haryana,Corporate,08-06-2024,Paid Search,0
C02236,Myra Singh,myra.singh2236@gmail.comm,8700069665,Patna, Bihar ,Corporate,2024-12-17,Organic Search,
C02237,pooja sharma,pooja.sharma2237@company.in,+91-7033679644,Mumbai,Maharashtra,Consumer,26/05/2023,Email,0
C02238,myra jain,myra.jain2238@outlook.com,+91-9369654789,Jaipur,Rajasthan,Corporate,2024-05-03,Paid Search,0
C02239,Ira Jain,ira.jain2239@gmail.com,+91-8285499820,Bengaluru,Karnataka,Consumer,09-09-2021,Direct,1
C02240,ISHAAN GUPTA,ishaan.gupta2240@mail.com,9800100563,Mumbai,Maharashtra,Consumer,08/05/2023,,0
C02241,Ishaan Agarwal,ISHAAN.AGARWAL2241@YAHOO.COM,+918468969262,Pune, Maharashtra ,Consumer,08-14-2025,Organic Search,Yes
C02242,Ankit Reddy,ankit.reddy2242@mail.com,+91-7096812298,Kolkata, West Bengal ,Small Business,2023-10-22,Organic Search,Y
C02243,MYRA MALHOTRA,myra.malhotra2243@yahoo.com,+91-8218589741, Coimbatore ,TAMIL NADU,Corporate,19/05/2022,Paid Search,Yes
C02244,Ishaan Chopra,ishaan.chopra2244@gmail.com,+91-8485470688, Pune ,Maharashtra,Corporate,09-04-2023,Direct,N
C02245,Rohan Kumar,rohan.kumar2245@yahoo.com,+91-8915320757,Lucknow,Uttar Pradesh,Corporate,02-28-2023,Social Media,Y
C02246,Simran Gupta,simran.gupta2246@yahoo.com,+91-9722559561,Bhubaneswar,Odisha,Small Business,2021-07-13,Paid Search,1
C02247,Vihaan Iyer,vihaan.iyer2247@company.in,+91-8455257918,Chennai,Tamil Nadu,Small Business,18/10/2021,Direct,Y
C02248,Pooja Kapoor,pooja.kapoor2248@company.in,+91-7670722397,Coimbatore,Tamil Nadu,Consumer,02/06/2025,Direct,
C02249,Rohan Mishra,rohan.mishra2249@company.in,+91-9464749217,Patna,bihar,Small Business,12-04-2023,Marketplace,Yes
C02250,Pooja Sharma,pooja.sharma2250@outlook.com,+91-8570657359,Kochi,Kerala,Consumer,21/05/2024,Referral,No
C02251,Neha Malhotra,neha.malhotra2251@company.in,+91-7720578923,Kochi,Kerala,Corporate,01/08/2023,Direct,Y
C02252,Simran Mishra,simran.mishra2252@mail.com,+91-9800762564,Bhubaneswar,Odisha,Small Business,10/07/2023,Email,
C02253,Varun Bansal,varun.bansal2253yahoo.com,+91-7271916767,Chennai,Tamil Nadu,Corporate,04/11/2023,Direct,Y
C02254,Diya Joshi,diya.joshi2254@mail.com,8167657172,Gurugram,Haryana,Small Business,10/05/2024,Social Media,No
C02255,Aditya Kumar,aditya.kumar2255@mail.com,+91-9763924464,Hyderabad,Telangana,Consumer,04-18-2022,Paid Search,Y
C02256,Priya Singh,priya.singh2256@mail.com,+91-9747548853,Bengaluru,Karnataka,Corporate,07-23-2023,Email,0
C02257,Pooja Sharma,pooja.sharma2257@outlook.com,+91-9805163541,Chennai,Tamil Nadu,Small Business,08-14-2026,Direct,Y
C02258,Rohan Gupta,rohan.gupta2258@yahoo.com,+91-7877209523,Bengaluru,karnataka,Corporate,03-15-2026,Referral,No
C02259,Saanvi Singh,saanvi.singh2259@yahoo.com,+91-8298590350,Chandigarh,Chandigarh,Corporate,08-04-2021,Social Media,Y
C02260,Arjun Malhotra,arjun.malhotra2260@mail.com,+91-8887494669,Chandigarh,Chandigarh,Corporate,2024-06-11,Paid Search,Y
C02261,Vihaan Iyer,vihaan.iyer2261@gmail.com,+91-8225757562,Bhopal,Madhya Pradesh,Small Business,02-15-2023,Organic Search,1
C02262,Simran Singh,simran.singh2262@gmail.com,+91-8864461645,bengaluru, Karnataka ,Consumer,2023-05-10,Marketplace,Yes
C02263,Sahil Kumar,sahil.kumar2263@gmail.com,+91-7798791088,Pune,Maharashtra,Corporate,31/05/2023,Direct,No
C02264,Pooja Sharma,pooja.sharma2264@yahoo.com,+91-7664731177,MUMBAI,Maharashtra,Small Business,03-01-2021,Direct,Y
C02265,Vihaan Jain,vihaan.jain2265@mail.com,,BENGALURU,Karnataka,Consumer,11-08-2025,Referral,N
C02266,Nikhil Kapoor,nikhil.kapoor2266@outlook.com,+91-9602011443,MUMBAI,Maharashtra,Consumer,12-24-2021,Paid Search,N
C02267,Aditya Jain,aditya.jain2267@mail.com,+91-9495016192,COIMBATORE, Tamil Nadu ,Corporate,06-08-2021,Marketplace,0
C02268,Riya Joshi, riya.joshi2268@gmail.com ,+91-9302035942,Delhi,Delhi,Small Business,13/09/2022,Organic Search,Y
C02269,Riya Mehta,riya.mehta2269@gmail.com,7402514514,Mumbai,MAHARASHTRA,Consumer,27/12/2025,Paid Search,No
C02270,Pooja Kapoor,pooja.kapoor2270@gmail.com,+91-8260276687,chennai,Tamil Nadu,Corporate,02/04/2026,Paid Search,Y
C02271,Aanya Kumar,aanya.kumar2271@company.in,+91-7401527836,Gurugram,Haryana,Small Business,2021-04-30,Marketplace,Y
C02272,Diya Patel,diya.patel2272@mail.com,+91-7105772800,Nagpur,Maharashtra,Small Business,2025-03-10,Marketplace,N
C02273,priya sharma,priya.sharma2273@company.in,+91-7963579139,Nagpur,Maharashtra,Consumer,11-08-2023,,Y
C02274,Vihaan Mehta, vihaan.mehta2274@mail.com ,+91-7746998590,Lucknow, Uttar Pradesh ,Consumer,24/02/2025,Organic Search,No
C02275,Priya Agarwal,priya.agarwal2275@outlook.com,+91-9458108072,Kolkata,West Bengal,Consumer,2024-07-15,Direct,No
C02276,Tanya Gupta,tanya.gupta2276@gmail.com,+91-8846032978,Nagpur,Maharashtra,Consumer,2021-05-17,Paid Search,N
C02277,Nikhil Saxena,nikhil.saxena2277@outlook.com,+917671435209,Bhopal,Madhya Pradesh,Corporate,2025-03-13,Marketplace,Yes
C02278,Meera Reddy,meera.reddy2278@mail.com,+91-8867314129,Mumbai,Maharashtra,Consumer,12-23-2023,Referral,Y
C02279,Amit Sharma,amit.sharma2279@yahoo.com,+91-9606497130,Noida,Uttar Pradesh,Small Business,02-16-2025,Referral,Y
C02280,Varun Kumar,varun.kumar2280@gmail.com,+91-9464761545, Ahmedabad ,,Corporate,09/12/2021,Social Media,0
C02281,Nikhil Saxena,nikhil.saxena2281@yahoo.com,+91-7163372539,Ahmedabad,Gujarat,Corporate,13/01/2023,Referral,Y
C02282,Saanvi Jain,saanvi.jain2282@mail.com,7647314111,Chandigarh,,Consumer,11/02/2025,Email,
C02283,VARUN SAXENA,varun.saxena2283@company.in,+91-7885920849,bengaluru,KARNATAKA,Consumer,08/08/2022,Organic Search,No
C02284,Neha Bansal,neha.bansal2284@company.in,+91-8312786153,Noida,Uttar Pradesh,Corporate,2021-09-01,Email,
C02285,Tanya Singh,tanya.singh2285@gmail.com,+91-9938321955,Bhopal,Madhya Pradesh,Corporate,2023-07-14,Marketplace,
C02286,Kiara Kumar,kiara.kumar2286@yahoo.com,+91-7544660088,Delhi,Delhi,Corporate,2022-07-30,Paid Search,N
C02287,Arjun Sharma,arjun.sharma2287@gmail.com,+91-8399207923,Nagpur,Maharashtra,Small Business,12-22-2022,Marketplace,Y
C02288,Amit Mehta,amit.mehta2288@outlook.com,+91-8757108691,Bengaluru,Karnataka,Small Business,2023-02-14,Social Media,No
C02289,Kiara Bansal,kiara.bansal2289@mail.com,+91-9842357893,pune,Maharashtra,Consumer,23/10/2025,Social Media,0
C02290,Ananya Nair,ananya.nair2290@outlook.com,8595298262,Chandigarh,Chandigarh,Consumer,19/07/2023,Referral,0
C02291,Vivaan Verma,vivaan.verma2291@outlook.com,+91-9316279792,Patna,Bihar,Consumer,29/09/2021,Paid Search,Y
C02292,Arjun Kapoor,arjun.kapoor2292@mail.com,+91-8958908782,Jaipur,Rajasthan,Small Business,04-14-2023,Marketplace,1
C02293,Rohan Singh,rohan.singh2293@outlook.com,+91-7348189410,lucknow,Uttar Pradesh,Consumer,10-10-2022,Direct,0
C02294,Ira Shah, ira.shah2294@gmail.com ,+91-8202903342,Ahmedabad,Gujarat,Small Business,18/12/2025,Direct,1
C02295,Vihaan Verma,vihaan.verma2295@company.in,+91-9746833181,Delhi,Delhi,Corporate,11-09-2021,Marketplace,1
C02296,Kabir Kapoor,kabir.kapoor2296@mail.com,+91-7205600060,Bhubaneswar,ODISHA,Corporate,09/03/2026,Marketplace,Y
C02297,Neha Joshi,neha.joshi2297@company.in,+91-8767721186,Bhubaneswar,Odisha,Small Business,16/06/2021,Referral,N
C02298,Pooja Kapoor, pooja.kapoor2298@yahoo.com ,+91894487857,Bhopal,madhya pradesh,Consumer,02-04-2024,,0
C02299,Pooja Sharma,pooja.sharma2299@company.in,+91-9306553478,Coimbatore,TAMIL NADU,Corporate,2025-03-11,Paid Search,Yes
C02300,Priya Kapoor,priya.kapoor2300@gmail.com,+91-8543628994,Chandigarh,Chandigarh,Consumer,07-11-2025,Direct,Y
C02301,Pooja Shah,pooja.shah2301@yahoo.com,+91-8094512448,Pune,Maharashtra,Small Business,29/04/2024,Social Media,Y
C02302,sahil jain,sahil.jain2302@company.in,+91-9521977070,Bengaluru,KARNATAKA,Corporate,2023-10-26,Organic Search,0
C02303,Neha Chopra,neha.chopra2303@company.in,+91-7106906953,Coimbatore,Tamil Nadu,Small Business,06-15-2024,Direct,Y
C02304,Kabir Sharma,kabir.sharma2304@outlook.com,7454885255,Hyderabad,Telangana,Consumer,09-27-2024,Social Media,Y
C02305,Myra Patel,myra.patel2305@mail.com,+91-9850119688,Nagpur,Maharashtra,Small Business,03-16-2023,Direct,Y
C02306,myra jain,myra.jain2306@mail.com,7306925453,Gurugram,Haryana,Corporate,29/01/2022,Email,Y
C02307,ishaan jain,ishaan.jain2307@yahoo.com,+91-7159696964,Pune,Maharashtra,Corporate,2026-08-09,Paid Search,0
C02308,Amit Chopra,amit.chopra2308@yahoo.comm,+91-7131115478,Chennai,Tamil Nadu,Small Business,2023-03-05,Marketplace,Y
C02309,Ishaan Patel,ishaan.patel2309@gmail.com,+91-8564531944,Jaipur,Rajasthan,Small Business,18/02/2023,Referral,0
C02310,vihaan kumar,vihaan.kumar2310@gmail.com,+91-8960208831, Lucknow ,Uttar Pradesh,Consumer,2023-07-16,Paid Search,N
C02311,Nikhil Verma,nikhil.verma2311@outlook.com,+91-7670224297,Delhi,DELHI,Corporate,02/07/2026,Organic Search,
C02312,Rahul Shah,rahul.shah2312@yahoo.com,+91-7964216842,BENGALURU,Karnataka,Consumer,2024-08-11,Marketplace,Y
C02313,Kabir Shah,kabir.shah2313@gmail.com,+91-8442689050, Indore ,Madhya Pradesh,Small Business,19/09/2023,Marketplace,No
C02314,AMIT KAPOOR,amit.kapoor2314@yahoo.com,+91-8497245791,Pune,maharashtra,Small Business,05-27-2022,Direct,0
C02315,Sahil Singh,sahil.singh2315@outlook.com,+91-9713947541,Chennai,Tamil Nadu,Small Business,12/01/2024,Organic Search,No
C02316,Diya Agarwal,diya.agarwal2316@mail.com,+91-9715103238,Noida,Uttar Pradesh,Corporate,26/07/2021,Marketplace,Y
C02317,Meera Verma,meera.verma2317@company.in,8320586529,Bengaluru,Karnataka,Consumer,2021-03-17,Paid Search,N
C02318,Ishaan Mehta,ishaan.mehta2318@company.in,+91-8517922708,Bhopal, Madhya Pradesh ,Corporate,14/08/2022,Marketplace,Y
C02319,Aanya Gupta,aanya.gupta2319@yahoo.com,+91-7481379175,Chandigarh,Chandigarh,Corporate,08-28-2024,Direct,
C02320,Aditya Sharma,aditya.sharma2320@gmail.com,+91-9103352406,COIMBATORE,Tamil Nadu,Consumer,2024-10-03,Direct,Y
C02321,Aanya Mishra,aanya.mishra2321@gmail.com,+91-9748809644,JAIPUR,RAJASTHAN,Consumer,25/06/2024,Email,1
C02322,Kiara Bansal,kiara.bansal2322@company.in,+91-9879628782,Indore,madhya pradesh,Corporate,2022-09-10,Direct,Y
C02323,Aditya Mishra,aditya.mishra2323@gmail.com,+91-7702651857,bhopal,Madhya Pradesh,Small Business,06-15-2022,Marketplace,Y
C02324,Vihaan Patel,vihaan.patel2324@yahoo.com,+91-8310640581,Ahmedabad,Gujarat,Corporate,2026-07-03,Paid Search,Y
C02325,VARUN KAPOOR, varun.kapoor2325@mail.com ,+91-8701516980,Mumbai, Maharashtra ,Small Business,2023-10-31,Paid Search,N
C02326,Rahul Saxena,rahul.saxena2326@yahoo.com,+91-8683317679,Mumbai,Maharashtra,Small Business,2025-11-21,Marketplace,Yes
C02327,meera mishra,meera.mishra2327@gmail.com,+91-868964425,Kolkata,West Bengal,Corporate,2025-01-02,Referral,0
C02328, Varun Kumar ,varun.kumar2328@yahoo.com,+91-7309767293,Surat,Gujarat,Corporate,08-16-2025,Email,Yes
C02329,Karan Saxena,karan.saxena2329@mail.com,+91-7762391336,Mumbai,Maharashtra,Corporate,02-13-2021,Organic Search,Y
C02330,Ananya Bansal,ananya.bansal2330@company.in,+91-9299805706,Mumbai,Maharashtra,Small Business,17/01/2023,Organic Search,1
C02331,Kabir Sharma,kabir.sharma2331@yahoo.com,+91-8048462245,Bengaluru,Karnataka,Consumer,09-17-2024,Marketplace,1
C02332,Vihaan Iyer,vihaan.iyer2332@mail.com,,Indore,Madhya Pradesh,Small Business,03-31-2021,Direct,No
C02333,Riya Saxena,riya.saxena2333@yahoo.com,+91-7460890381,Kolkata,west bengal,Corporate,27/06/2021,Referral,Y
C02334,Priya Chopra,priya.chopra2334@gmail.com,+91-9902326001,Noida,Uttar Pradesh,Corporate,22/12/2021,Direct,Y
C02335,Vihaan Mishra,vihaan.mishra2335@yahoo.com,+91-8465311060,Bhubaneswar,Odisha,Small Business,2021-09-22,Social Media,0
C02336,Sneha Malhotra,,+91-7676789533,Chandigarh,Chandigarh,Corporate,10/03/2024,,1
C02337,Pooja Shah,pooja.shah2337@company.in,+91-8254797161,Surat,Gujarat,Corporate,28/12/2023,Social Media,No
C02338,ira bansal,ira.bansal2338@mail.com,+91-9558183354,Chennai, Tamil Nadu ,Small Business,2024-11-09,Referral,Yes
C02339,sahil jain,sahil.jain2339@yahoo.com,+91-9919664052,Coimbatore,Tamil Nadu,Small Business,04-25-2024,Email,0
C02340,Sahil Nair,sahil.nair2340@gmail.com,+91-8216110660,Pune,Maharashtra,Small Business,28/04/2022,Marketplace,N
C02341,Ishaan Kumar,ishaan.kumar2341@company.in,+91-9218809926,Hyderabad,Telangana,Small Business,10-20-2021,Organic Search,0
C02342,Simran Sharma,simran.sharma2342@yahoo.com,+91-9521256567,,Maharashtra,Small Business,11-18-2021,Social Media,Y
C02343,Vivaan Agarwal,vivaan.agarwal2343@outlook.com,+91-8441309543,Lucknow,Uttar Pradesh,Consumer,2021-08-03,Direct,
C02344,Karan Sharma,karan.sharma2344@outlook.comm,+91-8625928928,Chennai,Tamil Nadu,Corporate,12-10-2022,Email,0
C02345,Pooja Kapoor,pooja.kapoor2345@gmail.com,+91-8139146469,Bengaluru,Karnataka,Corporate,2025-06-16,Marketplace,1
C02346,NIKHIL KUMAR,nikhil.kumar2346@yahoo.com,+91-7270415714,Hyderabad,Telangana,Small Business,2021-03-27,Direct,Y
C02347,Sahil Iyer,sahil.iyer2347@outlook.com,+91-9965617762,Bengaluru,Karnataka,Consumer,2024-03-13,Paid Search,Y
C02348,Pooja Nair,pooja.nair2348@gmail.com,,Jaipur,Rajasthan,Corporate,2025-05-25,Direct,N
C02349,Sneha Saxena,SNEHA.SAXENA2349@YAHOO.COM,+91-8467220502,NOIDA,Uttar Pradesh,Corporate,2026-04-10,Marketplace,0
C02350,Vihaan Singh,vihaan.singh2350@mail.com,+91-7797508632, Mumbai ,Maharashtra,Corporate,10-05-2024,Direct,Y
C02351,Ananya Shah,ANANYA.SHAH2351@OUTLOOK.COM,+91-8717842941,Hyderabad,Telangana,Corporate,11-16-2024,Paid Search,
C02352,Rohan Nair,rohan.nair2352@mail.com,+91-9072949431,Lucknow,Uttar Pradesh,Consumer,2024-11-10,Paid Search,
C02353,Nikhil Mishra,nikhil.mishra2353@yahoo.com,+91-9967625332,Kochi,Kerala,Corporate,2025-10-31,,Yes
C02354,NIKHIL MALHOTRA,nikhil.malhotra2354@mail.com,+91-7298522277,Gurugram,Haryana,Small Business,2023-07-23,Direct,Y
C02355,Simran Kumar,SIMRAN.KUMAR2355@YAHOO.COM,+917886910801,Chandigarh,Chandigarh,Small Business,2021-12-21,Organic Search,
C02356,pooja kumar,pooja.kumar2356@gmail.com,+91-9438853202,KOLKATA,West Bengal,Small Business,2026-01-19,Direct,Y
C02357,Amit Chopra,amit.chopra2357@mail.com,+91-7147939744,Kochi,Kerala,Consumer,09-04-2022,Referral,Yes
C02358,Ananya Iyer,ananya.iyer2358@outlook.com,+91-7732063087,Bhubaneswar,ODISHA,Consumer,2022-12-19,Referral,Y
C02359,Ankit Saxena,ankit.saxena2359@outlook.com,+91-9557101837,Kochi,Kerala,Consumer,02-15-2021,Organic Search,1
C02360,tanya joshi,tanya.joshi2360@yahoo.com,7480908349,Indore,Madhya Pradesh,Consumer,10-16-2025,Direct,No
C02361,Karan Gupta,KARAN.GUPTA2361@OUTLOOK.COM,+91-7202546953,BHOPAL,Madhya Pradesh,,24/03/2025,Direct,
C02362,Sneha Mishra,sneha.mishra2362@outlook.com,,Hyderabad,Telangana,Corporate,04-29-2024,Social Media,No
C02363,Karan Jain,karan.jain2363@gmail.com,+91-9566696315,Indore,Madhya Pradesh,Small Business,22/01/2023,Referral,Y
C02364,Aanya Joshi,aanya.joshi2364@company.in,+91-8998779956,Gurugram,Haryana,Consumer,09/10/2025,Referral,1
C02365,Aanya Nair,aanya.nair2365outlook.com,+91-8688170237,Ahmedabad,Gujarat,Consumer,09-05-2022,Referral,N
C02366,Neha Iyer,NEHA.IYER2366@GMAIL.COM,+91-8519852147,CHENNAI,Tamil Nadu,Consumer,11-05-2022,Marketplace,1
C02367,Karan Agarwal,karan.agarwal2367@company.in,+91-7323510179,Delhi,Delhi,Consumer,2026-07-17,Paid Search,No
C02368,Ira Malhotra, ira.malhotra2368@yahoo.com ,+91-7789272823,kolkata,West Bengal,Consumer,01-15-2022,Social Media,Y
C02369,Kiara Gupta,kiara.gupta2369@gmail.com,+91-9685133660,Patna,Bihar,Small Business,03-25-2025,Social Media,N
C02370,Ananya Kapoor,ananya.kapoor2370@outlook.com,+91-904805149,Ahmedabad,Gujarat,Small Business,07-02-2023,Marketplace,Y
C02371,Varun Patel, varun.patel2371@mail.com ,+91-7016734816,Bhubaneswar,Odisha,Small Business,31/07/2021,Organic Search,Yes
C02372,Sahil Joshi,sahil.joshi2372@company.in,+91-8013643685,Bhubaneswar,Odisha,Consumer,13/12/2023,Social Media,Y
C02373,NEHA GUPTA,neha.gupta2373@yahoo.com,+91-7434777639,Bhubaneswar,ODISHA,Corporate,05-02-2024,Social Media,No
C02374, Ankit Kapoor ,ankit.kapoor2374@company.in,+91-7285602192,GURUGRAM,HARYANA,Corporate,02/12/2021,,Y
C02375,Amit Singh,amit.singh2375@yahoo.com,7805004194,Kochi,kerala,Small Business,2021-12-13,Direct,N
C02376,Diya Chopra,diya.chopra2376@yahoo.com,+91-9136204597,Pune,Maharashtra,Small Business,28/01/2025,Paid Search,Y
C02377,Aanya Joshi,AANYA.JOSHI2377@COMPANY.IN,+91-9321725599,Noida,Uttar Pradesh,Corporate,05-14-2021,Referral,N
C02378,Sahil Chopra,sahil.chopra2378@company.in,,Lucknow,Uttar Pradesh,Corporate,2024-10-23,Referral,Yes
C02379,Saanvi Malhotra,saanvi.malhotra2379@gmail.com,8343647188,Nagpur,MAHARASHTRA,Consumer,02-07-2024,,N
C02380,Myra Shah,myra.shah2380@company.in,+91-7123814047,Kolkata,West Bengal,Corporate,06-18-2021,Referral,1
C02381,Varun Mehta,varun.mehta2381@mail.com,+91-9117313558,Surat,Gujarat,Corporate,2021-06-13,Organic Search,Y
C02382,Nikhil Verma,nikhil.verma2382@gmail.com,+91-9024163842,Noida,Uttar Pradesh,Corporate,17/04/2021,Organic Search,1
C02383,sneha kapoor,sneha.kapoor2383@mail.com,+917379764325,Chandigarh,chandigarh,Consumer,2023-07-12,Email,1
C02384,POOJA SAXENA,pooja.saxena2384@mail.com,+91-9544945345,Patna,Bihar,Consumer,2025-02-14,Paid Search,N
C02385,Vivaan Kumar,vivaan.kumar2385@gmail.com,8712163854,jaipur,Rajasthan,Small Business,24/12/2024,Marketplace,Y
C02386,MEERA MALHOTRA,meera.malhotra2386@outlook.com,+91-8104593893,Bengaluru,karnataka,Corporate,16/08/2026,Marketplace,
C02387,Neha Nair,neha.nair2387@outlook.com,+91-8903312698,Bhopal,Madhya Pradesh,Consumer,01-25-2025,Email,Y
C02388,Aarav Sharma,aarav.sharma2388@yahoo.comm,+91-7310367916,Jaipur,Rajasthan,Small Business,2021-04-26,Paid Search,Yes
C02389,Riya Mishra,riya.mishra2389@gmail.com,+91-9711426033,Hyderabad,Telangana,Small Business,14/08/2021,Email,
C02390,Rahul Shah,rahul.shah2390@gmail.com,+91-7545047634,Patna,Bihar,Corporate,2024-12-06,Marketplace,Y
C02391,Nikhil Agarwal,nikhil.agarwal2391@mail.com,+91-8914702340,Hyderabad,Telangana,Consumer,2024-06-06,Organic Search,No
C02392,KABIR KUMAR,kabir.kumar2392@mail.com,9287254663,Mumbai,Maharashtra,Corporate,08-14-2025,Paid Search,Yes
C02393,Neha Mishra,neha.mishra2393company.in,+91-7343458097,Indore,Madhya Pradesh,Small Business,2021-12-21,Referral,Yes
C02394,Nikhil Reddy,nikhil.reddy2394@outlook.com,+91-7995586126,Ahmedabad,Gujarat,Small Business,19/10/2024,Social Media,Y
C02395,Simran Bansal,simran.bansal2395@mail.com,+91-7488459816,Bengaluru,Karnataka,Corporate,18/10/2022,Organic Search,Yes
C02396,Ankit Singh,ANKIT.SINGH2396@GMAIL.COM,+91-9229180073,Noida,Uttar Pradesh,Corporate,02-25-2021,Email,
C02397,Simran Shah,simran.shah2397@outlook.com,9145652682,Chandigarh, Chandigarh ,Consumer,25/02/2026,Referral,
C02398,Ankit Malhotra,ankit.malhotra2398@company.in,+91-9364016298,Chandigarh,Chandigarh,Small Business,2025-02-14,Direct,Y
C02399,Meera Saxena,meera.saxena2399@mail.com,+91-8634322376,Gurugram,Haryana,Small Business,30/06/2026,Direct,1
C02400,Neha Reddy,neha.reddy2400@gmail.com,+91-8233633074,Surat,Gujarat,Consumer,17/04/2025,Email,No
C02401,Aditya Patel,aditya.patel2401@outlook.com,+91-8911792681,Hyderabad,,Small Business,2023-02-14,Direct,Y
C02402,Ankit Shah,ankit.shah2402@yahoo.com,+91-7872059500, Hyderabad ,Telangana,Small Business,01-13-2025,Organic Search,0
C02403,Ishaan Sharma,ishaan.sharma2403@company.in,+91-9959228765,Kolkata,West Bengal,Small Business,04-15-2023,Referral,Yes
C02404,Kabir Bansal,kabir.bansal2404@gmail.com,+91-7911480974, Patna ,Bihar,Consumer,04-30-2021,Referral,0
C02405,Aarav Iyer,aarav.iyer2405@company.in,+91-8289204831,Kochi,Kerala,Small Business,24/12/2021,Marketplace,Y
C02406,AMIT REDDY,amit.reddy2406@yahoo.com,+91-9207943903,Ahmedabad,Gujarat,Small Business,15/02/2024,,
C02407,Kabir Chopra,kabir.chopra2407@outlook.com,+91-8583844429,Bhubaneswar,Odisha,Consumer,22/02/2024,Social Media,No
C02408,Aarav Mishra,aarav.mishra2408@outlook.com,+91-9084769146,Chandigarh,CHANDIGARH,Corporate,2024-05-07,Paid Search,Yes
C02409,Nikhil Singh,nikhil.singh2409@gmail.com,7434764283,Noida, Uttar Pradesh ,Consumer,2022-10-30,Marketplace,Y
C02410,Ananya Agarwal, ananya.agarwal2410@yahoo.com ,+91-8477628489,Chennai,Tamil Nadu,Small Business,2024-03-14,Marketplace,N
C02411,aditya saxena,aditya.saxena2411@mail.com,7610395658,Noida,Uttar Pradesh,Consumer,2024-12-20,Organic Search,0
C02412,Rahul Iyer,rahul.iyer2412@yahoo.com,9546896384,Mumbai,Maharashtra,Corporate,06-28-2023,Direct,Y
C02413,Priya Patel,priya.patel2413@company.in,+91-7212866365,Lucknow,Uttar Pradesh,Small Business,14/01/2025,Paid Search,Y
C02414,Priya Saxena,priya.saxena2414@gmail.com,+91-9122087812,Delhi,Delhi,Small Business,01-24-2024,Direct,Yes
C02415,Nikhil Saxena,nikhil.saxena2415@company.in,+91-7051967319,Pune,Maharashtra,Corporate,2022-03-30,Social Media,Y
C02416,aarav mishra,aarav.mishra2416@mail.com,+91-9156970291,Gurugram,Haryana,Small Business,09-27-2025,Referral,Y
C02417,Vivaan Reddy,VIVAAN.REDDY2417@MAIL.COM,+917212338399,Kochi,kerala,Small Business,09-21-2024,Direct,Yes
C02418,Rohan Patel,rohan.patel2418@mail.com,+91-7427905965,Delhi,Delhi,Consumer,14/01/2025,Organic Search,No
C02419,Diya Mehta,diya.mehta2419@gmail.com,+91-7878857697,Bhopal,Madhya Pradesh,Corporate,2024-12-25,Direct,Y
C02420,Aanya Iyer,aanya.iyer2420@gmail.com,+91-9375276513,Pune,Maharashtra,Consumer,07-15-2026,Email,0
C02421, Vihaan Gupta ,vihaan.gupta2421@gmail.com,+91-7793093888,Chennai,Tamil Nadu,Consumer,04/04/2025,Organic Search,Y
C02422,Aditya Mishra,aditya.mishra2422@gmail.comm,+91-9376018083,CHANDIGARH,chandigarh,Corporate,2026-01-25,Paid Search,N
C02423,Myra Jain,myra.jain2423@gmail.com,+91-8925685415,Ahmedabad,Gujarat,Consumer,10-08-2024,Social Media,0
C02424,Pooja Sharma,pooja.sharma2424@gmail.com,+91-9066897711,Lucknow,Uttar Pradesh,Corporate,2024-07-09,Direct,N
C02425,Ishaan Iyer,ishaan.iyer2425@company.in,+91-7358662098,Gurugram,Haryana,Corporate,2023-02-21,Marketplace,1
C02426,Ira Jain,ira.jain2426@gmail.com,+918976980560, Bhopal ,Madhya Pradesh,Corporate,2021-11-19,Paid Search,Y
C02427,Meera Iyer,meera.iyer2427@outlook.com,+91-9669945550,Nagpur,Maharashtra,Corporate,26/09/2025,Social Media,Yes
C02428,Simran Nair,simran.nair2428@gmail.com,+91-9329968847,Chandigarh,Chandigarh,Small Business,20/01/2023,Email,Y
C02429,Kiara Chopra,kiara.chopra2429@mail.com,+91-9678883837,Pune,Maharashtra,Small Business,2023-07-21,Marketplace,Y
C02430,Tanya Kumar,tanya.kumar2430@gmail.com,+91-8515614314,chennai,Tamil Nadu,Small Business,2023-11-25,Paid Search,No
C02431,Arjun Kumar,arjun.kumar2431@company.in,+91-8905106204,Pune,Maharashtra,Consumer,2023-07-28,Direct,No
C02432,Aarav Kapoor,AARAV.KAPOOR2432@YAHOO.COM,+91-7940577588,Nagpur,Maharashtra,Corporate,09-12-2023,Paid Search,No
C02433, Kabir Agarwal ,kabir.agarwal2433@outlook.com,+91-8560184224,Delhi,Delhi,Corporate,07-11-2024,Marketplace,No
C02434,Priya Mishra,priya.mishra2434@yahoo.com,+91-8942081708,Bengaluru,Karnataka,Corporate,2022-03-30,Marketplace,N
C02435, Kabir Mehta ,kabir.mehta2435@gmail.com,+91-8519766012,delhi, Delhi ,Corporate,28/10/2025,Social Media,1
C02436,Ishaan Chopra,ishaan.chopra2436@company.in,+91-9218412407,Surat,Gujarat,Corporate,07/02/2026,Social Media,Y
C02437,Rohan Saxena,rohan.saxena2437@company.in,8792338035,Nagpur,Maharashtra,Small Business,01-01-2021,Social Media,0
C02438,Ananya Reddy,ananya.reddy2438@gmail.com,8107655777,Jaipur,Rajasthan,Corporate,22/10/2021,Direct,Y
C02439,kiara iyer,kiara.iyer2439@gmail.com,+91-9207406808,Hyderabad, Telangana ,Consumer,2023-02-20,Social Media,Y
C02440,Priya Iyer,priya.iyer2440@company.in,+91-7931385443,Gurugram,Haryana,Consumer,31/03/2026,Organic Search,Y
C02441,Tanya Joshi,tanya.joshi2441@mail.comm,+91-9996786391,Hyderabad,Telangana,Consumer,06-16-2021,Paid Search,1
C02442,Arjun Nair,arjun.nair2442@yahoo.com,8118880800,Indore,Madhya Pradesh,Corporate,2022-03-02,Email,1
C02443,SIMRAN SAXENA,simran.saxena2443@outlook.com,+91-9623336891,noida,Uttar Pradesh,Small Business,2024-01-27,Direct,Yes
C02444,Sneha Agarwal,sneha.agarwal2444@mail.com,+91-8326879799,Bhubaneswar,Odisha,Consumer,23/10/2023,Direct,No
C02445,Varun Verma,varun.verma2445@yahoo.comm,+91-7322388995,Bhubaneswar,Odisha,Small Business,2021-10-03,Organic Search,0
C02446, Aarav Saxena ,aarav.saxena2446@outlook.com,+91-7989139019,bhubaneswar,Odisha,,21/07/2025,Social Media,Y
C02447,Meera Nair,meera.nair2447@yahoo.com,+91-7741411327,Nagpur,Maharashtra,Consumer,29/01/2021,Referral,Y
C02448,Riya Nair,riya.nair2448@company.in,+91-8198039224,Lucknow,Uttar Pradesh,Corporate,10-22-2021,Organic Search,0
C02449,Kiara Joshi,kiara.joshi2449gmail.com,+91-7730150886,Mumbai,Maharashtra,Consumer,02-06-2026,Social Media,Y
C02450,saanvi agarwal,saanvi.agarwal2450@company.in,+91-9240807583,Chandigarh,Chandigarh,Corporate,08-30-2026,Social Media,
C02451,Karan Bansal,karan.bansal2451@outlook.com,+91-9547851209,Delhi,Delhi,Corporate,21/06/2022,Marketplace,
C02452,Aarav Nair,aarav.nair2452@gmail.com,+91-8872032592,KOCHI,Kerala,Corporate,13/01/2023,Referral,1
C02453,Riya Saxena,riya.saxena2453@outlook.com,7625150693,gurugram,Haryana,Corporate,29/07/2023,Referral,No
C02454,Amit Sharma,amit.sharma2454@outlook.com,+91-9787396318,Surat,Gujarat,Consumer,2023-06-03,Referral,Yes
C02455,Priya Bansal,priya.bansal2455@yahoo.com,+91-9890666591,, Gujarat ,Corporate,13/08/2026,Organic Search,
C02456,Riya Sharma,riya.sharma2456@yahoo.com,+91-9411517989,Kochi,Kerala,Corporate,13/09/2022,Organic Search,No
C02457, Nikhil Verma ,nikhil.verma2457@mail.com,+91-8250738624,Delhi,Delhi,Small Business,27/07/2026,Referral,1
C02458, Riya Joshi ,riya.joshi2458@yahoo.com,+91-9801441165,Coimbatore,Tamil Nadu,,2023-10-07,Social Media,N
C02459,Ankit Kapoor,ankit.kapoor2459@outlook.com,+91-9763814588,Bengaluru,Karnataka,Small Business,2024-11-08,Marketplace,1
C02460,Karan Gupta,karan.gupta2460@outlook.com,+91-9630103298,gurugram,Haryana,Corporate,01/11/2025,Marketplace,N
C02461,Priya Bansal,priya.bansal2461@yahoo.com,+91-9837390894,surat,Gujarat,Consumer,2021-11-22,Email,Y
C02462,Vivaan Kapoor,vivaan.kapoor2462@yahoo.com,+91-9585898664,Delhi,Delhi,Consumer,07-20-2023,Marketplace,Y
C02463,Vivaan Chopra,VIVAAN.CHOPRA2463@OUTLOOK.COM,+91-9127210017,Bengaluru,Karnataka,Consumer,03/03/2023,Social Media,Yes
C02464,Simran Patel,simran.patel2464@mail.com,+91-8009542835,Hyderabad,Telangana,Consumer,07-15-2024,Paid Search,Y
C02465,Karan Joshi,karan.joshi2465@yahoo.com,+91-9955704529,Coimbatore,Tamil Nadu,Corporate,05-26-2022,Email,Y
C02466, Riya Chopra ,riya.chopra2466@mail.com,+91-7271533413,Gurugram,Haryana,Corporate,2025-09-28,Email,N
C02467,Ishaan Reddy,ishaan.reddy2467@mail.com,+919171058292,BHUBANESWAR,Odisha,Small Business,26/01/2026,Social Media,N
C02468,Rahul Nair,rahul.nair2468@mail.com,+91-7121352968,Gurugram, Haryana ,Consumer,04-17-2026,Social Media,
C02469,Vivaan Gupta,vivaan.gupta2469@company.in,+91-8725126985,Surat,gujarat,Consumer,10-07-2024,Marketplace,No
C02470,Ananya Reddy,ananya.reddy2470@company.in,+91-7740270071,Kolkata,West Bengal,Consumer,28/12/2025,Social Media,1
C02471,Ira Saxena,ira.saxena2471@mail.com,+91-9021187213,Ahmedabad,Gujarat,,28/01/2022,Email,No
C02472,Rohan Kumar,rohan.kumar2472outlook.com,+91-988493141,Gurugram,Haryana,Consumer,17/01/2024,Referral,0
C02473,Meera Saxena,meera.saxena2473@company.in,9728691586,Bengaluru,KARNATAKA,Small Business,17/08/2023,Paid Search,Y
C02474,Neha Bansal,neha.bansal2474@outlook.com,+91-7856837512, Delhi ,Delhi,Small Business,2024-04-06,Email,No
C02475,Vihaan Agarwal,vihaan.agarwal2475@yahoo.com,+91-9236482352,Jaipur,Rajasthan,Small Business,05-01-2023,Email,Y
C02476, Vivaan Nair ,vivaan.nair2476yahoo.com,+91-9993580416,surat,gujarat,Corporate,10/12/2022,Organic Search,Y
C02477,Priya Saxena,priya.saxena2477@company.in,+91-7443445643,Bengaluru,Karnataka,Small Business,2022-11-26,Email,
C02478,Meera Iyer,meera.iyer2478@outlook.com,+91-8429719944,Chennai,Tamil Nadu,Corporate,06/01/2026,Organic Search,N
C02479,Myra Bansal,myra.bansal2479@gmail.com,+91-7685816360,nagpur,Maharashtra,Corporate,2026-01-25,Paid Search,N
C02480,Kabir Joshi,kabir.joshi2480@mail.com,+91-9172139419,,Madhya Pradesh,Corporate,12-02-2023,Email,0
C02481,Myra Sharma,myra.sharma2481@mail.com,+91-8899371364,Mumbai,Maharashtra,Small Business,02-07-2023,Organic Search,0
C02482,Amit Iyer,amit.iyer2482@yahoo.com,+91-8007280653,Patna,Bihar,Corporate,02-23-2021,Referral,1
C02483,Saanvi Mishra,saanvi.mishra2483@outlook.com,+91-7620826526,Ahmedabad,Gujarat,Consumer,05/02/2025,Email,0
C02484,Aanya Kumar,aanya.kumar2484@gmail.com,+91-7948668826,Jaipur, Rajasthan ,Small Business,2024-04-28,Direct,Y
C02485,Tanya Iyer,tanya.iyer2485@gmail.com,+91-8359429494,, Gujarat ,Small Business,08-16-2023,Email,Y
C02486,Diya Kapoor, diya.kapoor2486@yahoo.com ,+91-7724805776,,Rajasthan,Consumer,2023-02-21,Email,No
C02487,Diya Nair,diya.nair2487@company.in,7031628170,Delhi,,Small Business,09/06/2022,Organic Search,N
C02488,Myra Agarwal,myra.agarwal2488@company.in,+91-7532029833,JAIPUR,Rajasthan,Corporate,2023-07-08,Paid Search,Y
C02489,Varun Iyer,varun.iyer2489@mail.com,+91-7155575014,Lucknow,Uttar Pradesh,,12-14-2021,Referral,Yes
C02490,Karan Kumar,karan.kumar2490@gmail.com,+91-7517977410,Noida,Uttar Pradesh,Consumer,05-16-2022,Direct,Y
C02491,Arjun Nair,arjun.nair2491@yahoo.com,+91-7336530558,Ahmedabad, Gujarat ,Corporate,05-20-2024,Paid Search,0
C02492,Ishaan Malhotra,ishaan.malhotra2492@yahoo.com,+91-7561836829,Indore,Madhya Pradesh,Consumer,2021-07-30,Referral,Yes
C02493,Simran Agarwal,simran.agarwal2493@gmail.com,+91-7868190817,Jaipur,Rajasthan,Small Business,02-06-2026,Paid Search,Y
C02494,Nikhil Patel,nikhil.patel2494@mail.com,+91-7396534632,Bengaluru,Karnataka,Corporate,2023-11-14,,No
C02495,Priya Jain,priya.jain2495@yahoo.com,+91-7152873957,Noida,Uttar Pradesh,Small Business,04/03/2026,Paid Search,Yes
C02496,Priya Mehta,priya.mehta2496@mail.com,+91-7847053058,Jaipur,Rajasthan,Small Business,24/07/2021,Email,1
C02497,Ira Jain,ira.jain2497@gmail.com,+91-9601498830,Indore,Madhya Pradesh,Consumer,30/04/2024,Social Media,Y
C02498,Rohan Saxena,rohan.saxena2498@gmail.com,+91-8223607720,Chennai,Tamil Nadu,Small Business,06-23-2022,Marketplace,N
C02499,Aarav Agarwal,aarav.agarwal2499@outlook.com,+91-8306449036, Patna ,bihar,Small Business,03-13-2024,Marketplace,Y
C02500,Rohan Singh,rohan.singh2500@mail.com,+91-7452225580,Pune,Maharashtra,Consumer,02-21-2025,Marketplace,Y
C02501,Ira Kapoor,ira.kapoor2501@gmail.com,+91-8415263063,Surat, Gujarat ,Corporate,12-20-2023,Referral,No
C02502,Sahil Chopra,,+91-8818286352,Kochi,Kerala,Consumer,07-16-2024,Marketplace,1
C02503,pooja joshi,pooja.joshi2503@yahoo.com,+91-8336582531,Patna,Bihar,Corporate,24/08/2026,Direct,N
C02504,Myra Verma,myra.verma2504@gmail.com,9935480365,Pune,Maharashtra,Corporate,03/10/2024,Email,
C02505,Rahul Verma,rahul.verma2505@company.in,+91-9121734785,BHUBANESWAR,Odisha,Consumer,2025-02-28,Email,1
C02506,Rohan Patel,rohan.patel2506@gmail.com,+91-8761374521,Coimbatore,Tamil Nadu,Small Business,2025-09-12,Marketplace,1
C02507,Ira Bansal,ira.bansal2507@gmail.com,+91-9016869818,Chandigarh,Chandigarh,Corporate,03/10/2022,Direct,Yes
C02508,Nikhil Agarwal,nikhil.agarwal2508@gmail.com,+91-7413884272,Patna,Bihar,Consumer,2024-10-25,Direct,1
C02509,Sahil Malhotra,sahil.malhotra2509@gmail.com,+91-7172995496,Coimbatore,Tamil Nadu,Small Business,03-28-2023,Organic Search,N
C02510,Aarav Iyer,aarav.iyer2510@company.in,+91-7121387833,Gurugram,,Consumer,01-03-2024,Social Media,1
C02511,Aditya Sharma,aditya.sharma2511@mail.com,+91-9802425928,Surat,Gujarat,Small Business,2026-06-09,Email,Y
C02512,Kiara Shah,kiara.shah2512@outlook.com,+91-8445911433,Kolkata,West Bengal,Consumer,06/04/2021,Direct,0
C02513,Rahul Saxena,rahul.saxena2513@outlook.com,+91-7201865700,Hyderabad,Telangana,Consumer,08-12-2025,Marketplace,
C02514,Rahul Joshi,rahul.joshi2514@mail.com,+91-7257510426,Bhopal,Madhya Pradesh,Consumer,2023-09-20,Paid Search,0
C02515,Aditya Kumar,aditya.kumar2515@outlook.com,+91-9296963488, Jaipur ,Rajasthan,Small Business,2026-01-21,Organic Search,Y
C02516,Saanvi Kapoor,SAANVI.KAPOOR2516@MAIL.COM,+91-9892722596,Bhubaneswar,Odisha,Small Business,20/03/2026,Direct,No
C02517,Ankit Malhotra,,+91-9990826194,Chennai,Tamil Nadu,Consumer,23/05/2023,Email,N
C02518,Diya Sharma,diya.sharma2518@outlook.com,+91-8474985096,chennai,Tamil Nadu,Corporate,2024-04-10,Social Media,1
C02519,Saanvi Iyer,saanvi.iyer2519@mail.com,+91-8135517876,INDORE,Madhya Pradesh,Corporate,22/10/2025,Social Media,Yes
C02520, Vihaan Saxena ,vihaan.saxena2520@gmail.com,+91-8213231321,Lucknow,Uttar Pradesh,Corporate,11-27-2024,Organic Search,Yes
C02521,Karan Bansal,karan.bansal2521@outlook.com,+91-9237835611,Gurugram,Haryana,Small Business,28/04/2021,Marketplace,1
C02522,Simran Sharma,simran.sharma2522@outlook.com,+91-8766073924,Jaipur,Rajasthan,Small Business,13/05/2024,Marketplace,Y
C02523,Varun Kapoor,varun.kapoor2523@mail.com,+91-9799992134,Coimbatore,Tamil Nadu,Consumer,23/06/2024,Social Media,Y
C02524,rahul saxena,rahul.saxena2524@yahoo.com,+91-8670081060,Gurugram,haryana,Small Business,11-19-2023,Referral,Y
C02525,Aarav Reddy,aarav.reddy2525@company.in,+91-8816182304,Bhopal,Madhya Pradesh,Small Business,25/10/2024,Marketplace,N
C02526,Varun Patel,varun.patel2526@gmail.com,+91-7352349947,pune,Maharashtra,Small Business,2024-05-07,Marketplace,
C02527,Neha Verma,NEHA.VERMA2527@YAHOO.COM,+91-9543524109,Nagpur, Maharashtra ,Small Business,03-25-2021,Direct,Y
C02528,Arjun Malhotra,arjun.malhotra2528@outlook.com,+91-8916530984,bengaluru,Karnataka,Corporate,2024-01-05,Direct,0
C02529,Riya Kapoor,riya.kapoor2529@gmail.com,+91-9947594367,PUNE,Maharashtra,Corporate,01-05-2024,Direct,Yes
C02530,Rahul Mehta,rahul.mehta2530@outlook.com,+91-9356182764,Indore,Madhya Pradesh,Consumer,24/01/2025,Referral,Y
C02531,Aanya Reddy,aanya.reddy2531@yahoo.com,+91-7858569936,Bhubaneswar,Odisha,Consumer,2022-12-11,Organic Search,Y
C02532,Simran Bansal,simran.bansal2532@outlook.com,+91-9046593460,Kolkata, West Bengal ,Small Business,11-20-2023,Referral,Y
C02533, Neha Verma ,neha.verma2533@yahoo.com,+91-7282122557,Bhopal,Madhya Pradesh,Consumer,15/12/2024,Social Media,1
C02534,Ankit Malhotra,ankit.malhotra2534@gmail.com,+91-7219376082,Coimbatore,Tamil Nadu,Corporate,15/03/2025,Direct,Y
C02535,arjun chopra,arjun.chopra2535@gmail.com,+91-9991608052,Bhubaneswar,odisha,Consumer,20/04/2026,Paid Search,N
C02536,Kiara Saxena,kiara.saxena2536@gmail.com,+91-8480430165,Ahmedabad,Gujarat,Consumer,11/03/2022,Referral,Y
C02537, Simran Verma ,simran.verma2537@company.in,+91-7271668375,Chennai,Tamil Nadu,Corporate,2021-12-04,Organic Search,Yes
C02538, Saanvi Sharma ,saanvi.sharma2538@yahoo.comm,+91-8590004013,Mumbai,Maharashtra,Consumer,2022-10-05,Social Media,0
C02539,Myra Joshi,myra.joshi2539@yahoo.com,+917470600932,Jaipur,Rajasthan,Consumer,05-20-2025,Social Media,
C02540,Sneha Saxena,sneha.saxena2540@outlook.com,+91-9292571078,Bengaluru,Karnataka,Small Business,2026-07-07,Marketplace,
C02541,Saanvi Verma,saanvi.verma2541@outlook.com,+91-8276951365,Indore, Madhya Pradesh ,Corporate,2022-04-07,Social Media,Y
C02542,Nikhil Chopra,nikhil.chopra2542@company.in,+91-8530159119,Pune,Maharashtra,Small Business,2021-01-03,Referral,1
C02543,Sneha Shah,sneha.shah2543@yahoo.com,+91-7517132885,Indore,Madhya Pradesh,Consumer,12/07/2024,Direct,No
C02544,Vihaan Mishra,vihaan.mishra2544@yahoo.com,+91-8013956094,Delhi,Delhi,Corporate,01/04/2021,Marketplace,0
C02545,Meera Jain,meera.jain2545@outlook.comm,+91-9454436478,Bengaluru,Karnataka,Small Business,05/04/2021,Email,Y
C02546,Myra Verma,myra.verma2546@outlook.com,8654614522,Kolkata,West Bengal,Small Business,10/02/2022,Organic Search,
C02547,Riya Mishra,riya.mishra2547@mail.com,+91-7504593075,Coimbatore,Tamil Nadu,Small Business,2021-09-20,Email,Y
C02548,Sneha Iyer,sneha.iyer2548@company.in,+91-9109660467,Noida,Uttar Pradesh,Corporate,02-27-2026,Organic Search,
C02549,Ananya Singh,ananya.singh2549@gmail.com,+91-709339957,Chennai,Tamil Nadu,Consumer,10-20-2025,Direct,Y
C02550,pooja kapoor,pooja.kapoor2550@mail.com,+91-9811166695, Chennai ,Tamil Nadu,Corporate,12/08/2021,Paid Search,Y
C02551,IRA BANSAL,ira.bansal2551@yahoo.com,+91-7074519787,Nagpur,Maharashtra,Consumer,07-21-2022,Email,
C02552,karan verma,karan.verma2552@yahoo.com,+91-9930237025,Mumbai,MAHARASHTRA,Consumer,01-25-2022,Organic Search,0
C02553,arjun reddy,arjun.reddy2553@gmail.com,+91-7271503406,Nagpur,maharashtra,Corporate,06/04/2021,Organic Search,Y
C02554,Meera Bansal, meera.bansal2554@yahoo.com ,+91-9647731499,Delhi,Delhi,Consumer,12/07/2026,Marketplace,Y
C02555,Neha Nair,neha.nair2555@yahoo.com,9560435123,Noida,UTTAR PRADESH,Consumer,07-23-2023,Direct,0
C02556,Diya Sharma,diya.sharma2556@gmail.com,+91-9777484927,Gurugram,Haryana,Consumer,20/02/2025,Social Media,1
C02557,Varun Patel,varun.patel2557@gmail.com,+91-8224323450,Kochi,Kerala,Small Business,2026-04-21,Direct,
C02558,Meera Singh,meera.singh2558mail.com,+91-9236478491,Chandigarh,Chandigarh,Small Business,07-12-2024,Paid Search,Y
C02559,Myra Mehta,myra.mehta2559@outlook.com,+91-7980298222,Patna, Bihar ,Corporate,2024-05-31,Social Media,1
C02560,Arjun Kapoor,arjun.kapoor2560@gmail.com,+91-9891319590,Jaipur,Rajasthan,Corporate,16/04/2026,Referral,No
C02561,Tanya Mishra,tanya.mishra2561@gmail.comm,,Delhi,Delhi,Consumer,01-19-2024,Social Media,
C02562,Riya Jain,RIYA.JAIN2562@YAHOO.COM,9830133880,Kochi,Kerala,Small Business,12/12/2022,Marketplace,Y
C02563,DIYA JOSHI,diya.joshi2563@gmail.com,+91-926283978,Chennai,Tamil Nadu,Small Business,2025-03-07,Marketplace,1
C02564,Ira Verma, ira.verma2564@company.in ,+91-9079666478,CHENNAI,Tamil Nadu,Small Business,03/09/2022,Marketplace,0
C02565,KARAN MALHOTRA,karan.malhotra2565@mail.com,+91-9171362162,Coimbatore,Tamil Nadu,Corporate,07-31-2022,Social Media,Y
C02566,Sneha Mehta,sneha.mehta2566@outlook.comm,+91-9717931659,PUNE,Maharashtra,Corporate,17/11/2021,Social Media,
C02567,Aditya Saxena,aditya.saxena2567@yahoo.com,+91-9792029171,Nagpur,Maharashtra,Consumer,29/10/2024,Social Media,
C02568,Ishaan Agarwal,ishaan.agarwal2568@outlook.com,+91-9954062149,Ahmedabad,Gujarat,,2021-12-14,Marketplace,Y
C02569,Tanya Malhotra,tanya.malhotra2569@yahoo.comm,+91-7875628562,Nagpur,Maharashtra,Corporate,02/04/2024,Email,1
C02570,Aditya Jain,aditya.jain2570@outlook.com,+917415140231,Kolkata,west bengal,Small Business,2025-10-19,Marketplace,Y
C02571,meera saxena,meera.saxena2571@company.in,+918572713018,Ahmedabad,Gujarat,Consumer,2021-12-10,Direct,
C02572,amit bansal,amit.bansal2572@outlook.com,+91-9874092635,Chandigarh,Chandigarh,Consumer,09-25-2021,Paid Search,1
C02573,Saanvi Kumar,saanvi.kumar2573@gmail.com,+917924960122,Hyderabad,Telangana,Consumer,21/07/2023,Social Media,N
C02574, Rohan Mishra ,rohan.mishra2574@company.in,+91-8570208278,Lucknow,Uttar Pradesh,Small Business,03/11/2023,Organic Search,Yes
C02575,Ananya Mishra,ananya.mishra2575@mail.com,9117546719,Hyderabad, Telangana ,Consumer,2025-03-02,Referral,
C02576,Vivaan Kapoor,vivaan.kapoor2576@yahoo.com,+91-8880569374,Noida,Uttar Pradesh,Small Business,05/06/2022,Organic Search,Yes
C02577,RIYA KUMAR,,+91-9272001056,Ahmedabad,Gujarat,Corporate,07-02-2025,Referral,Y
C02578,Varun Bansal,varun.bansal2578@gmail.com,+91-8716506015,HYDERABAD,Telangana,Small Business,2024-03-16,Organic Search,No
C02579,Aarav Mishra,aarav.mishra2579@yahoo.com,+919026349309,Gurugram,Haryana,Corporate,2025-01-17,Marketplace,Y
C02580, Amit Gupta ,amit.gupta2580@mail.com,+91-9129196846,BHUBANESWAR,Odisha,Small Business,11-01-2023,Social Media,Y
C02581,Aanya Chopra,aanya.chopra2581@yahoo.com,+91-8062715140,Hyderabad, Telangana ,Small Business,10-12-2022,Social Media,Yes
C02582,Karan Agarwal,karan.agarwal2582@company.in,+91-9986741681,mumbai,Maharashtra,Small Business,11/08/2022,Social Media,
C02583,Nikhil Saxena,nikhil.saxena2583@yahoo.com,+91-9653509142,Kolkata,West Bengal,Corporate,23/12/2022,Social Media,Y
C02584,Simran Jain,simran.jain2584@company.in,+91-7992716252,Bhubaneswar,Odisha,Small Business,04-11-2023,Paid Search,Y
C02585,ARJUN KAPOOR,arjun.kapoor2585@yahoo.com,+91-8637367633,Lucknow,Uttar Pradesh,Consumer,2024-12-12,Paid Search,Y
C02586,Sahil Nair,sahil.nair2586@gmail.com,+91-7236366795,Lucknow, Uttar Pradesh ,Small Business,11-16-2021,Paid Search,1
C02587,Sahil Verma,sahil.verma2587@mail.com,+91-9760100209,Bhopal,Madhya Pradesh,Corporate,09/03/2021,Social Media,
C02588,Arjun Shah,arjun.shah2588@mail.com,+91-7077326106,Hyderabad,Telangana,Corporate,01/05/2023,Marketplace,1
C02589,ishaan patel,ishaan.patel2589@gmail.com,+91-8386938783,Delhi,Delhi,Small Business,05-25-2025,Referral,Yes
C02590,VARUN MALHOTRA,varun.malhotra2590@mail.com,,Lucknow,Uttar Pradesh,Corporate,08-01-2021,Social Media,N
C02591,Varun Shah,varun.shah2591@yahoo.com,,Mumbai, Maharashtra ,Consumer,27/06/2023,Organic Search,Y
C02592,aarav jain,aarav.jain2592@yahoo.com,+91-9283371133,Coimbatore,Tamil Nadu,Corporate,23/01/2022,Direct,Y
C02593,Nikhil Verma,nikhil.verma2593@company.in,+91-8832793114,Gurugram,Haryana,Consumer,26/07/2021,Social Media,N
C02594,Rohan Chopra,rohan.chopra2594@outlook.com,8486417762,Mumbai,Maharashtra,Small Business,2023-03-15,Referral,Yes
C02595,Amit Shah,amit.shah2595company.in,+91-7315726870, Chennai ,Tamil Nadu,Corporate,2025-04-20,Referral,Y
C02596,Kiara Verma, kiara.verma2596@yahoo.com ,+91-9443783452,Pune,Maharashtra,Consumer,2022-12-11,Direct,Yes
C02597,Varun Patel,varun.patel2597@company.in,+91-8110424371,Bengaluru,Karnataka,Corporate,23/01/2021,Organic Search,N
C02598,Aanya Kumar,aanya.kumar2598@gmail.com,+91-9417770805,,Maharashtra,Small Business,10-17-2023,Email,
C02599,Ira Singh,ira.singh2599@gmail.com,+91-8834062946,Bhubaneswar,Odisha,Small Business,03-19-2025,Direct,Y
C02600,Tanya Kumar,tanya.kumar2600@company.in,+91-9339797652,Coimbatore,TAMIL NADU,Corporate,2026-04-01,Social Media,Y
C02601,amit saxena,amit.saxena2601@yahoo.com,+91-8235817102,Mumbai,Maharashtra,Small Business,07-06-2024,Paid Search,Y
C02602,Kabir Verma,kabir.verma2602@gmail.com,+91-9424737497,Chennai,Tamil Nadu,Small Business,18/06/2022,Marketplace,Y
C02603,Tanya Singh,tanya.singh2603@company.in,9333300602,Delhi,Delhi,Corporate,2025-04-12,Referral,Y
C02604,Meera Reddy,meera.reddy2604@company.in,+91-7277614208,AHMEDABAD,Gujarat,Small Business,01-17-2026,Email,No
C02605,RAHUL CHOPRA,rahul.chopra2605@yahoo.com,,Bhopal, Madhya Pradesh ,Corporate,28/05/2023,Paid Search,1
C02606,MYRA IYER,myra.iyer2606@yahoo.com,+918927751435,Delhi,Delhi,Small Business,11-03-2025,Email,1
C02607,Aditya Nair,aditya.nair2607@gmail.com,+91-7653395379,Patna,Bihar,Consumer,10-09-2024,Organic Search,Y
C02608,Vihaan Malhotra,vihaan.malhotra2608outlook.com,+91-9770964210,Kolkata,West Bengal,Consumer,17/11/2021,Direct,Y
C02609,Amit Kapoor,amit.kapoor2609@outlook.com,+91-9512893135,Ahmedabad,Gujarat,Corporate,09-06-2024,Referral,Yes
C02610,NEHA SINGH,NEHA.SINGH2610@MAIL.COM,+91-9330871140, Kochi ,Kerala,Corporate,12/09/2021,Referral,1
C02611,Saanvi Nair, saanvi.nair2611@company.in ,+91-9894821654,Patna,BIHAR,Corporate,2026-01-21,Organic Search,1
C02612,Aditya Patel,aditya.patel2612@company.in,+91-7604357436,surat,Gujarat,Consumer,07-09-2022,Social Media,1
C02613,Neha Chopra,neha.chopra2613@outlook.com,+91-8177275870,NAGPUR,Maharashtra,Small Business,2023-12-28,Email,Y
C02614,Ananya Singh,ananya.singh2614@yahoo.com,+91-9242158032,Pune,Maharashtra,Corporate,14/03/2023,Referral,
C02615,Aditya Saxena,aditya.saxena2615@mail.com,+91-9844063153,Hyderabad,telangana,Small Business,11-12-2022,Direct,Y
C02616,Ananya Jain,ananya.jain2616@mail.com,+91-7335695662,Bhubaneswar,Odisha,Small Business,04-01-2025,Organic Search,N
C02617,Tanya Bansal,,, Nagpur ,maharashtra,Small Business,26/02/2024,Direct,
C02618,Ishaan Patel,ishaan.patel2618@yahoo.com,+91-9189465640,Gurugram,Haryana,Corporate,22/05/2021,Paid Search,
C02619,Pooja Sharma,pooja.sharma2619@company.in,+91-8553353667,chandigarh, Chandigarh ,Small Business,04-05-2021,Marketplace,No
C02620,Ananya Mehta,ananya.mehta2620@company.in,+91-8198334651,MUMBAI,Maharashtra,Corporate,04-19-2022,Social Media,
C02621,Pooja Bansal,pooja.bansal2621@gmail.com,8990155500,Bhopal,Madhya Pradesh,Small Business,10-05-2022,Social Media,No
C02622,Saanvi Kumar,saanvi.kumar2622@gmail.com,8346645880,Gurugram,HARYANA,Small Business,2023-08-01,Organic Search,Y
C02623,Nikhil Nair,nikhil.nair2623@gmail.com,,Mumbai,MAHARASHTRA,Corporate,11-07-2025,Organic Search,Yes
C02624,Nikhil Reddy,nikhil.reddy2624@yahoo.com,+91-7969692064,Gurugram,Haryana,Consumer,03/02/2024,Paid Search,0
C02625,Sahil Nair,sahil.nair2625@gmail.com,+91-7052767708,Coimbatore,Tamil Nadu,Small Business,17/07/2023,Social Media,Y
C02626,Vivaan Verma,vivaan.verma2626@company.in,+91-7784555047,Bengaluru,Karnataka,Corporate,15/09/2021,,No
C02627,Tanya Malhotra,tanya.malhotra2627@mail.com,+91-7685949887,CHANDIGARH,Chandigarh,Consumer,02-15-2023,Email,0
C02628,Arjun Reddy,arjun.reddy2628@gmail.com,+91-7498829000,Delhi,Delhi,Consumer,08-18-2021,Paid Search,No
C02629,Priya Singh,priya.singh2629@gmail.com,+91-7132486393,Pune,Maharashtra,Small Business,09-19-2021,Referral,1
C02630,Kiara Jain,kiara.jain2630@gmail.com,+91-9085818216,Chennai,Tamil Nadu,Small Business,13/07/2022,Paid Search,0
C02631,Varun Kapoor,varun.kapoor2631@outlook.com,+91-7923801933,Chennai,tamil nadu,Corporate,04-17-2025,Social Media,Y
C02632,Ishaan Malhotra,ishaan.malhotra2632@yahoo.com,+91-714721876,NAGPUR,Maharashtra,Consumer,2024-04-14,Email,0
C02633,Arjun Chopra,,+91-7686005074,Patna,Bihar,Consumer,27/10/2022,Organic Search,1
C02634,Priya Joshi,priya.joshi2634@yahoo.com,+91-9497287186,Hyderabad,Telangana,Corporate,2021-11-22,Email,1
C02635,Simran Jain,simran.jain2635@mail.com,8163252576, Kochi ,kerala,Small Business,01-29-2025,Paid Search,No
C02636,Arjun Jain,arjun.jain2636@gmail.com,+91-8841697283,Kochi,Kerala,Consumer,09-06-2022,Social Media,Y
C02637,Kabir Sharma,kabir.sharma2637@gmail.com,9018236509,Chandigarh,Chandigarh,Small Business,2026-08-20,Direct,No
C02638,pooja saxena,pooja.saxena2638@yahoo.com,+91-9857959130, Kolkata ,,Corporate,2023-12-26,Email,0
C02639,Saanvi Reddy,saanvi.reddy2639@outlook.com,+91-9108393100, Bhopal ,Madhya Pradesh,Consumer,2022-10-05,Marketplace,Y
C02640,Saanvi Jain,saanvi.jain2640@yahoo.com,+91-8744156773,Ahmedabad,Gujarat,Consumer,11-29-2023,Organic Search,1
C02641,Varun Verma,varun.verma2641@mail.com,,Bengaluru,Karnataka,Corporate,02/08/2021,,N
C02642,Rahul Kapoor, rahul.kapoor2642@yahoo.com ,+91-9712922152,Chennai,Tamil Nadu,Small Business,09-14-2025,Paid Search,No
C02643,Pooja Agarwal,pooja.agarwal2643@mail.com,+91-7078164244,Indore,Madhya Pradesh,Small Business,06/09/2024,,
C02644,Saanvi Agarwal,saanvi.agarwal2644@outlook.com,+91-7072843192,Pune,Maharashtra,Small Business,08/06/2024,Direct,Yes
C02645,Sahil Mehta,sahil.mehta2645@outlook.com,8830729467,Bhopal,Madhya Pradesh,Consumer,14/09/2022,Direct,Y
C02646,Ankit Bansal,ankit.bansal2646@gmail.com,+91-8671849481,Noida,Uttar Pradesh,Consumer,14/04/2025,Email,No
C02647,Saanvi Agarwal,saanvi.agarwal2647@yahoo.com,+91-9913254384,Mumbai,MAHARASHTRA,Small Business,10-18-2021,Email,N
C02648,Diya Reddy,diya.reddy2648@company.in,+91-7360142106,Bhubaneswar,Odisha,Small Business,19/09/2021,Referral,Y
C02649,Karan Verma,karan.verma2649@mail.com,+91-718663580,Chandigarh,Chandigarh,Small Business,16/09/2022,Organic Search,No
C02650,Ira Agarwal,ira.agarwal2650@company.in,8172359020,Bengaluru,Karnataka,Consumer,13/07/2022,Email,Y
C02651,meera sharma,meera.sharma2651@gmail.com,+91-8651370746,Lucknow,Uttar Pradesh,Small Business,2022-08-19,Email,Yes
C02652,Varun Iyer,varun.iyer2652@mail.com,+91-8920838432,LUCKNOW,Uttar Pradesh,Consumer,2025-08-15,Email,
C02653,Aditya Gupta,aditya.gupta2653@gmail.com,+91-8057227972,CHANDIGARH,Chandigarh,Corporate,11-12-2025,Paid Search,Y
C02654,Aarav Jain,aarav.jain2654@mail.com,+91-9130865200,Chandigarh,Chandigarh,Small Business,01-17-2022,Email,Yes
C02655,Priya Reddy,priya.reddy2655@mail.com,+91-7029525092,Kochi,Kerala,Small Business,2021-04-29,Direct,Y
C02656,Vivaan Joshi, vivaan.joshi2656@outlook.com ,7974549081,Pune,,Small Business,06-06-2026,Organic Search,Y
C02657,Aarav Chopra,aarav.chopra2657@yahoo.com,+91-8218807211,Bhubaneswar,odisha,Consumer,2024-10-29,Paid Search,No
C02658,Priya Chopra,priya.chopra2658@gmail.com,+91-9781908618,Bhubaneswar,Odisha,Corporate,09-28-2023,Paid Search,N
C02659,Meera Shah,meera.shah2659@yahoo.com,+91-7588076753,Bhubaneswar,Odisha,Consumer,24/06/2025,Email,Y
C02660,Ananya Saxena,ananya.saxena2660@company.in,+91-8058589519,Bengaluru,Karnataka,Small Business,08-29-2022,Referral,Y
C02661,SIMRAN GUPTA,simran.gupta2661@outlook.com,+91-9689157547,Pune,Maharashtra,Consumer,2023-08-31,Direct,
C02662,Myra Iyer,myra.iyer2662@company.in,+91-9883866374,NAGPUR,Maharashtra,Small Business,15/01/2026,Organic Search,N
C02663,Arjun Patel,arjun.patel2663@mail.com,+91-7338583541,Mumbai,Maharashtra,Consumer,07-20-2022,Paid Search,Y
C02664,Saanvi Mishra,saanvi.mishra2664@gmail.com,+91-9875879023,ahmedabad,Gujarat,Corporate,2022-06-22,Marketplace,Y
C02665,Ankit Sharma,ankit.sharma2665@mail.com,7179959598,Gurugram,Haryana,Consumer,22/12/2021,Direct,Y
C02666,Karan Kumar,karan.kumar2666@yahoo.com,+91-7668026178,Bengaluru,Karnataka,Corporate,01-10-2025,Paid Search,No
C02667,Ishaan Chopra,ishaan.chopra2667@outlook.com,+91-8633579678, Coimbatore ,Tamil Nadu,Small Business,15/05/2022,Email,Y
C02668,Amit Saxena,amit.saxena2668@gmail.com,+91-8174697520, Gurugram ,Haryana,Consumer,2024-10-01,Paid Search,Y
C02669,Ankit Kumar,ankit.kumar2669@company.in,,Pune,Maharashtra,Consumer,2026-02-10,Referral,Y
C02670,Rahul Saxena,rahul.saxena2670@gmail.com,+91-9622991981,Pune,Maharashtra,Consumer,06/11/2021,Referral,
C02671,Rahul Gupta,rahul.gupta2671@yahoo.com,+91-8037783442,Lucknow,Uttar Pradesh,Corporate,2025-04-26,Organic Search,
C02672, Tanya Saxena ,tanya.saxena2672@gmail.com,+91-8755551484,Indore,Madhya Pradesh,Small Business,2026-05-24,Social Media,0
C02673, Aarav Gupta ,aarav.gupta2673gmail.com,+91-9361429411,Bengaluru,Karnataka,Small Business,10-21-2022,Marketplace,0
C02674,Ishaan Agarwal,ishaan.agarwal2674@outlook.com,+918886405457,Delhi,Delhi,Small Business,2026-05-24,Direct,Yes
C02675,Karan Kapoor,karan.kapoor2675@gmail.com,+91-7748858641, Indore ,Madhya Pradesh,Small Business,04/03/2026,Email,0
C02676,Kiara Mishra,kiara.mishra2676@mail.com,+919213612041,Lucknow,Uttar Pradesh,Small Business,11/09/2021,Paid Search,N
C02677,Pooja Gupta,pooja.gupta2677@yahoo.com,+91-7121044917,Bhubaneswar,Odisha,Consumer,2026-03-24,Paid Search,Y
C02678,Priya Reddy,priya.reddy2678@yahoo.com,+91-7539417227,NAGPUR,Maharashtra,Consumer,10-24-2025,Email,Y
C02679,Varun Bansal,varun.bansal2679@gmail.com,+91-8995977182,Lucknow,Uttar Pradesh,Small Business,22/02/2021,Referral,Y
C02680,Kiara Agarwal,kiara.agarwal2680@mail.com,+91-8670012123,Bhopal, Madhya Pradesh ,Small Business,02-10-2026,Email,N
C02681,Ankit Jain,ankit.jain2681@company.in,+91-9752822378,Mumbai,Maharashtra,Consumer,01/09/2025,Paid Search,Yes
C02682,RAHUL CHOPRA,,+91-7370773620,Delhi,Delhi,Corporate,2022-08-26,Marketplace,Y
C02683,Priya Patel,priya.patel2683@yahoo.comm,7883813096,Chandigarh,Chandigarh,Corporate,07-29-2026,Marketplace,
C02684,Karan Singh,karan.singh2684@yahoo.com,7855451343,Hyderabad,Telangana,Consumer,03-03-2025,,Yes
C02685,Vivaan Kumar,vivaan.kumar2685@company.in,+91-9967492482,Kochi,Kerala,Corporate,2023-06-17,Referral,Y
C02686,Amit Agarwal,amit.agarwal2686@company.in,+91-9051930170,hyderabad,Telangana,Consumer,10/05/2022,Organic Search,1
C02687,Aanya Reddy,aanya.reddy2687@mail.comm,+91-9459712050,Lucknow,Uttar Pradesh,Corporate,01-13-2024,Email,
C02688,Priya Joshi,priya.joshi2688@yahoo.com,+918894265046,Hyderabad, Telangana ,Small Business,2025-02-27,Direct,No
C02689,Ira Nair,ira.nair2689@outlook.com,,Bengaluru,karnataka,Consumer,2025-07-14,Direct,Y
C02690,Vivaan Shah,vivaan.shah2690@gmail.com,+91-9454669097,Bhubaneswar,Odisha,Corporate,09-10-2025,Marketplace,N
C02691,Ira Nair,ira.nair2691@outlook.com,+91-9094256810, Kochi ,Kerala,Consumer,08-07-2025,Direct,
C02692,POOJA JAIN,pooja.jain2692@gmail.com,+91-8666218038,CHANDIGARH,Chandigarh,Consumer,2025-10-31,Organic Search,0
C02693,Vihaan Mehta,vihaan.mehta2693@yahoo.com,+91-9392572984,bhubaneswar,Odisha,Corporate,06-21-2025,Marketplace,No
C02694,Rahul Iyer,rahul.iyer2694@gmail.com,+91-7087709214,Ahmedabad,Gujarat,Small Business,01-09-2026,Referral,No
C02695,Nikhil Mishra,nikhil.mishra2695@yahoo.com,+91-8579503307,Bengaluru,Karnataka,Corporate,10-04-2022,Referral,No
C02696,Varun Joshi,varun.joshi2696@yahoo.com,+91-7339875768,Noida,Uttar Pradesh,Small Business,31/10/2023,Referral,1
C02697,RAHUL PATEL, rahul.patel2697@yahoo.com ,+91-9434031110,Coimbatore,Tamil Nadu,Small Business,01/12/2023,Social Media,0
C02698,Diya Bansal, diya.bansal2698@mail.com ,+91-8536406633,Chandigarh,Chandigarh,Small Business,09-26-2023,Referral,0
C02699,Rahul Nair,rahul.nair2699@yahoo.com,,Patna,Bihar,Consumer,2022-06-15,Email,N
C02700,Tanya Mehta,tanya.mehta2700@outlook.com,+91-9143930606,gurugram,Haryana,Consumer,03-12-2024,Direct,Y
C02701,Neha Mehta,neha.mehta2701@mail.com,,Pune,Maharashtra,Corporate,2022-07-30,Marketplace,
C02702,Vihaan Joshi,vihaan.joshi2702@yahoo.com,+91-8402175129,Chennai,Tamil Nadu,Corporate,24/10/2022,Email,No
C02703,Diya Malhotra,diya.malhotra2703@outlook.com,7854308514,Coimbatore,Tamil Nadu,Corporate,03-13-2026,Organic Search,Yes
C02704,ankit agarwal,ankit.agarwal2704@company.in,+91-9457912796,Kochi,Kerala,Corporate,01-11-2026,Referral,0
C02705, Aarav Reddy , aarav.reddy2705@mail.com ,+91-7224193557,Kochi,kerala,Consumer,2023-07-24,Organic Search,
C02706, Riya Malhotra ,riya.malhotra2706@gmail.com,+91-9644606387,Patna,Bihar,Small Business,2024-08-11,Direct,
C02707,Karan Gupta,karan.gupta2707@gmail.com,+91-8561895101,Bhubaneswar,Odisha,Consumer,19/01/2023,Social Media,N
C02708,Neha Sharma,neha.sharma2708@yahoo.com,+91-8069616051,Coimbatore,Tamil Nadu,Small Business,11-17-2021,Paid Search,1
C02709,ishaan saxena,ishaan.saxena2709@gmail.com,+91-9355637536,Chandigarh,Chandigarh,Corporate,10/07/2026,Social Media,Y
C02710,Varun Mehta,varun.mehta2710@outlook.com,8274563958,Bhubaneswar,Odisha,Consumer,21/06/2026,Referral,Y
C02711, Meera Nair ,MEERA.NAIR2711@GMAIL.COM,+91-8819059112,Kolkata,West Bengal,Consumer,10-29-2022,Social Media,No
C02712,Vivaan Gupta,VIVAAN.GUPTA2712@COMPANY.IN,+91-9643086249,chennai, Tamil Nadu ,Small Business,23/07/2024,Paid Search,Y
C02713,Neha Singh,neha.singh2713@gmail.com,+91-9707278942,Bengaluru,Karnataka,Small Business,2026-04-10,Email,Y
C02714,Saanvi Agarwal,saanvi.agarwal2714@company.in,+91-8921457694,Bengaluru,Karnataka,Corporate,12/02/2024,Paid Search,Yes
C02715,Amit Sharma,AMIT.SHARMA2715@COMPANY.IN,+91-7903231226,Patna,Bihar,Small Business,05-15-2022,Email,No
C02716,Ankit Sharma,,+917394585868,Chennai,Tamil Nadu,Corporate,2022-06-27,Paid Search,1
C02717,Vihaan Mishra,vihaan.mishra2717@mail.com,+91-8505473236,Chennai,Tamil Nadu,Small Business,02-28-2024,Paid Search,1
C02718, Varun Nair ,varun.nair2718@gmail.com,+91-9748732532,Ahmedabad,Gujarat,Consumer,10/06/2026,,N
C02719,kabir patel,kabir.patel2719@mail.com,+91-7777299022,Nagpur,maharashtra,Small Business,12-13-2024,Direct,0
C02720, Diya Mehta ,diya.mehta2720@yahoo.com,+91-8731336220,Bengaluru,Karnataka,Small Business,02/10/2024,Direct,Y
C02721,Amit Mehta,amit.mehta2721@gmail.com,+91-9496674519,Noida,Uttar Pradesh,Consumer,2022-03-02,Organic Search,N
C02722,Vihaan Kapoor,vihaan.kapoor2722@mail.com,+91-7540743415,Hyderabad,Telangana,Small Business,12/08/2023,Organic Search,
C02723,Pooja Chopra, pooja.chopra2723@mail.com ,+91-7357817878,BENGALURU,Karnataka,Small Business,16/03/2025,Referral,Y
C02724, Simran Chopra ,simran.chopra2724@yahoo.com,+91-8067034003,Patna,Bihar,Corporate,12-27-2025,Direct,
C02725,Sahil Reddy,sahil.reddy2725@gmail.com,+91-8674722942,Hyderabad,Telangana,Small Business,07-09-2026,Marketplace,N
C02726,Ankit Mishra,ankit.mishra2726@outlook.comm,+91-7478891136,AHMEDABAD,Gujarat,Consumer,13/10/2024,Social Media,1
C02727,Meera Iyer,meera.iyer2727@company.in,7534170812,Jaipur,rajasthan,Corporate,2025-07-31,Organic Search,0
C02728,Meera Nair,meera.nair2728@mail.com,+91-9966828885,Coimbatore,Tamil Nadu,Small Business,16/01/2024,Email,1
C02729,Arjun Kumar,arjun.kumar2729@outlook.com,,Jaipur,Rajasthan,Consumer,08-22-2021,Direct,Y
C02730,Ira Nair,,+91-8954775980,Chandigarh,Chandigarh,Corporate,12/08/2022,Marketplace,Y
C02731,Rahul Bansal,rahul.bansal2731@company.in,+91-9903666255,Noida,Uttar Pradesh,Consumer,2024-07-22,Organic Search,Y
C02732,Meera Chopra,meera.chopra2732@yahoo.com,+91-9757549309,Coimbatore,Tamil Nadu,,05-15-2022,Organic Search,Y
C02733,Ira Patel,ira.patel2733@yahoo.com,+91-9069522882,Mumbai,MAHARASHTRA,Corporate,12/05/2025,Referral,N
C02734,Aditya Verma,aditya.verma2734@company.in,8132786480,COIMBATORE, Tamil Nadu ,Corporate,2026-05-24,Social Media,Y
C02735,Pooja Saxena,pooja.saxena2735@outlook.com,7241831080,Kochi,Kerala,Small Business,2026-02-26,Referral,1
C02736,Aditya Verma,aditya.verma2736@gmail.com,+91-9896536315,Mumbai,Maharashtra,Small Business,31/03/2021,Paid Search,Yes
C02737,Simran Singh,simran.singh2737@outlook.com,+91-9128483095,Patna,Bihar,Consumer,2021-09-16,Direct,No
C02738,Aditya Bansal,aditya.bansal2738@company.in,+91-9226232648,Noida,Uttar Pradesh,Corporate,08-17-2025,Email,
C02739,Diya Jain,diya.jain2739@company.in,+91-9955579421, Chandigarh ,chandigarh,Small Business,2025-03-31,Direct,1
C02740,Varun Mishra,varun.mishra2740@gmail.com,+91-8383311737,Pune,Maharashtra,Corporate,29/03/2021,,0
C02741,Vivaan Kapoor,vivaan.kapoor2741@outlook.com,+91-9808518220,Bengaluru,Karnataka,Small Business,01-21-2022,Paid Search,N
C02742,kabir mehta,kabir.mehta2742@company.in,,Chandigarh, Chandigarh ,Consumer,27/05/2023,Social Media,Y
C02743,Pooja Jain,pooja.jain2743@mail.com,+91-7067587914,Kolkata,West Bengal,Corporate,08-04-2024,Referral,1
C02744,Priya Joshi,priya.joshi2744@gmail.com,,Gurugram,HARYANA,Corporate,16/12/2022,Organic Search,N
C02745,Aditya Mishra,aditya.mishra2745@company.in,+91-8006002379,Mumbai,Maharashtra,Corporate,2023-11-19,Paid Search,No
C02746,Tanya Shah,tanya.shah2746@yahoo.com,+91-7325438019,Kochi,kerala,Small Business,2023-06-21,,Y
C02747,Diya Joshi,diya.joshi2747@mail.com,+91-9972924208,Kolkata,West Bengal,Small Business,2021-02-23,Paid Search,Y
C02748,Sahil Verma,sahil.verma2748@company.in,+91-7871493026,Bhopal,Madhya Pradesh,Small Business,23/04/2021,Marketplace,1
C02749,Tanya Iyer,tanya.iyer2749@company.in,+91-7852355739,Kochi,Kerala,Corporate,06-15-2026,Direct,Y
C02750,Meera Jain,meera.jain2750@yahoo.com,+91-9544260699,NAGPUR,Maharashtra,Consumer,02/07/2022,Referral,Y
C02751,Pooja Iyer,pooja.iyer2751@outlook.com,7508787453,JAIPUR,Rajasthan,,11-17-2025,Marketplace,0
C02752,rohan kapoor,rohan.kapoor2752@company.in,+91-7557954311,Ahmedabad,Gujarat,Small Business,27/09/2024,Email,No
C02753,Pooja Chopra,pooja.chopra2753@company.in,+91-8607740069,Surat,Gujarat,Corporate,06-10-2025,Social Media,0
C02754,Kabir Malhotra,kabir.malhotra2754@outlook.com,+91-9916454171,Kolkata,WEST BENGAL,Corporate,07-02-2024,Email,Y
C02755,Karan Malhotra,karan.malhotra2755@mail.com,+91-8123007244,gurugram,haryana,Consumer,12-22-2025,Email,
C02756,Nikhil Saxena,nikhil.saxena2756@gmail.com,+91-9181866391,Bhubaneswar,Odisha,Corporate,27/08/2023,Social Media,No
C02757,Varun Bansal,varun.bansal2757@gmail.comm,+91-9646302674,Mumbai,Maharashtra,Corporate,2021-10-19,Organic Search,N
C02758,Kabir Singh,kabir.singh2758@gmail.com,+91-9504919829,Nagpur,Maharashtra,Small Business,2021-02-15,Direct,Yes
C02759,Vivaan Verma,vivaan.verma2759@mail.com,+91-8490594959, Lucknow ,Uttar Pradesh,Small Business,03/12/2022,Marketplace,0
C02760,Rohan Agarwal,rohan.agarwal2760@yahoo.com,+91-9368451445,Nagpur,Maharashtra,Consumer,2023-06-16,Email,1
C02761,Neha Agarwal,neha.agarwal2761@company.in,+91-7584030797,Bhopal,Madhya Pradesh,Consumer,12/02/2026,Referral,0
C02762,Rahul Malhotra,RAHUL.MALHOTRA2762@GMAIL.COM,+91-7633711363,Bengaluru,Karnataka,Corporate,28/12/2023,Social Media,Yes
C02763,Riya Shah,riya.shah2763@yahoo.com,+91-9431352258,Kolkata,West Bengal,Consumer,10-02-2021,Social Media,No
C02764,Nikhil Jain,nikhil.jain2764@gmail.com,+91-8326858996,Bhopal,Madhya Pradesh,Consumer,07/08/2022,Referral,0
C02765,ishaan verma,ishaan.verma2765@company.in,+91-9915294398,Lucknow,Uttar Pradesh,Consumer,07-05-2025,Email,
C02766,Simran Sharma,,+91-8786733261,Indore,MADHYA PRADESH,Small Business,2026-06-09,Referral,Y
C02767, Sahil Shah ,sahil.shah2767@company.in,+91-9835757057,Kochi,Kerala,Consumer,08-08-2025,Social Media,
C02768,Amit Gupta,amit.gupta2768@mail.comm,+91-7927349262,Chandigarh,Chandigarh,Small Business,03-07-2026,Marketplace,0
C02769,TANYA IYER,tanya.iyer2769@yahoo.com,+91-7107434698,Coimbatore,Tamil Nadu,Small Business,09-19-2024,Social Media,
C02770, Sneha Bansal ,sneha.bansal2770@yahoo.com,+91-7928959255,Lucknow,Uttar Pradesh,Consumer,08-22-2023,Organic Search,Y
C02771,Ishaan Mehta,ishaan.mehta2771@mail.com,+91-8064536520,AHMEDABAD,Gujarat,Consumer,01-02-2025,Marketplace,N
C02772,Nikhil Singh,nikhil.singh2772@mail.com,+91-8207499465,Pune, Maharashtra ,Consumer,19/10/2023,Direct,0
C02773, Saanvi Bansal ,saanvi.bansal2773@yahoo.com,+91-9172046928,COIMBATORE,Tamil Nadu,Small Business,2021-06-09,,No
C02774,Priya Mishra,priya.mishra2774@gmail.com,+91-7390660322, Bhopal ,Madhya Pradesh,Corporate,08-26-2025,Referral,No
C02775,Karan Singh,karan.singh2775@mail.com,+91-7026981138,Pune, Maharashtra ,Consumer,2022-11-13,Email,Yes
C02776,Amit Joshi,amit.joshi2776@mail.com,+91-8760229696,Lucknow,Uttar Pradesh,Small Business,07-15-2021,Social Media,Y
C02777,Meera Reddy,meera.reddy2777@mail.com,+91-9235899171,Chandigarh,Chandigarh,Corporate,19/01/2026,Organic Search,Yes
C02778,Myra Gupta,MYRA.GUPTA2778@YAHOO.COM,,KOCHI,Kerala,Small Business,04-22-2025,Referral,No
C02779,Ishaan Nair,ishaan.nair2779company.in,+91-7375697050,Gurugram,Haryana,Consumer,07/08/2021,Marketplace,
C02780,Vivaan Mehta,vivaan.mehta2780@mail.com,+91-8027662338,Bhubaneswar,ODISHA,Consumer,07-22-2024,Referral,Y
C02781,Rohan Gupta,rohan.gupta2781mail.com,+91-8758603669,kochi,Kerala,Small Business,15/10/2021,Paid Search,1
C02782, Ankit Joshi ,ankit.joshi2782@company.in,+91-8463232411,Chennai,Tamil Nadu,Corporate,30/01/2025,Marketplace,Y
C02783,Simran Joshi,simran.joshi2783@gmail.com,+91-9552272447,nagpur,Maharashtra,Corporate,06-05-2026,Organic Search,N
C02784,Myra Mehta,myra.mehta2784@yahoo.com,+919580991819,BENGALURU,Karnataka,Corporate,27/10/2021,Referral,1
C02785,Ira Mehta,ira.mehta2785@company.in,+91-7743401333,Kochi,Kerala,Corporate,2024-05-01,Paid Search,Y
C02786,ANKIT SINGH,ankit.singh2786@company.in,+91-7355924290,Surat,gujarat,Small Business,24/01/2023,Social Media,0
C02787,Rahul Kapoor,rahul.kapoor2787@yahoo.com,+91-7559519765,Chandigarh,Chandigarh,Small Business,2024-01-28,Organic Search,Y
C02788,Ananya Kapoor,ananya.kapoor2788@outlook.com,+91-8056752671,Kochi,kerala,Corporate,2021-10-20,Referral,0
C02789,Meera Gupta,meera.gupta2789@outlook.com,+91-8181825947,Chennai,Tamil Nadu,Small Business,11-27-2023,Marketplace,0
C02790,Rahul Shah,rahul.shah2790@gmail.com,+91-9628106541,Bengaluru,,Small Business,2023-01-08,Referral,
C02791,Varun Kapoor,VARUN.KAPOOR2791@GMAIL.COM,+91-8391432452,Indore,Madhya Pradesh,Consumer,2021-08-17,,
C02792,Simran Agarwal,simran.agarwal2792@mail.comm,+91-8825601252,Chennai,tamil nadu,Corporate,17/08/2023,Direct,Y
C02793,Priya Gupta,PRIYA.GUPTA2793@GMAIL.COM,+91-9835613877,Gurugram,Haryana,Consumer,2022-01-10,Social Media,Y
C02794,Saanvi Verma,saanvi.verma2794@gmail.com,8566871655,Hyderabad,Telangana,Consumer,22/01/2026,Direct,N
C02795,Rahul Mehta,rahul.mehta2795@mail.com,+91-774329606,AHMEDABAD,gujarat,Small Business,09-17-2024,,Yes
C02796,Priya Chopra,,+91-9718214517,Bhubaneswar,Odisha,Small Business,2025-12-28,Social Media,N
C02797,Amit Joshi,amit.joshi2797@company.in,+91-7315884719,Indore,Madhya Pradesh,Consumer,03-22-2023,Social Media,Y
C02798,Meera Joshi,meera.joshi2798@mail.com,+91-8937008680,Coimbatore,Tamil Nadu,Consumer,2022-11-20,Paid Search,1
C02799,ankit jain,ankit.jain2799@yahoo.com,,Patna,Bihar,Consumer,06-27-2026,Referral,0
C02800,Sneha Iyer,sneha.iyer2800@outlook.com,+91-9896173413,Gurugram,Haryana,Corporate,2025-12-15,Email,N
C02801,Ishaan Patel,ishaan.patel2801@yahoo.com,+91-7216092011,Mumbai,Maharashtra,Consumer,2025-03-18,Marketplace,Y
C02802,Vivaan Sharma,vivaan.sharma2802@outlook.com,+91-7030306704,Hyderabad,Telangana,Corporate,25/04/2022,Referral,Y
C02803,Amit Shah,amit.shah2803@company.in,+91-8966667312,coimbatore,TAMIL NADU,Small Business,06-13-2026,Social Media,Yes
C02804,vihaan gupta,vihaan.gupta2804@gmail.com,+91-8325889307,Surat,,Corporate,04-08-2023,Marketplace,
C02805,Ira Malhotra,ira.malhotra2805mail.com,+91-9829221460,Kolkata,West Bengal,Small Business,29/07/2021,Social Media,0
C02806,Priya Verma,PRIYA.VERMA2806@YAHOO.COM,+91-9635195173,Chennai,Tamil Nadu,Corporate,19/02/2024,Email,No
C02807,Rahul Kapoor,rahul.kapoor2807@company.in,+91-7788699343,Chennai,Tamil Nadu,Consumer,02-03-2025,Email,Y
C02808,Kiara Verma,kiara.verma2808@mail.com,+91-8931791481,Indore,Madhya Pradesh,Consumer,12/08/2026,Organic Search,
C02809,Kiara Verma,kiara.verma2809@company.in,+91-7227637592,Jaipur,Rajasthan,Consumer,01/01/2025,Email,Yes
C02810,Meera Reddy,meera.reddy2810@gmail.com,+91-7620438416,Ahmedabad,Gujarat,Consumer,12-04-2021,Referral,
C02811,Sneha Patel,sneha.patel2811@mail.com,+91-8592845317,Chennai,Tamil Nadu,Consumer,07-08-2023,Referral,Yes
C02812,Nikhil Saxena,nikhil.saxena2812@mail.comm,+91-8861726621,Pune, Maharashtra ,Corporate,10/02/2026,Organic Search,N
C02813,Meera Mishra,meera.mishra2813@company.in,+91-7756384024,Delhi,Delhi,Consumer,2021-04-29,Social Media,Y
C02814,Amit Patel,amit.patel2814@gmail.com,+91-8509647998, Kolkata ,West Bengal,Corporate,11-01-2024,Paid Search,No
C02815,Aditya Verma,aditya.verma2815@outlook.com,+91-9667219129,Chennai,Tamil Nadu,,08/02/2023,Direct,Y
C02816,Ananya Jain,ananya.jain2816@company.in,9762114246,Coimbatore,Tamil Nadu,Corporate,12-11-2022,Organic Search,Y
C02817, Ira Kumar ,ira.kumar2817@outlook.com,+91-9026785451,Surat,gujarat,Consumer,03-27-2024,Marketplace,0
C02818,Arjun Chopra,arjun.chopra2818@company.in,+91-7388588203,Nagpur,Maharashtra,Consumer,21/06/2025,Paid Search,N
C02819,Meera Chopra,meera.chopra2819@mail.com,+91-9019045015,surat,gujarat,Corporate,04-07-2023,Organic Search,Yes
C02820,Diya Mishra,diya.mishra2820@mail.com,+91-9434228449,Coimbatore,Tamil Nadu,Small Business,2022-01-02,Email,0
C02821,Vivaan Malhotra,vivaan.malhotra2821@outlook.com,+91-8375616914,Ahmedabad,Gujarat,Consumer,22/12/2021,Social Media,
C02822,Riya Reddy,riya.reddy2822@company.in,+91-9263689416,Pune,Maharashtra,Small Business,12/01/2023,Referral,
C02823,Neha Verma,neha.verma2823@yahoo.com,7462266329,Surat,Gujarat,Corporate,2024-12-12,Referral,N
C02824,Sneha Joshi,sneha.joshi2824@yahoo.com,+91-7462122124,Noida,Uttar Pradesh,Small Business,2022-07-19,Email,N
C02825,Karan Kapoor,karan.kapoor2825@company.in,+91-9633678645, Ahmedabad ,Gujarat,Corporate,2022-09-28,Referral,No
C02826,Pooja Patel,pooja.patel2826@outlook.com,+91-9298988495,Bhubaneswar,Odisha,Consumer,01-14-2025,Direct,
C02827,Ishaan Jain,ishaan.jain2827yahoo.com,+91-7169261772,Coimbatore,Tamil Nadu,Consumer,10-02-2024,Organic Search,Y
C02828,Neha Chopra,neha.chopra2828gmail.com,,Indore,Madhya Pradesh,Consumer,08-18-2021,Email,N
C02829,Aanya Iyer,aanya.iyer2829@mail.com,+91-7271592543,Lucknow,Uttar Pradesh,Corporate,06-15-2023,Referral,N
C02830,Rahul Nair,,+91-9951777480,Bengaluru,karnataka,Corporate,09-05-2024,Marketplace,
C02831,Aditya Saxena,aditya.saxena2831@yahoo.com,+91-8555035829, Surat ,Gujarat,Corporate,01-20-2023,Direct,
C02832,Rohan Singh,rohan.singh2832@company.in,9935137863,Delhi,Delhi,Consumer,05-13-2021,Paid Search,N
C02833, Simran Sharma ,simran.sharma2833@outlook.com,,Hyderabad,Telangana,Small Business,06-24-2026,Email,N
C02834,Priya Reddy,priya.reddy2834@mail.com,+91-752250402,Chennai,Tamil Nadu,Consumer,2021-09-10,Organic Search,Y
C02835, Saanvi Chopra ,saanvi.chopra2835@company.in,+91-8292087975,Chennai,tamil nadu,Small Business,03-11-2021,Referral,No
C02836,Sneha Bansal,sneha.bansal2836@gmail.comm,+917672273244,Chennai,Tamil Nadu,Consumer,2023-10-05,Referral,0
C02837,TANYA NAIR,tanya.nair2837@company.in,+91-7296624662,Delhi,Delhi,Small Business,2024-08-01,Email,N
C02838,Rohan Kumar,rohan.kumar2838@company.in,7127708899,Jaipur,Rajasthan,Consumer,2025-12-17,Organic Search,0
C02839,Diya Jain, diya.jain2839@company.in ,+91-9577507870,Mumbai,Maharashtra,Small Business,06-25-2023,Social Media,1
C02840,Ankit Reddy,ankit.reddy2840@company.in,+91-8058012395,bengaluru,Karnataka,Consumer,2024-08-25,Direct,Yes
C02841,Ananya Nair, ananya.nair2841@company.in ,8123578419,Mumbai,Maharashtra,Small Business,2026-04-30,Email,Y
C02842,Sneha Shah,sneha.shah2842@company.in,+91-8761905836,Pune,Maharashtra,Corporate,06-22-2022,Direct,Y
C02843,Kabir Verma,kabir.verma2843@mail.com,+91-9191356456,Chandigarh, Chandigarh ,Consumer,27/04/2023,Organic Search,N
C02844,TANYA PATEL,tanya.patel2844@gmail.com,+91-7184916814,Pune,Maharashtra,Corporate,27/09/2021,Direct,0
C02845,Aarav Chopra,aarav.chopra2845@yahoo.com,+91-7587045533,Jaipur,Rajasthan,Consumer,03-27-2022,Organic Search,Yes
C02846,Sneha Shah,sneha.shah2846@company.in,+91-7629190367,Delhi,Delhi,Consumer,18/08/2026,Social Media,
C02847,pooja sharma,pooja.sharma2847@company.in,+91-7493359729,Jaipur,Rajasthan,Small Business,22/07/2024,Organic Search,No
C02848, Aanya Bansal ,aanya.bansal2848@mail.com,+91-9674665796,Nagpur, Maharashtra ,Consumer,27/04/2022,Direct,1
C02849,Aarav Sharma,aarav.sharma2849@outlook.com,+91-9677164422,Pune,,Small Business,05-19-2021,Social Media,Y
C02850,Pooja Sharma,pooja.sharma2850@outlook.com,+91-7999190503,Kolkata,West Bengal,Small Business,04-11-2025,Referral,1
C02851,Karan Kumar,karan.kumar2851@mail.com,+91-7112317486,Kolkata,West Bengal,Small Business,26/08/2026,Organic Search,Yes
C02852,Sahil Chopra,sahil.chopra2852@outlook.com,+91-7966136513,INDORE,Madhya Pradesh,Consumer,10-23-2021,Organic Search,
C02853,Rohan Chopra,rohan.chopra2853@gmail.com,+91-9721441833,Kochi,Kerala,Small Business,26/09/2022,Paid Search,0
C02854,Ankit Reddy,ankit.reddy2854@mail.com,+91-9313675538,Patna,Bihar,Small Business,24/01/2022,Organic Search,Yes
C02855,Sneha Shah,sneha.shah2855@yahoo.com,+91-9140352259,Mumbai,Maharashtra,Small Business,11-04-2025,Social Media,Y
C02856,Meera Joshi,meera.joshi2856@company.in,7520711734,Chennai,Tamil Nadu,Small Business,2021-12-07,Email,0
C02857,Nikhil Mishra,nikhil.mishra2857@yahoo.com,+91-7931927104,hyderabad,Telangana,Corporate,2023-03-30,Referral,0
C02858,Rahul Agarwal,rahul.agarwal2858@gmail.com,+91-8349914821,Nagpur,Maharashtra,Small Business,03/11/2023,Marketplace,0
C02859,Nikhil Mishra,nikhil.mishra2859@mail.com,+91-8685035003,Hyderabad,Telangana,Consumer,03-11-2022,Organic Search,Y
C02860, Amit Bansal ,amit.bansal2860@yahoo.com,+91-7241270192,Jaipur,Rajasthan,Small Business,26/05/2022,Referral,Yes
C02861,Aditya Kapoor,aditya.kapoor2861@gmail.com,+91-9248684979,Bhopal,Madhya Pradesh,Small Business,02/07/2024,Email,Yes
C02862,Diya Singh,diya.singh2862@company.in,+91-8909611914,Hyderabad,Telangana,Consumer,02-19-2025,Organic Search,
C02863,Ira Sharma,ira.sharma2863@yahoo.com,+91-9955724393,Bhopal,Madhya Pradesh,Small Business,29/03/2024,Paid Search,Y
C02864,Riya Saxena,riya.saxena2864company.in,+91-7070640637,Bhubaneswar,odisha,Consumer,2025-06-04,Direct,
C02865,Kiara Agarwal,kiara.agarwal2865@company.in,7731893759,Bengaluru,Karnataka,Corporate,2026-04-19,Referral,No
C02866,Varun Patel, varun.patel2866@company.in ,+91-7833991923,Patna,Bihar,Small Business,30/07/2024,Social Media,Y
C02867,Meera Jain,meera.jain2867@gmail.com,+91-8840258938,NAGPUR,Maharashtra,Corporate,20/04/2026,Email,N
C02868,Ishaan Joshi,ishaan.joshi2868@company.in,+91-7825751803,Lucknow,Uttar Pradesh,Corporate,2024-01-13,Referral,Y
C02869,Aanya Sharma,aanya.sharma2869@outlook.com,+91-9327221363, Jaipur ,Rajasthan,Consumer,2024-10-12,Organic Search,Y
C02870,Riya Kumar,riya.kumar2870@mail.com,+91-7359931826,Bhubaneswar,Odisha,Corporate,06/04/2022,Paid Search,1
C02871,Varun Shah,varun.shah2871@gmail.com,+91-9965433455,Delhi,Delhi,Corporate,30/03/2026,Organic Search,N
C02872,Myra Agarwal,myra.agarwal2872@yahoo.com,+91-8462939513,Chandigarh,CHANDIGARH,Small Business,11-13-2022,Direct,Y
C02873,Kiara Joshi,kiara.joshi2873@outlook.comm,+91-9095123596,Lucknow, Uttar Pradesh ,Corporate,15/04/2026,Email,1
C02874,Neha Reddy,neha.reddy2874@company.in,+91-7760681420,Surat,Gujarat,Small Business,01-30-2024,Direct,Y
C02875,Priya Mehta,priya.mehta2875@outlook.com,+91-8033143921,Kolkata,West Bengal,Corporate,04-12-2026,Email,Yes
C02876,Meera Iyer,meera.iyer2876@yahoo.com,+91-8616210098,patna,Bihar,Small Business,2022-03-03,Social Media,Y
C02877,Rahul Kapoor,RAHUL.KAPOOR2877@MAIL.COM,+91-8420924338,Kolkata,WEST BENGAL,Corporate,01-10-2021,Marketplace,No
C02878,Sahil Sharma,sahil.sharma2878@gmail.com,7574813515,Bhopal,madhya pradesh,Consumer,13/05/2024,Organic Search,N
C02879,Karan Kumar,karan.kumar2879@gmail.com,+91-9990576646,Noida,Uttar Pradesh,Small Business,07-30-2025,Social Media,N
C02880,Myra Verma,myra.verma2880@yahoo.com,7867438184,Chandigarh, Chandigarh ,Small Business,03-11-2025,Email,
C02881,Aditya Bansal,aditya.bansal2881@outlook.com,+91-8057299985,Lucknow,Uttar Pradesh,Small Business,08/02/2022,Email,0
C02882,Neha Patel,neha.patel2882@gmail.com,+91-7896082250,Coimbatore,Tamil Nadu,Consumer,25/01/2026,Referral,N
C02883,Pooja Mehta,pooja.mehta2883@mail.com,+91-9849567961,Chandigarh,chandigarh,Small Business,2021-07-30,Paid Search,N
C02884,Vihaan Gupta,vihaan.gupta2884@mail.com,+91-7582662083,CHENNAI,Tamil Nadu,Corporate,07-05-2022,Organic Search,N
C02885,rahul sharma,rahul.sharma2885@company.in,,Mumbai,Maharashtra,Consumer,06-15-2022,Email,Y
C02886,Rohan Sharma,rohan.sharma2886@yahoo.com,7089668615,Bhopal,Madhya Pradesh,Corporate,2024-04-09,Direct,N
C02887,Aditya Reddy,aditya.reddy2887@yahoo.com,+91-7576323839,Kolkata,West Bengal,Small Business,03/10/2022,Marketplace,N
C02888,Neha Singh,neha.singh2888@outlook.com,+91-889913441,Chandigarh,CHANDIGARH,Consumer,02/05/2026,Marketplace,Yes
C02889,Aarav Malhotra,aarav.malhotra2889@company.in,+91-7626967245,Ahmedabad,Gujarat,Small Business,2023-06-19,Organic Search,No
C02890,Pooja Sharma,pooja.sharma2890@mail.com,+91-7593283274,Chennai,Tamil Nadu,Small Business,05/04/2023,Email,Yes
C02891, Sahil Jain ,sahil.jain2891@gmail.com,+91-8752480228,Ahmedabad,Gujarat,Corporate,2026-06-12,Email,Yes
C02892,Diya Reddy,diya.reddy2892@company.in,+91-9212200885,,Delhi,Corporate,22/06/2026,Email,1
C02893,Priya Agarwal,priya.agarwal2893@company.in,+91-7493919044,Patna,Bihar,Small Business,2022-11-27,Marketplace,Y
C02894,kabir mehta,,+91-8965732792,Mumbai,Maharashtra,Small Business,30/07/2024,Direct,
C02895,Ananya Saxena,ananya.saxena2895@gmail.comm,+91-9935070393,Delhi,Delhi,Consumer,2021-07-31,Social Media,Y
C02896, Simran Nair ,simran.nair2896@company.in,+917579500536,Indore,Madhya Pradesh,Corporate,01-10-2025,Organic Search,Y
C02897,Ishaan Mishra,ishaan.mishra2897@yahoo.com,+91-7337684188, Noida ,Uttar Pradesh,Small Business,05/06/2026,Direct,Yes
C02898,Meera Chopra,meera.chopra2898@yahoo.com,+918042737534,Kolkata,West Bengal,Small Business,2022-10-03,Social Media,
C02899,Arjun Nair,arjun.nair2899@company.in,+91-8594198110,Bhubaneswar,Odisha,Small Business,2022-02-01,Email,
C02900,Rahul Jain,rahul.jain2900@mail.com,+91-7264521860,,Rajasthan,Corporate,14/08/2024,,1
C02901,NIKHIL MISHRA,nikhil.mishra2901@gmail.com,,bengaluru,Karnataka,Consumer,2025-12-31,Paid Search,Y
C02902,Vihaan Nair,vihaan.nair2902@yahoo.com,+91-8845578696,Surat,Gujarat,Small Business,18/07/2022,Paid Search,N
C02903,Varun Jain,varun.jain2903@company.in,+91-9457350916,bhubaneswar,odisha,Corporate,04-06-2025,Marketplace,
C02904,Priya Gupta,priya.gupta2904@outlook.com,+91-8555039638,Chandigarh,Chandigarh,Small Business,04/04/2023,Organic Search,No
C02905,Rohan Iyer,rohan.iyer2905@gmail.com,+91-7524676838,Jaipur,Rajasthan,Corporate,05-18-2023,Email,1
C02906,Riya Sharma,riya.sharma2906@yahoo.com,7232644413,Pune,Maharashtra,Consumer,2022-11-23,Marketplace,1
C02907,SIMRAN JAIN,simran.jain2907@company.in,+91-7795579814,Mumbai,Maharashtra,Consumer,2025-06-03,Social Media,Y
C02908,Amit Mehta,,+91-7490329705,SURAT, Gujarat ,Small Business,06-07-2023,Social Media,
C02909,Myra Mehta,myra.mehta2909@mail.com,+91-7638537097,Indore,Madhya Pradesh,Consumer,2023-09-27,Paid Search,1
C02910,Sneha Patel, sneha.patel2910@mail.com ,+91-923570856,indore,Madhya Pradesh,Small Business,2026-08-02,Email,Yes
C02911,ankit sharma,ankit.sharma2911@mail.com,+91-7087898194,Bengaluru,Karnataka,Corporate,20/05/2022,Direct,
C02912,Myra Kapoor,myra.kapoor2912@gmail.com,+91-7036123138,Kolkata,West Bengal,Corporate,28/04/2024,Referral,N
C02913,Ira Jain,ira.jain2913@gmail.com,+91-9808911249,Ahmedabad,Gujarat,Corporate,26/11/2022,Marketplace,N
C02914,Amit Saxena,amit.saxena2914@gmail.com,+91-7756047260,Patna,Bihar,Small Business,2025-06-01,Referral,
C02915,IRA REDDY,ira.reddy2915@yahoo.com,+91-7875216401,Pune,Maharashtra,Small Business,2023-07-17,Marketplace,N
C02916,Nikhil Iyer,nikhil.iyer2916@gmail.com,,chandigarh,CHANDIGARH,Small Business,09-21-2021,Paid Search,Y
C02917,myra mishra,myra.mishra2917@mail.com,+91-7147416830,Lucknow,Uttar Pradesh,Corporate,19/09/2024,Referral,No
C02918,Varun Iyer,varun.iyer2918@outlook.com,+919950965753,Ahmedabad, Gujarat ,Consumer,19/10/2025,Referral,0
C02919,Diya Nair,diya.nair2919@company.in,+91-9561783571,Indore,Madhya Pradesh,Corporate,01-13-2022,Direct,0
C02920,Rahul Shah,rahul.shah2920@company.in,,chennai,Tamil Nadu,Small Business,09-01-2024,Email,Y
C02921,Kiara Shah,kiara.shah2921@outlook.com,+91-7937636097,Ahmedabad,,Small Business,2023-01-12,Direct,Y
C02922,Vihaan Chopra,vihaan.chopra2922@gmail.com,+91-9101458259,Lucknow,Uttar Pradesh,Small Business,01-01-2026,Social Media,Y
C02923,Pooja Malhotra,pooja.malhotra2923@yahoo.com,+91-9662399333,Indore,Madhya Pradesh,Consumer,02/12/2025,Marketplace,1
C02924,AARAV SHARMA,aarav.sharma2924@gmail.com,+91-847474511,Noida,Uttar Pradesh,Small Business,2025-09-04,Direct,0
C02925,Rahul Mehta,rahul.mehta2925@gmail.com,+91-7365012316,AHMEDABAD,Gujarat,Small Business,31/08/2021,Marketplace,Yes
C02926,Arjun Kumar,arjun.kumar2926gmail.com,+91-7693321332,Chandigarh,Chandigarh,Consumer,05/12/2025,Email,
C02927,kabir sharma,,+918365606647,hyderabad,telangana,Consumer,03-21-2024,Social Media,Y
C02928,Ishaan Jain, ishaan.jain2928@outlook.com ,+91-7300688265,Jaipur,Rajasthan,Corporate,03-30-2023,Email,No
C02929,Ankit Mishra,ankit.mishra2929@company.in,+91-9778870007,Kochi,Kerala,Small Business,08/06/2026,Social Media,Y
C02930,saanvi kumar,saanvi.kumar2930@outlook.com,8409580645,Hyderabad,Telangana,Corporate,2021-03-05,Email,0
C02931,Amit Joshi,amit.joshi2931@outlook.com,9580246173,Gurugram,HARYANA,Consumer,04-30-2026,Marketplace,
C02932,Amit Kumar,amit.kumar2932@yahoo.com,+91-9697034537,Delhi,DELHI,Consumer,14/04/2026,Paid Search,N
C02933,Vihaan Kumar,vihaan.kumar2933@yahoo.com,+91-8649008855,mumbai,Maharashtra,Small Business,14/07/2022,Referral,0
C02934,Tanya Iyer,tanya.iyer2934@yahoo.com,+91-9284319208,Bengaluru,Karnataka,Small Business,13/04/2024,Email,Y
C02935,Arjun Chopra,arjun.chopra2935@gmail.com,+91-8575340073,kochi,Kerala,Small Business,2021-07-31,Direct,No
C02936,aanya joshi,aanya.joshi2936@gmail.com,+91-9538790698,LUCKNOW,Uttar Pradesh,Corporate,21/09/2022,Email,Y
C02937,Karan Jain,karan.jain2937@mail.com,+91-8862373889,Hyderabad, Telangana ,Consumer,2021-08-26,Social Media,Y
C02938,Aditya Iyer,aditya.iyer2938@gmail.com,9678011052,Chandigarh,Chandigarh,Small Business,22/07/2025,Organic Search,Y
C02939,Meera Mehta,meera.mehta2939@outlook.com,8492143450,Coimbatore,Tamil Nadu,Corporate,2022-11-19,Referral,Yes
C02940,Neha Bansal,neha.bansal2940@company.in,+91-7443921226,Delhi,Delhi,Corporate,2021-04-13,Organic Search,1
C02941,Aarav Kumar,aarav.kumar2941@mail.com,+91-7157749365,Kochi, Kerala ,Consumer,09/02/2025,Paid Search,N
C02942,Arjun Chopra,arjun.chopra2942@yahoo.com,+91-7364597446,Surat,Gujarat,Small Business,01-04-2022,Organic Search,N
C02943,Pooja Kapoor,pooja.kapoor2943@yahoo.com,+91-7799136005,Noida,Uttar Pradesh,Consumer,2024-09-03,Direct,Y
C02944,Tanya Saxena,tanya.saxena2944@mail.com,+91-9770650830,Hyderabad,Telangana,Corporate,10-15-2023,Paid Search,Y
C02945,Rohan Verma,rohan.verma2945@mail.com,+91-7127564102,Kochi,Kerala,Consumer,2024-01-11,Social Media,Y
C02946,Kiara Mehta,kiara.mehta2946@outlook.com,+91-8552334920,Nagpur,Maharashtra,Consumer,10-20-2021,Marketplace,
C02947,Saanvi Singh,SAANVI.SINGH2947@GMAIL.COM,+91-7811764695, Lucknow ,Uttar Pradesh,Small Business,2022-01-31,Social Media,0
C02948,Kiara Malhotra, kiara.malhotra2948@yahoo.com ,+91-9419607354,Surat,Gujarat,Consumer,2026-03-03,Paid Search,Y
C02949,Simran Singh,simran.singh2949@yahoo.com,+91-8523168887,Pune,Maharashtra,Consumer,07-24-2022,Email,Y
C02950, Meera Malhotra ,meera.malhotra2950@mail.com,+918161065867,,Madhya Pradesh,Consumer,19/05/2024,Social Media,Y
C02951,Varun Chopra,varun.chopra2951@mail.com,+91-9657604303,AHMEDABAD,Gujarat,Small Business,19/12/2025,Organic Search,Y
C02952,Ira Patel,ira.patel2952@outlook.com,+91-8275096001,Patna,Bihar,Small Business,11-11-2025,Direct,
C02953, Rahul Kapoor ,rahul.kapoor2953@yahoo.com,+91-7037580673,Kolkata,West Bengal,Corporate,2022-01-03,Organic Search,1
C02954,Aarav Reddy,aarav.reddy2954@mail.com,+91-7276302992,Gurugram,Haryana,Consumer,06-03-2025,Referral,1
C02955,Simran Iyer,simran.iyer2955@yahoo.com,+91-7559097887,Mumbai,MAHARASHTRA,Consumer,2021-05-14,Email,
C02956,Ankit Iyer,ankit.iyer2956@outlook.com,+91-9751455600,Hyderabad,Telangana,Consumer,08-04-2026,Direct,Y
C02957,Karan Jain,karan.jain2957@yahoo.com,+91-9114016116,Kochi,Kerala,Consumer,2023-11-09,Referral,1
C02958,Riya Kumar,riya.kumar2958@mail.com,+91-8320205076,Patna,Bihar,Consumer,03-04-2026,Email,0
C02959,Nikhil Patel,nikhil.patel2959@gmail.com,9030259891, Surat ,Gujarat,Small Business,08/04/2025,Referral,
C02960,Vihaan Gupta,vihaan.gupta2960@yahoo.com,+91-7679883078,Ahmedabad,Gujarat,Small Business,2022-03-10,Marketplace,
C02961,Tanya Verma,tanya.verma2961@company.in,+91-7353870031,Chandigarh,Chandigarh,Consumer,09-06-2024,Organic Search,No
C02962,Riya Kapoor,riya.kapoor2962@yahoo.com,+91-9020771376,Pune,Maharashtra,,24/06/2021,Marketplace,
C02963,Aanya Joshi,aanya.joshi2963@yahoo.com,+91-8373939898,Bhopal,Madhya Pradesh,Consumer,02/03/2023,Organic Search,0
C02964, Aarav Joshi ,aarav.joshi2964@gmail.com,+91-8664592533,Chennai,Tamil Nadu,Small Business,11/05/2025,Referral,Y
C02965,Aarav Nair,aarav.nair2965@gmail.com,+91-9808616609,Delhi,Delhi,Corporate,2023-01-29,Email,Yes
C02966,Rohan Joshi,rohan.joshi2966@company.in,+918721911104,Bengaluru, Karnataka ,Consumer,17/05/2021,Marketplace,0
C02967, Priya Malhotra ,priya.malhotra2967@yahoo.com,+91-9767696865,Ahmedabad,Gujarat,Small Business,09/04/2026,Direct,
C02968,Aanya Saxena,aanya.saxena2968@outlook.com,+91-9973531824,Bhubaneswar,odisha,Corporate,11/08/2024,Social Media,Y
C02969,Rahul Mishra,rahul.mishra2969company.in,+91-8211030885,lucknow,Uttar Pradesh,Consumer,02-16-2023,Email,No
C02970,Diya Bansal,diya.bansal2970@gmail.com,+91-8589450147,DELHI,DELHI,Small Business,10-20-2023,Email,Yes
C02971,Ananya Sharma,ananya.sharma2971@gmail.com,+91-9847790224,,Uttar Pradesh,Small Business,2024-06-09,Direct,Y
C02972,Tanya Saxena,tanya.saxena2972@yahoo.com,+91-9518648893,Kolkata,West Bengal,Consumer,11/05/2025,Social Media,
C02973,Tanya Kumar,tanya.kumar2973@yahoo.com,+91-9157683590,Bengaluru, Karnataka ,Corporate,11/06/2026,Email,0
C02974,Neha Iyer,neha.iyer2974@gmail.com,+91-9501379673,Mumbai,Maharashtra,Corporate,04-13-2023,Social Media,
C02975,Aanya Shah,aanya.shah2975@gmail.com,+91-9268174299,Noida,Uttar Pradesh,Consumer,08-01-2025,Referral,Y
C02976,Rahul Verma,rahul.verma2976yahoo.com,+91-7224556346,Jaipur,Rajasthan,Corporate,04-29-2026,Email,N
C02977,Myra Verma,myra.verma2977@yahoo.com,+91-8541026210, Delhi ,DELHI,Consumer,04-26-2024,Referral,Y
C02978,Arjun Chopra,arjun.chopra2978@mail.comm,+91-9607167164,bengaluru,Karnataka,Small Business,25/01/2024,Direct,0
C02979,Rohan Bansal,rohan.bansal2979@yahoo.com,+91-7547465469,Surat,Gujarat,Consumer,2023-12-24,Social Media,N
C02980,Nikhil Mishra,nikhil.mishra2980@gmail.com,+91-9611748622, Indore ,Madhya Pradesh,Small Business,12-08-2022,Direct,Y
C02981,Varun Saxena,varun.saxena2981@gmail.com,+91-7377647432,Kochi,Kerala,Small Business,2023-05-04,Paid Search,Y
C02982,Sneha Bansal,sneha.bansal2982@company.in,+91-823963154,Noida, Uttar Pradesh ,Consumer,02-03-2026,Email,No
C02983,Arjun Gupta,ARJUN.GUPTA2983@COMPANY.IN,+91-8154799660,Nagpur,Maharashtra,Small Business,06/11/2022,Referral,No
C02984,aarav nair,aarav.nair2984@outlook.com,+91-8188919555,Kochi,Kerala,Consumer,01/02/2025,Marketplace,Yes
C02985,Priya Kumar,priya.kumar2985@outlook.com,+91-980985837,Lucknow,Uttar Pradesh,Corporate,05-20-2026,Email,N
C02986,Varun Mehta,varun.mehta2986@yahoo.com,+91-7386022059,Indore,Madhya Pradesh,Corporate,09/11/2025,Direct,Y
C02987,Tanya Shah,tanya.shah2987@outlook.com,+91-8903062562, Noida ,UTTAR PRADESH,Corporate,06/11/2022,Referral,N
C02988,VIVAAN SAXENA,vivaan.saxena2988@gmail.com,+91-9080710168,Noida,Uttar Pradesh,Corporate,02-12-2024,Marketplace,
C02989,Ananya Iyer,ananya.iyer2989@outlook.com,+91-9944981898,Indore,Madhya Pradesh,Small Business,20/02/2022,Email,Y
C02990,Aanya Reddy,aanya.reddy2990@mail.com,+91-7034439217,Hyderabad,Telangana,Corporate,2021-10-13,Referral,No
C02991,Karan Jain,karan.jain2991@company.in,+91-8841627446,Patna,Bihar,Consumer,11-20-2021,Direct,N
C02992,saanvi patel,saanvi.patel2992@mail.com,+91-9570049736,Lucknow, Uttar Pradesh ,Corporate,17/07/2024,Direct,0
C02993,Meera Gupta,meera.gupta2993@gmail.com,+91-9142940303,bhubaneswar,,Small Business,08-22-2024,Direct,No
C02994,Riya Saxena,riya.saxena2994@mail.com,+91-9938368639,Chennai, Tamil Nadu ,Corporate,11-28-2021,Email,Yes
C02995,Priya Kumar,priya.kumar2995@outlook.com,+91-9583286199,Coimbatore,Tamil Nadu,Corporate,09/09/2022,Organic Search,No
C02996,VARUN SHARMA,varun.sharma2996@mail.com,+91-7056109401,Surat,Gujarat,Corporate,2022-06-02,Paid Search,Y
C02997,Tanya Jain,tanya.jain2997@outlook.com,+91-9131385060,Hyderabad,Telangana,Corporate,11-05-2021,Email,1
C02998,Arjun Saxena,arjun.saxena2998@yahoo.com,+91-9212697955,,Gujarat,Small Business,30/10/2021,Organic Search,1
C02999,Tanya Shah,tanya.shah2999@outlook.com,+91-9765595093,Coimbatore,Tamil Nadu,Consumer,26/02/2023,Paid Search,Y
C03000,Aarav Iyer,aarav.iyer3000@company.in,+91-9161973428,CHENNAI,Tamil Nadu,Consumer,23/12/2021,Paid Search,No
C03001, Saanvi Verma ,saanvi.verma3001@outlook.com,+91-7464031999,Pune,Maharashtra,Corporate,2023-09-10,Email,1
C03002,Myra Kapoor,myra.kapoor3002mail.com,+91-7292734992,hyderabad,Telangana,Consumer,13/10/2022,Organic Search,Y
C03003,Kabir Sharma,kabir.sharma3003@company.in,+91-7560972083,Ahmedabad,Gujarat,Small Business,20/02/2024,Direct,Y
C03004,Simran Shah,simran.shah3004@gmail.com,+91-7600101317,Jaipur,Rajasthan,Corporate,02-18-2025,Email,Y
C03005,Aarav Malhotra,aarav.malhotra3005@company.in,+91-9561642000,Noida, Uttar Pradesh ,Corporate,05/01/2025,Direct,No
C03006,Ankit Singh,ankit.singh3006@gmail.com,+91-7684834708,Indore,Madhya Pradesh,,2025-10-30,,1
C03007,Riya Verma,riya.verma3007@outlook.com,+919681606087,Pune,Maharashtra,Consumer,2025-01-21,Marketplace,Y
C03008,Pooja Agarwal,pooja.agarwal3008@outlook.com,+91-7938672877,bhubaneswar,Odisha,Corporate,10-12-2021,Organic Search,
C03009,Priya Chopra,priya.chopra3009@gmail.com,+91-7283953587,Noida,Uttar Pradesh,Small Business,2023-04-02,Organic Search,0
C03010,Ankit Saxena,ankit.saxena3010@yahoo.com,+91-7825216248,surat,Gujarat,Corporate,05/06/2024,Organic Search,No
C03011,ankit jain,ankit.jain3011@mail.com,+91-7255832508,Jaipur,Rajasthan,Consumer,2022-12-02,Paid Search,N
C03012,NEHA PATEL,neha.patel3012company.in,+91-9463260749,Mumbai,Maharashtra,Consumer,2023-02-14,Direct,Y
C03013,Kabir Mehta,,+91-8671563580,Hyderabad,Telangana,Small Business,05-27-2024,Organic Search,Y
C03014,Neha Sharma,neha.sharma3014@company.in,+91-8152307660,Hyderabad,Telangana,Corporate,02-03-2023,Email,No
C03015,Ishaan Shah,ishaan.shah3015@yahoo.com,7224831582,NAGPUR,Maharashtra,Consumer,28/05/2021,Email,
C03016,ankit kumar,ankit.kumar3016@mail.com,+91-8306910860,Kochi,kerala,Small Business,2024-09-08,Direct,
C03017, Aditya Jain ,aditya.jain3017@yahoo.com,+91-8284812128,Kochi,Kerala,Corporate,08-29-2022,Referral,Y
C03018,VIHAAN SINGH,vihaan.singh3018@mail.com,+91-961868967,Bhubaneswar,Odisha,Corporate,2022-12-03,Referral,Y
C03019,Sneha Reddy,sneha.reddy3019@gmail.com,,coimbatore,TAMIL NADU,Consumer,2021-08-11,Organic Search,Y
C03020,Ishaan Iyer,ishaan.iyer3020@company.in,+91-9163558556,Nagpur,Maharashtra,Small Business,2021-08-15,Email,0
C03021,neha gupta,neha.gupta3021@outlook.com,+91-7220205537,Lucknow,Uttar Pradesh,Consumer,2023-07-18,Social Media,1
C03022,Meera Verma,meera.verma3022@company.in,+917101749375,surat,Gujarat,Corporate,04-10-2024,Organic Search,N
C03023,Aarav Kumar,aarav.kumar3023@gmail.com,+91-7134465398,Ahmedabad,Gujarat,Consumer,18/12/2022,Paid Search,
C03024,Arjun Nair,arjun.nair3024@outlook.com,+91-7040037831,Mumbai,Maharashtra,Consumer,2022-03-09,Referral,
C03025,Rohan Kapoor,rohan.kapoor3025@yahoo.com,+91-7508917753,Pune,Maharashtra,Corporate,03-27-2023,Referral,Y
C03026,Aditya Iyer,aditya.iyer3026company.in,+91-8678170690,Hyderabad,Telangana,Small Business,07-24-2022,Referral,
C03027,Priya Shah,priya.shah3027@mail.com,+91-8251875066,Nagpur,Maharashtra,Small Business,05/11/2024,Email,N
C03028,Nikhil Singh,nikhil.singh3028@yahoo.com,7835593788,Lucknow,Uttar Pradesh,Consumer,05-24-2024,Referral,0
C03029,Sahil Joshi,sahil.joshi3029@outlook.com,+91-8389843811,Pune,Maharashtra,Consumer,2021-01-13,Referral,No
C03030,Varun Kumar,varun.kumar3030@outlook.com,8416983837,INDORE,MADHYA PRADESH,Small Business,2022-01-14,Organic Search,0
C03031,TANYA BANSAL,tanya.bansal3031@yahoo.com,+91-9516230573,Delhi,DELHI,Corporate,11/02/2026,Email,Y
C03032,Sahil Nair,sahil.nair3032@outlook.com,+91-7263786820,Gurugram,Haryana,Small Business,08-20-2024,Organic Search,Y
C03033,Diya Mehta,diya.mehta3033@company.in,7949735035,Bhubaneswar, Odisha ,Corporate,05-02-2021,Direct,
C03034,Amit Joshi,amit.joshi3034@gmail.com,+91-8751467686,Mumbai,MAHARASHTRA,Consumer,27/09/2021,Email,Yes
C03035,Kabir Malhotra,kabir.malhotra3035@yahoo.comm,+917909132152, Jaipur ,Rajasthan,Consumer,2022-04-10,Social Media,Y
C03036,Ankit Gupta,ankit.gupta3036@outlook.com,+91-7031051754,Hyderabad,Telangana,Small Business,05/01/2023,Organic Search,Yes
C03037,Vihaan Kapoor,vihaan.kapoor3037@mail.com,+91-7118763908,Nagpur,Maharashtra,Small Business,13/06/2025,Referral,N
C03038,Ananya Kumar,,+91-7090098712,Noida,Uttar Pradesh,Small Business,2026-06-11,Marketplace,Y
C03039,Rahul Gupta,rahul.gupta3039@yahoo.com,+91-9756434584,Mumbai,Maharashtra,Small Business,09-16-2023,Organic Search,No
C03040,Pooja Sharma,POOJA.SHARMA3040@OUTLOOK.COM,+91-8142413983,Nagpur,Maharashtra,Corporate,2026-01-20,Paid Search,
C03041,Riya Jain,riya.jain3041@gmail.com,+91-7379469007,Jaipur,Rajasthan,Corporate,16/09/2025,Marketplace,Y
C03042,Tanya Chopra, tanya.chopra3042@yahoo.com ,+91-9406002812,Indore, Madhya Pradesh ,Small Business,08-19-2021,Marketplace,Y
C03043,Kiara Singh,kiara.singh3043@mail.com,+91-7769624148, Noida ,Uttar Pradesh,Corporate,05-01-2024,Direct,Y
C03044,Ira Joshi,ira.joshi3044@outlook.com,,DELHI,Delhi,Consumer,16/01/2025,Paid Search,Y
C03045,sahil sharma,sahil.sharma3045@gmail.com,+91-9236747977,Gurugram,Haryana,Consumer,08-15-2024,Email,Y
C03046,Neha Singh,neha.singh3046@gmail.com,+91-9539268107,Nagpur,Maharashtra,Corporate,20/09/2021,Social Media,Y
C03047,Saanvi Nair,saanvi.nair3047@mail.com,+91-9996724116,Bhopal,Madhya Pradesh,Consumer,2021-08-25,Paid Search,Y
C03048,Arjun Chopra,arjun.chopra3048@outlook.com,+91-8110362072,delhi,Delhi,Corporate,03-26-2023,Marketplace,Y
C03049,rahul sharma,rahul.sharma3049@outlook.com,+91-8034640220,Indore,Madhya Pradesh,Corporate,08-06-2025,Social Media,
C03050,Priya Gupta,priya.gupta3050@mail.com,+91-780139854,Chandigarh,Chandigarh,Corporate,2024-10-11,Referral,N
C03051,Varun Sharma, varun.sharma3051@gmail.com ,+91-9066998048, Noida ,Uttar Pradesh,Consumer,07-25-2021,Email,Yes
C03052,Neha Jain,neha.jain3052@gmail.com,+91-9239459012,Ahmedabad,Gujarat,Consumer,2023-07-25,Email,0
C03053,Aarav Joshi,aarav.joshi3053@mail.com,+91-7504716132,Surat, Gujarat ,Consumer,07-07-2026,Social Media,N
C03054,Varun Mishra,varun.mishra3054@company.in,+91-8843460170,Coimbatore,Tamil Nadu,Small Business,2024-05-03,Marketplace,0
C03055,Ananya Saxena,,+91-8350455204,DELHI,Delhi,Corporate,2022-07-21,Email,
C03056, Aarav Malhotra ,aarav.malhotra3056@company.in,+91-9177375110,Gurugram,Haryana,Consumer,11-24-2021,Marketplace,
C03057,Saanvi Singh,saanvi.singh3057@gmail.com,+91-8942434324,Jaipur,Rajasthan,Consumer,04-10-2024,Referral,Y
C03058,Vivaan Nair,vivaan.nair3058@outlook.com,9296156185,Kochi,Kerala,Consumer,07/02/2021,Organic Search,
C03059,Karan Mishra,karan.mishra3059@gmail.com,+91-9946015278,Delhi,Delhi,Corporate,2024-10-25,Direct,Y
C03060,Tanya Malhotra,tanya.malhotra3060@mail.com,+91-8813451078,Gurugram,Haryana,Consumer,08-20-2022,Organic Search,Y
C03061,Tanya Sharma,tanya.sharma3061@gmail.com,7938597893,Surat,gujarat,Small Business,2023-05-31,Organic Search,
C03062,Rahul Jain,rahul.jain3062@yahoo.com,+91-7640059673,Coimbatore,tamil nadu,,08/05/2022,,
C03063,Aditya Kapoor, aditya.kapoor3063@outlook.com ,+91-8986499508,Chennai,Tamil Nadu,Small Business,15/09/2024,Organic Search,0
C03064,Ishaan Nair,ishaan.nair3064@outlook.com,+91-765643979,Noida,Uttar Pradesh,Consumer,09-21-2024,Social Media,Y
C03065,Aanya Iyer,aanya.iyer3065@outlook.com,+91-8916161775,Lucknow,Uttar Pradesh,Corporate,2021-06-14,Organic Search,Yes
C03066,Aditya Joshi,aditya.joshi3066@yahoo.com,+91-8715844006,Kochi,Kerala,Small Business,2024-09-30,Direct,Y
C03067,Rohan Patel,rohan.patel3067@yahoo.com,+91-9109282447,Pune,Maharashtra,,2024-06-29,Paid Search,Y
C03068,Neha Singh,neha.singh3068@outlook.com,+91-7392546301,Chennai,Tamil Nadu,Small Business,2022-03-11,Social Media,Y
C03069,Meera Singh,meera.singh3069@gmail.com,,pune,Maharashtra,Corporate,03-17-2024,Social Media,No
C03070,Kiara Reddy,kiara.reddy3070@outlook.com,+91-753929099,Ahmedabad,Gujarat,Corporate,2025-02-03,Email,N
C03071,Aanya Malhotra,aanya.malhotra3071@yahoo.com,+91-7961270645,Bhopal,,Consumer,2024-07-21,Email,0
C03072,ROHAN JAIN,rohan.jain3072@company.in,+91-9460038984,Bhopal,Madhya Pradesh,Consumer,04-12-2021,Marketplace,Y
C03073,Simran Mehta,simran.mehta3073@gmail.com,+91-9567184904,Delhi, Delhi ,Consumer,2025-07-30,Paid Search,Y
C03074,Pooja Sharma, pooja.sharma3074@yahoo.com ,+91-8360262457,Ahmedabad,Gujarat,Consumer,08-19-2025,,0
C03075,Aarav Jain,aarav.jain3075@gmail.com,+91-8760220236,Patna,Bihar,Small Business,18/10/2024,Paid Search,
C03076,Neha Patel,neha.patel3076@mail.com,+91-9704472765,bengaluru,Karnataka,Consumer,10-19-2024,Direct,0
C03077,Varun Nair,varun.nair3077@gmail.com,+91-7681362827,Delhi,Delhi,Corporate,2021-03-02,Marketplace,0
C03078,Pooja Iyer,pooja.iyer3078@gmail.com,+91-9544169387,gurugram,Haryana,Corporate,07/03/2022,Organic Search,N
C03079,Ananya Singh,ananya.singh3079@yahoo.com,+91-7422873736,DELHI,Delhi,Consumer,09-25-2024,Email,Y
C03080,Saanvi Singh,saanvi.singh3080@company.in,+91-9763225342,Coimbatore,Tamil Nadu,Corporate,11/11/2024,Social Media,No
C03081,Myra Bansal,myra.bansal3081@company.in,+91-8291808579,Bhopal,Madhya Pradesh,Small Business,04-09-2025,Marketplace,1
C03082,Neha Bansal,neha.bansal3082@mail.com,+91-9007295494,Chandigarh,Chandigarh,Corporate,28/06/2025,Organic Search,N
C03083,Aanya Singh,aanya.singh3083@yahoo.com,+91-9738708105,Jaipur,Rajasthan,Corporate,02-20-2021,Social Media,Y
C03084,aarav singh,aarav.singh3084@gmail.com,+91-9744435931,Chennai,Tamil Nadu,Corporate,2025-03-11,Email,No
C03085,Rahul Chopra,rahul.chopra3085@outlook.com,8632352538,Kolkata,West Bengal,Consumer,16/11/2025,Social Media,No
C03086,Arjun Reddy,arjun.reddy3086@mail.com,+91-7635526052,Coimbatore,Tamil Nadu,Corporate,07-18-2025,Organic Search,No
C03087,Pooja Kumar,pooja.kumar3087@mail.com,+91-9291411495,coimbatore,Tamil Nadu,Small Business,2023-07-30,Email,Y
C03088, Rohan Malhotra ,rohan.malhotra3088@mail.com,+91-8178825927,Bengaluru,Karnataka,Corporate,07-14-2021,Organic Search,
C03089,Riya Nair,riya.nair3089@outlook.com,+91-9210423806,Mumbai,Maharashtra,Small Business,07-18-2022,Email,1
C03090,Arjun Saxena,arjun.saxena3090@gmail.com,+91-7632685607,Kochi,Kerala,Small Business,31/12/2025,Paid Search,Y
C03091,Kabir Saxena,kabir.saxena3091@mail.com,+91-8121003743,Patna,Bihar,Consumer,2023-10-23,Organic Search,Yes
C03092,Rahul Joshi,rahul.joshi3092@mail.com,+91-7733028330,Jaipur,rajasthan,Small Business,04-18-2024,Direct,Y
C03093,Riya Mishra,riya.mishra3093@gmail.com,+91-7734720893,COIMBATORE,Tamil Nadu,Small Business,2026-06-17,Paid Search,Y
C03094,Nikhil Patel,nikhil.patel3094@yahoo.com,+91-9829416794,Jaipur,rajasthan,Corporate,12-24-2021,Direct,N
C03095,Vihaan Singh,vihaan.singh3095@mail.com,+91-8582016962,Mumbai,Maharashtra,Consumer,11-07-2023,Email,Y
C03096,Simran Shah, simran.shah3096@outlook.com ,+91-8850006213,Mumbai,Maharashtra,Consumer,2022-09-17,Social Media,
C03097,Nikhil Agarwal,nikhil.agarwal3097@gmail.com,+91-8852514066,Bengaluru,Karnataka,Consumer,01-02-2024,Paid Search,Y
C03098,Arjun Saxena,arjun.saxena3098@mail.com,+91-7685871610,Delhi,Delhi,Consumer,05-28-2021,Referral,Y
C03099,Priya Reddy,priya.reddy3099@company.in,8614534685,Indore,Madhya Pradesh,Corporate,2025-12-05,Paid Search,Y
C03100,Ira Chopra,ira.chopra3100outlook.com,+91-7583922787,Delhi,Delhi,Consumer,2021-02-13,Direct,No
C03101,Rahul Nair,rahul.nair3101@yahoo.com,+91-8014745704,bhubaneswar,Odisha,Consumer,2022-06-24,Social Media,Yes
C03102,aarav sharma,aarav.sharma3102@outlook.com,+91-7794527895,Jaipur,Rajasthan,Consumer,07-01-2022,Marketplace,Yes
C03103,Vihaan Chopra,vihaan.chopra3103@yahoo.com,+91-9594598445,Bhopal,Madhya Pradesh,Corporate,26/07/2026,Organic Search,Y
C03104,Aarav Saxena,aarav.saxena3104@gmail.com,+91-7470553031,Kochi,Kerala,Small Business,23/01/2023,Direct,No
C03105,Meera Malhotra,meera.malhotra3105@yahoo.com,8342670554,Jaipur,Rajasthan,Corporate,30/07/2025,Email,
C03106,Aanya Mishra,aanya.mishra3106@company.in,+91-7172565493, Hyderabad ,Telangana,Corporate,04-26-2024,Email,
C03107,Pooja Bansal, pooja.bansal3107@mail.com ,+91-9992257423,Bhopal,MADHYA PRADESH,Corporate,13/12/2025,Marketplace,Y
C03108,Riya Sharma,riya.sharma3108@company.in,+91-7066906797,Bengaluru,Karnataka,Corporate,24/06/2024,Social Media,1
C03109,rohan mishra,rohan.mishra3109@mail.com,+91-9963208495,Patna,Bihar,Corporate,04-27-2023,Referral,Y
C03110,Neha Saxena,neha.saxena3110@company.in,+91896467900,Surat,Gujarat,Corporate,2024-08-12,Email,Y
C03111,Pooja Agarwal,pooja.agarwal3111@outlook.com,+91-7741040252,DELHI,Delhi,Consumer,11/03/2023,Marketplace,Y
C03112,Kabir Agarwal,kabir.agarwal3112@yahoo.com,+91-9161099860,Ahmedabad,Gujarat,Consumer,12-10-2023,Social Media,Y
C03113,VIHAAN REDDY,vihaan.reddy3113@gmail.com,,LUCKNOW,Uttar Pradesh,Consumer,11-03-2025,Email,Y
C03114,aanya jain,aanya.jain3114company.in,+91-9759930983, Bhubaneswar , Odisha ,Consumer,2021-05-08,Direct,Y
C03115,Kabir Nair,,8079276868,Gurugram,Haryana,Small Business,2023-05-16,Direct,No
C03116,Karan Singh,karan.singh3116@mail.com,+91-9116292277,Noida,Uttar Pradesh,Consumer,12-18-2025,Direct,Yes
C03117,Meera Kapoor,meera.kapoor3117@yahoo.com,+91-9202946976,Bhopal,Madhya Pradesh,Small Business,26/02/2026,Paid Search,No
C03118,Aanya Saxena,aanya.saxena3118@outlook.com,+91-7482844371,Surat,Gujarat,Consumer,2022-05-08,Social Media,Yes
C03119,Aarav Kumar,aarav.kumar3119@outlook.com,+917961159736,Coimbatore,Tamil Nadu,Small Business,09-21-2024,Referral,N
C03120,Meera Bansal,meera.bansal3120@yahoo.com,+91-8397485941,chandigarh, Chandigarh ,Corporate,30/01/2021,Social Media,1
C03121,DIYA KUMAR,diya.kumar3121@gmail.com,+91-7048328818,Mumbai,Maharashtra,Consumer,19/05/2023,Email,Y
C03122,Simran Bansal,simran.bansal3122@yahoo.com,+91-8505846820,Nagpur,Maharashtra,Corporate,18/10/2024,Paid Search,Yes
C03123,Sneha Gupta,sneha.gupta3123@gmail.com,+91-7747209252,Bhubaneswar,odisha,Small Business,05/12/2021,Direct,Yes
C03124,Ankit Jain,ankit.jain3124@company.in,+91-9121009045,MUMBAI,Maharashtra,Consumer,2025-11-09,Direct,0
C03125, Ankit Agarwal ,ankit.agarwal3125@yahoo.com,+91-8069431592,Pune, Maharashtra ,Small Business,2024-10-05,Marketplace,0
C03126,Karan Saxena,karan.saxena3126@company.in,+91-8666891935,Noida,Uttar Pradesh,Consumer,19/11/2021,Organic Search,N
C03127,Kabir Mehta,kabir.mehta3127@outlook.com,+91-7799143346,gurugram,Haryana,Small Business,17/08/2023,Marketplace,Y
C03128,Rohan Saxena,rohan.saxena3128@gmail.com,+91-7035491732,pune,Maharashtra,Consumer,06-20-2021,Referral,N
C03129,Saanvi Agarwal,saanvi.agarwal3129@company.in,+91-8934894843,Gurugram,Haryana,Consumer,2026-04-11,Organic Search,N
C03130,Kiara Shah,kiara.shah3130@mail.com,+91-7023321930,Bhubaneswar,Odisha,Corporate,2023-11-01,Marketplace,0
C03131,RIYA VERMA,riya.verma3131@outlook.com,+91-7015714342,Lucknow,Uttar Pradesh,Consumer,10-25-2025,Social Media,Y
C03132,Amit Joshi,amit.joshi3132@outlook.com,+91-8137497007,Chandigarh,Chandigarh,Small Business,22/04/2025,Direct,No
C03133,Ananya Bansal, ananya.bansal3133@mail.com ,+91-8829272661,kolkata,West Bengal,Consumer,08-06-2022,Marketplace,N
C03134,Kabir Singh,kabir.singh3134@gmail.com,+91-7140421992,Coimbatore,TAMIL NADU,Corporate,09-14-2024,Email,Y
C03135,Karan Saxena,karan.saxena3135@outlook.com,+91-9285969304,Bengaluru,Karnataka,Corporate,18/06/2021,Referral,1
C03136,Vihaan Joshi,vihaan.joshi3136@gmail.com,+91-7744183856,Chennai,Tamil Nadu,Consumer,26/06/2024,Organic Search,1
C03137,Neha Joshi,neha.joshi3137@mail.com,+91-9351775470,Ahmedabad,GUJARAT,Consumer,08-19-2021,Marketplace,Yes
C03138,Tanya Mehta,tanya.mehta3138@gmail.com,+91-7817130515,Kochi,Kerala,Small Business,05/03/2022,Referral,Yes
C03139,Karan Chopra,,+91-7350665201,Lucknow,Uttar Pradesh,Consumer,03-05-2026,Referral,Yes
C03140,Sahil Patel,sahil.patel3140@yahoo.com,+91-8879988956,Noida,Uttar Pradesh,Corporate,09-23-2022,Referral,0
C03141,Ishaan Kumar,ishaan.kumar3141@mail.com,+91-9477331926,Lucknow,Uttar Pradesh,Consumer,2024-02-28,Email,Y
C03142,Pooja Mishra,pooja.mishra3142@gmail.com,+91-8490737377, Indore ,Madhya Pradesh,Small Business,02/08/2024,Paid Search,Y
C03143,Meera Saxena,meera.saxena3143@mail.com,+91-7287335186,Lucknow,Uttar Pradesh,Corporate,09-19-2024,,0
C03144,Varun Sharma,varun.sharma3144@outlook.com,+91-9978749394,Jaipur,Rajasthan,Consumer,08-09-2025,Organic Search,Y
C03145,Pooja Gupta,pooja.gupta3145@gmail.com,+91-9616294455,Kochi,kerala,Consumer,2021-12-24,Email,0
C03146,Aarav Mishra,aarav.mishra3146@mail.com,9020875076,Patna,Bihar,Corporate,23/06/2023,Direct,Yes
C03147,Vihaan Bansal,vihaan.bansal3147@company.in,+91-7590522263,Patna,Bihar,Consumer,06/01/2022,Paid Search,Yes
C03148,Nikhil Shah,nikhil.shah3148@outlook.com,+91-8996453794,Surat,Gujarat,Consumer,01-14-2024,Email,0
C03149,Priya Kumar,priya.kumar3149@mail.com,+91-7417221082,Bhopal,Madhya Pradesh,Consumer,03-21-2025,Organic Search,Yes
C03150,Saanvi Joshi,saanvi.joshi3150@yahoo.com,9128308386,Pune,Maharashtra,Consumer,2026-07-19,Marketplace,
C03151,IRA VERMA,ira.verma3151@company.in,+91-8806452726,Ahmedabad,Gujarat,Small Business,2022-11-13,Referral,Y
C03152,Tanya Saxena,tanya.saxena3152@gmail.com,+91-710042062,Kochi,Kerala,Consumer,2022-09-09,Organic Search,Yes
C03153,Karan Mehta,karan.mehta3153@outlook.com,,Bhopal,Madhya Pradesh,Small Business,02-05-2023,Referral,N
C03154,Rohan Singh,rohan.singh3154@yahoo.com,+91-8939511172,Lucknow,Uttar Pradesh,Consumer,01-03-2024,Social Media,Y
C03155,IRA MISHRA,ira.mishra3155@yahoo.com,+91-8458067671,Coimbatore,Tamil Nadu,Small Business,2024-02-02,Social Media,0
C03156,Arjun Shah,arjun.shah3156@company.in,, Gurugram ,Haryana,Small Business,04-15-2026,Social Media,Y
C03157,Priya Malhotra,priya.malhotra3157@outlook.com,+91-8997931741, Gurugram ,haryana,Corporate,08-09-2022,Marketplace,Y
C03158,Sahil Singh,sahil.singh3158@outlook.com,+91-9968419824,Patna,Bihar,Small Business,2023-06-12,Paid Search,No
C03159,Myra Kumar,myra.kumar3159@mail.com,+91-7343489910,Jaipur,Rajasthan,Consumer,09-02-2022,Organic Search,No
C03160,ankit gupta,ankit.gupta3160@outlook.com,+91-7711064491,Coimbatore,Tamil Nadu,Consumer,18/07/2025,Marketplace,
C03161,rahul joshi,rahul.joshi3161@gmail.com,+91-8569057760,Hyderabad,Telangana,Consumer,25/09/2025,Organic Search,1
C03162,Neha Reddy,neha.reddy3162@yahoo.com,+91-7463770463,Lucknow,Uttar Pradesh,Consumer,24/10/2023,,
C03163,Varun Joshi,varun.joshi3163@yahoo.com,+91-7027298107, Patna ,Bihar,Consumer,2022-09-08,Social Media,Y
C03164,Kiara Bansal,kiara.bansal3164@gmail.com,+91-895386553,Patna,Bihar,Consumer,06-07-2025,Direct,Yes
C03165,Ira Chopra,ira.chopra3165@company.in,+91-8212974166,Bhubaneswar,Odisha,Consumer,2022-12-07,Organic Search,1
C03166,Kiara Singh,kiara.singh3166@company.in,+91-9222069860,Indore,Madhya Pradesh,Consumer,07-08-2026,Referral,No
C03167,Myra Patel,myra.patel3167@mail.com,+91-9491503284,Indore,Madhya Pradesh,Corporate,2023-10-25,Email,N
C03168, Aarav Chopra ,aarav.chopra3168@yahoo.com,8495772873,Kochi,Kerala,Corporate,24/08/2022,Email,
C03169,Ira Saxena,ira.saxena3169@yahoo.com,+91-9301390963,Gurugram,Haryana,Small Business,27/11/2022,Social Media,No
C03170,Rohan Mehta,rohan.mehta3170@outlook.com,7343525939,Nagpur,Maharashtra,Small Business,03-09-2026,Paid Search,
C03171, Pooja Mehta ,pooja.mehta3171@outlook.com,+91-9970469036,Bhopal,Madhya Pradesh,Small Business,07-13-2025,Direct,Y
C03172,Saanvi Bansal,saanvi.bansal3172@outlook.com,+91-9200016132,PATNA,Bihar,Corporate,12-25-2022,Referral,0
C03173,Ishaan Iyer,ishaan.iyer3173@yahoo.com,+91-7103235302,Bengaluru,Karnataka,Small Business,2026-05-30,Marketplace,0
C03174,Meera Kumar, meera.kumar3174@outlook.com ,+91-7436301146,Coimbatore,Tamil Nadu,Small Business,2021-11-14,Paid Search,Y
C03175,Kiara Agarwal,kiara.agarwal3175@outlook.com,+91-7056210747,Noida,Uttar Pradesh,Small Business,2025-03-12,Direct,1
C03176,Pooja Mishra,pooja.mishra3176@gmail.com,+91-9274437183,Coimbatore,Tamil Nadu,Consumer,12-23-2024,Marketplace,N
C03177,Riya Shah,riya.shah3177@outlook.com,+919703606115,Bengaluru,Karnataka,Consumer,07-14-2023,Organic Search,Y
C03178,Sneha Kapoor,sneha.kapoor3178@gmail.com,+91-9360504950,Kochi,Kerala,Consumer,06-08-2021,Direct,0
C03179,Pooja Iyer,pooja.iyer3179@gmail.com,+91-8576057244,Surat,Gujarat,Corporate,2024-12-23,Social Media,No
C03180,Simran Reddy,simran.reddy3180@yahoo.com,+91-8018712045,Jaipur,Rajasthan,Consumer,08-18-2024,Email,Yes
C03181,Riya Patel,riya.patel3181@yahoo.com,7563197053,Noida,Uttar Pradesh,Small Business,06-10-2021,Referral,Yes
C03182,Aanya Jain, aanya.jain3182@yahoo.com ,+91-9145697834,Chennai,Tamil Nadu,Consumer,2023-09-28,Referral,N
C03183,Myra Malhotra,myra.malhotra3183@outlook.com,+91-8860873287,Pune,Maharashtra,Consumer,12/12/2025,Direct,N
C03184,Aarav Verma,aarav.verma3184@gmail.com,+91-7482847474,Mumbai,maharashtra,Small Business,22/06/2023,Marketplace,1
C03185,Meera Mehta,meera.mehta3185@gmail.com,+91-9904780120,Gurugram,Haryana,Consumer,24/10/2021,Direct,0
C03186,Ira Sharma,ira.sharma3186@mail.com,+91-8908862235,Bengaluru,Karnataka,Consumer,12-20-2024,Marketplace,1
C03187,Kiara Mehta,kiara.mehta3187@company.in,+91-8939834363,chennai,Tamil Nadu,Corporate,2021-09-24,Paid Search,No
C03188, Vivaan Kumar ,vivaan.kumar3188@outlook.com,+91-9570121498,Pune,Maharashtra,Consumer,2025-12-18,Paid Search,N
C03189,Aarav Kumar,aarav.kumar3189@yahoo.com,+91-7654517091,lucknow,Uttar Pradesh,Corporate,2024-01-27,Social Media,
C03190,Aarav Verma,aarav.verma3190@company.in,+91-9786932349,Indore,Madhya Pradesh,Consumer,2022-10-25,Paid Search,Y
C03191,Aditya Saxena,aditya.saxena3191@gmail.com,+91-8231072029,chandigarh,Chandigarh,Small Business,2021-06-24,Social Media,Y
C03192,Saanvi Agarwal,saanvi.agarwal3192yahoo.com,+91-7227499869,Patna,Bihar,Corporate,02/11/2022,Direct,0
C03193,Vivaan Joshi,vivaan.joshi3193@mail.com,+91-7876851791,Noida,Uttar Pradesh,Consumer,2021-04-21,Referral,Y
C03194,Ankit Saxena,ankit.saxena3194@gmail.com,+91-7762535788,Pune,Maharashtra,Consumer,10-08-2022,Organic Search,Y
C03195,Nikhil Kapoor,nikhil.kapoor3195@company.in,+91-8791263680,Noida,Uttar Pradesh,Corporate,01-28-2022,Email,N
C03196,Rahul Kumar,rahul.kumar3196@company.in,+91-7371214007,Jaipur,Rajasthan,Consumer,2022-09-09,Organic Search,1
C03197,Myra Bansal,myra.bansal3197@mail.com,+91-9102665633,Lucknow,Uttar Pradesh,Small Business,04-17-2023,Social Media,0
C03198,Nikhil Joshi,nikhil.joshi3198@yahoo.com,+91-9009528046,Bhubaneswar,Odisha,Corporate,10-29-2023,Marketplace,
C03199,Nikhil Malhotra,nikhil.malhotra3199@gmail.com,+91-8210972908,Hyderabad,Telangana,Small Business,03-25-2025,Direct,Yes
C03200,Neha Sharma,neha.sharma3200@gmail.com,+91-7059679254,Delhi,Delhi,Corporate,07-07-2022,Direct,0
C03201,Amit Mishra,amit.mishra3201@yahoo.com,+91-9264698207,Delhi,Delhi,Small Business,2021-06-22,Social Media,N
C03202, Aarav Joshi ,aarav.joshi3202@mail.com,+91-7289148202,Patna,Bihar,Small Business,19/04/2023,Marketplace,No
C03203,Aarav Shah,aarav.shah3203@mail.com,+91-8545676049, Surat ,Gujarat,Corporate,27/05/2023,Social Media,Y
C03204, Saanvi Mehta ,saanvi.mehta3204@yahoo.com,+91-8032669235,Chennai,Tamil Nadu,Consumer,01-06-2022,Social Media,0
C03205,Varun Patel,varun.patel3205@gmail.com,+91-8895574758, Ahmedabad ,Gujarat,Consumer,12/02/2022,Direct,0
C03206,Simran Chopra,simran.chopra3206@mail.com,+91-9401544086,Coimbatore,Tamil Nadu,Small Business,2026-06-02,Organic Search,0
C03207,Pooja Chopra,pooja.chopra3207@company.in,+91-8507726915,Delhi,Delhi,Small Business,2022-09-12,Paid Search,Yes
C03208,Myra Singh,myra.singh3208@outlook.com,+91-9089833455,Surat,Gujarat,Small Business,2023-06-07,Direct,1
C03209,Kiara Kumar,kiara.kumar3209@gmail.com,+91-8767813776,Chennai,Tamil Nadu,Corporate,07-15-2023,Marketplace,Yes
C03210,PRIYA SHAH,priya.shah3210@company.in,+91-8704121238,Pune,Maharashtra,Corporate,05-23-2024,Referral,0
C03211,Simran Chopra,simran.chopra3211@mail.com,+91-8956507846,Noida,Uttar Pradesh,Consumer,06/09/2021,Social Media,1
C03212,Kabir Mishra,kabir.mishra3212outlook.com,+91-7115272178,Surat,Gujarat,Corporate,2022-06-17,Social Media,Y
C03213,Tanya Patel,tanya.patel3213@gmail.com,+91-8225003835,CHENNAI,Tamil Nadu,Small Business,10-10-2024,Referral,Y
C03214,priya gupta,priya.gupta3214@gmail.com,+91-9576449681,Gurugram,Haryana,Corporate,2021-06-28,Marketplace,Y
C03215,Kiara Kumar,kiara.kumar3215@mail.com,+91-9432162674,lucknow,Uttar Pradesh,Consumer,19/12/2025,Referral,Y
C03216,Rohan Mehta,rohan.mehta3216@company.in,+91-7266043314,Chennai,Tamil Nadu,Corporate,27/02/2026,Direct,1
C03217,VIHAAN JAIN,vihaan.jain3217@company.in,+91-8082034882,Bengaluru,Karnataka,,21/03/2024,Paid Search,
C03218,Pooja Shah,pooja.shah3218company.in,+91-7500399557,Lucknow,Uttar Pradesh,Small Business,23/10/2023,Referral,Y
C03219,SAHIL SHARMA,sahil.sharma3219@company.in,+91-8789186613,Noida, Uttar Pradesh ,Consumer,11-13-2022,Direct,N
C03220,Saanvi Reddy,saanvi.reddy3220@company.in,+91-7198882003,MUMBAI,Maharashtra,Consumer,2024-09-04,Social Media,Y
C03221,ADITYA MISHRA,aditya.mishra3221@gmail.com,+91-9553517944,Indore,Madhya Pradesh,Small Business,16/09/2022,Referral,Yes
C03222,Riya Sharma,riya.sharma3222@outlook.com,+91-7711664557,Nagpur,Maharashtra,Corporate,2023-02-16,Marketplace,Y
C03223,Meera Saxena,meera.saxena3223gmail.com,9917570788,Ahmedabad,gujarat,Small Business,01-27-2022,Paid Search,Y
C03224,Sneha Verma,sneha.verma3224@outlook.com,9818252597,Indore,Madhya Pradesh,Consumer,09/02/2026,Referral,Y
C03225,Arjun Jain,arjun.jain3225@mail.com,+91-8076758627,Bhubaneswar,Odisha,Consumer,2023-05-14,Marketplace,
C03226,myra nair,myra.nair3226@gmail.comm,+91-716524457, Lucknow ,Uttar Pradesh,Consumer,2024-05-26,Direct,Y
C03227,ISHAAN MALHOTRA,ishaan.malhotra3227@gmail.com,+91-7023578082,Jaipur,Rajasthan,Small Business,05/11/2022,Social Media,Y
C03228,Vivaan Verma,vivaan.verma3228@yahoo.com,+91-9064582205,BHOPAL,Madhya Pradesh,Consumer,02/08/2023,Organic Search,1
C03229,Aanya Verma,aanya.verma3229@yahoo.com,+91-7826402229,Jaipur,Rajasthan,Corporate,12-05-2023,Paid Search,N
C03230,Ananya Chopra,ananya.chopra3230@company.in,+91-9671672640,Delhi,Delhi,Consumer,2025-10-15,Email,No
C03231,Rohan Mehta,rohan.mehta3231@mail.com,+91-8795520936,Chennai,Tamil Nadu,Corporate,2026-05-21,Email,N
C03232,Sahil Singh,sahil.singh3232@gmail.com,+91-9624726868,Chennai,Tamil Nadu,Corporate,16/11/2025,Email,1
C03233,Saanvi Singh,saanvi.singh3233@outlook.com,+91-9838641592,PATNA,Bihar,Corporate,2025-09-06,Paid Search,N
C03234,Meera Singh,meera.singh3234@yahoo.com,+91-8644437509,SURAT,Gujarat,,08/02/2023,Paid Search,0
C03235,Vivaan Jain,vivaan.jain3235@gmail.com,+91-7730756501,Lucknow,Uttar Pradesh,Corporate,09-23-2024,Direct,Yes
C03236,Nikhil Reddy,nikhil.reddy3236@gmail.com,+91-7342120221,kochi,Kerala,Small Business,08-24-2021,Social Media,Y
C03237,Myra Shah,myra.shah3237@company.in,+91-7413855745,Delhi,delhi,Consumer,19/02/2026,Direct,Y
C03238,MEERA MEHTA,meera.mehta3238@mail.com,+91-9809255284,Chennai,Tamil Nadu,Small Business,07-29-2023,Direct,Y
C03239,Ankit Malhotra,ankit.malhotra3239@mail.com,+91-9358453086,NOIDA,Uttar Pradesh,Small Business,2022-06-03,Direct,No
C03240,Myra Chopra,myra.chopra3240@outlook.com,,Bhubaneswar,Odisha,Small Business,2022-09-22,Direct,Y
C03241,Karan Jain,karan.jain3241@mail.com,+91-8307102675,Patna,Bihar,,2025-01-04,Social Media,N
C03242,Rahul Agarwal,rahul.agarwal3242@mail.com,+91-9228578880,Patna,bihar,Small Business,2021-08-31,Paid Search,Y
C03243,Saanvi Agarwal,saanvi.agarwal3243@company.in,+919847408460,Nagpur,Maharashtra,Small Business,03-20-2026,Paid Search,Y
C03244,Aanya Kapoor,aanya.kapoor3244@company.in,,chandigarh,Chandigarh,Consumer,06-03-2026,Marketplace,
C03245,Kiara Shah,kiara.shah3245@gmail.com,+91-9217415630,Nagpur,Maharashtra,,10-06-2023,Social Media,No
C03246,priya malhotra,priya.malhotra3246@yahoo.com,+91-9113560985,Coimbatore, Tamil Nadu ,Small Business,01-09-2024,Email,0
C03247,Diya Chopra,diya.chopra3247@company.in,+91-8250404603,Noida,UTTAR PRADESH,Small Business,17/08/2026,Paid Search,1
C03248,Diya Nair,diya.nair3248@mail.com,+91-9142337795,Bengaluru,Karnataka,Small Business,01/06/2025,Email,0
C03249,Varun Jain,varun.jain3249@company.in,+91-7145324458,Kochi,Kerala,Consumer,20/03/2021,Social Media,0
C03250,Pooja Shah,pooja.shah3250@outlook.com,+91-9965239689,Bengaluru,Karnataka,Small Business,05/09/2021,Social Media,Y
C03251,Karan Verma,karan.verma3251@gmail.com,+91-8620892526,Indore,Madhya Pradesh,Consumer,17/12/2022,Marketplace,Yes
C03252,Kiara Jain,kiara.jain3252@mail.com,+91-8991362171,Kolkata,WEST BENGAL,Small Business,12-26-2024,Marketplace,Y
C03253,Varun Malhotra, varun.malhotra3253@gmail.com ,+91-9162888818,Kochi,Kerala,Small Business,2021-04-05,Organic Search,N
C03254,Karan Saxena,karan.saxena3254@yahoo.com,+91-8994476318,Noida,UTTAR PRADESH,Small Business,2022-03-24,Social Media,1
C03255, Kiara Kumar ,kiara.kumar3255@yahoo.com,+91-9197266336,Kolkata,West Bengal,Small Business,2021-08-17,Referral,N
C03256,Riya Saxena,riya.saxena3256@mail.com,+91-9391030808,Bhopal, Madhya Pradesh ,Small Business,06/01/2022,Marketplace,
C03257,Aditya Nair,aditya.nair3257@gmail.com,+91-7602572802,Patna,Bihar,Corporate,2022-04-28,Paid Search,
C03258,Ankit Jain,ankit.jain3258@gmail.com,+91-7512129303,Nagpur,MAHARASHTRA,Small Business,05/01/2026,Organic Search,0
C03259,Arjun Patel,arjun.patel3259@mail.com,+91-9590453010,Kolkata, West Bengal ,Corporate,27/05/2026,Direct,No
C03260,Kabir Mehta,KABIR.MEHTA3260@COMPANY.IN,+91-9724807096,indore,,Small Business,21/12/2025,Organic Search,N
C03261,Ira Mehta,ira.mehta3261@company.in,+91-7456183967,Delhi,delhi,Consumer,2026-06-17,Paid Search,Yes
C03262,Myra Jain,myra.jain3262@mail.com,+91-7213750572,Hyderabad,Telangana,Consumer,05/05/2022,Email,Yes
C03263,Priya Agarwal,priya.agarwal3263@yahoo.com,+91-8772309996,Lucknow,Uttar Pradesh,Consumer,29/05/2024,Referral,Y
C03264,Rahul Mehta,rahul.mehta3264@mail.com,+91-7862169560,Coimbatore,Tamil Nadu,Corporate,10/12/2023,Referral,
C03265, Ankit Chopra ,ankit.chopra3265@gmail.com,+91-7698940902,pune, Maharashtra ,Corporate,2022-08-31,Paid Search,No
C03266,Kabir Nair,kabir.nair3266@mail.com,+91-7611160152,Nagpur,Maharashtra,Small Business,2026-08-15,Paid Search,Y
C03267,Karan Reddy,karan.reddy3267mail.com,+91-8651730873,Chandigarh,,Corporate,28/08/2023,Paid Search,No
C03268,Ishaan Shah,ishaan.shah3268@company.in,+91-8851605330,nagpur, Maharashtra ,Consumer,07-11-2025,Direct,Y
C03269,Kiara Shah,KIARA.SHAH3269@YAHOO.COM,7574278924,Chandigarh,Chandigarh,Consumer,2023-03-14,Marketplace,
C03270,Aditya Mehta,aditya.mehta3270@yahoo.com,+91-8447804112,Lucknow,Uttar Pradesh,Small Business,06-12-2026,Direct,Y
C03271,Vivaan Verma,vivaan.verma3271@gmail.com,+91-7618367541,Jaipur,Rajasthan,Small Business,2024-10-21,Email,No
C03272, Vivaan Shah ,vivaan.shah3272@mail.com,,bengaluru,Karnataka,Small Business,21/01/2022,Social Media,No
C03273,Aanya Chopra,aanya.chopra3273@company.in,,Chandigarh, Chandigarh ,,08-22-2023,Social Media,N
C03274,Rahul Kapoor,rahul.kapoor3274@gmail.com,+91-8984556930,Bhopal,Madhya Pradesh,Corporate,04/01/2022,Referral,Yes
C03275,Arjun Patel,arjun.patel3275@gmail.com,+91-9213823173,Surat,Gujarat,Small Business,15/11/2021,Email,N
C03276,Aanya Mishra,aanya.mishra3276@yahoo.com,+91-8089062947,Chandigarh,chandigarh,,07-20-2026,Direct,Y
C03277,Kiara Malhotra,kiara.malhotra3277@yahoo.com,+91-7734515411,Bengaluru,karnataka,Consumer,20/11/2025,Paid Search,1
C03278, Kiara Joshi ,kiara.joshi3278@outlook.com,+91-7660924245,Gurugram,Haryana,Consumer,2025-08-14,Paid Search,0
C03279,Saanvi Joshi,saanvi.joshi3279@outlook.com,+91-8359272892,Chandigarh,Chandigarh,Consumer,04-23-2026,Direct,Y
C03280,Pooja Kapoor,POOJA.KAPOOR3280@MAIL.COM,+91-8592480856,Bhubaneswar,Odisha,Small Business,25/05/2025,Email,Yes
C03281,Pooja Nair,pooja.nair3281@company.in,+91-9918880332,Chandigarh,Chandigarh,Small Business,03/03/2025,Social Media,Y
C03282,Rahul Patel,rahul.patel3282@company.in,+91-9663030259,Chennai,tamil nadu,Corporate,12-06-2023,Referral,No
C03283,Simran Iyer,simran.iyer3283@mail.com,+91-7481720326,KOLKATA,West Bengal,Corporate,13/03/2022,Direct,Yes
C03284,Aarav Malhotra,aarav.malhotra3284@mail.com,+91-7567338040,Delhi,Delhi,Corporate,2023-04-21,Direct,
C03285,Pooja Verma,pooja.verma3285@outlook.com,+919922856790,Nagpur,Maharashtra,Corporate,25/07/2021,Direct,Y
C03286,Diya Mehta,diya.mehta3286@mail.com,7329465650,Ahmedabad,Gujarat,Consumer,10-27-2023,Organic Search,
C03287,Rahul Kapoor,rahul.kapoor3287@yahoo.com,+91-7063803522, Ahmedabad ,Gujarat,Small Business,03/01/2023,Paid Search,Yes
C03288,Kabir Agarwal,kabir.agarwal3288@mail.com,+91-9124991151,Surat,Gujarat,Small Business,02/10/2021,Paid Search,Y
C03289,Karan Joshi,karan.joshi3289@yahoo.com,+91-8085194291,Nagpur,Maharashtra,Corporate,03-23-2023,Social Media,N
C03290,Amit Nair,amit.nair3290@gmail.com,+91-7005090315,Gurugram,Haryana,Consumer,02-02-2024,Paid Search,1
C03291,Sneha Shah,sneha.shah3291@yahoo.com,+91-8744610752,Kolkata,West Bengal,Consumer,05-25-2025,Organic Search,Yes
C03292,Rahul Singh, rahul.singh3292@yahoo.com ,+91-8103078015,Hyderabad,Telangana,Corporate,02-27-2023,Paid Search,0
C03293,Ananya Mishra,ananya.mishra3293@outlook.com,+91-7926212293,Patna,BIHAR,Consumer,27/07/2022,Organic Search,Y
C03294,Nikhil Jain,nikhil.jain3294@mail.com,+91-9092829436, Jaipur ,Rajasthan,Small Business,01-06-2024,Direct,1
C03295,Nikhil Mishra,nikhil.mishra3295@gmail.com,+91-8741309734,Lucknow,Uttar Pradesh,Corporate,03-08-2026,Paid Search,0
C03296,Sneha Mehta,sneha.mehta3296@outlook.com,7817666224,Gurugram,Haryana,Consumer,12-08-2023,,0
C03297,Arjun Mehta,arjun.mehta3297@outlook.com,+91-7242353575,Chandigarh,chandigarh,Corporate,11-19-2024,Marketplace,N
C03298,Ankit Nair,ankit.nair3298@outlook.com,+91-981189314,Patna,Bihar,Corporate,07-14-2026,Email,Yes
C03299,Rohan Iyer,rohan.iyer3299@yahoo.com,+91-9200013042,Jaipur,Rajasthan,Small Business,11-28-2024,Email,
C03300,ankit reddy,ankit.reddy3300@mail.com,+91-9390018163,NOIDA,Uttar Pradesh,Small Business,07/09/2022,Marketplace,Y
C03301,Tanya Sharma,tanya.sharma3301@company.in,+91-7773231267,Indore,Madhya Pradesh,Corporate,01-12-2022,Direct,
C03302,Karan Kapoor,karan.kapoor3302@gmail.com,+91-8737288277,Lucknow,Uttar Pradesh,,23/10/2024,Referral,Y
C03303,Kabir Nair,kabir.nair3303@gmail.comm,+91-7551993131,Noida,Uttar Pradesh,Corporate,07-10-2026,Paid Search,
C03304,Ankit Kapoor,ANKIT.KAPOOR3304@MAIL.COM,+91-9942651042,,Kerala,Small Business,2026-07-07,Marketplace,Y
C03305,Neha Gupta,,+91-9317341389,Surat,Gujarat,Corporate,2023-10-09,Marketplace,Y
C03306,Vihaan Bansal,vihaan.bansal3306@outlook.com,+91-7712435332,Jaipur,Rajasthan,Corporate,17/08/2023,Social Media,1
C03307,Diya Reddy,diya.reddy3307@gmail.com,+91-7873479109,Bengaluru,Karnataka,Corporate,2024-02-21,Referral,1
C03308,Vivaan Saxena,vivaan.saxena3308@mail.com,+91-8911038985,Bengaluru,Karnataka,Consumer,03-03-2026,Organic Search,Y
C03309,Neha Mehta,neha.mehta3309@mail.com,+917383120531,Jaipur,Rajasthan,Consumer,03-24-2025,Organic Search,N
C03310,Rohan Reddy,rohan.reddy3310@outlook.com,+91-7439732067,Hyderabad,telangana,Consumer,29/11/2021,Email,Yes
C03311,Arjun Bansal,arjun.bansal3311@outlook.com,+91-9516656612,Mumbai,Maharashtra,Small Business,19/02/2023,Email,Y
C03312,Sneha Shah,sneha.shah3312@yahoo.com,+91-9110086980,Pune,Maharashtra,Corporate,2021-07-22,Marketplace,Yes
C03313,Amit Bansal,amit.bansal3313gmail.com,+91-7184855045,Hyderabad,Telangana,Corporate,2026-07-29,Referral,Y
C03314,ira malhotra,ira.malhotra3314@gmail.com,+91-8347641724,Coimbatore,Tamil Nadu,Consumer,03/10/2025,Email,0
C03315,Aditya Gupta,aditya.gupta3315@mail.com,+91-9470182529,Delhi,Delhi,Corporate,12-13-2023,Email,Y
C03316,Arjun Patel,arjun.patel3316@yahoo.com,+91-7802573875,Lucknow,Uttar Pradesh,Consumer,18/04/2025,Organic Search,Yes
C03317,Neha Agarwal,neha.agarwal3317@yahoo.com,+91-8031307243,Lucknow,Uttar Pradesh,Corporate,13/05/2021,Referral,Yes
C03318,Nikhil Mishra,nikhil.mishra3318@yahoo.com,+91-8380800802,Bhubaneswar,Odisha,Consumer,30/03/2024,Referral,Y
C03319,Aanya Gupta,aanya.gupta3319@company.in,+91-8956218592,Nagpur,Maharashtra,Corporate,2026-03-06,Social Media,Y
C03320,Amit Iyer,amit.iyer3320@mail.com,8631828114,Mumbai,Maharashtra,Small Business,2024-05-26,Direct,1
C03321,Simran Joshi,simran.joshi3321@mail.com,7155462132,Chandigarh,,Corporate,2024-09-25,Organic Search,Yes
C03322,vihaan sharma,vihaan.sharma3322@outlook.com,+91-7315452014,Kolkata,West Bengal,Small Business,07-25-2021,Referral,No
C03323,Priya Reddy,priya.reddy3323@yahoo.com,+91-8517880619,Patna,Bihar,Small Business,2021-02-07,Paid Search,Y
C03324,meera sharma,meera.sharma3324@gmail.com,+91-8336665968,Noida,Uttar Pradesh,Consumer,10/05/2026,Paid Search,
C03325,Sneha Agarwal,SNEHA.AGARWAL3325@OUTLOOK.COM,+91-8108721861,Bengaluru,Karnataka,Small Business,2024-04-09,Social Media,0
C03326,Kabir Reddy,kabir.reddy3326@company.in,8638418893,Kochi,Kerala,Consumer,22/08/2021,Referral,0
C03327,Riya Kumar,riya.kumar3327@mail.com,+91-8556633464, Ahmedabad ,Gujarat,Corporate,12-05-2022,Social Media,Y
C03328,Saanvi Verma,saanvi.verma3328@company.in,+91-9957164123,coimbatore,Tamil Nadu,Corporate,24/04/2023,Organic Search,0
C03329,Vihaan Saxena,vihaan.saxena3329@yahoo.com,+91-764595666,Patna, Bihar ,Small Business,05-12-2021,Social Media,Yes
C03330,Vivaan Agarwal,vivaan.agarwal3330@mail.com,7757039663,Noida,uttar pradesh,Corporate,06-19-2022,Marketplace,Y
C03331,Neha Iyer,neha.iyer3331@mail.comm,+91-8094367283,Bengaluru,Karnataka,Corporate,08-02-2026,Organic Search,
C03332,Ankit Bansal,ankit.bansal3332@outlook.com,+91-9215094182,Coimbatore,Tamil Nadu,Consumer,2025-12-19,Paid Search,0
C03333,Myra Joshi,myra.joshi3333@mail.com,+91-8540926717,Jaipur,Rajasthan,Small Business,30/08/2022,Marketplace,No
C03334,Varun Mishra,varun.mishra3334@gmail.com,+91-8477981493,Bengaluru,KARNATAKA,Corporate,03-17-2023,Organic Search,Yes
C03335,Priya Mishra,priya.mishra3335@company.in,+91-9201634010,Chennai,tamil nadu,Consumer,29/10/2024,Referral,Yes
C03336,Kiara Verma,kiara.verma3336@gmail.com,+91-7868947555,Hyderabad,Telangana,Consumer,2025-10-15,Email,No
C03337,Riya Kumar,riya.kumar3337@outlook.com,+91-8570515098,Bhubaneswar,Odisha,Consumer,2023-02-23,Paid Search,0
C03338,Diya Joshi,diya.joshi3338@yahoo.com,+91-8533531475,Surat,gujarat,Corporate,11-10-2024,Direct,Y
C03339,Sahil Chopra,sahil.chopra3339@gmail.com,+91-7025748974,Coimbatore,TAMIL NADU,Small Business,27/06/2024,Social Media,Y
C03340,Kabir Iyer,kabir.iyer3340@yahoo.com,+91-8741246542,Pune,Maharashtra,,11/04/2024,Marketplace,N
C03341,Vivaan Kumar,vivaan.kumar3341@mail.com,+91-8642120291,Indore,Madhya Pradesh,Small Business,11/03/2024,Social Media,No
C03342,Vihaan Saxena,vihaan.saxena3342@company.in,+91-9708184721,Kochi,Kerala,Small Business,12/11/2022,Organic Search,Y
C03343,POOJA IYER,POOJA.IYER3343@GMAIL.COM,+91-9299889298,PUNE,Maharashtra,Consumer,2023-09-04,Referral,Yes
C03344,Myra Jain,myra.jain3344@company.in,+91-8707070065,Bhopal,Madhya Pradesh,Consumer,04-21-2026,Social Media,0
C03345,sneha malhotra,sneha.malhotra3345@yahoo.com,+91-9430575656,delhi,Delhi,Corporate,04-11-2025,,Y
C03346,Varun Iyer,varun.iyer3346@mail.com,+91-8830737933,Coimbatore,Tamil Nadu,Small Business,2021-12-22,Direct,Y
C03347,Arjun Agarwal,arjun.agarwal3347@outlook.com,+91-7972209605,Coimbatore,Tamil Nadu,Small Business,01-30-2023,Organic Search,Yes
C03348,Aditya Kumar,aditya.kumar3348@outlook.com,+91-8577769256,Bhopal,madhya pradesh,Small Business,26/04/2025,Marketplace,Y
C03349,Aditya Agarwal,aditya.agarwal3349@gmail.com,+91-8704514496,Kochi,Kerala,Small Business,2025-12-08,Social Media,Yes
C03350,Rohan Bansal,rohan.bansal3350@gmail.com,+91-8850500290,Coimbatore,Tamil Nadu,Consumer,07/03/2021,Direct,Y
C03351, Ira Malhotra ,ira.malhotra3351@gmail.com,+91-7774099732,Surat,Gujarat,Consumer,2022-04-16,Referral,
C03352,Ishaan Malhotra,ishaan.malhotra3352@gmail.com,+91-9875762532,PATNA,Bihar,Consumer,2026-06-28,Direct,Y
C03353,Arjun Joshi,arjun.joshi3353@gmail.com,+91-7997165381,Noida,Uttar Pradesh,Small Business,06/09/2022,Social Media,No
C03354,Arjun Verma,arjun.verma3354@gmail.com,+91-7947006068,Pune,Maharashtra,Small Business,16/09/2021,Social Media,No
C03355,Karan Reddy,karan.reddy3355@company.in,+91-8871632710,Patna, Bihar ,Small Business,11-27-2025,Referral,N
C03356,Varun Jain,varun.jain3356@company.in,+91-7511817493,Chandigarh,Chandigarh,Small Business,07-23-2023,,0
C03357,Sneha Chopra,sneha.chopra3357@yahoo.com,+91-8549759230,Delhi,Delhi,Small Business,01-22-2024,Direct,Yes
C03358,Ishaan Gupta,ishaan.gupta3358@gmail.com,+91-908358592,Kochi,Kerala,Corporate,05-24-2025,Organic Search,No
C03359,SAHIL JOSHI,sahil.joshi3359@mail.com,+91-8622950595,Bhubaneswar,Odisha,Small Business,31/01/2021,Direct,1
C03360,Ananya Verma,ananya.verma3360@outlook.com,+91-882620878,Bhopal,MADHYA PRADESH,Small Business,13/03/2023,Email,Y
C03361,Ishaan Gupta,ishaan.gupta3361@mail.com,+91-8136577100,bengaluru,Karnataka,Small Business,31/08/2026,Direct,1
C03362,Priya Kumar,priya.kumar3362@outlook.com,+91-7307803326,Lucknow,Uttar Pradesh,Consumer,2025-06-30,Organic Search,No
C03363,ishaan nair,ishaan.nair3363@yahoo.com,9154792741,Noida,Uttar Pradesh,Consumer,09/11/2025,Marketplace,N
C03364,KIARA MEHTA, kiara.mehta3364@gmail.com ,+91-7408725148,Lucknow,Uttar Pradesh,Consumer,04-27-2026,Paid Search,Yes
C03365,Kiara Gupta,kiara.gupta3365@outlook.com,+91-9203322600,Indore,Madhya Pradesh,Consumer,2024-12-24,Email,1
C03366, Simran Gupta ,simran.gupta3366@gmail.com,+91-8315057051,BHUBANESWAR,ODISHA,Small Business,2026-07-02,Email,1
C03367,Priya Mishra,PRIYA.MISHRA3367@YAHOO.COM,,Surat,Gujarat,Consumer,07/12/2021,Marketplace,N
C03368,Aarav Verma,aarav.verma3368@gmail.com,+91-7320678837,Patna,Bihar,Small Business,2021-06-09,Marketplace,N
C03369,Amit Malhotra,amit.malhotra3369@gmail.com,+91-8438538591,Bengaluru,Karnataka,Consumer,06-13-2022,Referral,1
C03370,Ishaan Nair,ishaan.nair3370@yahoo.com,+91-8962960221,Bhubaneswar,Odisha,Small Business,03/06/2021,Social Media,Y
C03371,Rahul Reddy,rahul.reddy3371@outlook.com,+91-8275597511,Ahmedabad,gujarat,Corporate,01-19-2023,Social Media,Y
C03372,Ankit Chopra,ankit.chopra3372@company.in,+91-7910199332,Delhi,Delhi,Small Business,2024-11-14,Marketplace,
C03373,Ankit Saxena, ankit.saxena3373@yahoo.com ,+91-738402988,Bhubaneswar,odisha,Small Business,28/09/2023,Referral,Y
C03374,Aanya Mishra,aanya.mishra3374@outlook.com,+91-7201412192,Chandigarh,Chandigarh,Corporate,02-07-2023,Email,No
C03375,Vihaan Chopra, vihaan.chopra3375@outlook.com ,+918457950720,Kochi,Kerala,Small Business,2023-06-08,Email,
C03376,Pooja Verma,,+91-9021778341,Indore,Madhya Pradesh,Small Business,02-23-2025,Marketplace,N
C03377,Diya Verma,diya.verma3377@company.in,+91-7151501202,HYDERABAD,telangana,Small Business,20/01/2021,,N
C03378,arjun malhotra,arjun.malhotra3378@mail.com,+91-7878419363,Gurugram,Haryana,Corporate,07-05-2025,Direct,Y
C03379,Myra Mishra,myra.mishra3379@yahoo.com,+91-8929528305,lucknow,Uttar Pradesh,Corporate,2023-12-09,Marketplace,Y
C03380,Pooja Nair,pooja.nair3380@yahoo.com,+91-9729149861,Pune,,Small Business,15/06/2026,Paid Search,1
C03381,Karan Joshi,karan.joshi3381@gmail.com,+917522709011,mumbai,Maharashtra,Small Business,04-24-2024,Social Media,Yes
C03382,Ira Bansal,ira.bansal3382@company.in,+91-9755783638,Surat,Gujarat,Consumer,02/05/2025,Referral,No
C03383,Vihaan Verma,vihaan.verma3383@outlook.com,+91-8162451475,Bhubaneswar,Odisha,Consumer,2026-07-31,Email,Y
C03384,Ankit Bansal,ankit.bansal3384@mail.com,+91-7194305569, Bhubaneswar ,Odisha,Corporate,12-02-2025,Organic Search,No
C03385,Pooja Nair,pooja.nair3385@yahoo.com,+91-7313266544,Patna,Bihar,Consumer,03/07/2025,Paid Search,Y
C03386,Riya Shah,riya.shah3386@outlook.com,+91-8331729999,Coimbatore,Tamil Nadu,,05/05/2024,Referral,1
C03387,Nikhil Chopra,nikhil.chopra3387@gmail.com,+91-7769160414,Kolkata,West Bengal,Corporate,27/12/2024,Organic Search,Yes
C03388,Arjun Saxena,arjun.saxena3388outlook.com,+91-7486126153,Gurugram,Haryana,Corporate,04-24-2026,Paid Search,0
C03389,Priya Mishra,priya.mishra3389@gmail.com,+91-9734500374,Kochi,Kerala,,2025-12-12,Marketplace,
C03390,Sahil Gupta,sahil.gupta3390yahoo.com,+91-7814479342,Patna,Bihar,Corporate,2025-03-14,Direct,Y
C03391,Kabir Agarwal,kabir.agarwal3391@company.in,+91-8823399718,AHMEDABAD,Gujarat,Consumer,01-02-2024,Social Media,Y
C03392,Kabir Saxena,kabir.saxena3392@company.in,+91-9541550940,Gurugram,Haryana,Small Business,2025-12-08,Direct,Y
C03393,NIKHIL AGARWAL,nikhil.agarwal3393@company.in,+91-984667222,Mumbai,Maharashtra,Consumer,11-22-2025,Paid Search,N
C03394,Aditya Patel,aditya.patel3394@company.in,+91-7832576343,Surat,Gujarat,Corporate,03-23-2021,Marketplace,Y
C03395,ishaan patel,ishaan.patel3395@gmail.com,+917711749106,Hyderabad,Telangana,Corporate,05-26-2023,Direct,0
C03396,Riya Joshi,riya.joshi3396@gmail.com,+91-7242090285,Surat,Gujarat,Corporate,2023-10-05,Direct,0
C03397,Kiara Malhotra,kiara.malhotra3397@outlook.com,+91-7165088527,Kochi,Kerala,Small Business,2021-09-10,Referral,0
C03398,Riya Jain,riya.jain3398@company.in,+91-9408687763,Coimbatore,Tamil Nadu,Corporate,2021-11-11,Social Media,No
C03399,Riya Iyer,riya.iyer3399mail.com,+91-7736335985,Bhopal,Madhya Pradesh,,03-10-2022,Paid Search,0
C03400,Simran Iyer,simran.iyer3400@gmail.com,7266340432,Ahmedabad,Gujarat,Small Business,12/01/2025,Direct,1
C03401,Ananya Gupta,ananya.gupta3401@outlook.com,+91-7221670972,Lucknow,Uttar Pradesh,Corporate,19/02/2024,Direct,Y
C03402,Neha Reddy,neha.reddy3402@yahoo.com,+91-8424386136,Bhopal,Madhya Pradesh,Small Business,15/07/2026,Email,N
C03403,SNEHA GUPTA,sneha.gupta3403@company.in,+91-7794879242,Chennai,Tamil Nadu,Corporate,2025-04-04,Social Media,Y
C03404,ARJUN AGARWAL,arjun.agarwal3404@outlook.com,+91-8724724969,Lucknow,,Consumer,06-02-2025,Marketplace,Yes
C03405,Kiara Nair,kiara.nair3405@mail.com,+91-9272824668,Kochi,Kerala,Small Business,2025-05-29,Direct,0
C03406,Ira Bansal,ira.bansal3406@company.in,+91-9153848995,Delhi,delhi,Consumer,05-21-2023,Paid Search,No
C03407,Kabir Nair,kabir.nair3407@outlook.com,+91-9891137701,Kochi,Kerala,Consumer,07-14-2021,Email,0
C03408,Diya Mehta,diya.mehta3408@outlook.com,+91-9356501744, Gurugram ,Haryana,Consumer,24/07/2021,Referral,Y
C03409,Amit Bansal,amit.bansal3409@company.in,7213536066,Patna,BIHAR,Small Business,01-18-2024,Email,Y
C03410,Diya Mehta,diya.mehta3410@company.in,+91-9621060993,Coimbatore,Tamil Nadu,Corporate,04-21-2024,Marketplace,Y
C03411,Ishaan Patel, ishaan.patel3411@mail.com ,+91-7040975994,Kolkata,West Bengal,Corporate,05-08-2025,Email,No
C03412,Neha Reddy,neha.reddy3412@yahoo.com,+91-7856022970,Lucknow,Uttar Pradesh,Corporate,30/10/2021,Paid Search,0
C03413,Riya Saxena,riya.saxena3413@mail.com,+91-8156935810,Hyderabad,Telangana,Small Business,06-30-2024,Marketplace,Y
C03414, Ira Patel , ira.patel3414@yahoo.com ,+91-9410110027,Bhubaneswar,Odisha,Small Business,22/08/2023,Referral,Y
C03415,Myra Saxena,myra.saxena3415@company.in,+91-8541810136, Indore ,Madhya Pradesh,Consumer,09/02/2021,Email,No
C03416,Varun Joshi,varun.joshi3416@gmail.com,+91-9106906338,Kolkata,West Bengal,Corporate,03/12/2022,Marketplace,Yes
C03417,Pooja Nair, pooja.nair3417@mail.com ,+91-7742570297,KOCHI,Kerala,Consumer,2021-11-09,Organic Search,
C03418,Riya Bansal,riya.bansal3418@outlook.com,+91-8724690042,Noida,Uttar Pradesh,Small Business,2025-05-21,Direct,Y
C03419,Aanya Chopra,aanya.chopra3419@gmail.com,+91-9868644203,Hyderabad,Telangana,Corporate,2023-07-02,Marketplace,Y
C03420,Vihaan Shah,vihaan.shah3420@gmail.com,+91-9594759162,Lucknow,Uttar Pradesh,Corporate,12-02-2022,Referral,Yes
C03421,Priya Mehta,priya.mehta3421outlook.com,,Kochi,Kerala,Corporate,03-09-2021,Social Media,N
C03422,Vivaan Agarwal,vivaan.agarwal3422@gmail.com,+91-9059991563,Indore,Madhya Pradesh,Corporate,2025-06-29,Organic Search,Y
C03423,NEHA BANSAL,neha.bansal3423@yahoo.com,+91-7380785416, Ahmedabad ,Gujarat,Small Business,2025-10-01,Paid Search,N
C03424,Simran Gupta,simran.gupta3424@outlook.com,+91-7948904422,KOLKATA,West Bengal,Corporate,04-09-2022,Direct,No
C03425,Varun Joshi,varun.joshi3425@gmail.com,+91-9895364440,Hyderabad,telangana,Small Business,11-12-2021,Referral,1
C03426,Diya Sharma,diya.sharma3426@mail.com,+91-9366430837,Noida,Uttar Pradesh,Consumer,06/04/2022,Social Media,Y
C03427,Karan Verma,karan.verma3427@gmail.com,+91-9358017840,Patna,Bihar,Consumer,06-08-2026,Marketplace,Y
C03428,Saanvi Agarwal,saanvi.agarwal3428@company.in,+91-8361753074,bhopal,,Corporate,2025-09-07,Email,
C03429,ananya shah,ananya.shah3429@mail.com,+91-8435610529,Indore,Madhya Pradesh,Corporate,10-19-2025,Paid Search,No
C03430,Arjun Shah,arjun.shah3430@gmail.com,9896904477,Chandigarh,Chandigarh,Corporate,10/05/2024,Email,Yes
C03431,Neha Verma,neha.verma3431@mail.com,+91-7469049563,Bengaluru,Karnataka,Consumer,11-29-2022,Paid Search,0
C03432,Ishaan Kumar,ishaan.kumar3432@gmail.com,+91-7776897062,Bhopal,Madhya Pradesh,Consumer,13/09/2024,Marketplace,
C03433,Vivaan Sharma,vivaan.sharma3433@outlook.com,+91-8529599424,Jaipur,Rajasthan,Corporate,2025-08-30,Email,N
C03434,Vivaan Saxena,vivaan.saxena3434@mail.com,+91-8288101799,BHOPAL,Madhya Pradesh,Small Business,05-14-2022,Referral,Y
C03435,Aanya Reddy,aanya.reddy3435@mail.com,+91-9203432289,pune,Maharashtra,Small Business,2024-10-11,Email,Y
C03436,Riya Verma,riya.verma3436@mail.com,+91-8099490251,Hyderabad,Telangana,Small Business,29/10/2021,Paid Search,Y
C03437,Myra Agarwal,myra.agarwal3437@mail.com,+91-8830094624,Kochi,KERALA,Small Business,02-18-2023,Paid Search,
C03438,VARUN SAXENA,varun.saxena3438@gmail.com,+91-8073499073,Coimbatore,Tamil Nadu,Small Business,25/08/2026,Email,N
C03439,Diya Chopra,diya.chopra3439@yahoo.com,+91-9530119248,Chandigarh,Chandigarh,Corporate,10/10/2023,Paid Search,
C03440,Aanya Bansal,aanya.bansal3440@yahoo.com,+91-7188983945,Kochi,Kerala,Corporate,06-21-2021,Referral,0
C03441,Ankit Verma,ankit.verma3441@yahoo.com,+91-9847694314,SURAT,Gujarat,Corporate,07-05-2026,Referral,Y
C03442,Ankit Saxena,ankit.saxena3442@mail.com,9467397073,,madhya pradesh,Small Business,2021-03-04,Social Media,1
C03443,Ananya Sharma,ananya.sharma3443@gmail.com,+91-7434640409,Lucknow,Uttar Pradesh,Small Business,18/03/2022,Marketplace,Yes
C03444,Varun Verma,varun.verma3444@company.in,+91-8470621700,Delhi,Delhi,Small Business,25/02/2025,Social Media,Yes
C03445,Riya Kapoor,riya.kapoor3445@gmail.com,8461892961,Noida,Uttar Pradesh,Consumer,20/03/2022,Email,N
C03446,Vivaan Sharma,vivaan.sharma3446@gmail.com,+91-8313177530,Bhopal,Madhya Pradesh,Consumer,05-27-2026,Marketplace,Y
C03447, Arjun Joshi ,arjun.joshi3447@yahoo.com,+91-7560999158,Mumbai,MAHARASHTRA,Corporate,2023-06-02,Referral,
C03448,RIYA VERMA,riya.verma3448@mail.com,+91-9705145868,Pune,Maharashtra,Corporate,03/10/2022,Social Media,Y
C03449,Ananya Mehta,ananya.mehta3449@gmail.com,+91-9345144167,Jaipur,rajasthan,Consumer,16/06/2024,Direct,1
C03450,Sneha Sharma,sneha.sharma3450@outlook.com,,Jaipur,Rajasthan,Small Business,26/06/2025,Email,N
C03451,Rahul Agarwal,rahul.agarwal3451@yahoo.com,+91-8519482257, Mumbai ,Maharashtra,Corporate,03-04-2022,Paid Search,Y
C03452,Simran Bansal,simran.bansal3452@gmail.com,+91-8901461102,Bengaluru,Karnataka,Small Business,31/03/2025,Paid Search,N
C03453,Ankit Shah,ankit.shah3453@mail.com,+91-8036559093,Kochi,kerala,Corporate,10/12/2023,Social Media,1
C03454,Ira Shah,ira.shah3454@outlook.com,+91-9716294230,PUNE,Maharashtra,Consumer,2021-11-14,Email,N
C03455,Varun Malhotra,,+91-9708601619,Bhopal,Madhya Pradesh,Corporate,03-24-2026,Organic Search,Y
C03456,Aditya Singh,ADITYA.SINGH3456@MAIL.COM,+91-7734770959,mumbai,Maharashtra,Small Business,07-27-2023,Organic Search,0
C03457,Aanya Reddy,aanya.reddy3457@yahoo.com,+919366084228,chandigarh, Chandigarh ,Small Business,06-04-2021,Marketplace,
C03458,Ankit Kumar,ankit.kumar3458@company.in,9823740030,Kochi,Kerala,Consumer,2022-11-24,Paid Search,1
C03459,Kabir Kumar,kabir.kumar3459@outlook.comm,+91-7145563908,Chandigarh,Chandigarh,Consumer,2022-11-25,Referral,
C03460,Aarav Jain,aarav.jain3460@outlook.comm,+91-7587300902,Gurugram,HARYANA,Small Business,02-10-2021,Email,1
C03461,Varun Iyer,varun.iyer3461@company.in,+91-7212918612,Coimbatore,Tamil Nadu,Small Business,03/03/2023,Paid Search,0
C03462,Kabir Bansal,kabir.bansal3462@company.in,+91-9899383043,Indore,Madhya Pradesh,Corporate,2021-11-01,Paid Search,Y
C03463,Kabir Reddy,kabir.reddy3463@outlook.com,+91-9820933852,Ahmedabad,,Small Business,11/07/2022,Marketplace,
C03464,Ananya Agarwal,ananya.agarwal3464@company.in,+91-8337131315,Gurugram,Haryana,Consumer,07-30-2026,Organic Search,
C03465,Riya Jain,riya.jain3465@mail.com,+91-7253382761,Delhi,DELHI,Corporate,23/12/2024,Organic Search,No
C03466,Kiara Patel,kiara.patel3466@yahoo.com,+91-9666198158,Bhubaneswar,Odisha,Corporate,2026-01-08,Organic Search,Y
C03467,Kabir Agarwal,kabir.agarwal3467@mail.com,+91-7076841525,Coimbatore,tamil nadu,Corporate,09/10/2024,Paid Search,1
C03468,Ishaan Shah,ishaan.shah3468@yahoo.com,+91-7907848539,Bhopal,Madhya Pradesh,Small Business,2025-02-23,Direct,Y
C03469,Saanvi Malhotra,saanvi.malhotra3469@yahoo.com,+91-8701054019,Ahmedabad,Gujarat,Small Business,2025-01-20,Direct,
C03470,Saanvi Nair,SAANVI.NAIR3470@YAHOO.COM,+91-8592448420,AHMEDABAD,Gujarat,Consumer,2022-08-08,Organic Search,No
C03471,karan chopra,karan.chopra3471@company.in,+91-9034224607,Noida,Uttar Pradesh,Small Business,04-21-2023,Referral,N
C03472,ANKIT BANSAL,ankit.bansal3472@company.in,+91-9072505395,Delhi,Delhi,Consumer,2021-01-15,Direct,No
C03473,ishaan gupta,ishaan.gupta3473@company.in,+91-8279372522,Bhopal,Madhya Pradesh,Consumer,03-30-2022,Marketplace,Y
C03474,Ishaan Kumar,ishaan.kumar3474@yahoo.com,+91-9062074877,Delhi, Delhi ,Consumer,07-04-2024,Referral,No
C03475,Arjun Mishra,arjun.mishra3475@gmail.com,+91-7601359441,Indore,Madhya Pradesh,Consumer,09/11/2025,Paid Search,Y
C03476,Amit Sharma,amit.sharma3476@outlook.com,+91-7385511614,Surat, Gujarat ,Small Business,2022-11-20,Marketplace,1
C03477,Ira Bansal,ira.bansal3477@yahoo.com,+91-9202104638,Chennai,Tamil Nadu,Small Business,01/11/2024,Email,0
C03478,VIVAAN CHOPRA,vivaan.chopra3478@company.in,+91-7805666650,Hyderabad,Telangana,Corporate,2026-05-08,Direct,No
C03479,Aanya Kapoor,aanya.kapoor3479@outlook.com,+91-7962520952, Bhopal ,Madhya Pradesh,Corporate,07-14-2025,Email,1
C03480,Amit Shah,amit.shah3480@company.in,+91-9620488464,Patna,Bihar,Corporate,17/06/2022,Email,N
C03481, Meera Patel ,meera.patel3481@mail.com,+91-9429551792,Noida, Uttar Pradesh ,Consumer,27/01/2021,Email,No
C03482, Vihaan Mehta ,vihaan.mehta3482@yahoo.com,+91-866052918,patna,BIHAR,Consumer,2024-11-14,Organic Search,0
C03483,Ananya Singh,ananya.singh3483@company.in,7959705619,Hyderabad,Telangana,Consumer,06/08/2022,Marketplace,Yes
C03484,VIVAAN CHOPRA,vivaan.chopra3484@yahoo.com,+91-7977157334,Bhopal,MADHYA PRADESH,Consumer,05-26-2024,Email,0
C03485,Neha Sharma,neha.sharma3485@gmail.com,+91-9155152247,Pune,Maharashtra,Consumer,06-15-2021,Direct,Y
C03486,Karan Chopra,karan.chopra3486@mail.com,+91-7029745296,Surat,Gujarat,Corporate,01-16-2022,Referral,No
C03487, Rohan Kapoor ,rohan.kapoor3487@mail.com,+91-8733124047,Noida,Uttar Pradesh,Small Business,07-25-2024,Organic Search,Y
C03488,Saanvi Sharma,saanvi.sharma3488@gmail.com,+91-8998907512,Bhubaneswar,Odisha,Small Business,2024-01-16,Email,Y
C03489,Aanya Nair,aanya.nair3489@gmail.com,+919872517418,Indore, Madhya Pradesh ,Corporate,23/09/2025,Paid Search,Y
C03490,AANYA PATEL,aanya.patel3490@outlook.com,+91-9575990330,Bhubaneswar,Odisha,Consumer,14/05/2026,Email,Yes
C03491,Diya Jain,diya.jain3491@gmail.com,+91-8607766341,Kolkata,West Bengal,Consumer,24/06/2026,Email,1
C03492,Pooja Sharma,pooja.sharma3492@company.in,8944562354,Pune,maharashtra,Small Business,10-12-2021,Marketplace,Y
C03493,Vihaan Nair,vihaan.nair3493@mail.com,+91-7214956133, Bhubaneswar ,Odisha,Small Business,11-02-2025,Direct,Y
C03494,Karan Kapoor,karan.kapoor3494@mail.com,+91-9843902748,Noida,Uttar Pradesh,Small Business,2024-06-06,Paid Search,Y
C03495,Saanvi Singh,saanvi.singh3495@company.in,+91-7720969378,Surat,Gujarat,Consumer,2021-11-22,Marketplace,
C03496,Aditya Mishra,ADITYA.MISHRA3496@MAIL.COM,+91-8645742043,Chandigarh,Chandigarh,Small Business,08-29-2022,Social Media,No
C03497,Vihaan Iyer,vihaan.iyer3497@gmail.com,+91-8345496461,Surat,Gujarat,Consumer,2025-06-15,Referral,Y
C03498,Sahil Gupta,sahil.gupta3498@outlook.com,+91-833733824,PATNA,Bihar,Small Business,24/01/2021,Direct,N
C03499,Amit Mishra,amit.mishra3499@outlook.com,+91-9658799763,Chandigarh,Chandigarh,Small Business,17/10/2024,Referral,No
C03500,Kiara Mishra,kiara.mishra3500@gmail.com,+91-7142116706,Ahmedabad,Gujarat,Small Business,07/11/2023,Email,Yes
C03501,Diya Kapoor,diya.kapoor3501@mail.com,+91-8226772205,Mumbai,,Consumer,04-15-2025,Email,No
C03502,Meera Mehta,meera.mehta3502@mail.com,+91-9084058095,Kochi,Kerala,Corporate,2021-03-24,Social Media,Yes
C03503,Ankit Sharma,ankit.sharma3503@outlook.com,+91-7381291419,Ahmedabad,Gujarat,Small Business,2022-12-20,Email,No
C03504,Vihaan Verma,vihaan.verma3504@mail.com,+91-8432372416,Mumbai, Maharashtra ,Small Business,27/04/2026,Direct,Yes
C03505,Amit Singh,amit.singh3505@gmail.com,+91-7364533740,, Rajasthan ,Consumer,19/08/2025,Social Media,
C03506,Rahul Saxena,rahul.saxena3506@yahoo.com,+91713336224,Gurugram,Haryana,Small Business,2024-09-27,Marketplace,Y
C03507,Rohan Patel,rohan.patel3507@company.in,+91-7520458536,Chandigarh,Chandigarh,Corporate,2024-12-24,Social Media,No
C03508,Aditya Kumar,aditya.kumar3508@gmail.com,+91-9184251438,Jaipur,Rajasthan,Small Business,2025-05-25,Organic Search,
C03509,Pooja Singh,pooja.singh3509@company.in,+91-9225924353,Mumbai,Maharashtra,Small Business,2021-06-03,Marketplace,Y
C03510,Aditya Mishra,aditya.mishra3510@gmail.com,+91-9408327558,Chandigarh,Chandigarh,Consumer,16/07/2023,Referral,Yes
C03511,Rahul Reddy,rahul.reddy3511@gmail.com,+91-7541614286,CHENNAI,Tamil Nadu,Small Business,01-19-2024,Marketplace,Y
C03512,Tanya Mehta,tanya.mehta3512@gmail.com,+91-7230475427,Chandigarh,Chandigarh,Corporate,03-11-2024,Paid Search,0
C03513,Ananya Reddy,ananya.reddy3513@gmail.com,+91-9551908579,Bengaluru, Karnataka ,,2026-01-01,Referral,1
C03514, Aarav Iyer ,aarav.iyer3514@company.in,+91-9996238832,Bengaluru,Karnataka,Corporate,12-24-2024,Referral,No
C03515,Rohan Joshi,rohan.joshi3515@yahoo.com,+91-8726884241,Mumbai,Maharashtra,Consumer,09-04-2024,Paid Search,Y
C03516,Aarav Verma,aarav.verma3516@yahoo.com,+91-9444188034,Surat,Gujarat,Consumer,2021-06-12,Social Media,Y
C03517,ananya shah,ananya.shah3517@mail.com,+91-9952201375,Gurugram,Haryana,Small Business,2022-04-11,Referral,1
C03518,Ira Nair,ira.nair3518@yahoo.com,+91-8143855880,Gurugram,Haryana,Small Business,12-26-2025,Referral,
C03519,Tanya Kumar,tanya.kumar3519@gmail.com,+91-9332411195,Nagpur,Maharashtra,Corporate,2023-07-17,,1
C03520,Rohan Kumar,ROHAN.KUMAR3520@OUTLOOK.COM,+91-8785246685,Chandigarh,Chandigarh,Consumer,2024-08-30,Email,Y
C03521,Arjun Jain,arjun.jain3521@outlook.com,+91-9705649736,Nagpur,Maharashtra,Small Business,2024-03-26,Referral,1
C03522,Aditya Singh,aditya.singh3522@gmail.com,+91-9688375508,Chennai,Tamil Nadu,Corporate,2021-01-10,,1
C03523,Kiara Kapoor,kiara.kapoor3523@outlook.com,+91-7705713948,Ahmedabad,Gujarat,Corporate,09-16-2021,Email,N
C03524,Riya Sharma,,+917651656931,Indore,Madhya Pradesh,Corporate,04-27-2023,Social Media,
C03525,Ishaan Chopra,ishaan.chopra3525@company.in,+91-7214918224,Bhubaneswar,Odisha,Corporate,2023-02-10,Email,Y
C03526,Sneha Gupta,sneha.gupta3526@yahoo.com,+91-723444768,Chandigarh,Chandigarh,Corporate,01-19-2025,Marketplace,Yes
C03527,Aarav Singh,AARAV.SINGH3527@COMPANY.IN,+91-8357081141,Kochi,kerala,Consumer,07-09-2024,Referral,Yes
C03528,Aarav Sharma,aarav.sharma3528@mail.com,+91-9677777683,NOIDA,Uttar Pradesh,Consumer,09-07-2021,Referral,N
C03529,Sneha Kapoor,sneha.kapoor3529@gmail.com,+91-8104401494,Hyderabad,Telangana,Consumer,2022-05-02,Social Media,No
C03530,Sneha Sharma,sneha.sharma3530@company.in,+91-7660456307,Gurugram,Haryana,Consumer,08/06/2023,Paid Search,
C03531,Arjun Iyer,arjun.iyer3531@mail.com,+91-7183459714,patna,Bihar,Consumer,2022-07-23,Organic Search,Y
C03532,Kabir Nair,kabir.nair3532@gmail.com,+91-7906230688,Gurugram,Haryana,Consumer,03-19-2021,Social Media,0
C03533,Aarav Mehta,aarav.mehta3533@outlook.com,+91-8290596697,Ahmedabad,Gujarat,Corporate,12-24-2024,Referral,Yes
C03534,diya patel,diya.patel3534@outlook.comm,+91-7706893722,Bhopal,Madhya Pradesh,Small Business,2023-10-20,Direct,Yes
C03535,Tanya Sharma,tanya.sharma3535@gmail.com,,NAGPUR,Maharashtra,Consumer,12-06-2021,Social Media,Y
C03536,Aarav Iyer,aarav.iyer3536@company.in,+91-900437729,Pune,Maharashtra,Corporate,23/04/2024,Paid Search,Y
C03537,Saanvi Malhotra,saanvi.malhotra3537@gmail.comm,+91-9576797908,Lucknow,Uttar Pradesh,Small Business,11/05/2022,Social Media,Yes
C03538,Rahul Saxena,rahul.saxena3538@yahoo.com,+91-7183959668,Noida,Uttar Pradesh,Consumer,17/08/2022,Referral,No
C03539,Priya Saxena,PRIYA.SAXENA3539@MAIL.COM,+91-7702741185,Mumbai,Maharashtra,Small Business,12-02-2022,Paid Search,
C03540,ananya patel,ananya.patel3540@yahoo.com,+91-8746907126,Patna,Bihar,Corporate,06-10-2023,Organic Search,1
C03541,Saanvi Jain,saanvi.jain3541@outlook.com,+91-9139474581,Noida,Uttar Pradesh,Small Business,2021-08-03,Paid Search,N
C03542,Sahil Chopra,sahil.chopra3542@company.in,+91-9288587518,Chennai, Tamil Nadu ,Small Business,03/03/2025,Email,Y
C03543,Simran Malhotra,simran.malhotra3543@mail.com,+91-8989431841,Surat,gujarat,Consumer,30/05/2024,Referral,Y
C03544,Meera Patel,meera.patel3544@company.in,+91-7374888074,Pune,Maharashtra,Small Business,06-30-2023,Social Media,Y
C03545,Neha Malhotra,neha.malhotra3545@yahoo.com,+91-7135224050,Kochi,Kerala,Consumer,2022-02-11,Referral,Y
C03546,Ananya Malhotra,ananya.malhotra3546@company.in,+91-9007529308,Kolkata,West Bengal,,08-03-2026,Organic Search,
C03547,Aarav Sharma,aarav.sharma3547@outlook.com,7156565014,Bengaluru,,Corporate,03/02/2025,Paid Search,1
C03548,Diya Shah,diya.shah3548@company.in,+91-9878073225, Lucknow ,Uttar Pradesh,Consumer,2025-03-02,Marketplace,1
C03549, Kiara Saxena ,kiara.saxena3549@mail.com,+91-8479687484,Delhi,Delhi,Corporate,2026-08-24,Email,
C03550,Ananya Verma,ananya.verma3550@outlook.com,+91-8028471892,Indore,Madhya Pradesh,Consumer,2021-01-03,Direct,1
C03551,VARUN AGARWAL,varun.agarwal3551@gmail.com,+91-7004244089,Patna,Bihar,Small Business,08-03-2021,Email,N
C03552,Vihaan Reddy,vihaan.reddy3552@outlook.com,+91-9316971332,Coimbatore,Tamil Nadu,,01-04-2024,Direct,Yes
C03553,Meera Iyer,meera.iyer3553@mail.com,+91-7122654304,Coimbatore,Tamil Nadu,Consumer,2025-02-08,Email,0
C03554,Ankit Kumar,ankit.kumar3554@company.in,+91-8919619926,Pune,Maharashtra,Small Business,08/09/2024,Marketplace,Y
C03555,Riya Agarwal,riya.agarwal3555@gmail.com,+917089604616,Bhopal, Madhya Pradesh ,Small Business,04-01-2025,Email,N
C03556,Ishaan Singh,ishaan.singh3556@mail.com,+91-8527366304,Bengaluru,Karnataka,Consumer,30/03/2021,Social Media,0
C03557,Aanya Jain,aanya.jain3557@mail.com,,Patna,Bihar,Corporate,01/05/2022,Marketplace,Y
C03558,Simran Saxena,SIMRAN.SAXENA3558@MAIL.COM,+91-9903313319,Jaipur,Rajasthan,Small Business,2021-05-03,Email,Y
C03559,Ira Bansal,ira.bansal3559company.in,+918992895140,,Gujarat,Consumer,01-17-2022,Social Media,Y
C03560,Aditya Reddy,aditya.reddy3560@yahoo.com,+91-8902656718,Kochi,Kerala,Small Business,08-28-2025,Direct,Y
C03561,Ankit Iyer,ankit.iyer3561@company.in,+91-9286592926,Lucknow,Uttar Pradesh,Corporate,2026-01-20,Referral,Yes
C03562,SIMRAN BANSAL,simran.bansal3562@company.in,9559309654,Patna,Bihar,Small Business,03-14-2025,Social Media,1
C03563,Ananya Gupta,ananya.gupta3563@yahoo.com,+91-9534632096,pune,MAHARASHTRA,Small Business,25/01/2021,Referral,
C03564,Meera Agarwal,meera.agarwal3564@mail.com,+91-9520145594,Ahmedabad,Gujarat,Consumer,02-16-2026,Paid Search,Yes
C03565,Sneha Saxena,sneha.saxena3565@yahoo.com,+91-7435133245,Chandigarh,CHANDIGARH,Consumer,02/07/2024,Social Media,
C03566,Ananya Nair,ananya.nair3566@company.in,+91-9160894389,Noida,Uttar Pradesh,Corporate,11/06/2023,Marketplace,Y
C03567,Ishaan Saxena,ishaan.saxena3567@company.in,+91-7113983675, Bhubaneswar ,Odisha,Consumer,05-16-2021,Marketplace,Y
C03568,Sahil Bansal,sahil.bansal3568@company.in,+91-751634549,kochi,Kerala,Consumer,2025-01-16,Organic Search,No
C03569,Riya Iyer,riya.iyer3569@gmail.com,+91-8115887311,Kochi,,Corporate,05-23-2022,Social Media,1
C03570,Riya Nair,riya.nair3570@outlook.com,7535922312,Jaipur,Rajasthan,Corporate,2022-09-06,Referral,Yes
C03571,Priya Mishra,PRIYA.MISHRA3571@MAIL.COM,+91-7097680175,Bhopal,MADHYA PRADESH,Consumer,11-30-2025,Organic Search,0
C03572,Aarav Bansal,aarav.bansal3572@mail.com,+91-9449495906,Bhubaneswar,Odisha,Corporate,09/12/2023,Direct,1
C03573,Diya Agarwal,diya.agarwal3573@mail.com,+91-7101156787,Indore,Madhya Pradesh,Small Business,15/09/2024,Email,Y
C03574,Pooja Sharma,,9211782491,Gurugram,Haryana,Consumer,2023-09-24,Marketplace,1
C03575,VARUN CHOPRA,varun.chopra3575@mail.com,+91-8747996864,MUMBAI,Maharashtra,Small Business,15/08/2025,Referral,No
C03576,Aanya Kapoor,aanya.kapoor3576@mail.com,+91-9550499480,Kochi,Kerala,Small Business,2021-05-30,Email,
C03577,Aarav Verma,aarav.verma3577@outlook.com,,Bengaluru,Karnataka,Consumer,14/12/2023,Email,
C03578,Varun Nair,varun.nair3578@company.in,+91-7748198057,Bhopal,Madhya Pradesh,Corporate,2022-07-13,Referral,Yes
C03579,Ananya Kumar,ananya.kumar3579@outlook.com,+91-9890312603,MUMBAI,Maharashtra,Corporate,2026-03-24,Referral,1
C03580,Kabir Nair,kabir.nair3580@mail.com,+91-8100403439,Hyderabad,telangana,Corporate,2026-06-03,Direct,Y
C03581,Ankit Patel,ANKIT.PATEL3581@MAIL.COM,,Patna,Bihar,Corporate,03/02/2025,Marketplace,Y
C03582,vivaan malhotra,vivaan.malhotra3582@outlook.com,+91-9012831514,Chandigarh,Chandigarh,Small Business,04-14-2024,Paid Search,Yes
C03583,ARJUN KAPOOR,arjun.kapoor3583@mail.com,8101538750,,Gujarat,Small Business,04-14-2022,Direct,Yes
C03584,amit jain,amit.jain3584@yahoo.com,+91-8975222585,Hyderabad,Telangana,Small Business,03-29-2026,Direct,No
C03585,Neha Chopra,neha.chopra3585@yahoo.com,+91-7277456780,KOLKATA,west bengal,Corporate,01-24-2023,Paid Search,
C03586,Ishaan Bansal,ishaan.bansal3586@outlook.com,+91-8495319372,Kochi,Kerala,Small Business,11-30-2021,Social Media,
C03587,Sahil Joshi,,+91-9506583272,ahmedabad,Gujarat,Consumer,2025-07-03,Social Media,1
C03588,Karan Patel,karan.patel3588@outlook.com,+91-9425383611,Jaipur,Rajasthan,Small Business,2024-05-25,Marketplace,1
C03589,Amit Shah,amit.shah3589@yahoo.com,8596298965,Bengaluru,Karnataka,Small Business,09-09-2021,Email,Y
C03590,Neha Saxena,neha.saxena3590@company.in,+91-9244030895,Chandigarh,Chandigarh,Consumer,2025-11-05,Paid Search,Y
C03591,Arjun Singh,arjun.singh3591@yahoo.com,+91-9821156714,Gurugram,Haryana,Corporate,02-04-2023,Referral,Y
C03592,Vihaan Singh,vihaan.singh3592@outlook.com,+919542199760,Jaipur, Rajasthan ,Small Business,12/10/2023,Paid Search,No
C03593,Amit Patel,amit.patel3593@company.in,+91-7048362601,MUMBAI,Maharashtra,Small Business,11-06-2021,Email,Yes
C03594,Pooja Patel,pooja.patel3594@mail.com,7334704340,Noida,Uttar Pradesh,Corporate,2021-03-13,Email,
C03595,Arjun Sharma,arjun.sharma3595@mail.com,+91-8170791198,Noida,UTTAR PRADESH,Small Business,18/12/2023,Direct,0
C03596,Karan Malhotra, karan.malhotra3596@mail.com ,+91-8919361118,Bhubaneswar,odisha,Corporate,18/04/2023,Referral,N
C03597,karan verma,karan.verma3597@company.in,+91-8070763297,Patna,Bihar,Consumer,2026-03-24,Paid Search,
C03598,Priya Mehta,PRIYA.MEHTA3598@COMPANY.IN,+91-9403980173,Nagpur,MAHARASHTRA,Small Business,05/08/2022,Social Media,
C03599,Aditya Jain,aditya.jain3599@yahoo.com,+91-7716055275,Kochi,Kerala,Small Business,2025-11-27,Social Media,Y
C03600,Rahul Reddy,rahul.reddy3600@gmail.com,+91-8992884655,Surat,Gujarat,Consumer,12/10/2024,Referral,N
C03601,MEERA NAIR,meera.nair3601@gmail.com,+91-7005758924,Chennai,Tamil Nadu,Consumer,08-04-2022,Social Media,Y
C03602,Vivaan Singh,vivaan.singh3602@gmail.com,+91-8838227672,Delhi,Delhi,Corporate,2022-08-01,Email,1
C03603,Ishaan Nair,ISHAAN.NAIR3603@GMAIL.COM,+91-7825532520,patna,Bihar,Consumer,12/05/2021,,Y
C03604,Pooja Gupta,pooja.gupta3604@outlook.com,+91-7261953696,Lucknow,Uttar Pradesh,Consumer,2025-10-12,Social Media,N
C03605,Tanya Singh,tanya.singh3605@gmail.com,+91-7366039757,Jaipur,Rajasthan,Consumer,13/06/2021,Marketplace,Yes
C03606,Kiara Joshi,kiara.joshi3606@gmail.com,8118268036,Surat,Gujarat,Small Business,2024-07-21,Paid Search,Y
C03607,Sahil Bansal,sahil.bansal3607@yahoo.com,+91-8151255148,Coimbatore,Tamil Nadu,Small Business,2024-03-08,Direct,
C03608, Varun Iyer ,varun.iyer3608@outlook.com,+91-9982066281,Surat,Gujarat,Consumer,06-27-2023,Marketplace,Y
C03609, Rahul Mehta ,rahul.mehta3609gmail.com,+91-8611441265,Gurugram,Haryana,Consumer,2022-10-10,Paid Search,0
C03610, Ishaan Agarwal ,ishaan.agarwal3610@gmail.com,,Bengaluru,Karnataka,Corporate,12-30-2023,Direct,No
C03611,Aanya Kumar,aanya.kumar3611yahoo.com,+91-9221970557,Coimbatore,Tamil Nadu,Consumer,06/02/2021,Direct,
C03612, Saanvi Shah ,saanvi.shah3612@company.in,+91-9769914452,Noida,Uttar Pradesh,Corporate,2026-08-13,Organic Search,No
C03613,Ira Kapoor,ira.kapoor3613@company.in,+91-9135392594,Lucknow,uttar pradesh,Consumer,04/12/2022,Marketplace,
C03614,Aditya Malhotra,aditya.malhotra3614@mail.com,+917498663600,BHUBANESWAR,Odisha,Corporate,10-07-2023,Direct,Y
C03615,Priya Sharma,priya.sharma3615@mail.com,+91-8224546017,LUCKNOW,uttar pradesh,Small Business,2025-08-20,Marketplace,1
C03616,Ira Bansal,ira.bansal3616@gmail.com,+91-9295303043,Bengaluru,Karnataka,Small Business,07-13-2021,Social Media,Y
C03617,Vihaan Singh,vihaan.singh3617@outlook.com,+91-8555209391,Jaipur,Rajasthan,Corporate,22/04/2021,Social Media,Y
C03618,Diya Jain,diya.jain3618@company.in,,Kochi,Kerala,Consumer,29/07/2022,Paid Search,Y
C03619,Vivaan Agarwal,vivaan.agarwal3619@mail.com,+91-8446537329,Delhi,Delhi,Corporate,02/04/2021,Email,Y
C03620,Riya Kapoor,riya.kapoor3620@company.in,+91-9135029855,Kolkata,west bengal,Small Business,01-03-2024,Direct,Y
C03621,Ananya Sharma,ananya.sharma3621mail.com,+91-9110159557,Mumbai,Maharashtra,Small Business,2021-02-28,Marketplace,1
C03622,Vivaan Singh, vivaan.singh3622@gmail.com ,+91-7966862665,Chennai,Tamil Nadu,Small Business,2026-02-06,Email,
C03623,Myra Jain,myra.jain3623outlook.com,+91-929134091,Kolkata,West Bengal,Corporate,08/12/2023,Direct,1
C03624,Aditya Bansal,aditya.bansal3624@gmail.com,+91-8500976229,Bhubaneswar,Odisha,Consumer,2026-01-23,Direct,No
C03625,Varun Malhotra,varun.malhotra3625@mail.com,+91-8176541612,Indore,Madhya Pradesh,Consumer,10-28-2024,Marketplace,Y
C03626,myra agarwal,myra.agarwal3626@company.in,+91-9505888698,Lucknow,Uttar Pradesh,Small Business,12/04/2021,Marketplace,1
C03627,Arjun Kumar,arjun.kumar3627@mail.com,+919974248747,Chandigarh,Chandigarh,Corporate,04-18-2026,Paid Search,Yes
C03628,Simran Shah,simran.shah3628@company.in,+91-7293642916,Patna,Bihar,Consumer,11-20-2024,Direct,Y
C03629,Sneha Nair,sneha.nair3629@gmail.com,+91-7875312304,BHOPAL,Madhya Pradesh,Consumer,2025-08-25,Direct,Y
C03630,Riya Jain,riya.jain3630@outlook.com,+91-7778013648,Pune,Maharashtra,Corporate,27/11/2022,Referral,No
C03631,Kiara Agarwal,kiara.agarwal3631@mail.com,+91-7707516399,Gurugram,Haryana,Corporate,2025-05-25,Social Media,
C03632,Karan Kapoor,karan.kapoor3632@gmail.com,+91-9367613399,Mumbai,Maharashtra,Consumer,2025-09-06,Organic Search,
C03633,Neha Nair,neha.nair3633@outlook.com,+91-8740148944,Indore,Madhya Pradesh,Corporate,2021-10-17,Paid Search,0
C03634,Sneha Gupta,sneha.gupta3634@gmail.comm,+91-9656437429,Surat,Gujarat,Corporate,2025-04-09,Direct,
C03635,Meera Bansal,meera.bansal3635@gmail.com,7865052526,Noida,Uttar Pradesh,Corporate,2022-12-31,Organic Search,Yes
C03636,Sahil Sharma,sahil.sharma3636@company.in,+91-9445458459,LUCKNOW,Uttar Pradesh,Consumer,30/11/2024,Marketplace,N
C03637,Diya Chopra,diya.chopra3637@gmail.com,+91-8023359020,Gurugram,haryana,Consumer,2023-12-01,Paid Search,Y
C03638,Simran Sharma,simran.sharma3638@yahoo.comm,+91-9871546636,Coimbatore,Tamil Nadu,Corporate,2026-02-23,Direct,Y
C03639,Riya Kapoor,riya.kapoor3639@company.in,+91-8652154902,Ahmedabad,Gujarat,Consumer,2025-12-10,Email,Yes
C03640,Varun Nair,varun.nair3640@gmail.com,+91-8249703737,Patna,Bihar,Corporate,2021-10-28,Referral,Y
C03641,PRIYA IYER,priya.iyer3641@yahoo.com,+91-8767679343,Patna,Bihar,Small Business,2024-04-25,Social Media,1
C03642,Myra Agarwal,myra.agarwal3642@outlook.com,+91-9462667404,Bhubaneswar,Odisha,Corporate,30/05/2022,Paid Search,Y
C03643,Neha Gupta,neha.gupta3643@outlook.com,+91-7641829398,Nagpur,Maharashtra,Consumer,04-20-2022,Organic Search,Yes
C03644,Varun Kumar,varun.kumar3644@company.in,+91-9666959819,GURUGRAM,Haryana,Corporate,2025-07-17,Direct,Y
C03645,Pooja Sharma,pooja.sharma3645@company.in,+91-8202664613,Gurugram,Haryana,Small Business,2023-11-20,Social Media,Y
C03646,Neha Mishra,neha.mishra3646@yahoo.com,+91-8755995085,Noida,Uttar Pradesh,Consumer,06-05-2024,Paid Search,Y
C03647,Pooja Bansal,pooja.bansal3647@outlook.com,+91-7908332872,Delhi,Delhi,Corporate,07-22-2026,Referral,Yes
C03648,Kiara Shah, kiara.shah3648@gmail.com ,,Patna,Bihar,Corporate,18/08/2026,Email,Y
C03649,Amit Gupta,amit.gupta3649@mail.com,+91-9134654658,Bhopal,Madhya Pradesh,Corporate,03-06-2022,Paid Search,Y
C03650,Arjun Jain,arjun.jain3650@outlook.com,+91-7580030221,Gurugram,Haryana,Consumer,02/10/2021,Paid Search,1
C03651,Pooja Verma,pooja.verma3651@company.in,+91-7555512949,Kolkata, West Bengal ,Corporate,2024-11-08,Direct,1
C03652,VIVAAN JOSHI,vivaan.joshi3652@company.in,+91-7330441926,pune,Maharashtra,Corporate,29/06/2022,Social Media,Yes
C03653,Ankit Kumar,ankit.kumar3653@gmail.com,+91-9927178923,Chennai,Tamil Nadu,,14/02/2022,Direct,
C03654,Kiara Malhotra,kiara.malhotra3654@outlook.com,+91-7566164199,CHENNAI,Tamil Nadu,Consumer,2024-09-16,Social Media,Y
C03655,Simran Joshi,simran.joshi3655@gmail.com,7351122194,Kolkata,West Bengal,Corporate,2026-03-04,Marketplace,N
C03656,Meera Reddy,meera.reddy3656@outlook.com,+91-9154290394,Kolkata,West Bengal,Consumer,2024-11-26,Email,N
C03657,Kiara Mishra,kiara.mishra3657@gmail.com,+91-9635378214,Delhi,Delhi,Consumer,30/12/2023,Paid Search,No
C03658,Aditya Bansal,aditya.bansal3658@company.in,+91-9221051173,Bhubaneswar,Odisha,Consumer,05/12/2021,Marketplace,No
C03659,Aditya Bansal,aditya.bansal3659@company.in,+91-8626131886,Delhi,delhi,Small Business,2023-01-13,Marketplace,Y
C03660,Meera Malhotra,meera.malhotra3660outlook.com,9055017420,Kolkata,West Bengal,Corporate,05-01-2026,Email,1
C03661,Rohan Chopra,rohan.chopra3661@company.in,+91-7022087222,Chennai,Tamil Nadu,Consumer,05-08-2024,Paid Search,No
C03662,Aditya Patel,aditya.patel3662@company.in,+91-7303117155,Noida,Uttar Pradesh,Corporate,06-30-2024,Referral,1
C03663,Diya Sharma,diya.sharma3663@company.in,+91-7727427491,Mumbai,Maharashtra,Small Business,2022-01-22,Marketplace,N
C03664,Tanya Gupta,tanya.gupta3664@outlook.com,+91-9396447836,chandigarh,Chandigarh,Consumer,28/06/2026,Social Media,Y
C03665,Neha Reddy,neha.reddy3665@company.in,+91-7105117696,Patna,BIHAR,Corporate,01-04-2024,Referral,0
C03666,Riya Agarwal,riya.agarwal3666@yahoo.com,+91-9835457230,Nagpur,Maharashtra,Corporate,10/07/2022,Email,0
C03667,Ishaan Singh,ishaan.singh3667@outlook.com,+91-8047627427,Kolkata,,Small Business,20/04/2021,Social Media,
C03668,Riya Saxena,riya.saxena3668@company.in,+91-9041500026,Nagpur, Maharashtra ,Corporate,08-01-2021,Organic Search,0
C03669,Vivaan Agarwal,vivaan.agarwal3669@gmail.com,+91-7058361698,noida,Uttar Pradesh,Small Business,2023-10-12,Paid Search,
C03670,Pooja Saxena,pooja.saxena3670@yahoo.com,+91-8070042285,Jaipur,Rajasthan,Corporate,31/07/2025,Referral,No
C03671,Ira Joshi,ira.joshi3671@yahoo.com,+91-9652906045,Noida,Uttar Pradesh,Corporate,29/08/2023,Marketplace,Yes
C03672,Sneha Bansal,sneha.bansal3672@outlook.com,+917884730632,Gurugram,Haryana,Consumer,02-20-2025,Social Media,
C03673,Ira Kapoor,IRA.KAPOOR3673@MAIL.COM,+91-8261569424,PUNE,maharashtra,Consumer,09/02/2022,Organic Search,Y
C03674,Neha Agarwal, neha.agarwal3674@mail.com ,+91-9099919536,Noida,Uttar Pradesh,Consumer,28/06/2026,Organic Search,Yes
C03675,Vihaan Kumar,vihaan.kumar3675@gmail.com,+91-9330414485,Hyderabad,Telangana,Small Business,06-11-2026,Direct,1
C03676,saanvi jain,saanvi.jain3676@yahoo.com,,Mumbai,Maharashtra,Corporate,20/12/2025,Direct,Y
C03677,Priya Agarwal,priya.agarwal3677@company.in,+91-7240970034,Coimbatore,Tamil Nadu,Consumer,04/03/2022,Direct,Yes
C03678,Priya Mehta,priya.mehta3678@mail.com,9881680730,Chandigarh,Chandigarh,Corporate,11-24-2021,Email,Yes
C03679,Sneha Chopra, sneha.chopra3679@mail.com ,+91-9259416716,Bhopal,Madhya Pradesh,Corporate,05/05/2021,Email,0
C03680,Aditya Reddy,aditya.reddy3680@gmail.com,+91-8264249393,Patna,Bihar,Small Business,13/06/2026,,Y
C03681,sahil mishra,,+91-7951915857,Noida,Uttar Pradesh,Corporate,15/02/2021,Email,1
C03682,Simran Shah,simran.shah3682@yahoo.com,+91-7541508696,Kochi,Kerala,Small Business,2024-06-07,Referral,N
C03683,Ira Agarwal,ira.agarwal3683@outlook.com,9244711953,Kolkata,West Bengal,Corporate,2021-12-22,Paid Search,Y
C03684,Simran Mehta,simran.mehta3684@gmail.com,+91-8378830821, Indore ,Madhya Pradesh,Corporate,09-28-2023,Direct,0
C03685,Sahil Sharma,sahil.sharma3685@company.in,7698559821,Nagpur,Maharashtra,Corporate,17/08/2026,Social Media,
C03686,tanya singh,tanya.singh3686@mail.com,+91-8257904881,Bhopal,Madhya Pradesh,Consumer,2021-03-25,Email,N
C03687, Ananya Malhotra ,ananya.malhotra3687@gmail.com,+91-8529322300,Gurugram,Haryana,Consumer,06/03/2023,Direct,1
C03688,Kabir Reddy,kabir.reddy3688@company.in,+91-7722918446,Delhi,Delhi,Consumer,2025-04-15,Direct,1
C03689,Sahil Kapoor,sahil.kapoor3689@outlook.com,+91-7112683899,Patna,Bihar,Consumer,29/07/2023,Direct,Y
C03690,IRA KUMAR,ira.kumar3690@outlook.com,+91-9135056566,Hyderabad,TELANGANA,Consumer,2023-12-29,Organic Search,
C03691,Rohan Mehta,rohan.mehta3691@mail.com,+91-9372979356,Indore,Madhya Pradesh,Consumer,2021-09-05,Direct,Y
C03692,Ankit Mishra,ankit.mishra3692@gmail.com,+91-7891424832,Nagpur,Maharashtra,Consumer,2025-01-24,Paid Search,Y
C03693,Varun Jain,varun.jain3693@gmail.com,+91-8643037708,Bhopal,Madhya Pradesh,Small Business,10-05-2023,Social Media,1
C03694, Kiara Bansal ,kiara.bansal3694@company.in,+91-9146650529, Noida ,uttar pradesh,Small Business,07-30-2021,Marketplace,0
C03695,Nikhil Gupta,nikhil.gupta3695@company.in,,Hyderabad,Telangana,Consumer,11-19-2023,Paid Search,Y
C03696,Ankit Saxena,ankit.saxena3696@gmail.com,+91-8645017680,Chandigarh,Chandigarh,Consumer,2023-08-29,Direct,1
C03697,Simran Reddy,simran.reddy3697@yahoo.com,+91-8648447837,Coimbatore,Tamil Nadu,Consumer,28/01/2022,Marketplace,N
C03698,Neha Verma,neha.verma3698@company.in,+91-7838825629,Indore,Madhya Pradesh,Small Business,2024-01-27,Email,0
C03699,SAANVI MEHTA,saanvi.mehta3699@mail.com,+91-9575184448,Mumbai,maharashtra,Small Business,2022-08-16,Email,
C03700,Vivaan Sharma,vivaan.sharma3700@outlook.com,+91-7897150829,Hyderabad,Telangana,Consumer,01-09-2025,Email,Y
C03701,Pooja Chopra,pooja.chopra3701@outlook.com,+91-7909248423,Bhubaneswar,Odisha,Small Business,02-20-2025,,Y
C03702,Vihaan Gupta,vihaan.gupta3702@outlook.com,+91-9263498481,KOCHI,Kerala,Consumer,2025-04-11,Social Media,N
C03703,Diya Jain,diya.jain3703@yahoo.com,+91-7344296661,Kochi,Kerala,Consumer,2021-12-28,Paid Search,1
C03704,Ira Saxena,ira.saxena3704@yahoo.com,+91-8152356584,bengaluru,Karnataka,Small Business,01-26-2023,Marketplace,Y
C03705,Sneha Kumar,sneha.kumar3705@yahoo.com,+91-978612486,Bengaluru,KARNATAKA,Corporate,12/01/2025,Email,No
C03706,Kiara Gupta,kiara.gupta3706@company.in,+919542444804,Ahmedabad,Gujarat,Corporate,02/12/2021,Direct,0
C03707,Ishaan Sharma,ISHAAN.SHARMA3707@GMAIL.COM,9131117262,Bhubaneswar,Odisha,Small Business,07-14-2025,Marketplace,No
C03708,Vihaan Joshi,vihaan.joshi3708@mail.com,+91-7187114633,Bhubaneswar,Odisha,Corporate,23/09/2023,Organic Search,N
C03709,Rohan Singh,rohan.singh3709@gmail.com,+91-9593812051,Ahmedabad,Gujarat,Corporate,08/03/2024,Social Media,Y
C03710,Aarav Bansal,aarav.bansal3710@mail.com,+91-9586758928,Bengaluru,Karnataka,Small Business,10-14-2024,Marketplace,Yes
C03711,Tanya Malhotra,tanya.malhotra3711@yahoo.com,+91-7107974308,Pune,Maharashtra,Small Business,11-30-2025,Social Media,1
C03712,pooja kapoor,pooja.kapoor3712@mail.com,+91-7218805514,Bengaluru,Karnataka,Corporate,2024-12-24,Marketplace,No
C03713,Priya Nair,priya.nair3713@mail.com,+91-8886835156,Chennai,Tamil Nadu,Corporate,2024-08-30,Marketplace,1
C03714,Aditya Sharma,aditya.sharma3714@gmail.com,+91-9665261877,Patna,Bihar,Corporate,2024-11-23,Referral,N
C03715,Ishaan Kapoor,ishaan.kapoor3715@company.in,+91-8920359441,Lucknow,Uttar Pradesh,Small Business,11-21-2024,Email,Y
C03716,Sahil Bansal,sahil.bansal3716@mail.comm,+91-9095683706,Bengaluru,,Small Business,03-12-2021,Organic Search,N
C03717, Aditya Mishra ,aditya.mishra3717@gmail.com,+91-7590690247,Lucknow,Uttar Pradesh,Small Business,2026-01-09,Email,1
C03718,Kabir Reddy,kabir.reddy3718@mail.com,+91-8629965885,Lucknow,Uttar Pradesh,Small Business,2021-05-16,Marketplace,Y
C03719,Sneha Reddy,sneha.reddy3719@company.in,+91-7121365844, Indore ,Madhya Pradesh,Corporate,2023-12-11,Referral,1
C03720,Simran Shah,simran.shah3720@company.in,+91-8064024032,Coimbatore,Tamil Nadu,Corporate,03-06-2022,Referral,
C03721,rahul gupta,,+91-8217557740,Kochi,Kerala,,25/03/2022,Social Media,Y
C03722,Karan Sharma,KARAN.SHARMA3722@MAIL.COM,+91-7296595664,Bhubaneswar,Odisha,Corporate,01-07-2022,Paid Search,Y
C03723,Ira Gupta,ira.gupta3723@yahoo.com,+91-8495348560,Chennai,Tamil Nadu,Consumer,10-20-2024,,Y
C03724,myra reddy,MYRA.REDDY3724@YAHOO.COM,+91-9431115390,patna,Bihar,,07-03-2021,Marketplace,Y
C03725,Riya Joshi,riya.joshi3725@gmail.comm,+91-7806461674,Mumbai,Maharashtra,Consumer,06/03/2025,Marketplace,Y
C03726,Myra Singh,myra.singh3726@yahoo.com,,Jaipur,Rajasthan,Small Business,2024-02-08,Direct,Y
C03727,Karan Verma,karan.verma3727@outlook.com,+91-7423247170,Bengaluru,Karnataka,Consumer,2025-09-11,Direct,Yes
C03728,Rohan Iyer,rohan.iyer3728@yahoo.comm,+91-8913685164,KOCHI,KERALA,Small Business,06-23-2024,Organic Search,Y
C03729,AANYA PATEL,aanya.patel3729@yahoo.com,7289072340,Nagpur,Maharashtra,Small Business,2022-05-02,Organic Search,N
C03730,Arjun Kapoor,arjun.kapoor3730@outlook.com,+91-7145229243,Kochi,Kerala,Small Business,18/05/2025,Social Media,0
C03731,Priya Bansal,priya.bansal3731@outlook.com,+91-8618249904,Indore,Madhya Pradesh,Small Business,2026-07-05,Organic Search,1
C03732,amit mishra,amit.mishra3732@company.in,+91-7889407845,Noida,Uttar Pradesh,Small Business,23/01/2024,Social Media,Y
C03733,ARJUN SHARMA,arjun.sharma3733@gmail.com,+91-9313779067,Delhi, Delhi ,Small Business,07-30-2025,Email,Y
C03734, Vivaan Reddy ,vivaan.reddy3734@gmail.com,+91-8993286776,ahmedabad,GUJARAT,Small Business,26/03/2022,Direct,Y
C03735, Kabir Jain ,kabir.jain3735@yahoo.com,+91-9039348763,Bhopal,madhya pradesh,Small Business,17/10/2021,Direct,No
C03736,Vivaan Kumar,vivaan.kumar3736@gmail.com,8621222439,Bhopal,Madhya Pradesh,Corporate,13/01/2026,Marketplace,Yes
C03737,Simran Shah,simran.shah3737@mail.com,+91-8511836745,Indore,Madhya Pradesh,,2025-05-18,Direct,
C03738,Meera Kumar,meera.kumar3738@yahoo.com,+91-8018243364,Chandigarh,Chandigarh,Small Business,02-11-2026,Organic Search,Yes
C03739,Vivaan Kapoor,vivaan.kapoor3739@company.in,+91-8674495942,Bengaluru, Karnataka ,Consumer,2023-02-25,Organic Search,N
C03740,Ankit Sharma,ankit.sharma3740gmail.com,+91-8436560587,Ahmedabad,Gujarat,Small Business,2025-08-30,Paid Search,Y
C03741,Aarav Mehta,aarav.mehta3741@gmail.com,,Chandigarh,chandigarh,Consumer,2023-02-02,Email,
C03742,Aditya Sharma,aditya.sharma3742@outlook.com,+91-9575304470,NOIDA,Uttar Pradesh,Consumer,06/10/2024,,0
C03743,Varun Iyer,varun.iyer3743@yahoo.com,+91-9128516045,Bengaluru,Karnataka,Corporate,05/04/2025,Social Media,Yes
C03744,Vivaan Chopra,vivaan.chopra3744@company.in,+91-9462738099,Bhopal,Madhya Pradesh,Small Business,07-02-2024,Direct,Y
C03745,Riya Mishra,riya.mishra3745@gmail.com,+91-8285220557,Bhopal,MADHYA PRADESH,Consumer,15/03/2024,Referral,N
C03746, Arjun Malhotra ,arjun.malhotra3746@mail.com,+91-8134743886,Kochi,Kerala,Small Business,30/01/2025,Direct,Yes
C03747,Ira Joshi,ira.joshi3747@gmail.com,+91-9844973022,Mumbai,Maharashtra,Consumer,02-12-2023,Organic Search,N
C03748,riya reddy,riya.reddy3748@mail.com,+91-9435187597,Delhi,Delhi,Consumer,2023-09-13,Organic Search,
C03749,Rohan Nair,rohan.nair3749@gmail.com,+91-9960149756,Bhubaneswar,Odisha,Consumer,10/12/2023,Direct,Yes
C03750,ishaan nair,ishaan.nair3750@company.in,+91-9290247847,Noida,Uttar Pradesh,Small Business,2021-06-13,Referral,Y
C03751,Ishaan Mishra,ishaan.mishra3751@yahoo.com,+91-8875300096,Bhubaneswar,Odisha,Corporate,30/08/2024,Marketplace,Yes
C03752,Simran Joshi,simran.joshi3752@mail.com,+91-8134266027,Ahmedabad,Gujarat,Consumer,11-06-2024,Marketplace,No
C03753,Nikhil Sharma,nikhil.sharma3753@yahoo.com,+91-8081747828,Kochi, Kerala ,Consumer,24/10/2024,Paid Search,Y
C03754,Ira Kapoor,ira.kapoor3754@outlook.com,+91-7335413753,bengaluru, Karnataka ,Corporate,21/07/2023,Paid Search,1
C03755,Aditya Bansal,aditya.bansal3755gmail.com,+91-7032677206,Chandigarh,Chandigarh,Corporate,02-08-2023,Social Media,
C03756,Sneha Mehta,sneha.mehta3756@company.in,,Bhubaneswar,Odisha,Consumer,2026-05-21,Paid Search,No
C03757,Simran Saxena,simran.saxena3757@company.in,+917155170171,Noida,Uttar Pradesh,Corporate,20/09/2025,Referral,N
C03758,Ishaan Agarwal,ishaan.agarwal3758@outlook.com,+91-7462368340,Bhubaneswar,,Small Business,25/04/2024,Referral,Yes
C03759,rohan kapoor,rohan.kapoor3759@yahoo.com,+91-8197215412,BHUBANESWAR,Odisha,Consumer,2021-01-28,Marketplace,Y
C03760,MEERA BANSAL,meera.bansal3760@yahoo.com,+91-8356044284,Coimbatore,Tamil Nadu,Consumer,07-08-2023,Marketplace,N
C03761,vivaan kumar,vivaan.kumar3761@outlook.com,+91-7415505835,hyderabad,Telangana,Corporate,08-04-2022,Social Media,Y
C03762,Ira Patel,ira.patel3762@outlook.com,7850166495,Kolkata,WEST BENGAL,Small Business,04-26-2023,Marketplace,Y
C03763,Neha Mehta,neha.mehta3763@company.in,+91-9555842206,Chennai,Tamil Nadu,,2025-10-27,Marketplace,Y
C03764,DIYA SINGH,diya.singh3764@outlook.com,+91-7565038371,Ahmedabad,Gujarat,Consumer,12-23-2025,Email,Y
C03765, Ira Singh ,ira.singh3765@gmail.com,9731960965,Nagpur, Maharashtra ,Corporate,2021-05-23,Paid Search,Y
C03766,Vihaan Kumar,vihaan.kumar3766@yahoo.com,+91-7391689612,Bengaluru,Karnataka,Corporate,2022-07-03,Paid Search,
C03767, Ankit Kumar ,ankit.kumar3767gmail.com,+91-8826944466,Coimbatore,Tamil Nadu,Corporate,28/05/2026,Marketplace,Y
C03768,Kiara Chopra,kiara.chopra3768@mail.com,+91-8708569460,Lucknow,Uttar Pradesh,Small Business,03-12-2026,Direct,N
C03769,Sneha Kapoor,sneha.kapoor3769@mail.com,+91-8542063238,Coimbatore,Tamil Nadu,Small Business,03-30-2021,Paid Search,N
C03770,Simran Nair,simran.nair3770gmail.com,,Kolkata,West Bengal,Corporate,10-10-2022,Paid Search,Y
C03771, Sahil Kapoor ,sahil.kapoor3771@yahoo.com,+91-8861663832,Noida,Uttar Pradesh,Small Business,07-31-2023,Direct,N
C03772,Vihaan Chopra,vihaan.chopra3772@company.in,+91-8197456876,surat,GUJARAT,Small Business,05/07/2023,Referral,N
C03773,Tanya Patel,tanya.patel3773@mail.com,+91-8510410965,Noida,Uttar Pradesh,Small Business,23/03/2022,Referral,Y
C03774,Ankit Agarwal,ankit.agarwal3774@mail.com,+91-9384017019,Ahmedabad,Gujarat,Corporate,2021-08-01,Email,N
C03775,Sneha Agarwal,sneha.agarwal3775@outlook.com,+91-9083228132,coimbatore,Tamil Nadu,Small Business,07/10/2025,Paid Search,N
C03776,Sahil Jain,sahil.jain3776@mail.com,+91-8042625507,Chennai,Tamil Nadu,Consumer,10-28-2025,Social Media,Y
C03777,Ananya Singh,ananya.singh3777@outlook.com,9435677573,Noida,Uttar Pradesh,,12/06/2024,Social Media,0
C03778,Ishaan Nair,ishaan.nair3778@mail.com,+91-7974829254,Bengaluru,Karnataka,Small Business,28/03/2024,Paid Search,Y
C03779,Vihaan Mishra,vihaan.mishra3779@mail.com,,Gurugram,Haryana,Corporate,10/06/2024,Direct,Yes
C03780,Myra Nair,myra.nair3780@company.in,+91-8897227455,Noida,uttar pradesh,Consumer,2023-09-15,Direct,
C03781, Riya Joshi ,riya.joshi3781@gmail.com,+91-8962837338,Nagpur,Maharashtra,Small Business,2025-11-03,Referral,Y
C03782,Priya Agarwal,priya.agarwal3782@company.in,+91-8294859377,Pune,Maharashtra,Small Business,08-16-2022,Referral,Yes
C03783,Rahul Sharma,rahul.sharma3783@yahoo.com,+91-9777654105,Bhubaneswar,Odisha,Small Business,2022-09-06,Direct,Y
C03784,Ankit Gupta,ankit.gupta3784@yahoo.com,+91-8222945445,Lucknow, Uttar Pradesh ,Corporate,2021-09-08,Social Media,
C03785,Karan Malhotra,karan.malhotra3785@gmail.com,+91-7076726246,Gurugram,Haryana,Consumer,09-03-2022,Social Media,Y
C03786,Neha Malhotra,neha.malhotra3786@company.in,+91-8554075691,patna,,Small Business,07-01-2025,Referral,Y
C03787,vivaan reddy,vivaan.reddy3787@company.in,+91-9967506247,Jaipur,Rajasthan,Small Business,2022-03-11,Direct,No
C03788,Arjun Sharma,arjun.sharma3788@gmail.com,+91-7615033566,Bhopal,madhya pradesh,Small Business,01-13-2026,Email,Yes
C03789,Diya Chopra,diya.chopra3789@outlook.com,+91-9004824315, Gurugram ,Haryana,Consumer,2022-05-06,Paid Search,1
C03790,Rahul Singh,,+91-7448335268, Gurugram ,Haryana,Corporate,01-28-2023,Social Media,1
C03791,Ishaan Nair,ishaan.nair3791@company.in,+91-8349538879,Lucknow,Uttar Pradesh,Consumer,01-06-2023,Organic Search,1
C03792,Neha Bansal,neha.bansal3792@company.in,9255559735,Chennai,Tamil Nadu,Small Business,2025-06-05,Marketplace,Y
C03793,Priya Nair,priya.nair3793@outlook.com,+91-9767314626,NOIDA,UTTAR PRADESH,Small Business,2025-08-23,Organic Search,0
C03794,Myra Jain,myra.jain3794@company.in,+91-8331156710,NAGPUR,Maharashtra,Consumer,06/06/2025,Direct,Yes
C03795,Myra Jain,myra.jain3795@company.in,+91-9060038254,Bhopal,Madhya Pradesh,Small Business,02/05/2023,Paid Search,Y
C03796,myra agarwal,myra.agarwal3796@company.in,+91-8493184470,Gurugram,haryana,Corporate,20/04/2021,Referral,0
C03797,Vivaan Shah,vivaan.shah3797@gmail.com,+91-8709283168,Ahmedabad,Gujarat,Corporate,22/02/2023,Organic Search,No
C03798,Arjun Singh,arjun.singh3798@mail.com,+91-7379342141,Chandigarh,Chandigarh,Small Business,03-27-2026,Email,Y
C03799,Rahul Malhotra,rahul.malhotra3799@yahoo.com,+91-9624190574,Chennai,Tamil Nadu,Consumer,09/01/2026,Organic Search,0
C03800,Amit Singh,amit.singh3800@outlook.com,+91-8939625266,Bhubaneswar,Odisha,Small Business,2021-05-27,Marketplace,No
C03801, Simran Chopra ,simran.chopra3801outlook.com,+91-7176057185,Chandigarh,Chandigarh,Consumer,05/02/2022,Organic Search,N
C03802, Karan Kumar ,karan.kumar3802@outlook.com,+91-7483859352,Mumbai,Maharashtra,Consumer,01-23-2021,Social Media,1
C03803,Rohan Reddy,rohan.reddy3803@outlook.com,+91-8689922049,Mumbai, Maharashtra ,Small Business,05/11/2021,Paid Search,Y
C03804,Ankit Shah,ankit.shah3804@company.in,, Chandigarh ,Chandigarh,Small Business,12/06/2024,Organic Search,0
C03805,Aanya Singh,aanya.singh3805@mail.com,+91-8051244696,Patna,Bihar,Small Business,12-03-2025,Paid Search,1
C03806,Rohan Malhotra,rohan.malhotra3806@yahoo.com,+91-7726559253,Mumbai,Maharashtra,Consumer,06/07/2025,Marketplace,1
C03807,Pooja Nair,pooja.nair3807@gmail.com,+91-8299136546,CHENNAI,Tamil Nadu,Small Business,24/12/2024,Social Media,Yes
C03808,Nikhil Sharma,nikhil.sharma3808@outlook.com,+91-9844860500,Ahmedabad,Gujarat,Consumer,2026-02-17,Referral,N
C03809,Kabir Agarwal, kabir.agarwal3809@company.in ,+91-7157295894,noida,Uttar Pradesh,Consumer,10-28-2025,Marketplace,0
C03810,Amit Mehta, amit.mehta3810@outlook.com ,+91-7212846561,Mumbai,Maharashtra,Consumer,07/03/2023,Email,No
C03811,Ankit Patel,ankit.patel3811@company.in,+91-8460950421,Kochi,Kerala,Corporate,01-26-2022,Paid Search,0
C03812,aanya agarwal,AANYA.AGARWAL3812@OUTLOOK.COM,+91-7853283424,Nagpur,Maharashtra,Consumer,2025-07-05,Referral,Y
C03813,Meera Singh,meera.singh3813@gmail.com,+91-7922654813, Chennai ,Tamil Nadu,Consumer,12-21-2025,Organic Search,Y
C03814,Aanya Singh,aanya.singh3814@outlook.com,+91-8030808585,Bengaluru,Karnataka,Small Business,17/02/2023,Organic Search,Yes
C03815,Sahil Chopra,sahil.chopra3815@yahoo.com,9028255975,Mumbai,Maharashtra,Small Business,17/04/2022,Organic Search,N
C03816,Amit Kumar,amit.kumar3816@yahoo.com,+91-9133337722,Nagpur,Maharashtra,Consumer,2023-11-08,Email,
C03817, Karan Patel ,,+91-8671613652,Kolkata,west bengal,Corporate,29/08/2025,Organic Search,1
C03818,Kiara Kapoor,kiara.kapoor3818@outlook.com,+91-7573857377,Indore,madhya pradesh,Corporate,2024-06-06,Social Media,
C03819,Rohan Kumar,rohan.kumar3819@outlook.com,+91-9553792208,hyderabad,Telangana,Corporate,09/01/2023,Social Media,No
C03820,Ishaan Kumar,ishaan.kumar3820@outlook.com,8221946748,Kochi,Kerala,Corporate,04-28-2026,Paid Search,1
C03821,Ananya Bansal,ananya.bansal3821@mail.com,+91-8981611847,Jaipur,Rajasthan,Consumer,03/11/2024,Email,N
C03822,Amit Shah,amit.shah3822@yahoo.com,+91-7917215479,Coimbatore,TAMIL NADU,Small Business,2025-05-11,Paid Search,1
C03823,Priya Mehta,priya.mehta3823@company.in,+91-9036062207,Chennai,Tamil Nadu,Consumer,2024-11-14,Organic Search,
C03824,KARAN GUPTA,karan.gupta3824@mail.com,7903637792,Chandigarh,Chandigarh,Corporate,18/08/2026,Direct,No
C03825,Sneha Jain,sneha.jain3825@gmail.com,+91-9071222441,Hyderabad,Telangana,Corporate,03-14-2025,Referral,Y
C03826,Myra Mishra,myra.mishra3826@mail.com,+91-7522710732,Nagpur,Maharashtra,Consumer,17/12/2025,Paid Search,1
C03827,AANYA SHARMA,aanya.sharma3827@company.in,+91-7281642696,Delhi,Delhi,Corporate,24/11/2021,Referral,
C03828,Ananya Chopra, ananya.chopra3828@company.in ,+91-7622507438,Delhi,Delhi,Small Business,17/04/2025,Paid Search,Y
C03829,Aarav Iyer,aarav.iyer3829@outlook.com,+91-9386414267,Pune,Maharashtra,Small Business,2023-03-28,Social Media,0
C03830,Diya Mishra,diya.mishra3830@yahoo.com,+91-7656906552,Nagpur,Maharashtra,Corporate,01/03/2024,Paid Search,
C03831,SNEHA SHAH,sneha.shah3831mail.com,+91-8388509711,Hyderabad,Telangana,Corporate,10-12-2021,Referral,Yes
C03832,Sneha Kapoor,sneha.kapoor3832@gmail.com,9320361175,Ahmedabad,Gujarat,Small Business,08/11/2024,Direct,Yes
C03833,Neha Verma,neha.verma3833@outlook.com,+91-736403508,Chandigarh,chandigarh,Corporate,29/07/2021,Organic Search,Yes
C03834,Vihaan Malhotra,vihaan.malhotra3834@outlook.com,+91-8964505378, Lucknow , Uttar Pradesh ,Consumer,04/11/2024,Marketplace,N
C03835,Karan Singh,karan.singh3835@yahoo.comm,+91-9707934276,Bengaluru, Karnataka ,Consumer,05/07/2024,Organic Search,Yes
C03836,kabir nair,kabir.nair3836@outlook.com,+91-9159594821, Bhopal ,Madhya Pradesh,Small Business,17/12/2024,Email,0
C03837,Nikhil Malhotra,nikhil.malhotra3837@gmail.com,+91-7256980372,Ahmedabad,Gujarat,Consumer,2023-07-01,Marketplace,Y
C03838,Aditya Chopra,aditya.chopra3838@mail.com,703736823,Delhi,Delhi,Small Business,2024-09-26,Referral,
C03839,Kabir Mehta,kabir.mehta3839@outlook.com,+91-7650807899,Pune, Maharashtra ,Corporate,04-30-2024,Direct,N
C03840,Rohan Iyer,rohan.iyer3840@mail.com,+91-8407722309,Indore,madhya pradesh,Corporate,04/04/2025,Referral,
C03841,Saanvi Mishra,saanvi.mishra3841@company.in,+91-8049866901,Jaipur,Rajasthan,Consumer,2025-01-22,Paid Search,
C03842,Sneha Kumar, sneha.kumar3842@yahoo.com ,+91-7082818784,Coimbatore,TAMIL NADU,Corporate,09-25-2022,Social Media,Y
C03843,Aditya Verma,aditya.verma3843@gmail.com,+91-8521072154,Kolkata,West Bengal,Consumer,04-08-2023,Marketplace,Y
C03844,Amit Shah,amit.shah3844@yahoo.com,+91-720209224,Bhubaneswar,Odisha,Corporate,19/10/2021,Marketplace,N
C03845,riya nair,riya.nair3845@mail.com,+91-7579510057,HYDERABAD,Telangana,Consumer,2023-10-02,Email,
C03846,Tanya Gupta,tanya.gupta3846@mail.com,+91-8568197779,Hyderabad,Telangana,Small Business,10-19-2021,Marketplace,
C03847,Meera Mishra,meera.mishra3847@gmail.com,,Coimbatore,Tamil Nadu,Consumer,19/02/2026,Email,Y
C03848,Ananya Iyer,ananya.iyer3848@gmail.com,+91-7897630469,GURUGRAM,Haryana,Consumer,2025-04-21,Social Media,Y
C03849,Rohan Singh,rohan.singh3849@mail.com,+91-8676132755,Chandigarh,CHANDIGARH,Small Business,05-01-2021,Email,1
C03850,Rohan Singh,rohan.singh3850@mail.com,8533386278,Ahmedabad,Gujarat,Consumer,07-14-2026,Paid Search,
C03851,Rohan Mishra,rohan.mishra3851@company.in,+91-8045406339,Bhopal,Madhya Pradesh,,2022-10-30,Direct,1
C03852,VIVAAN JOSHI,vivaan.joshi3852@yahoo.com,+91-8213093531,Bhubaneswar,Odisha,Consumer,2025-05-31,Paid Search,No
C03853,DIYA MALHOTRA,diya.malhotra3853@outlook.com,7209440566,Chandigarh,Chandigarh,Corporate,03-14-2021,Paid Search,Y
C03854,Aanya Kumar,aanya.kumar3854@outlook.com,+91-8781426689,Noida,Uttar Pradesh,Small Business,26/06/2024,Referral,Y
C03855,Neha Reddy,neha.reddy3855@yahoo.com,+91-9230225884,Coimbatore,Tamil Nadu,Corporate,01-22-2021,Organic Search,N
C03856,Ananya Mehta,ananya.mehta3856@company.in,+91-9173894351,BENGALURU,Karnataka,Small Business,22/02/2021,Email,
C03857,vivaan bansal,vivaan.bansal3857@company.in,+91-7151489095,BENGALURU,Karnataka,Corporate,11-16-2025,Paid Search,Y
C03858,Vivaan Sharma,vivaan.sharma3858@company.in,+91-8979597262,Bengaluru,Karnataka,Consumer,2024-03-13,Paid Search,Y
C03859,Sahil Iyer,sahil.iyer3859@gmail.com,+91-9961716570,Lucknow,Uttar Pradesh,Small Business,11/05/2021,Direct,0
C03860,ARJUN KUMAR, arjun.kumar3860@yahoo.com ,9737763710,BENGALURU,Karnataka,Corporate,27/01/2025,Email,Y
C03861,AMIT GUPTA, amit.gupta3861@gmail.com ,+91-9413073885,Bhopal,Madhya Pradesh,Small Business,10/09/2025,Organic Search,Y
C03862,ishaan reddy,ishaan.reddy3862@gmail.com,+91-7632232316,Bhubaneswar,Odisha,Small Business,19/04/2025,Referral,Yes
C03863,Aarav Kapoor,aarav.kapoor3863@yahoo.com,+91-8062943940,Patna,Bihar,Small Business,2024-09-11,Organic Search,Y
C03864,Vivaan Iyer,vivaan.iyer3864@outlook.com,+91-8699559176,indore,Madhya Pradesh,Small Business,2021-10-09,Referral,1
C03865,Tanya Verma,tanya.verma3865@company.in,+91-9984401945,Ahmedabad,Gujarat,Consumer,24/06/2025,Paid Search,Y
C03866,Nikhil Shah,nikhil.shah3866@outlook.com,+91-872920820,Mumbai,Maharashtra,Corporate,10-30-2025,Social Media,
C03867,Sneha Agarwal,sneha.agarwal3867@gmail.com,+91-7608372421,Delhi,DELHI,Corporate,13/08/2026,Paid Search,
C03868,Tanya Malhotra,tanya.malhotra3868@company.in,+91-7452088824,Noida,Uttar Pradesh,Consumer,19/08/2022,Marketplace,N
C03869,Rohan Mehta,rohan.mehta3869@mail.com,+91-8856918306,Hyderabad,Telangana,Corporate,2021-10-21,Referral,Y
C03870,Aarav Jain,aarav.jain3870@mail.com,+91-8244066195,Bhubaneswar,Odisha,Small Business,2024-06-14,Paid Search,Y
C03871,VIVAAN KUMAR,vivaan.kumar3871@gmail.com,+91-7774966995,Bhopal,Madhya Pradesh,Corporate,11-29-2023,Email,1
C03872,DIYA SAXENA,diya.saxena3872@gmail.com,+91-9810279777,Kolkata,West Bengal,Small Business,2025-08-28,Referral,Yes
C03873,Ira Kumar,ira.kumar3873@outlook.com,+91-7239436528,Hyderabad,telangana,Small Business,05-21-2023,Paid Search,
C03874,Sahil Mehta,,+91-9919352168,COIMBATORE,Tamil Nadu,Small Business,2023-07-12,Organic Search,N
C03875,Karan Iyer,,+91-7535070549,Surat,Gujarat,Small Business,08-29-2026,Marketplace,1
C03876,Meera Shah,meera.shah3876@outlook.com,+91-8393503841,Pune,Maharashtra,Small Business,23/09/2022,Social Media,Yes
C03877,Aarav Iyer,aarav.iyer3877@outlook.com,+91-7819213723,Kolkata,West Bengal,Small Business,26/02/2023,Paid Search,No
C03878,Aanya Chopra,aanya.chopra3878@yahoo.com,+91-9253189605,Ahmedabad,Gujarat,Corporate,12-19-2023,Direct,Y
C03879,Ishaan Iyer,ishaan.iyer3879@outlook.com,+91-7957516552,Jaipur, Rajasthan ,Corporate,01-02-2025,Social Media,N
C03880,Kiara Nair,kiara.nair3880@yahoo.com,+91-8032116740,Bhopal, Madhya Pradesh ,Corporate,2023-08-30,Paid Search,1
C03881,Tanya Gupta,TANYA.GUPTA3881@GMAIL.COM,+91-7730260936,Kolkata,West Bengal,Corporate,2023-07-11,Referral,Y
C03882,Rahul Mehta,rahul.mehta3882@yahoo.com,+91-7898201018,Bengaluru,Karnataka,Corporate,06-17-2024,Referral,No
C03883,Vihaan Sharma,vihaan.sharma3883@mail.com,+91-8312248787,Mumbai,Maharashtra,Consumer,2024-12-28,Organic Search,N
C03884,TANYA SHARMA,tanya.sharma3884@company.in,+91-8056215642,surat,Gujarat,Consumer,27/02/2024,Social Media,1
C03885,Aditya Saxena,aditya.saxena3885@company.in,+91-8004496973,Noida,Uttar Pradesh,Consumer,09-28-2023,Email,Yes
C03886,Neha Mehta,neha.mehta3886@mail.com,+91-8956173856,bengaluru, Karnataka ,Corporate,11/09/2025,Marketplace,1
C03887,Sneha Malhotra,,+91-7493335101,Pune,Maharashtra,Corporate,09-04-2025,Organic Search,N
C03888,Kiara Jain,kiara.jain3888@gmail.com,7435300994,kolkata,West Bengal,Small Business,31/10/2025,Social Media,Yes
C03889,KIARA REDDY,kiara.reddy3889@company.in,+918216744327,Nagpur,Maharashtra,,20/07/2024,Email,1
C03890,ARJUN IYER,arjun.iyer3890@gmail.com,+91-8258451857,Bhubaneswar,Odisha,Small Business,18/09/2021,Marketplace,1
C03891,Saanvi Joshi,saanvi.joshi3891@mail.comm,+91-7205534964,Nagpur,Maharashtra,Consumer,07-31-2023,Organic Search,Yes
C03892,Kabir Agarwal,kabir.agarwal3892@company.in,+91-9092377354,Pune,Maharashtra,Consumer,17/12/2024,Referral,N
C03893,Ananya Saxena,ananya.saxena3893@yahoo.com,+91-9183510669,Ahmedabad,Gujarat,Consumer,23/03/2021,Referral,N
C03894,Rohan Patel,rohan.patel3894@company.in,+91-860635499,Delhi,Delhi,Corporate,11-27-2023,Marketplace,N
C03895,Sahil Verma,SAHIL.VERMA3895@YAHOO.COM,+91-9884406600,Jaipur,Rajasthan,Consumer,2025-11-11,Marketplace,1
C03896,Pooja Jain,pooja.jain3896@outlook.com,+91-9753305479, Gurugram ,Haryana,Consumer,2022-03-03,Referral,Y
C03897,RIYA JAIN,riya.jain3897@company.in,+91-9315881087,bengaluru,Karnataka,Corporate,09-05-2024,,Y
C03898,Arjun Bansal,arjun.bansal3898@mail.com,+91-7191749540,Chandigarh,Chandigarh,Small Business,01-08-2021,Email,1
C03899,Aanya Malhotra,aanya.malhotra3899@company.in,+91-8022581948,Gurugram,Haryana,Consumer,19/08/2022,Paid Search,N
C03900, Aanya Sharma ,aanya.sharma3900@mail.com,+91-8026927016,Hyderabad,Telangana,Consumer,22/08/2024,Organic Search,1
C03901,Sahil Shah,sahil.shah3901@outlook.com,,Chandigarh,Chandigarh,Consumer,2021-11-14,Marketplace,No
C03902, Varun Verma ,varun.verma3902@gmail.com,+91-8844103907,Delhi,Delhi,Small Business,05-14-2026,Marketplace,
C03903,Sahil Reddy,sahil.reddy3903@gmail.com,+91-9415022104, Noida , Uttar Pradesh ,Consumer,23/01/2025,Referral,0
C03904,Saanvi Patel,saanvi.patel3904@mail.com,+91-7846175565,Jaipur,Rajasthan,Consumer,2021-11-18,Email,1
C03905,Ishaan Reddy,ishaan.reddy3905@company.in,+91-841218616,Noida,Uttar Pradesh,Small Business,18/08/2023,Direct,Yes
C03906,Arjun Jain,arjun.jain3906@yahoo.com,+91-8146345432,Hyderabad,Telangana,Consumer,2026-01-14,,0
C03907,Sneha Verma,sneha.verma3907@gmail.com,7472134703,Chennai,Tamil Nadu,Corporate,12-24-2021,Direct,Y
C03908,Sahil Chopra,sahil.chopra3908@mail.com,+91-7562755434,Bengaluru,karnataka,Consumer,10-20-2023,Referral,
C03909,Ishaan Bansal,ishaan.bansal3909@company.in,+91-8951992448,Patna,Bihar,Corporate,30/03/2023,Email,Y
C03910,Aarav Iyer,aarav.iyer3910@company.in,+91-7486280873,Lucknow,Uttar Pradesh,Small Business,03-03-2023,Email,1
C03911,Riya Agarwal,riya.agarwal3911@company.in,+91-8667064144,Bengaluru,Karnataka,Corporate,28/12/2023,Referral,Y
C03912,Vivaan Shah,vivaan.shah3912@yahoo.com,+91-8803277073,Mumbai,Maharashtra,Consumer,08-19-2024,Referral,
C03913,Meera Jain,meera.jain3913@yahoo.comm,+91-9550761009,Kochi,Kerala,Small Business,03-29-2021,Paid Search,Y
C03914, Sneha Kapoor ,SNEHA.KAPOOR3914@COMPANY.IN,+91-9116313952,Surat,Gujarat,Corporate,01-19-2025,Organic Search,1
C03915,KIARA JOSHI,kiara.joshi3915@gmail.comm,+91-9500396349,Chennai,tamil nadu,Small Business,01-17-2024,Marketplace,N
C03916,Simran Saxena,simran.saxena3916@company.in,+91-9707931862,Bhubaneswar,Odisha,Corporate,31/07/2021,Organic Search,No
C03917,SAANVI SHARMA,saanvi.sharma3917@mail.com,+91-9573788873,Lucknow,Uttar Pradesh,Small Business,03-07-2023,Organic Search,0
C03918,Rohan Malhotra,rohan.malhotra3918@company.in,+91-8622959724,Chandigarh,CHANDIGARH,Consumer,2022-02-26,Direct,Y
C03919,Karan Singh,karan.singh3919@gmail.com,+91-7204294474, Delhi ,Delhi,Consumer,05/03/2022,Social Media,Y
C03920,Amit Agarwal,amit.agarwal3920@mail.com,+91-8836347432,Chennai,tamil nadu,Small Business,23/03/2021,Email,Y
C03921,Aanya Jain,aanya.jain3921@mail.com,+91-9081795576,Mumbai, Maharashtra ,Small Business,06-29-2021,Paid Search,Y
C03922,Vivaan Reddy,vivaan.reddy3922@mail.com,+91-8713612395,Chandigarh,Chandigarh,Corporate,2022-01-21,Direct,Y
C03923,Karan Kumar,karan.kumar3923@company.in,+91-8466175890,Bengaluru,Karnataka,Small Business,03-07-2023,Organic Search,
C03924,Varun Bansal,VARUN.BANSAL3924@OUTLOOK.COM,+91-7093486703,Noida,Uttar Pradesh,Corporate,11-01-2024,Referral,Y
C03925, Kiara Bansal ,kiara.bansal3925@outlook.com,+91-8681963730,Nagpur,Maharashtra,Consumer,08/05/2022,Paid Search,No
C03926,Neha Chopra,neha.chopra3926@mail.com,+91-8214818927,Surat,GUJARAT,Small Business,2025-06-30,Paid Search,No
C03927,Sneha Iyer,sneha.iyer3927@company.in,+91-9765636004, Bhubaneswar ,Odisha,Corporate,14/07/2024,Referral,
C03928,Ankit Bansal,ankit.bansal3928@company.in,+91-7898263742,ahmedabad,Gujarat,Small Business,01-27-2024,Email,Yes
C03929,aanya agarwal,aanya.agarwal3929@mail.com,+91-9639303586,Chandigarh,chandigarh,Corporate,26/01/2021,Marketplace,
C03930,Myra Mishra,myra.mishra3930@company.in,+91-9636779921,Patna,Bihar,Corporate,07-01-2024,Paid Search,N
C03931, Sneha Kapoor ,sneha.kapoor3931@gmail.com,+91-8412056854,Patna,Bihar,Small Business,08-15-2025,Marketplace,
C03932,VIHAAN AGARWAL,vihaan.agarwal3932@company.in,+91-9175878421,Chennai,tamil nadu,Small Business,2023-09-20,Social Media,0
C03933,Kiara Iyer,kiara.iyer3933@mail.com,+91-8529692858,Jaipur,Rajasthan,Corporate,13/04/2026,Direct,N
C03934,varun kapoor,varun.kapoor3934@yahoo.com,+91-7045044072,Kolkata,West Bengal,Small Business,2022-02-24,Referral,
C03935,Arjun Reddy,arjun.reddy3935@mail.com,+91-9905687324,,Maharashtra,Corporate,11-21-2022,Marketplace,Y
C03936,Meera Kumar,meera.kumar3936@company.in,+917622715897,Chandigarh,Chandigarh,Corporate,2025-02-19,Direct,Yes
C03937,rahul gupta,rahul.gupta3937@gmail.com,+919208455128,Nagpur,Maharashtra,Corporate,02-28-2022,Social Media,1
C03938,kiara verma,kiara.verma3938@yahoo.com,+91-8259552023,Bhopal,Madhya Pradesh,Consumer,03-26-2026,Social Media,Y
C03939,TANYA GUPTA,tanya.gupta3939@outlook.com,+91-9411454840,Nagpur,Maharashtra,Consumer,01-13-2024,Email,1
C03940, Diya Joshi ,diya.joshi3940@outlook.com,8498220087,Delhi,Delhi,Corporate,08-23-2026,Paid Search,Y
C03941,Kiara Joshi,kiara.joshi3941@outlook.com,+91-7544403606,Indore,Madhya Pradesh,Small Business,28/01/2022,Direct,Y
C03942,Nikhil Chopra,nikhil.chopra3942@company.in,+91-7784874857,Mumbai,Maharashtra,Small Business,2022-03-04,Direct,No
C03943,Rohan Sharma,rohan.sharma3943@mail.comm,+91-8798203717,Chandigarh,chandigarh,Consumer,12-16-2025,Paid Search,0
C03944,Nikhil Verma,nikhil.verma3944@company.in,+91-9225749747,Ahmedabad,Gujarat,Consumer,06-07-2023,Organic Search,
C03945,Varun Gupta, varun.gupta3945@outlook.com ,+91-9445031315,Ahmedabad,Gujarat,Consumer,2026-05-31,Social Media,1
C03946,Karan Joshi,karan.joshi3946@gmail.com,+91-8469338916,Kolkata,west bengal,Corporate,28/04/2025,Direct,Y
C03947,Ankit Reddy,ANKIT.REDDY3947@YAHOO.COM,+917946808131,Kolkata,West Bengal,Consumer,04-23-2023,Marketplace,
C03948,Aanya Kapoor,aanya.kapoor3948@mail.com,+91-9107261035,Hyderabad,Telangana,Corporate,2021-11-23,Organic Search,No
C03949,ISHAAN REDDY,ishaan.reddy3949@mail.com,+91-7027012940,Kolkata,west bengal,Small Business,10/09/2024,Organic Search,
C03950,Simran Reddy,simran.reddy3950@yahoo.com,+91-9787363358,Indore,Madhya Pradesh,Consumer,2021-02-23,Social Media,
C03951,Amit Chopra,amit.chopra3951@yahoo.com,+91-9555969036,Mumbai,Maharashtra,Consumer,08-15-2023,Direct,N
C03952,sahil iyer,sahil.iyer3952@mail.comm,+91-7048076755,Coimbatore,Tamil Nadu,Consumer,10-16-2023,Paid Search,N
C03953,Ankit Gupta,ankit.gupta3953@mail.com,+91-7636365854,Jaipur,Rajasthan,Consumer,2024-01-10,Email,Y
C03954,Ira Mehta,ira.mehta3954@gmail.com,+91-9961035418,Mumbai,Maharashtra,Corporate,24/02/2021,Paid Search,N
C03955,ananya kapoor,ANANYA.KAPOOR3955@MAIL.COM,+91-7769967749,Lucknow,Uttar Pradesh,Consumer,15/06/2024,Organic Search,1
C03956,Varun Malhotra,varun.malhotra3956@mail.com,+91-9906035720,Ahmedabad,Gujarat,Corporate,2022-04-21,Social Media,Y
C03957,Karan Mehta,karan.mehta3957@gmail.com,+91-9536357715,Surat,gujarat,Corporate,2022-03-27,Social Media,1
C03958,Neha Kumar,neha.kumar3958@company.in,+91-7482330411,,Odisha,Small Business,11/05/2021,Paid Search,0
C03959,Ishaan Mishra,ishaan.mishra3959@yahoo.com,+91-8701510096,Chandigarh,Chandigarh,Consumer,02-05-2022,Social Media,N
C03960,Ira Sharma,ira.sharma3960@yahoo.com,+91-9321761404,Chennai,Tamil Nadu,Corporate,04-29-2023,Organic Search,0
C03961,Rohan Jain,rohan.jain3961@outlook.com,+91-8629311252,Hyderabad,Telangana,Small Business,2025-09-15,Referral,N
C03962,vihaan gupta,vihaan.gupta3962@outlook.com,+91-9443440911,Kochi,Kerala,Corporate,2025-07-26,Referral,Y
C03963,kiara joshi,kiara.joshi3963@outlook.com,+91-7542182621,Jaipur,Rajasthan,Consumer,2022-03-01,Referral,Y
C03964,Priya Bansal,priya.bansal3964@mail.com,+91-9324488259,Chennai,Tamil Nadu,Small Business,07-25-2026,Marketplace,
C03965,Ira Kapoor,ira.kapoor3965@yahoo.com,+91-8266742043,Mumbai,Maharashtra,Corporate,06-22-2022,,Y
C03966,Kabir Kapoor,kabir.kapoor3966@yahoo.com,+91-7068944916,Jaipur,RAJASTHAN,Corporate,2023-11-12,Paid Search,1
C03967,Arjun Joshi,arjun.joshi3967@company.in,+91-9402110383,Indore,Madhya Pradesh,Consumer,01-09-2022,Marketplace,Y
C03968, Myra Saxena ,myra.saxena3968outlook.com,+91-7167963175,Delhi,Delhi,,30/06/2026,Referral,Y
C03969,Nikhil Shah,nikhil.shah3969@gmail.com,+91-7977035475,Surat,Gujarat,Small Business,2024-05-07,Referral,Y
C03970,Diya Kapoor,diya.kapoor3970@mail.comm,+91-8081274742,Gurugram,Haryana,Small Business,2024-10-18,Paid Search,No
C03971,Rahul Agarwal,rahul.agarwal3971@yahoo.com,+91-8248338153,Chennai,Tamil Nadu,Consumer,2024-09-07,Organic Search,No
C03972,Riya Mehta,riya.mehta3972@yahoo.com,+91-9922053814,Surat, Gujarat ,Small Business,2022-11-29,Referral,Y
C03973,Karan Reddy,karan.reddy3973@gmail.com,+91-8213761524,Ahmedabad,gujarat,Consumer,17/09/2023,Referral,N
C03974,Pooja Reddy,,+91-761909307,Hyderabad,Telangana,Consumer,19/08/2026,Social Media,0
C03975,RAHUL NAIR,rahul.nair3975@gmail.com,+91-7390572781,Delhi,Delhi,Small Business,2025-12-10,Organic Search,Y
C03976,Varun Patel,varun.patel3976@company.in,+91-7328910668,Bengaluru,Karnataka,Corporate,24/06/2021,Email,0
C03977,Priya Nair,priya.nair3977@outlook.com,+91-886776341,PATNA,Bihar,Small Business,02/12/2021,Paid Search,Yes
C03978,Vihaan Malhotra, vihaan.malhotra3978@outlook.com ,+91-7758321828,Chandigarh,Chandigarh,Corporate,05-14-2021,Email,Y
C03979, Saanvi Iyer ,saanvi.iyer3979mail.com,+91-7278133639,bhubaneswar,Odisha,Corporate,12-17-2022,Paid Search,Yes
C03980,Ananya Saxena,ananya.saxena3980@yahoo.com,+91-7416716789,Bhopal,Madhya Pradesh,Small Business,2021-07-06,Email,
C03981, Vihaan Nair ,vihaan.nair3981@company.in,,Bengaluru,Karnataka,Consumer,03-26-2025,Marketplace,
C03982,aditya jain,aditya.jain3982@yahoo.com,+91-9835417213,patna,Bihar,Small Business,09-12-2022,Paid Search,N
C03983,Karan Saxena,karan.saxena3983@company.in,,Ahmedabad,Gujarat,Corporate,06/09/2022,Paid Search,Yes
C03984,Aarav Bansal,aarav.bansal3984@yahoo.com,+91-9175772163, Gurugram ,Haryana,Consumer,24/01/2025,Direct,0
C03985,Pooja Singh,pooja.singh3985@outlook.com,+91-9649654785,Jaipur,Rajasthan,Corporate,05/09/2022,Social Media,
C03986,Kiara Gupta,kiara.gupta3986@yahoo.com,+91-8830749551,Ahmedabad,Gujarat,Small Business,02-17-2025,Marketplace,
C03987,Ananya Bansal,ananya.bansal3987@outlook.com,+91-9788321824,Pune,Maharashtra,Small Business,20/06/2023,Referral,0
C03988,Sahil Patel,sahil.patel3988@yahoo.com,+91-8541764780,Chandigarh,Chandigarh,,28/08/2022,Email,
C03989,Neha Mehta,neha.mehta3989@gmail.com,+91-8237992236,Ahmedabad,Gujarat,Small Business,10/04/2026,Email,No
C03990,Ananya Iyer,ananya.iyer3990@gmail.com,+91-8259810693,Indore,Madhya Pradesh,Corporate,2024-04-22,Organic Search,No
C03991,Karan Joshi,karan.joshi3991@yahoo.com,+91-7751869435,AHMEDABAD,Gujarat,Corporate,19/11/2021,Organic Search,Yes
C03992,Meera Nair,meera.nair3992@yahoo.com,+919904053944,Hyderabad,Telangana,Corporate,20/06/2023,Referral,N
C03993,Vivaan Iyer,vivaan.iyer3993@company.in,+91-9447232523,Nagpur,Maharashtra,Small Business,10/02/2023,Email,Yes
C03994, Pooja Gupta ,pooja.gupta3994@gmail.com,+91-9654210313,Kochi,Kerala,Consumer,2023-01-13,Referral,N
C03995,Riya Malhotra,riya.malhotra3995company.in,+91-8601228364,CHENNAI,tamil nadu,Consumer,09/12/2025,Referral,N
C03996,Riya Kapoor,riya.kapoor3996@yahoo.com,+91-7859950851, Kochi ,Kerala,Corporate,28/10/2025,Referral,N
C03997,Priya Sharma,priya.sharma3997@company.in,+91-9718508929,Chandigarh,chandigarh,Consumer,2024-01-27,Organic Search,
C03998, Karan Nair ,karan.nair3998@yahoo.com,+91-9242428617, Nagpur ,maharashtra,Small Business,04-23-2022,Organic Search,
C03999,RAHUL REDDY,rahul.reddy3999@mail.com,+91-9084549498,Pune,Maharashtra,Small Business,27/02/2021,Direct,N
C04000,Myra Joshi,myra.joshi4000@company.in,+91-9248040970,Pune,maharashtra,Consumer,15/08/2021,Paid Search,0
C04001,Varun Kapoor,varun.kapoor4001@company.in,+91-9141491300,Bengaluru,Karnataka,Consumer,07-13-2026,Marketplace,
C04002,Aarav Mehta,aarav.mehta4002outlook.com,+91-9498938942,,Telangana,Corporate,08/09/2023,Referral,Y
C04003,Tanya Iyer,tanya.iyer4003@gmail.com,+91-7894755080, Chandigarh ,Chandigarh,Corporate,2021-05-31,Direct,Yes
C04004,Pooja Verma,pooja.verma4004@gmail.com,7381669166,Bhubaneswar, Odisha ,Consumer,2025-09-11,Direct,N
C04005,Pooja Iyer,pooja.iyer4005gmail.com,+91-9937186227,Bhubaneswar,Odisha,Consumer,04-16-2022,Email,0
C04006,Rahul Patel,rahul.patel4006@gmail.com,+918646350860,Patna,Bihar,Corporate,03-07-2024,Social Media,N
C04007,Ananya Agarwal,ananya.agarwal4007@company.in,+91-9292569590, Delhi ,DELHI,Corporate,09-30-2022,Organic Search,Y
C04008,Kabir Joshi,kabir.joshi4008@gmail.com,+91-9425530273,Chandigarh,Chandigarh,Consumer,04/07/2024,Organic Search,0
C04009,Diya Sharma,diya.sharma4009@outlook.com,+91-8766981196, Pune ,Maharashtra,Corporate,2026-01-17,Marketplace,Yes
C04010,Riya Chopra,riya.chopra4010@yahoo.com,9767693647,Bhubaneswar,Odisha,Corporate,2024-08-23,Marketplace,0
C04011,Karan Patel,karan.patel4011mail.com,+91-8665360144, Jaipur ,RAJASTHAN,Consumer,04/02/2022,Email,Y
C04012,Meera Chopra,meera.chopra4012@outlook.com,+91-7322061931,Patna,Bihar,Corporate,06-09-2024,Email,0
C04013,Sneha Iyer,sneha.iyer4013@outlook.com,+91-8578867659,Patna,Bihar,Consumer,2024-12-29,Referral,No
C04014,Rahul Gupta,rahul.gupta4014@outlook.com,+91-8859016684,Noida, Uttar Pradesh ,Corporate,2024-03-20,Referral,0
C04015,arjun mehta,arjun.mehta4015@gmail.com,+91-7001003684,Hyderabad,Telangana,Consumer,2023-08-10,Paid Search,
C04016,Tanya Joshi,tanya.joshi4016@outlook.com,+91-8585199713,Hyderabad,Telangana,,2025-05-16,Paid Search,
C04017,Ananya Joshi, ananya.joshi4017@gmail.com ,+91-8806454096,Pune,Maharashtra,,2023-10-02,Direct,No
C04018,aditya mehta,aditya.mehta4018@mail.com,+91-7728671526,Ahmedabad,Gujarat,Small Business,2021-07-02,Paid Search,Y
C04019,Diya Mehta,diya.mehta4019@mail.com,+91-7646406501,Chennai,Tamil Nadu,,2023-06-04,Email,N
C04020,Riya Malhotra,riya.malhotra4020@mail.com,+91-7616623367,Ahmedabad,Gujarat,Corporate,2022-02-23,Organic Search,Y
C04021,Rahul Nair,rahul.nair4021@outlook.com,+91-8621723569,Bhopal, Madhya Pradesh ,Corporate,21/02/2026,Email,
C04022,Simran Singh,simran.singh4022@gmail.com,+91-7181268637,Gurugram,Haryana,Corporate,2022-03-09,Marketplace,N
C04023,Priya Bansal,priya.bansal4023@yahoo.com,+91-7533643333,Bhubaneswar,Odisha,Consumer,07-27-2024,Social Media,No
C04024,Aanya Nair,aanya.nair4024outlook.com,+91-7361236306,Patna,Bihar,Small Business,2026-07-09,Organic Search,
C04025,Ankit Sharma,ankit.sharma4025@mail.com,+91-7236616553,Jaipur,Rajasthan,Small Business,2026-05-02,Direct,Y
C04026,Aanya Jain,aanya.jain4026gmail.com,+91-9584593960,MUMBAI,Maharashtra,Consumer,01-31-2025,Direct,0
C04027,Kabir Nair,kabir.nair4027@outlook.com,9113894835,Gurugram, Haryana ,Small Business,2022-08-02,Paid Search,1
C04028,Simran Bansal,simran.bansal4028@company.in,+91-9969456921,Pune,Maharashtra,Consumer,2022-07-31,Paid Search,
C04029,Kabir Jain,kabir.jain4029@gmail.com,+91-8345720841,Mumbai,Maharashtra,Corporate,19/03/2022,Marketplace,Yes
C04030,Ira Saxena,ira.saxena4030@mail.com,+91-9854044194, Noida ,Uttar Pradesh,Corporate,07-17-2023,Referral,0
C04031,Rohan Reddy,rohan.reddy4031@outlook.com,9296338749,Surat,Gujarat,Small Business,21/02/2024,Email,0
C04032,Rahul Bansal,rahul.bansal4032@company.in,+91-889648067,Indore,Madhya Pradesh,Corporate,16/05/2023,Paid Search,
C04033,Myra Gupta,myra.gupta4033@yahoo.com,+91-8119252150,Kolkata,West Bengal,Corporate,2025-01-29,Organic Search,1
C04034,Kiara Singh,kiara.singh4034@mail.com,+91-8416266201,Ahmedabad,Gujarat,Consumer,2024-07-12,Referral,No
C04035,Varun Chopra,varun.chopra4035@mail.com,+91-9999291524,Mumbai,maharashtra,Corporate,03/07/2022,Direct,Y
C04036,Ankit Verma,ankit.verma4036@outlook.com,+91-7632982801,Mumbai,Maharashtra,Consumer,09-08-2024,Paid Search,Yes
C04037,Ishaan Shah,ishaan.shah4037@gmail.comm,+91-8457793027, Surat ,Gujarat,Corporate,2021-03-13,Email,Y
C04038, Nikhil Bansal ,nikhil.bansal4038@mail.comm,+91-9838684221,CHENNAI,Tamil Nadu,Corporate,2025-06-23,Referral,No
C04039,Aanya Patel,aanya.patel4039@outlook.com,+91-8644382436,Mumbai,Maharashtra,Consumer,23/10/2024,Direct,Y
C04040,Kiara Mishra,,+91-8068662452,hyderabad,Telangana,Corporate,02-14-2021,Marketplace,1
C04041,Rohan Kumar,rohan.kumar4041@gmail.com,+91-7509253710,Gurugram,Haryana,Consumer,12-05-2024,Referral,N
C04042,Kabir Jain,kabir.jain4042@outlook.com,+91-9081290412,COIMBATORE,Tamil Nadu,Consumer,03-13-2025,Email,
C04043,Ira Iyer,IRA.IYER4043@GMAIL.COM,8514421550,Indore,Madhya Pradesh,Small Business,09-27-2024,Email,Yes
C04044,Amit Shah,amit.shah4044@outlook.com,+91-8209174793,Patna,Bihar,Corporate,2026-08-11,Social Media,
C04045,Amit Mehta,amit.mehta4045@mail.com,+91-9962790204,Ahmedabad,Gujarat,Consumer,04-19-2024,Marketplace,
C04046,aditya verma,aditya.verma4046@mail.com,+91-9312344581,Nagpur,MAHARASHTRA,Small Business,02-21-2023,Referral,1
C04047,Kabir Saxena,kabir.saxena4047@outlook.com,+91-8453642829,Noida,Uttar Pradesh,Consumer,12-07-2024,Social Media,Y
C04048,Sneha Shah,sneha.shah4048@yahoo.comm,+91-9167293539,Hyderabad,Telangana,Corporate,2024-10-29,Direct,0
C04049,Varun Agarwal,varun.agarwal4049@yahoo.com,+919143186458,Mumbai,Maharashtra,Consumer,25/10/2025,Social Media,No
C04050,Ananya Sharma,ananya.sharma4050@company.in,+91-929284547,Delhi,Delhi,Consumer,05-03-2025,Direct,No
C04051,Amit Chopra,amit.chopra4051@gmail.com,+918274553981,Kolkata,West Bengal,Small Business,05/01/2025,Marketplace,No
C04052,Nikhil Mehta,nikhil.mehta4052@outlook.com,,Hyderabad,telangana,Small Business,2025-12-05,Organic Search,1
C04053,Pooja Gupta,pooja.gupta4053@outlook.com,+91-9109512272,Indore,Madhya Pradesh,Corporate,2021-09-21,Organic Search,N
C04054,Riya Gupta,riya.gupta4054@mail.com,+91-9518018153,Hyderabad,Telangana,Corporate,2024-10-09,Direct,No
C04055,Aanya Agarwal,aanya.agarwal4055@gmail.com,+91-8885084320,Ahmedabad,Gujarat,,02-12-2025,Social Media,Yes
C04056,Ananya Mishra,ananya.mishra4056@outlook.com,+91-9118523303,DELHI, Delhi ,Corporate,17/07/2022,Direct,0
C04057,Sahil Verma,sahil.verma4057@yahoo.com,+91-8519784092,hyderabad,Telangana,Consumer,06-19-2022,Email,Yes
C04058,Varun Sharma,varun.sharma4058@company.in,+91-8676425208,Bhubaneswar,ODISHA,Small Business,10/07/2024,Marketplace,Yes
C04059,Karan Patel,karan.patel4059@gmail.com,8426252447,Bengaluru,Karnataka,Small Business,2023-02-14,Referral,Y
C04060,Tanya Jain,tanya.jain4060@company.in,+91-9644063949,Patna,Bihar,Small Business,05/11/2022,Organic Search,1
C04061,Vihaan Shah,vihaan.shah4061@mail.com,+91-8191901404,Bengaluru,KARNATAKA,Corporate,01-24-2023,Marketplace,Y
C04062,Amit Jain,amit.jain4062@outlook.com,+91-7415384665,Bhopal,Madhya Pradesh,Consumer,23/08/2026,Social Media,N
C04063,AARAV SAXENA,aarav.saxena4063@yahoo.com,+91-7445282620,Nagpur,Maharashtra,Corporate,01-21-2026,Organic Search,Yes
C04064,Saanvi Mishra,saanvi.mishra4064@company.in,,Hyderabad,telangana,Consumer,07/04/2024,Paid Search,1
C04065,Priya Mishra,priya.mishra4065@outlook.com,+91-7861052140,BENGALURU,Karnataka,Small Business,2021-04-30,Social Media,Y
C04066,Saanvi Shah,saanvi.shah4066@mail.com,+91-9355556841,Hyderabad, Telangana ,Small Business,04-22-2024,Organic Search,N
C04067,Priya Patel,priya.patel4067@yahoo.com,+91-7454944873,Hyderabad,Telangana,Small Business,2022-01-03,Email,
C04068,Tanya Bansal,tanya.bansal4068@outlook.com,+91-8526345960, Chandigarh ,Chandigarh,Consumer,11/10/2024,Email,Y
C04069,Ishaan Joshi,ishaan.joshi4069@outlook.com,+91-8590468125,Chandigarh,Chandigarh,Corporate,03/03/2022,Social Media,No
C04070,Amit Malhotra,amit.malhotra4070@yahoo.com,+91-9869816594,Bengaluru, Karnataka ,Corporate,2022-10-05,Organic Search,
C04071,Diya Verma,diya.verma4071@yahoo.com,+91-8727505462,,Madhya Pradesh,Corporate,28/04/2021,Social Media,Y
C04072,sahil bansal,sahil.bansal4072@yahoo.com,+91-9556697111,Ahmedabad,Gujarat,Corporate,2022-12-07,Direct,Y
C04073,Myra Iyer,myra.iyer4073@mail.com,+91-9853013849,Surat,Gujarat,Corporate,2022-05-01,Email,1
C04074,Rohan Malhotra,rohan.malhotra4074@gmail.com,+91-8417672299,ahmedabad,Gujarat,Small Business,2023-08-30,Referral,0
C04075,Aanya Mishra, aanya.mishra4075@gmail.com ,8707167563,Delhi, Delhi ,Consumer,2024-02-17,Organic Search,0
C04076,AARAV SAXENA,aarav.saxena4076@gmail.com,+91-9879890359,Nagpur, Maharashtra ,Consumer,11-13-2025,Paid Search,N
C04077,Varun Mishra,varun.mishra4077@company.in,+91-9658918810,surat,Gujarat,Consumer,27/03/2023,Email,N
C04078,Meera Saxena, meera.saxena4078@yahoo.com ,9813679688,Ahmedabad,Gujarat,Small Business,04-15-2022,Social Media,1
C04079,Ira Malhotra,ira.malhotra4079@mail.com,+91-9081613979,Mumbai, Maharashtra ,Corporate,2023-07-25,Organic Search,0
C04080, Arjun Chopra ,arjun.chopra4080@gmail.com,+91-9744832060,Gurugram,Haryana,Small Business,2025-12-20,Direct,0
C04081,Diya Joshi, diya.joshi4081@mail.com ,+91-8657465900,Bhubaneswar,Odisha,Consumer,2024-04-28,Email,Yes
C04082,ankit saxena,ankit.saxena4082@yahoo.com,+91-8827241651,Chennai,Tamil Nadu,Small Business,2022-10-22,Email,Yes
C04083,Ishaan Sharma,ishaan.sharma4083@company.in,9331692960,Bhopal,Madhya Pradesh,Corporate,18/01/2022,Organic Search,N
C04084,Kabir Nair,kabir.nair4084@yahoo.com,+91-8030121487,Bhopal,Madhya Pradesh,Consumer,05-31-2025,Organic Search,0
C04085,Vihaan Patel,vihaan.patel4085@mail.com,+91-8073970538, Delhi ,Delhi,Small Business,11/06/2024,Referral,N
C04086,Karan Sharma,karan.sharma4086@outlook.com,+91-9434855852,Bhopal,Madhya Pradesh,Small Business,30/04/2026,Organic Search,No
C04087,Pooja Sharma,pooja.sharma4087@company.in,+91-8102106089,Delhi,Delhi,Small Business,23/08/2026,Social Media,Y
C04088,Neha Kapoor,neha.kapoor4088@company.in,+91-7151992938,Noida,Uttar Pradesh,Small Business,16/05/2023,Email,No
C04089,Ananya Nair,ananya.nair4089@outlook.com,+91-8418301101,Bhubaneswar,Odisha,Consumer,17/09/2021,Email,Yes
C04090,Aditya Singh,aditya.singh4090@outlook.com,+91-7891494631,Mumbai,Maharashtra,Consumer,29/04/2026,Social Media,Y
C04091,Rahul Reddy,rahul.reddy4091@yahoo.com,8793868637,Patna,Bihar,Corporate,11-10-2025,Direct,1
C04092,karan jain,karan.jain4092@company.in,+91-7381110888,Pune,Maharashtra,Corporate,2025-07-20,Organic Search,N
C04093,Myra Mehta,myra.mehta4093@mail.com,9079645330,Ahmedabad,Gujarat,Corporate,2023-12-13,Email,No
C04094,Karan Gupta,karan.gupta4094@company.in,+91-7688169380,Surat,Gujarat,Corporate,2024-12-02,Referral,Y
C04095,Ananya Sharma,ananya.sharma4095@outlook.com,+91-9835850896,Jaipur,Rajasthan,Consumer,2026-03-18,Referral,N
C04096,Ira Iyer,ira.iyer4096@company.in,+919012731684,Ahmedabad,Gujarat,Corporate,2025-07-26,Social Media,N
C04097,Pooja Bansal,pooja.bansal4097@gmail.com,+91-9746582150,Pune,Maharashtra,Corporate,28/11/2023,Marketplace,No
C04098,Karan Gupta,karan.gupta4098@yahoo.com,+91-9495061758,Bhopal,Madhya Pradesh,Corporate,11/02/2022,Referral,Yes
C04099,arjun reddy,,+91-9984308253,Mumbai,Maharashtra,Consumer,15/06/2024,Referral,
C04100, Kiara Saxena ,,+91-8517975070,Bhopal, Madhya Pradesh ,Small Business,03-13-2024,Direct,
C04101,vihaan reddy,vihaan.reddy4101@outlook.com,+91-7730221213,BENGALURU,Karnataka,Consumer,08-20-2022,Paid Search,0
C04102,neha kumar,neha.kumar4102@gmail.com,+91-7783369575,Indore,Madhya Pradesh,Small Business,27/12/2022,Social Media,N
C04103,SAANVI AGARWAL,saanvi.agarwal4103@yahoo.com,+91-7138666267,surat,gujarat,Small Business,04/04/2022,Organic Search,N
C04104, Vihaan Patel ,vihaan.patel4104@outlook.com,+91-9815545490, Delhi ,Delhi,Small Business,2025-06-21,Marketplace,0
C04105,Kabir Saxena,kabir.saxena4105@company.in,+91-9405234526,DELHI,DELHI,Corporate,06-05-2022,Marketplace,
C04106,Kabir Agarwal,kabir.agarwal4106@outlook.com,+91-9093951866,Delhi, Delhi ,Corporate,07/02/2026,Organic Search,Yes
C04107,Saanvi Sharma,saanvi.sharma4107@gmail.com,+91-8626373790,Coimbatore,Tamil Nadu,Corporate,09-29-2021,,Y
C04108,Neha Iyer,neha.iyer4108@company.in,+91-7141634242,Chennai,Tamil Nadu,Corporate,12-07-2024,Paid Search,
C04109,Kiara Singh,kiara.singh4109@mail.com,,INDORE,Madhya Pradesh,Consumer,28/06/2026,Organic Search,0
C04110,Tanya Bansal,tanya.bansal4110@mail.com,+91-9663566542,Hyderabad,Telangana,Small Business,06-04-2025,Organic Search,0
C04111,Arjun Saxena,arjun.saxena4111@gmail.com,+91-9205374757,Kochi, Kerala ,Consumer,01/09/2024,Referral,Yes
C04112,Riya Saxena,riya.saxena4112@gmail.com,+91-8808408181,Lucknow,Uttar Pradesh,Small Business,06-01-2025,Paid Search,0
C04113,nikhil shah,nikhil.shah4113@outlook.com,+91-7173198113,Ahmedabad,,Corporate,08-07-2026,,Y
C04114,Vihaan Joshi,vihaan.joshi4114@mail.comm,+91-9042151882,Nagpur,Maharashtra,Corporate,07-22-2021,Email,
C04115,Ira Singh,ira.singh4115@company.in,+91-8291548309,Nagpur,Maharashtra,Corporate,2024-11-03,Paid Search,
C04116,Tanya Kapoor,tanya.kapoor4116@gmail.com,7274635728,Hyderabad,Telangana,Small Business,01-06-2023,Email,Y
C04117,Vihaan Mehta,vihaan.mehta4117@company.in,,Indore,Madhya Pradesh,Small Business,2026-01-28,Referral,Y
C04118,Meera Mishra,meera.mishra4118@yahoo.com,+91-7479122939,Bhopal,MADHYA PRADESH,Corporate,2021-05-24,Organic Search,1
C04119, Simran Agarwal ,simran.agarwal4119@gmail.com,+91-7618011761,Chennai,Tamil Nadu,Corporate,2022-08-12,Organic Search,No
C04120,Kabir Verma,kabir.verma4120@outlook.com,+91-9300514629,Coimbatore,Tamil Nadu,Consumer,2023-11-18,Marketplace,Y
C04121,Tanya Reddy,tanya.reddy4121@mail.com,+91-8357437021,Jaipur,Rajasthan,Small Business,2024-03-31,Email,
C04122,Vivaan Kapoor,vivaan.kapoor4122@yahoo.com,8954741687,Nagpur,MAHARASHTRA,Small Business,2023-06-11,Marketplace,Y
C04123,Riya Shah,riya.shah4123@gmail.com,+91-9659328940,ahmedabad, Gujarat ,Consumer,2022-02-09,Email,
C04124,Ananya Malhotra,ananya.malhotra4124@mail.com,+91-9715868801,,Kerala,Corporate,10-02-2022,Paid Search,N
C04125,Ananya Verma,ananya.verma4125@yahoo.com,+91-8414848874,Pune,MAHARASHTRA,,21/02/2025,Organic Search,
C04126,Tanya Shah,tanya.shah4126@gmail.com,+91-8531256483, Chennai ,Tamil Nadu,Consumer,2022-11-28,Organic Search,0
C04127,Riya Verma,riya.verma4127@outlook.com,+91-9993595814,Mumbai,Maharashtra,Corporate,08-24-2026,Social Media,
C04128,Ankit Agarwal,ankit.agarwal4128@outlook.com,+91-7080522816,Bengaluru,Karnataka,Small Business,04-15-2025,Organic Search,No
C04129,Simran Mishra,simran.mishra4129@outlook.com,+91-8044197681,indore,Madhya Pradesh,Small Business,04/04/2023,Social Media,0
C04130,Pooja Mehta,pooja.mehta4130@yahoo.com,+91-9082942575,Coimbatore,Tamil Nadu,Consumer,07/02/2021,Social Media,1
C04131,PRIYA KAPOOR,priya.kapoor4131@yahoo.com,+91-9941514632,Chandigarh,Chandigarh,Corporate,12-12-2023,Direct,Y
C04132,Aarav Jain,aarav.jain4132@mail.com,+91-8833158108,Chennai,tamil nadu,Corporate,01-06-2025,Marketplace,Y
C04133,amit singh,amit.singh4133@gmail.comm,+91-8974528609,Surat,Gujarat,Consumer,06-11-2023,,1
C04134,NIKHIL JOSHI,nikhil.joshi4134@outlook.com,8764814055,Coimbatore,Tamil Nadu,Consumer,12-22-2021,Marketplace,Yes
C04135,Neha Reddy,neha.reddy4135@yahoo.com,8566389878,Chandigarh,Chandigarh,Consumer,26/06/2025,Paid Search,Y
C04136,TANYA KAPOOR,tanya.kapoor4136@outlook.com,+91-9751433425,,Madhya Pradesh,Corporate,08-23-2023,Email,
C04137,NEHA KUMAR,neha.kumar4137@company.in,+91-705835767,Bhubaneswar,Odisha,Small Business,2023-03-03,Marketplace,Y
C04138,Vihaan Saxena,vihaan.saxena4138@outlook.com,+91-7772401809,Lucknow,Uttar Pradesh,Corporate,30/03/2022,Organic Search,N
C04139,SNEHA KAPOOR,,+91-7560321590,Delhi,DELHI,Small Business,04-16-2023,Email,No
C04140,Priya Malhotra,priya.malhotra4140@outlook.com,+91-9993836443,bengaluru,Karnataka,Small Business,07-07-2021,Social Media,No
C04141,Sahil Jain,sahil.jain4141@gmail.com,+91-8505312140,Jaipur,Rajasthan,Small Business,12/02/2021,Paid Search,No
C04142,Kiara Patel,kiara.patel4142@mail.com,+91-7070736981,Indore,Madhya Pradesh,Consumer,24/03/2026,Marketplace,0
C04143,Nikhil Gupta,nikhil.gupta4143@company.in,+91-9670890829,Hyderabad,Telangana,Small Business,2026-08-31,Organic Search,Y
C04144,Vivaan Patel,vivaan.patel4144@mail.com,8031720616,Bengaluru,Karnataka,Small Business,2023-05-26,Referral,No
C04145,Meera Reddy,meera.reddy4145@company.in,+91-9373136112,Noida,Uttar Pradesh,Small Business,07-23-2025,Email,Y
C04146,Meera Singh,meera.singh4146@company.in,+91-7956271248,Patna,,Small Business,05/04/2026,Email,Y
C04147,Kabir Agarwal,kabir.agarwal4147@yahoo.comm,+91-9585105926,Bhubaneswar,Odisha,Small Business,25/03/2025,Referral,Y
C04148,Pooja Malhotra,pooja.malhotra4148@gmail.com,+91-8272974833, Indore ,madhya pradesh,Corporate,2026-01-24,Social Media,Yes
C04149,VARUN GUPTA,varun.gupta4149@gmail.com,+91-7462485828,Kolkata,West Bengal,Consumer,09-09-2024,Referral,N
C04150,Arjun Bansal,arjun.bansal4150@company.in,+91-8574874046,Hyderabad, Telangana ,Corporate,28/04/2024,Direct,Y
C04151,Varun Reddy,varun.reddy4151@mail.com,9982140772,Hyderabad,Telangana,Consumer,12/03/2023,Referral,Yes
C04152,Nikhil Jain,nikhil.jain4152@yahoo.com,+91-798461897,CHENNAI,Tamil Nadu,Small Business,09-26-2022,Direct,
C04153,SAHIL SAXENA,sahil.saxena4153@outlook.com,9942352412,Hyderabad,Telangana,Corporate,27/05/2022,Paid Search,
C04154,Diya Bansal,DIYA.BANSAL4154@OUTLOOK.COM,+91-8986735227,Coimbatore,Tamil Nadu,Corporate,25/06/2024,Organic Search,No
C04155, Tanya Chopra ,tanya.chopra4155@mail.com,+91-7920495474,Delhi,Delhi,Small Business,2021-07-07,Social Media,0
C04156,Rahul Sharma,RAHUL.SHARMA4156@YAHOO.COM,+91-8151916238,,Tamil Nadu,Consumer,05-07-2026,Paid Search,1
C04157,ISHAAN SHAH,ishaan.shah4157@outlook.com,9761610974,Kochi,Kerala,Consumer,01-17-2026,Direct,Y
C04158,Rohan Verma,rohan.verma4158gmail.com,+91-7511838300,Bengaluru,KARNATAKA,Corporate,2026-08-10,Referral,1
C04159,Ananya Nair,ananya.nair4159@outlook.com,9442010227,Kochi,Kerala,Corporate,09/05/2026,Email,Yes
C04160,priya chopra,priya.chopra4160@gmail.com,+91-7471984922,Lucknow,Uttar Pradesh,Small Business,05-05-2023,Direct,N
C04161,Aanya Iyer,aanya.iyer4161@company.in,+91-9474057599,Hyderabad,Telangana,Consumer,2022-01-11,Direct,N
C04162,Meera Kapoor,meera.kapoor4162@gmail.com,+91-7616863242,Kochi,Kerala,Consumer,12-18-2025,Marketplace,Y
C04163,Myra Mishra,myra.mishra4163@yahoo.com,+91-9779797294,,Telangana,Corporate,2021-04-30,Paid Search,0
C04164,Nikhil Kumar,nikhil.kumar4164mail.com,+91-8073462609,KOCHI,Kerala,Corporate,2021-02-05,Paid Search,N
C04165,Vivaan Reddy,vivaan.reddy4165@mail.com,+917782793907,Bhopal,Madhya Pradesh,Consumer,29/01/2021,Organic Search,Y
C04166,Rohan Verma,rohan.verma4166@yahoo.com,+91-9768025182,Nagpur, Maharashtra ,Small Business,28/12/2021,Email,Y
C04167,Rohan Iyer,rohan.iyer4167@outlook.com,+91-8872281188,Kochi, Kerala ,Consumer,2022-12-10,Email,N
C04168,Neha Singh,neha.singh4168@outlook.com,7913591938,Chennai,TAMIL NADU,Corporate,2023-04-02,Social Media,1
C04169,Kabir Nair,KABIR.NAIR4169@COMPANY.IN,+91-9971787359,patna,BIHAR,Small Business,05-22-2023,Organic Search,No
C04170,Arjun Kapoor,arjun.kapoor4170@mail.com,+91-8851318861,Ahmedabad,Gujarat,Consumer,07-26-2021,Social Media,
C04171,Riya Kumar, riya.kumar4171@yahoo.com ,+91-9327602410,Ahmedabad,Gujarat,Consumer,2024-07-25,Social Media,Yes
C04172,Sahil Iyer,sahil.iyer4172@mail.com,+91-8696099832,, Maharashtra ,Consumer,10-11-2022,Organic Search,Y
C04173,Nikhil Singh,nikhil.singh4173@yahoo.comm,+91-7488903147,Indore,Madhya Pradesh,Small Business,05/08/2024,Marketplace,1
C04174,Kiara Kumar,kiara.kumar4174@gmail.com,+91-8467336268,Coimbatore,Tamil Nadu,Consumer,26/06/2025,Referral,Yes
C04175,Amit Patel,amit.patel4175@mail.com,+91-8785109702,Jaipur,Rajasthan,Small Business,02-06-2024,Organic Search,Y
C04176,Vihaan Malhotra,vihaan.malhotra4176@gmail.com,+91-9895572775,,Delhi,Small Business,19/09/2022,Direct,Y
C04177,Tanya Iyer,tanya.iyer4177@yahoo.com,+91-8840235787,Noida,Uttar Pradesh,Consumer,12/09/2022,Marketplace,No
C04178,Ira Mehta,ira.mehta4178@yahoo.com,+91-7986556774,Gurugram,Haryana,Small Business,2025-02-15,Marketplace,Yes
C04179,sahil patel,sahil.patel4179@company.in,+91-9414608541,Ahmedabad,Gujarat,Small Business,2021-10-03,Referral,Yes
C04180,Myra Shah,myra.shah4180@company.in,+91-7851334741,Ahmedabad,Gujarat,Consumer,2023-10-19,Organic Search,No
C04181,diya nair,diya.nair4181@gmail.com,+91-7807637000,Ahmedabad,Gujarat,Small Business,28/02/2026,Direct,Y
C04182,meera chopra,meera.chopra4182@mail.com,+91-8788021096,Gurugram,Haryana,Corporate,2023-08-22,Email,Y
C04183,Myra Chopra,myra.chopra4183@mail.comm,,Noida,Uttar Pradesh,Corporate,05-10-2025,Paid Search,Y
C04184,pooja sharma,pooja.sharma4184@mail.com,+91-7729727364,Chennai,Tamil Nadu,Consumer,07-31-2023,Marketplace,0
C04185,Vivaan Bansal,vivaan.bansal4185@outlook.com,+91-7579496796,Pune,Maharashtra,,21/04/2021,Email,Y
C04186,Neha Iyer,neha.iyer4186@mail.com,+91-978559740,Lucknow,Uttar Pradesh,Corporate,07-25-2022,Paid Search,0
C04187,Amit Reddy,amit.reddy4187@yahoo.com,+91-8890520720,Lucknow,Uttar Pradesh,Consumer,2026-05-17,Referral,
C04188,Riya Mehta,riya.mehta4188@mail.com,+91-7034795140,Bhubaneswar,Odisha,Consumer,2021-09-28,Marketplace,
C04189,SAHIL SHAH,sahil.shah4189@company.in,+91-8622247906,Kochi,Kerala,Consumer,2021-01-30,Marketplace,0
C04190,Myra Nair,myra.nair4190@gmail.com,+91-8972847423,Delhi, Delhi ,Consumer,12-14-2021,Social Media,N
C04191,Rahul Singh,rahul.singh4191@yahoo.com,+91-9629263771,Hyderabad,Telangana,Consumer,15/09/2025,Direct,Yes
C04192,Ankit Singh,ankit.singh4192@mail.com,+91-8900929535,Hyderabad,Telangana,Small Business,11/12/2024,Social Media,Y
C04193,ISHAAN NAIR,ishaan.nair4193@gmail.com,9084094283, Patna ,Bihar,Small Business,06-18-2026,Paid Search,Y
C04194,Sneha Sharma,sneha.sharma4194@gmail.com,+91-8484038164,Lucknow,Uttar Pradesh,Corporate,2021-11-01,Email,Y
C04195,Myra Reddy,myra.reddy4195company.in,8470446868,Mumbai,Maharashtra,Small Business,01-20-2025,Paid Search,N
C04196,Amit Sharma,amit.sharma4196@yahoo.com,,Surat,Gujarat,Consumer,05-15-2021,Social Media,0
C04197,Karan Verma,karan.verma4197@outlook.com,851064573,Lucknow,Uttar Pradesh,Corporate,03-16-2024,Marketplace,Y
C04198,Nikhil Joshi,nikhil.joshi4198@mail.com,853928345,Noida,Uttar Pradesh,Corporate,2021-02-12,Paid Search,1
C04199,Kiara Chopra,kiara.chopra4199outlook.com,+91-7330175925,Pune,maharashtra,Consumer,13/11/2022,Marketplace,1
C04200,Ishaan Singh,ishaan.singh4200@gmail.com,+91-8957717804,Hyderabad,Telangana,,01-11-2024,Direct,Y
C04201,Karan Mishra,karan.mishra4201@yahoo.com,+919351662788,Kolkata,West Bengal,Consumer,2024-01-13,Social Media,No
C04202,Arjun Bansal,arjun.bansal4202@outlook.com,+91-7123889394,Coimbatore,Tamil Nadu,Small Business,2023-06-26,Marketplace,Y
C04203,Aditya Shah,aditya.shah4203@mail.com,+91-7082580873,Kochi,Kerala,Consumer,08-23-2023,Paid Search,
C04204,Nikhil Gupta,nikhil.gupta4204@mail.com,+91-8986922750,Kolkata,West Bengal,Small Business,2022-08-15,Organic Search,Yes
C04205, Amit Singh ,amit.singh4205@company.in,+91-705693866,Gurugram,Haryana,Consumer,08-21-2026,Referral,Yes
C04206,Rahul Joshi,rahul.joshi4206@gmail.com,+91-9548743458,Coimbatore,tamil nadu,Consumer,11/10/2025,Marketplace,No
C04207,Amit Patel,amit.patel4207@gmail.com,+91-9364873842,Chandigarh,Chandigarh,Small Business,17/03/2024,Email,Y
C04208,Karan Mishra,karan.mishra4208@mail.com,+91-8481477884,CHANDIGARH,Chandigarh,Small Business,02-01-2025,Paid Search,Y
C04209,Ira Chopra,IRA.CHOPRA4209@YAHOO.COM,+91-9948249663,Delhi,DELHI,Corporate,30/04/2023,Marketplace,1
C04210,Myra Iyer,myra.iyer4210@yahoo.com,+91-7743695851,Surat,Gujarat,Corporate,21/08/2021,Direct,N
C04211,Ishaan Shah,ishaan.shah4211@gmail.com,+91-7760968893,Mumbai,Maharashtra,Corporate,08-18-2022,Paid Search,Y
C04212,Ananya Agarwal,ananya.agarwal4212@mail.com,+91-8236197541,Delhi, Delhi ,Small Business,2025-09-28,Marketplace,Yes
C04213,Sneha Saxena,sneha.saxena4213@gmail.com,+91-8272436940,Noida,,Small Business,12/11/2022,Direct,Y
C04214,Diya Verma,diya.verma4214@company.in,+91-8948581946,Indore,Madhya Pradesh,Consumer,21/09/2025,Social Media,Y
C04215,Karan Jain,karan.jain4215@gmail.com,+91-8483827709,Bhubaneswar, Odisha ,Consumer,07-30-2022,Direct,Y
C04216,Kiara Shah,kiara.shah4216@company.in,+91-7075580423,Mumbai,Maharashtra,Corporate,2021-08-19,Organic Search,No
C04217,Neha Malhotra,neha.malhotra4217@mail.com,+91-9443629584,Kochi, Kerala ,Small Business,12-20-2023,Referral,0
C04218,Varun Bansal,varun.bansal4218@mail.com,+91-7725477974,Indore, Madhya Pradesh ,Corporate,2023-10-20,Referral,Y
C04219, Vivaan Malhotra ,vivaan.malhotra4219@gmail.com,+91-8228719519,Nagpur,Maharashtra,Small Business,06/12/2024,Email,
C04220,Neha Chopra,neha.chopra4220@yahoo.com,,pune, Maharashtra ,Small Business,12-12-2023,Direct,N
C04221,Vivaan Verma,vivaan.verma4221@gmail.com,+91-868492155,Kochi,Kerala,Consumer,11-15-2023,Marketplace,N
C04222,Aarav Agarwal,aarav.agarwal4222@yahoo.com,+91-9334207813,Nagpur,Maharashtra,Corporate,09-20-2023,Referral,N
C04223, Rohan Jain ,rohan.jain4223@mail.com,+91-8546574057,Delhi,Delhi,Corporate,25/06/2023,Paid Search,Y
C04224,Priya Malhotra,priya.malhotra4224@company.in,993656270,Indore,Madhya Pradesh,Consumer,13/01/2023,Organic Search,Y
C04225,Kabir Verma,kabir.verma4225@gmail.com,8966809613,Patna,bihar,Small Business,2022-06-21,Paid Search,Y
C04226,saanvi mehta,saanvi.mehta4226@company.in,+91-9438191061,Delhi,Delhi,Consumer,04-23-2024,Social Media,No
C04227,Tanya Nair,tanya.nair4227@yahoo.com,+91-9435986235,Kolkata,West Bengal,Corporate,2021-12-10,Paid Search,0
C04228,Aarav Mehta,aarav.mehta4228@gmail.com,+91-8861120047, Chandigarh ,Chandigarh,Corporate,07-17-2026,Paid Search,No
C04229,Sneha Malhotra,sneha.malhotra4229@outlook.com,+91-7696508159,Nagpur,Maharashtra,Consumer,30/12/2022,Referral,N
C04230,Aanya Patel,aanya.patel4230@outlook.com,+91-9840247654,Mumbai,Maharashtra,Consumer,2021-04-18,Organic Search,
C04231,Varun Gupta,varun.gupta4231@company.in,+91-8511308555,Nagpur,Maharashtra,Consumer,05-09-2026,Organic Search,Y
C04232, Diya Chopra ,,+91-9714294179,Patna,Bihar,Corporate,2023-06-05,Email,1
C04233, Saanvi Jain ,saanvi.jain4233@company.in,+91-9368626940,hyderabad,Telangana,Corporate,31/01/2025,Organic Search,N
C04234,Varun Iyer,varun.iyer4234@gmail.com,+91-8234229719,Patna,Bihar,Small Business,08-03-2026,Email,1
C04235, Arjun Bansal ,arjun.bansal4235@yahoo.com,+91-7906345880,Chennai,TAMIL NADU,Small Business,06/03/2026,Direct,N
C04236,Nikhil Chopra,nikhil.chopra4236@gmail.com,8971094703,Gurugram,Haryana,Small Business,04/02/2024,Email,N
C04237,ira mehta,ira.mehta4237@outlook.com,+91-9991948846,Nagpur,Maharashtra,Small Business,01-03-2023,Marketplace,Y
C04238,Myra Patel,myra.patel4238@mail.com,+91-7443824421,Lucknow,Uttar Pradesh,Corporate,2023-09-22,Organic Search,Yes
C04239,Meera Mishra,meera.mishra4239@yahoo.com,+91-8835333850,Ahmedabad,Gujarat,,2025-07-20,Email,Y
C04240,Rohan Nair,rohan.nair4240@gmail.com,+91-8168632185,Lucknow,Uttar Pradesh,Corporate,2024-12-10,Referral,
C04241,Simran Agarwal,simran.agarwal4241@gmail.com,9389150269,Chandigarh,Chandigarh,Corporate,2023-06-12,Email,Y
C04242,Aanya Singh,AANYA.SINGH4242@YAHOO.COM,+91-7962925217, Jaipur ,Rajasthan,Small Business,2021-07-31,Paid Search,Y
C04243, Myra Bansal ,myra.bansal4243@company.in,+91-7781851979,Bengaluru,Karnataka,Corporate,2023-10-14,Paid Search,0
C04244,Nikhil Gupta,nikhil.gupta4244@gmail.com,+91-8040528067,Gurugram,Haryana,Corporate,04/08/2025,Organic Search,Yes
C04245,Kiara Bansal,kiara.bansal4245@yahoo.com,+919218918959,KOLKATA,West Bengal,Consumer,03-23-2026,Organic Search,Y
C04246,SAHIL NAIR,sahil.nair4246@mail.com,+91-8343930963,nagpur,Maharashtra,,2022-09-06,Email,1
C04247,Saanvi Singh,saanvi.singh4247@gmail.com,+91-9535365184,Patna,Bihar,Consumer,28/11/2025,Marketplace,Y
C04248,Kiara Gupta,kiara.gupta4248@yahoo.com,+91-7536686499,Chennai,Tamil Nadu,Small Business,2025-09-18,Direct,No
C04249,Sahil Iyer,sahil.iyer4249@company.in,+91-7017155081,PATNA,Bihar,Corporate,08-01-2026,Paid Search,Yes
C04250,Tanya Bansal,tanya.bansal4250@mail.com,+91-9257460050,Jaipur,Rajasthan,Small Business,2024-04-26,Email,1
C04251,Varun Saxena,varun.saxena4251@gmail.com,9871060858,Nagpur,Maharashtra,Small Business,12/12/2025,Marketplace,N
C04252, Aanya Patel ,aanya.patel4252@mail.com,+91-9460687433, Bhopal ,Madhya Pradesh,Consumer,2021-12-31,Organic Search,Yes
C04253,Sahil Mishra,sahil.mishra4253@outlook.com,+91-9556177711, Delhi ,Delhi,Corporate,29/09/2021,Marketplace,Y
C04254,Aarav Reddy,aarav.reddy4254@mail.com,,Ahmedabad,GUJARAT,Consumer,07-30-2026,Referral,Y
C04255,Aditya Reddy,aditya.reddy4255@company.in,+91-7430690572,Bengaluru,Karnataka,Small Business,03-18-2025,Referral,Y
C04256,Ananya Saxena,ananya.saxena4256@outlook.com,+91-9149113453,Jaipur, Rajasthan ,Consumer,2022-06-01,Email,Y
C04257,Sahil Iyer,,7407081958,Noida,Uttar Pradesh,Small Business,16/08/2021,Direct,Yes
C04258,Ananya Jain,ananya.jain4258@company.in,+91-7384911800,SURAT,gujarat,Consumer,21/09/2024,Marketplace,Yes
C04259,Rohan Mishra,rohan.mishra4259@gmail.com,+91-9680254546,lucknow,Uttar Pradesh,Corporate,10-31-2024,Marketplace,
C04260,Neha Sharma,neha.sharma4260@outlook.com,+91-9028173892, Surat ,Gujarat,Corporate,2025-02-02,Marketplace,0
C04261,Vivaan Joshi,vivaan.joshi4261@company.in,+91-7740956918,Bhopal,MADHYA PRADESH,Consumer,05-02-2021,Social Media,0
C04262,Aarav Mishra,AARAV.MISHRA4262@GMAIL.COM,+91-7577561735,Coimbatore,Tamil Nadu,Consumer,04-01-2022,Organic Search,
C04263,vivaan saxena,vivaan.saxena4263@yahoo.com,,Bhopal,Madhya Pradesh,Corporate,12-31-2024,Organic Search,Y
C04264,Aditya Mishra,aditya.mishra4264@mail.com,+91-7358148701,Nagpur,Maharashtra,Consumer,01/07/2026,Referral,Y
C04265,amit verma,amit.verma4265@gmail.com,+91-7796589875,Kochi,Kerala,Small Business,2022-07-16,Social Media,
C04266,Saanvi Saxena,saanvi.saxena4266@company.in,+91-9329558470,BENGALURU, Karnataka ,Corporate,01-09-2023,Paid Search,
C04267, Tanya Singh ,tanya.singh4267@mail.com,+91-7352159594,Bengaluru,Karnataka,Small Business,15/02/2025,Direct,1
C04268,Pooja Mishra,pooja.mishra4268@company.in,+91-8014999588,Noida,Uttar Pradesh,Corporate,05-03-2024,Marketplace,Yes
C04269,Neha Gupta,neha.gupta4269@gmail.com,+91-9238306427,Bhopal,Madhya Pradesh,Small Business,2023-11-20,Marketplace,0
C04270,ishaan nair,ishaan.nair4270@outlook.com,+91-9977385407,Patna,Bihar,Small Business,02-27-2021,Organic Search,Yes
C04271,Sneha Jain,sneha.jain4271@company.in,+91-7799616748,Chennai,Tamil Nadu,Consumer,28/10/2022,Referral,0
C04272,MEERA MISHRA,meera.mishra4272@company.in,+91-7677161853,Kochi, Kerala ,Corporate,09/10/2025,Marketplace,N
C04273, Nikhil Chopra , nikhil.chopra4273@gmail.com ,+91-7634806780,Indore,Madhya Pradesh,Consumer,30/08/2023,Email,Y
C04274,Tanya Kapoor,tanya.kapoor4274@mail.com,+91-7571964079,Chennai,Tamil Nadu,Small Business,06-19-2025,Marketplace,Y
C04275,Priya Gupta,priya.gupta4275@company.in,+91-8898206173,Patna,,Consumer,2022-05-12,Social Media,Y
C04276,Ankit Reddy,ankit.reddy4276@yahoo.com,+91-9625718048,Ahmedabad,Gujarat,Consumer,2023-09-07,Email,N
C04277,Tanya Joshi,tanya.joshi4277@company.in,+91-8900656510,Bengaluru,karnataka,Consumer,2024-04-02,Direct,No
C04278,Rahul Malhotra,rahul.malhotra4278@gmail.com,7819095743,Chennai,Tamil Nadu,Corporate,06/01/2022,Organic Search,
C04279,Sahil Joshi,sahil.joshi4279@gmail.com,+91-8015058599,Kochi,Kerala,Corporate,10-04-2021,Direct,Yes
C04280,Aanya Mishra,aanya.mishra4280@mail.com,+91-8751247400,HYDERABAD, Telangana ,,2025-07-28,Paid Search,No
C04281,IRA JAIN,IRA.JAIN4281@YAHOO.COM,+91-9020942428,Surat,Gujarat,Consumer,2023-02-24,Paid Search,Y
C04282,Aanya Kumar,aanya.kumar4282@outlook.com,+91-9499781009,Surat,gujarat,Corporate,2023-07-16,Marketplace,No
C04283,tanya agarwal,tanya.agarwal4283@gmail.com,+91-9844820305,Pune,Maharashtra,Consumer,08-26-2022,Email,Y
C04284,MEERA MEHTA,meera.mehta4284@company.in,+91-8750378540,Bengaluru,Karnataka,Small Business,2023-05-16,Paid Search,N
C04285,Riya Agarwal,riya.agarwal4285@outlook.com,+91-8303985832,Chennai,Tamil Nadu,Small Business,03-01-2021,Organic Search,
C04286,Kabir Mehta,kabir.mehta4286@company.in,+91-7243983178,Noida,Uttar Pradesh,Small Business,2021-04-04,Referral,Yes
C04287,Riya Singh,riya.singh4287@mail.com,+91-9024681129,NAGPUR,Maharashtra,Small Business,2025-01-09,Direct,0
C04288,Saanvi Chopra,saanvi.chopra4288@company.in,+91-732344102,Indore, Madhya Pradesh ,Consumer,2023-11-05,Marketplace,Yes
C04289,Tanya Kumar,tanya.kumar4289@yahoo.com,+91-7210234651,Coimbatore,Tamil Nadu,Small Business,11-09-2024,Email,
C04290,Meera Mishra,meera.mishra4290@company.in,+91-7527293662,COIMBATORE,Tamil Nadu,Small Business,12-16-2025,Direct,0
C04291,Nikhil Mishra,nikhil.mishra4291@company.in,7648462917,Chennai,Tamil Nadu,Small Business,03-09-2025,Organic Search,Y
C04292,Nikhil Reddy,nikhil.reddy4292@mail.com,+91-7433704289,Chandigarh,Chandigarh,Small Business,2025-09-30,Direct,No
C04293, Ankit Kapoor ,ankit.kapoor4293@gmail.com,+91-8950376887,Nagpur,Maharashtra,Consumer,2023-04-23,Social Media,Y
C04294,Saanvi Kapoor,saanvi.kapoor4294@outlook.com,7075137343,Hyderabad,Telangana,Small Business,02-07-2024,Direct,0
C04295,Myra Saxena,myra.saxena4295@outlook.com,+91-849311922,Surat,Gujarat,Consumer,06-01-2026,Marketplace,Y
C04296,Rohan Kapoor,rohan.kapoor4296@gmail.com,+91-8389655968,Indore,Madhya Pradesh,Consumer,20/08/2024,Referral,Y
C04297,Aarav Saxena, aarav.saxena4297@mail.com ,+91-7013946579, Bengaluru ,Karnataka,Small Business,23/10/2025,Marketplace,Y
C04298,Arjun Chopra,arjun.chopra4298@gmail.com,+91-8549044177,Coimbatore,Tamil Nadu,Consumer,2024-07-25,Direct,0
C04299,Myra Gupta,myra.gupta4299@outlook.com,+91-7444671949,Delhi,Delhi,Small Business,2022-07-13,Social Media,Yes
C04300,Aditya Malhotra,aditya.malhotra4300@gmail.com,+91-9039831872,LUCKNOW,Uttar Pradesh,,2024-09-13,Social Media,0
C04301,Aditya Iyer,aditya.iyer4301@company.in,+91-8841605464,Nagpur,Maharashtra,Consumer,01-08-2022,Paid Search,
C04302,Priya Malhotra,priya.malhotra4302@mail.com,9892063994,chandigarh,Chandigarh,Consumer,10/06/2022,Paid Search,Y
C04303,Rahul Iyer,rahul.iyer4303@mail.com,+91-9340758453,BENGALURU,Karnataka,Corporate,07-28-2022,Email,Y
C04304,Riya Shah,riya.shah4304@company.in,+91-7456412490,Bhopal,Madhya Pradesh,Consumer,07-24-2023,Direct,Y
C04305,Sahil Iyer,sahil.iyer4305company.in,+91-9789030343,Hyderabad,Telangana,Corporate,01/07/2023,Marketplace,Y
C04306,Vivaan Kapoor,vivaan.kapoor4306@gmail.com,+91-7158146500,Hyderabad,Telangana,Corporate,03-12-2026,Email,No
C04307,Riya Saxena,riya.saxena4307@gmail.com,+91-7200765385,CHANDIGARH,Chandigarh,Small Business,24/02/2025,Marketplace,Y
C04308,Ira Malhotra,ira.malhotra4308@gmail.com,+91-9145400657,Chandigarh,Chandigarh,Corporate,2023-10-08,Organic Search,0
C04309,Karan Iyer, karan.iyer4309@yahoo.com ,+91-8470261787,Chandigarh,Chandigarh,Small Business,07-31-2023,Direct,1
C04310,Simran Bansal,,+91-8019945578,Bengaluru,Karnataka,Small Business,29/10/2021,Paid Search,Y
C04311,AANYA AGARWAL,aanya.agarwal4311@gmail.com,+91-9416841630,Delhi,Delhi,Consumer,12-30-2025,Email,Yes
C04312,Arjun Joshi,arjun.joshi4312@company.in,+91-7480718763,Chennai,Tamil Nadu,Corporate,08-28-2021,Email,Y
C04313,Ananya Agarwal,ananya.agarwal4313@mail.com,+91-9502121941,Patna,BIHAR,Small Business,2025-06-25,Marketplace,No
C04314,Saanvi Nair,saanvi.nair4314@mail.com,+91-7457584846,Patna,BIHAR,Small Business,20/01/2022,Social Media,0
C04315,Ananya Singh,ananya.singh4315@yahoo.com,+91-7330621093,Gurugram,Haryana,Consumer,05/12/2022,Marketplace,1
C04316,Rahul Sharma,rahul.sharma4316@yahoo.com,,Patna,Bihar,Corporate,2025-12-22,Email,Y
C04317,Saanvi Iyer,saanvi.iyer4317@outlook.com,+91-8699429363,Bhopal,Madhya Pradesh,Corporate,01-08-2025,Marketplace,No
C04318,Ananya Verma,ananya.verma4318@company.in,+91-9171213177,Hyderabad,TELANGANA,Consumer,2025-02-09,Social Media,Yes
C04319,Ira Bansal,ira.bansal4319@company.in,+91-9608590013,GURUGRAM,Haryana,Corporate,2022-01-26,Referral,Y
C04320,Ankit Jain,ankit.jain4320@gmail.com,+91-9606624788,Chandigarh,Chandigarh,Corporate,2022-09-21,Referral,Y
C04321,Priya Kapoor,priya.kapoor4321@company.in,+91-7346246380,Ahmedabad,GUJARAT,Consumer,09-24-2024,Marketplace,0
C04322,Aarav Joshi,aarav.joshi4322@gmail.com,+91-7998581171,Lucknow,Uttar Pradesh,Corporate,2021-10-05,Social Media,Y
C04323,Sneha Iyer,sneha.iyer4323@gmail.com,+91-7463549600,Ahmedabad,Gujarat,Consumer,15/07/2023,Direct,Y
C04324,Ishaan Verma,ishaan.verma4324@company.in,,Delhi,Delhi,Small Business,05/10/2022,Email,Y
C04325,Sahil Verma,sahil.verma4325@company.in,+91-8969446767,Noida,Uttar Pradesh,Corporate,2022-02-21,Email,N
C04326,Ananya Singh,ananya.singh4326@mail.com,+91-7113047471,KOLKATA,West Bengal,Corporate,20/01/2022,Paid Search,
C04327, Kabir Shah ,kabir.shah4327@yahoo.com,+91-8952207924,Coimbatore,Tamil Nadu,Small Business,2024-08-12,Direct,
C04328,Rohan Singh,rohan.singh4328@gmail.com,+91-7733418868, Bhubaneswar ,Odisha,Consumer,22/05/2025,Social Media,Y
C04329,Sneha Patel,sneha.patel4329@gmail.com,8687885842, Bengaluru , Karnataka ,Consumer,2025-10-15,Paid Search,N
C04330,Rohan Verma,rohan.verma4330@mail.com,+918586574814,Delhi,Delhi,Corporate,24/12/2025,Organic Search,0
C04331,Meera Patel,meera.patel4331@company.in,+91-9354387231,Surat,Gujarat,Consumer,06-06-2021,Paid Search,0
C04332,Vihaan Singh,vihaan.singh4332@outlook.com,+91-861313408,Bhopal,Madhya Pradesh,Small Business,2021-03-18,Organic Search,
C04333,Riya Bansal,riya.bansal4333@outlook.com,+91-7984541178,Noida,Uttar Pradesh,Consumer,05-19-2026,Direct,Y
C04334,sahil patel,sahil.patel4334@outlook.com,+91-9478761856,Coimbatore,Tamil Nadu,Corporate,02-14-2026,,Y
C04335,Simran Jain,simran.jain4335@outlook.com,+91-7870467744,Gurugram,Haryana,Consumer,02/10/2024,,Y
C04336,Ankit Mehta,ankit.mehta4336@outlook.com,+91-7469258621,Noida,Uttar Pradesh,Corporate,21/06/2022,Paid Search,
C04337,Kiara Gupta,kiara.gupta4337@outlook.com,+91-9304512685,Mumbai,Maharashtra,Small Business,2025-02-05,Referral,N
C04338,Aarav Patel,aarav.patel4338@yahoo.com,+91-9783167436,SURAT,Gujarat,Corporate,2023-06-17,Referral,0
C04339,SIMRAN CHOPRA,simran.chopra4339@outlook.com,+918162187652,Ahmedabad,Gujarat,Small Business,02-09-2026,Marketplace,Y
C04340,Aditya Chopra,aditya.chopra4340@outlook.com,+91-9271330486,chennai,Tamil Nadu,Corporate,2024-09-22,Paid Search,1
C04341,Myra Kumar,myra.kumar4341@company.in,+91-8313748183,KOLKATA,West Bengal,Small Business,2025-01-02,Social Media,Yes
C04342,Amit Singh,amit.singh4342@company.in,+91-7607517682,hyderabad,Telangana,Consumer,25/11/2022,Social Media,
C04343,SIMRAN PATEL,simran.patel4343@mail.com,+91-7982579820,ahmedabad,Gujarat,Corporate,07-10-2026,Paid Search,Yes
C04344,Sneha Patel,sneha.patel4344@outlook.com,+91-7763990541, Jaipur ,Rajasthan,Consumer,01/07/2023,Organic Search,Y
C04345,Neha Singh,neha.singh4345@company.in,+91-962840339,Bengaluru,Karnataka,Consumer,11-16-2023,Paid Search,Y
C04346,Meera Sharma,meera.sharma4346@gmail.com,9263953582,Patna,Bihar,Small Business,20/06/2022,Social Media,N
C04347,Kiara Mishra,kiara.mishra4347@gmail.com,+91-7414550809,Pune,Maharashtra,Corporate,09-08-2022,,1
C04348,rohan mishra,rohan.mishra4348@mail.com,+91-7804078901,Delhi,DELHI,Corporate,01-29-2024,Email,N
C04349,Riya Agarwal,riya.agarwal4349@outlook.com,+91-9325955826,Surat,Gujarat,Corporate,27/04/2025,Social Media,Y
C04350,Karan Kapoor,karan.kapoor4350@company.in,+91-9944403228,Hyderabad,TELANGANA,Small Business,11-23-2024,Email,1
C04351,AANYA NAIR,aanya.nair4351@yahoo.com,+91-7632779965,Pune,Maharashtra,Consumer,03-23-2021,Referral,0
C04352, Riya Singh ,riya.singh4352@outlook.com,+91-9496223490,Jaipur,Rajasthan,Consumer,11/02/2023,Organic Search,0
C04353,Saanvi Kumar,saanvi.kumar4353@mail.com,+91-9455338855,Coimbatore,TAMIL NADU,Corporate,06-11-2022,,N
C04354,Sahil Malhotra,sahil.malhotra4354@outlook.com,+91-8170135546,Nagpur,Maharashtra,Corporate,04/12/2023,Email,Yes
C04355,Tanya Gupta,tanya.gupta4355@mail.com,+91-8623546343,Jaipur,Rajasthan,Small Business,31/07/2025,,0
C04356,Kiara Verma,kiara.verma4356@mail.com,+91-8789687586,Mumbai,Maharashtra,Corporate,2023-04-03,Direct,N
C04357,Arjun Reddy,arjun.reddy4357@gmail.com,+91-9295566132,Bhopal,madhya pradesh,Corporate,2021-06-17,Email,No
C04358,Meera Mishra,meera.mishra4358@mail.com,7952930824,Kolkata,West Bengal,Small Business,01/08/2021,Referral,Y
C04359,Aditya Joshi,aditya.joshi4359@mail.com,+91-8759780854,Nagpur,Maharashtra,Small Business,11-17-2021,Referral,Y
C04360,Ira Saxena,ira.saxena4360@company.in,+91-8857230381,Bhopal,Madhya Pradesh,Corporate,08-28-2021,Direct,Yes
C04361,Ankit Gupta,ankit.gupta4361@mail.com,+91-8163433195, Surat ,Gujarat,Small Business,23/02/2026,Referral,Y
C04362,Aarav Chopra,aarav.chopra4362@gmail.com,9189879837,Bhubaneswar,Odisha,Small Business,05/03/2022,Marketplace,Y
C04363,Varun Jain,varun.jain4363@gmail.com,7491505320,Pune,maharashtra,Small Business,2021-03-19,Organic Search,0
C04364,Myra Gupta,myra.gupta4364@mail.com,8625156575, Chennai ,Tamil Nadu,Consumer,27/05/2024,Marketplace,Yes
C04365,Karan Mishra,karan.mishra4365@gmail.com,+91-9190823666,gurugram,Haryana,Small Business,2023-11-02,Social Media,
C04366,Vivaan Singh,vivaan.singh4366@outlook.com,+91-9729956893,Lucknow, Uttar Pradesh ,Small Business,2024-04-02,Direct,0
C04367,Meera Joshi,meera.joshi4367@outlook.com,+91-7365087301,Delhi,Delhi,Corporate,19/08/2023,Social Media,No
C04368,Vihaan Verma,vihaan.verma4368@yahoo.com,9360456823,Chandigarh,Chandigarh,Corporate,05/04/2023,Social Media,Y
C04369,Aditya Bansal,aditya.bansal4369mail.com,+91-9254344128,Bhubaneswar,Odisha,Corporate,2026-06-27,Organic Search,No
C04370,Tanya Nair,tanya.nair4370@mail.com,+91-7605236769,Jaipur,,Small Business,05-05-2023,Social Media,No
C04371,Saanvi Gupta,SAANVI.GUPTA4371@COMPANY.IN,7733816232,Hyderabad,Telangana,Corporate,2024-11-23,Marketplace,1
C04372,Aditya Gupta,aditya.gupta4372@mail.com,9196535426,Bhopal,Madhya Pradesh,Consumer,16/03/2024,Paid Search,Yes
C04373,Kabir Kapoor,kabir.kapoor4373@gmail.com,+917946681030,Bhopal,Madhya Pradesh,Corporate,2021-12-28,Direct,Yes
C04374,Kiara Shah,kiara.shah4374@outlook.com,+91-8544280103,Chennai,Tamil Nadu,Small Business,06-28-2024,Organic Search,Yes
C04375,Aanya Malhotra,aanya.malhotra4375@outlook.com,,Chandigarh,CHANDIGARH,Consumer,09/12/2024,Marketplace,Y
C04376,Ananya Jain,ananya.jain4376@mail.com,+91-9534105489,Patna,Bihar,Consumer,2023-09-19,Organic Search,0
C04377,Karan Gupta,karan.gupta4377@gmail.com,9904334363,Bhopal,madhya pradesh,Small Business,02-03-2024,Organic Search,N
C04378,Arjun Bansal,arjun.bansal4378@company.in,+91-7100121044,Ahmedabad,Gujarat,Small Business,2024-06-19,Organic Search,Y
C04379,Karan Shah,karan.shah4379@gmail.com,+91-7737058692,Gurugram,HARYANA,Corporate,27/09/2022,Direct,N
C04380,Rohan Joshi,rohan.joshi4380@outlook.com,+91-7019639187,Nagpur,Maharashtra,Consumer,2022-01-08,Direct,
C04381,Arjun Singh,arjun.singh4381@outlook.com,+91-9927104544,Gurugram,HARYANA,Corporate,19/09/2025,Referral,N
C04382,Amit Jain,amit.jain4382@outlook.com,+91-8608745066,Noida,Uttar Pradesh,Corporate,2022-09-06,Email,Yes
C04383,Sneha Patel,sneha.patel4383@gmail.com,+91-9766193633,Lucknow,Uttar Pradesh,Consumer,2021-05-15,Organic Search,Y
C04384,Sneha Mishra,sneha.mishra4384@gmail.com,8037800754,Lucknow,Uttar Pradesh,Corporate,12-11-2023,Marketplace,
C04385,Amit Kumar,amit.kumar4385@mail.com,+91-8020206168,Surat,Gujarat,Small Business,04/04/2021,Email,No
C04386,Vivaan Singh,vivaan.singh4386@yahoo.com,+91-9201134084,Chandigarh,Chandigarh,Consumer,2021-07-27,Social Media,0
C04387,Ananya Agarwal,ananya.agarwal4387outlook.com,+91-7234230490,Lucknow,Uttar Pradesh,Small Business,21/09/2021,Direct,Y
C04388,Simran Reddy,simran.reddy4388@outlook.com,+91-9186480874,Lucknow,Uttar Pradesh,Corporate,05-19-2021,Social Media,
C04389,Tanya Agarwal,tanya.agarwal4389@outlook.com,+91-991797463,Coimbatore,Tamil Nadu,Small Business,04-23-2024,Direct,No
C04390,Rohan Chopra,rohan.chopra4390@company.in,+91-7621794287,Bengaluru,Karnataka,Small Business,03-27-2026,Marketplace,Y
C04391,Ankit Verma,ankit.verma4391@gmail.com,+91-8228302837,Jaipur,RAJASTHAN,Corporate,2025-02-28,Referral,
C04392,Varun Agarwal,varun.agarwal4392@gmail.com,+91-8897237798,Bhopal,madhya pradesh,Corporate,12/03/2024,Direct,No
C04393,Arjun Singh,arjun.singh4393@gmail.com,+91-9574333874,Bhubaneswar, Odisha ,Consumer,2024-02-25,Marketplace,Y
C04394,Nikhil Saxena,nikhil.saxena4394@company.in,,Coimbatore,Tamil Nadu,Consumer,12-12-2022,Paid Search,Y
C04395,Vivaan Verma,vivaan.verma4395@yahoo.com,7034204463,Bhopal,Madhya Pradesh,Small Business,2021-08-09,Marketplace,1
C04396,Arjun Iyer,arjun.iyer4396@outlook.com,+91-8522972416,Kochi,Kerala,Corporate,06-19-2026,Direct,Yes
C04397,Kabir Saxena,kabir.saxena4397@yahoo.com,+91-9810727220,Nagpur,Maharashtra,Consumer,07-29-2023,Referral,Y
C04398,Rohan Agarwal,rohan.agarwal4398@gmail.com,+91-7095946053,Chandigarh,Chandigarh,Corporate,07/02/2021,Marketplace,Y
C04399,Tanya Mehta,tanya.mehta4399@mail.comm,+91-7322277045,Noida,Uttar Pradesh,Corporate,2026-03-15,Paid Search,
C04400,Diya Gupta,diya.gupta4400@yahoo.com,+91-7824053203,Kolkata,West Bengal,Small Business,12-26-2023,Email,Y
C04401,POOJA MISHRA,pooja.mishra4401@yahoo.com,+91-7648033227,Jaipur,Rajasthan,Small Business,27/10/2023,Paid Search,Yes
C04402,Ishaan Mishra,ishaan.mishra4402@company.in,+91-7656513007,Bhopal,Madhya Pradesh,Corporate,10-30-2022,Paid Search,0
C04403,saanvi nair,saanvi.nair4403@mail.com,+91-9887796896,Chennai,Tamil Nadu,Consumer,2022-04-13,Social Media,1
C04404,Arjun Saxena,ARJUN.SAXENA4404@COMPANY.IN,+91-9884978439,Surat,Gujarat,Consumer,2025-07-29,Direct,Y
C04405,Ananya Kapoor,ananya.kapoor4405@yahoo.com,+91-7174698083,Hyderabad,Telangana,Small Business,12/05/2021,Email,Y
C04406,Varun Sharma,varun.sharma4406@outlook.com,+91-7938516674,Patna,Bihar,Small Business,04/08/2025,Social Media,Y
C04407,Rahul Saxena,rahul.saxena4407@yahoo.com,+91-8907924519,Coimbatore,Tamil Nadu,Corporate,22/01/2023,,Y
C04408,Diya Mehta,diya.mehta4408@mail.com,+91-9888689646,Bhopal,Madhya Pradesh,Consumer,2024-04-14,Paid Search,Y
C04409,Ananya Verma,ananya.verma4409@company.in,+91-7327134378,Chennai,Tamil Nadu,Corporate,11-13-2024,Organic Search,
C04410,Vihaan Joshi,vihaan.joshi4410@outlook.com,+91-8598232392,Bhopal,Madhya Pradesh,Consumer,04-25-2026,Organic Search,Yes
C04411,Neha Reddy,neha.reddy4411@company.in,+91-8197671626,Patna,Bihar,Consumer,2025-06-14,Direct,Y
C04412,AMIT SINGH,amit.singh4412@company.in,+919748363895,Gurugram,Haryana,Consumer,02-17-2022,Direct,Y
C04413,Meera Verma,meera.verma4413@outlook.com,+91-7080879784,Ahmedabad,Gujarat,Consumer,2021-01-31,Direct,
C04414,Sahil Patel,sahil.patel4414@gmail.com,+91-8026081759,Jaipur,Rajasthan,Small Business,02-04-2022,Paid Search,1
C04415,Vivaan Agarwal,VIVAAN.AGARWAL4415@OUTLOOK.COM,+91-9130548985,Bengaluru, Karnataka ,Consumer,04-26-2021,Marketplace,
C04416,Kabir Gupta,kabir.gupta4416@gmail.com,+91-9010949640,Noida,UTTAR PRADESH,Small Business,2022-04-12,Email,N
C04417,Meera Saxena,meera.saxena4417@company.in,+91-8199647326,Ahmedabad,gujarat,Corporate,2022-12-01,Email,Y
C04418,Karan Joshi,karan.joshi4418@gmail.com,+91-8587925757,Kochi,Kerala,Corporate,2021-02-05,Social Media,Y
C04419,Saanvi Mishra,saanvi.mishra4419@yahoo.com,+91-7988924701,Patna,Bihar,Consumer,06-08-2021,Organic Search,0
C04420,Saanvi Sharma,saanvi.sharma4420@gmail.com,+91-9088065046,Kolkata,WEST BENGAL,Small Business,16/07/2026,Referral,1
C04421,Riya Agarwal,riya.agarwal4421@yahoo.com,+91-8858686250,,Madhya Pradesh,Small Business,2022-03-08,Marketplace,
C04422,riya agarwal,riya.agarwal4422@company.in,+91-7008691106,Patna,Bihar,Small Business,2024-04-24,Paid Search,Y
C04423,Amit Patel,amit.patel4423@gmail.com,+91-8138155225,Jaipur,Rajasthan,Consumer,05/08/2024,Email,Y
C04424,Varun Patel,varun.patel4424@mail.com,8663228042,,Rajasthan,Small Business,2025-09-28,Social Media,
C04425,Kiara Mehta,kiara.mehta4425@yahoo.com,+91-8711097670,hyderabad,Telangana,Small Business,03/06/2021,Paid Search,0
C04426,Sneha Verma, sneha.verma4426@company.in ,+91-7674114787,Indore,Madhya Pradesh,Consumer,24/06/2025,Direct,Y
C04427,Myra Joshi,myra.joshi4427@outlook.com,+91-9793562502,Delhi,delhi,Consumer,2024-10-28,Direct,Y
C04428,Riya Iyer,riya.iyer4428@outlook.com,+91-9911548956,Kochi,Kerala,Corporate,2024-08-14,Marketplace,Y
C04429,Aarav Kapoor,aarav.kapoor4429@company.in,,Patna,bihar,Consumer,09-22-2025,Social Media,Y
C04430,simran saxena,simran.saxena4430@gmail.com,+91-9486221615,Nagpur, Maharashtra ,Consumer,04/12/2022,Referral,Yes
C04431,Ira Gupta,ira.gupta4431@yahoo.com,8635224059,Mumbai, Maharashtra ,Corporate,2023-04-27,Marketplace,Y
C04432,RAHUL REDDY,,+91-7875628987,Patna,Bihar,Small Business,17/02/2021,Paid Search,Yes
C04433,Kabir Sharma,kabir.sharma4433@gmail.com,+91-8091471582,Chennai,Tamil Nadu,Corporate,2023-12-19,Email,N
C04434,kiara joshi,kiara.joshi4434@company.in,8834265521,BHUBANESWAR,Odisha,Small Business,18/12/2023,Social Media,Y
C04435,Sneha Jain,sneha.jain4435@outlook.com,+91-7603683369,Bhopal,madhya pradesh,Small Business,07-07-2026,Email,Y
C04436,Priya Agarwal,priya.agarwal4436@outlook.com,+91-9692654038,Chennai,Tamil Nadu,Consumer,09-11-2022,Direct,1
C04437,pooja sharma,pooja.sharma4437@company.in,+91-8618181422,Kolkata,West Bengal,Consumer,03-11-2023,Organic Search,Y
C04438,Arjun Nair,arjun.nair4438@yahoo.com,+91-8869971863,Indore,Madhya Pradesh,Small Business,01/01/2025,Marketplace,0
C04439,Kiara Kapoor,kiara.kapoor4439@yahoo.com,7478174964,Bengaluru,Karnataka,Small Business,01/12/2022,Paid Search,Y
C04440,Rahul Bansal,rahul.bansal4440@outlook.com,9470448642,Pune,Maharashtra,Consumer,03/06/2023,Social Media,0
C04441,Neha Kumar,neha.kumar4441@gmail.com,+91-7946015186,Surat,Gujarat,Small Business,2021-09-25,Direct,Y
C04442,Neha Joshi,neha.joshi4442@gmail.com,+91-9278163611,Ahmedabad,Gujarat,Small Business,25/04/2022,Email,Y
C04443,Aanya Jain,aanya.jain4443@company.in,+91-7689477689,Nagpur,Maharashtra,Small Business,14/06/2024,Email,Y
C04444, Vivaan Saxena ,vivaan.saxena4444@gmail.comm,+91-7817059372,Lucknow, Uttar Pradesh ,Consumer,26/07/2022,Paid Search,Y
C04445,Saanvi Kapoor,saanvi.kapoor4445@yahoo.com,+91-9218395165,Kochi,Kerala,Corporate,25/04/2025,Social Media,Y
C04446,Nikhil Sharma,nikhil.sharma4446@yahoo.com,+91-8245721736,indore,Madhya Pradesh,Small Business,20/06/2025,Organic Search,0
C04447,Tanya Malhotra,tanya.malhotra4447@gmail.com,+91-9097197791,Ahmedabad,Gujarat,Consumer,12-07-2022,Organic Search,N
C04448,Meera Nair,meera.nair4448@outlook.com,+91-7899484376,Patna,BIHAR,Consumer,2024-03-14,Direct,Y
C04449,Myra Singh,myra.singh4449@yahoo.com,+91-720189098,Kolkata,West Bengal,Consumer,2024-01-01,Organic Search,
C04450,Meera Patel,meera.patel4450@outlook.com,+91-7358563974,Nagpur, Maharashtra ,Small Business,12-25-2023,Social Media,Y
C04451,Ankit Verma, ankit.verma4451@mail.com ,+91-9909521690, Hyderabad ,Telangana,Corporate,13/10/2022,Referral,Y
C04452,Amit Kumar,amit.kumar4452@outlook.com,+91-7021642719,Ahmedabad,Gujarat,Consumer,2026-02-10,Email,Y
C04453,Simran Shah,simran.shah4453@mail.com,+91-9508318267,Lucknow,UTTAR PRADESH,Corporate,2021-05-19,Referral,0
C04454, Myra Kumar ,myra.kumar4454@mail.com,+91-7735428886,Coimbatore,Tamil Nadu,Small Business,22/08/2022,Referral,0
C04455,Aanya Verma,aanya.verma4455@mail.com,+91-9300630671,Chandigarh,Chandigarh,Corporate,09/10/2024,Referral,Y
C04456,Ankit Reddy,ankit.reddy4456@gmail.com,+91-8391762816,Gurugram,Haryana,Small Business,17/01/2022,Social Media,1
C04457,Arjun Malhotra,arjun.malhotra4457@outlook.com,+91-7677963052,Chennai,Tamil Nadu,Consumer,10-06-2021,Referral,Yes
C04458,Aditya Gupta,aditya.gupta4458@yahoo.com,+91-7032012320,Kolkata,West Bengal,Small Business,03/11/2021,Social Media,Yes
C04459,Rohan Malhotra,rohan.malhotra4459@outlook.com,+91-7832816437,bengaluru,Karnataka,Consumer,09-25-2022,Paid Search,N
C04460,arjun agarwal,arjun.agarwal4460@company.in,+91-7025697412,Bengaluru, Karnataka ,Small Business,30/05/2024,Marketplace,
C04461,Aditya Agarwal,aditya.agarwal4461@mail.com,+91-9284394289,lucknow,Uttar Pradesh,Consumer,12/04/2021,Email,Yes
C04462, Varun Mishra ,varun.mishra4462@outlook.com,+91-7941602149,Hyderabad,Telangana,Consumer,2024-08-16,Referral,1
C04463, Aanya Mehta ,aanya.mehta4463@outlook.com,+91-9908021388,Surat,Gujarat,Small Business,09-05-2024,Paid Search,Y
C04464,Ishaan Bansal,ishaan.bansal4464@mail.com,,Chandigarh,chandigarh,Consumer,2024-06-25,Paid Search,N
C04465,Ira Singh,ira.singh4465@outlook.com,+91-9632889362,Bengaluru,Karnataka,Corporate,14/02/2026,Paid Search,
C04466,Amit Verma,AMIT.VERMA4466@MAIL.COM,8006338222,bengaluru,Karnataka,Corporate,10-04-2024,Email,No
C04467,ISHAAN KUMAR,ishaan.kumar4467@mail.com,+91-822773755,Jaipur,Rajasthan,,11-23-2024,Marketplace,1
C04468,simran agarwal,simran.agarwal4468@yahoo.com,+91-9060106720,Mumbai,Maharashtra,Small Business,2024-12-27,Referral,Y
C04469,Ananya Joshi,ananya.joshi4469@yahoo.comm,+91-7306205285,Surat,Gujarat,Consumer,02/03/2023,Social Media,1
C04470,Vivaan Chopra,vivaan.chopra4470@gmail.com,+91-8556600235,Chennai,TAMIL NADU,Consumer,02/05/2025,Social Media,N
C04471,Vihaan Nair,vihaan.nair4471@company.in,+91-9672634464,Bhopal,madhya pradesh,,11-24-2023,Email,Yes
C04472,Ishaan Singh,ishaan.singh4472@outlook.com,+91-8643990188,Kochi,Kerala,Corporate,18/07/2021,Referral,Yes
C04473,Sneha Shah,sneha.shah4473@company.in,+91-8777588954,Bengaluru,Karnataka,Consumer,28/07/2026,Email,Y
C04474,Meera Gupta,meera.gupta4474@outlook.com,+91-8802417233,Kochi,Kerala,Small Business,06/12/2025,Referral,1
C04475,Ankit Patel,,+91-8908585699,Hyderabad,Telangana,Corporate,07-14-2024,Paid Search,No
C04476,Rahul Nair,rahul.nair4476@company.in,+91-8917879281,Nagpur,maharashtra,Corporate,21/09/2022,Email,
C04477,Ankit Iyer,ankit.iyer4477@yahoo.com,+91-7466243408,Chennai,Tamil Nadu,Corporate,29/01/2021,Paid Search,1
C04478,Simran Gupta,simran.gupta4478@company.in,+91-705257788,Bhubaneswar,Odisha,Small Business,2024-06-09,Email,0
C04479, Aditya Bansal ,aditya.bansal4479@outlook.com,+91-9655652542,Noida,Uttar Pradesh,Consumer,2026-02-13,Marketplace,
C04480,Saanvi Shah,saanvi.shah4480@outlook.com,+91-8860107986,Nagpur,MAHARASHTRA,Consumer,02/07/2022,Direct,Y
C04481,Karan Jain,karan.jain4481@outlook.com,+91-9626768406,Nagpur,Maharashtra,Corporate,08-18-2022,Paid Search,Y
C04482,Karan Kumar,karan.kumar4482@yahoo.comm,+91-8981499679,Kochi,kerala,Consumer,2024-05-14,Organic Search,N
C04483,Saanvi Shah,saanvi.shah4483@outlook.com,+91-9191793624,COIMBATORE,Tamil Nadu,Corporate,09-14-2021,Referral,1
C04484,Ishaan Nair,ishaan.nair4484@yahoo.com,+91-7438949275,Bhubaneswar,Odisha,Corporate,09/05/2023,Paid Search,Yes
C04485,Aarav Bansal,aarav.bansal4485@outlook.com,+91-7100666413,Hyderabad,Telangana,Small Business,2022-01-01,Paid Search,
C04486,Rahul Agarwal,rahul.agarwal4486@company.in,+91-9396202289,Mumbai,Maharashtra,Corporate,2026-02-16,Organic Search,0
C04487,TANYA GUPTA,tanya.gupta4487@company.in,+91-7136390102,Surat,Gujarat,Consumer,07-14-2022,Social Media,Yes
C04488,Ira Nair,ira.nair4488@company.in,+91-9225192412,Chennai,Tamil Nadu,Small Business,06-09-2026,Email,0
C04489,Saanvi Malhotra,,+91-8552058210,Bengaluru,Karnataka,Consumer,2023-01-30,Direct,Y
C04490,Tanya Bansal,tanya.bansal4490@company.in,+91-9301424926,Gurugram,Haryana,Consumer,11-09-2022,Referral,0
C04491,Neha Chopra,neha.chopra4491@outlook.com,+91-7464988895,Coimbatore, Tamil Nadu ,Small Business,06/09/2024,Social Media,Y
C04492,Sahil Saxena,sahil.saxena4492@gmail.com,+91-7788666455,Kolkata,West Bengal,Small Business,11-23-2023,Paid Search,No
C04493,Ira Iyer, ira.iyer4493@outlook.com ,+91-9681343184,bengaluru,Karnataka,Consumer,2026-01-09,Social Media,Yes
C04494,Kiara Sharma,KIARA.SHARMA4494@YAHOO.COM,+91-7629123630,Kolkata,West Bengal,Corporate,2021-10-15,Email,Y
C04495,Kiara Sharma,kiara.sharma4495@company.in,+91-7429762484,Bhopal,Madhya Pradesh,Consumer,04-24-2021,Organic Search,Y
C04496, Amit Gupta ,amit.gupta4496@company.in,+91-956892391,Ahmedabad,Gujarat,,09-24-2021,Social Media,Yes
C04497,Vihaan Gupta,vihaan.gupta4497@outlook.com,8195195289,Bhopal,Madhya Pradesh,Small Business,2023-11-17,Direct,No
C04498,Kiara Agarwal,kiara.agarwal4498@yahoo.com,+91-7877365758, Pune ,Maharashtra,Small Business,13/05/2021,Marketplace,Y
C04499, Myra Agarwal ,myra.agarwal4499@mail.com,+91-9765370213,patna,Bihar,Consumer,2025-03-20,Email,Yes
C04500,Riya Joshi,riya.joshi4500@yahoo.com,+91-7008334177,Jaipur,Rajasthan,Corporate,03-16-2025,Paid Search,N
C04501,Aditya Nair,aditya.nair4501@outlook.com,+91-8118505701,Nagpur,maharashtra,Consumer,04-05-2022,Referral,No
C04502,Ankit Mishra,ANKIT.MISHRA4502@MAIL.COM,+91-9587819996,Kochi,Kerala,Corporate,2026-04-23,Paid Search,1
C04503,Saanvi Nair,saanvi.nair4503@mail.com,+91-9027786141,Patna,Bihar,Small Business,07-23-2021,Email,Y
C04504,RIYA SINGH,riya.singh4504@mail.com,,Lucknow,Uttar Pradesh,Small Business,05-04-2024,Marketplace,1
C04505,Riya Joshi,riya.joshi4505@gmail.com,+91-7740809383,Kolkata,West Bengal,Corporate,11-30-2021,Direct,N
C04506,Aarav Saxena,aarav.saxena4506@company.in,+91-7797119545,Hyderabad,Telangana,Small Business,2024-07-28,Paid Search,Y
C04507,Rohan Mehta,rohan.mehta4507@mail.com,+91-7313363180,Bengaluru,Karnataka,Corporate,14/05/2022,Direct,No
C04508,Ankit Agarwal,ankit.agarwal4508@outlook.com,+91-7116309787,Indore,Madhya Pradesh,Corporate,04-05-2024,Referral,
C04509,Priya Bansal,priya.bansal4509@company.in,9134016880,Ahmedabad,Gujarat,Corporate,2024-09-27,Social Media,N
C04510,Ira Jain,ira.jain4510@company.in,+91-7618583486,Ahmedabad,Gujarat,Consumer,09/05/2026,Paid Search,Yes
C04511,priya chopra,priya.chopra4511@yahoo.com,+91-7524459967,mumbai,Maharashtra,Corporate,2024-12-08,Referral,Y
C04512,Aarav Singh,aarav.singh4512@yahoo.com,+91-8823732059, Kolkata , West Bengal ,Corporate,10-26-2021,Marketplace,Y
C04513,Aanya Nair,aanya.nair4513@yahoo.com,+91-8900216296,DELHI,Delhi,Small Business,2024-02-12,Paid Search,N
C04514,Ankit Chopra,ankit.chopra4514mail.com,+91-7192702687,Hyderabad,Telangana,Consumer,04-25-2021,Marketplace,Y
C04515,Vivaan Kumar,VIVAAN.KUMAR4515@COMPANY.IN,+91-8252228569,Chennai,Tamil Nadu,Consumer,2026-05-30,Referral,Y
C04516,Ananya Gupta,ananya.gupta4516@outlook.com,,Jaipur,Rajasthan,Small Business,13/02/2021,Direct,Y
C04517,Aarav Verma,aarav.verma4517@gmail.com,+91-7230851165,Gurugram,Haryana,Small Business,05-08-2025,Email,
C04518,Ananya Agarwal,ananya.agarwal4518@yahoo.com,+91-8663182074,Bhopal,Madhya Pradesh,Corporate,05-03-2022,Referral,Y
C04519,Aanya Patel,aanya.patel4519@outlook.com,+91-8822200559, Chandigarh ,Chandigarh,Small Business,2025-03-26,Social Media,1
C04520,Karan Reddy,karan.reddy4520@outlook.com,+91-7646156053,Kolkata,WEST BENGAL,Small Business,09-04-2021,Direct,Y
C04521,Varun Kapoor,varun.kapoor4521@outlook.com,+91-8668108851,Coimbatore,Tamil Nadu,Consumer,2023-12-14,Direct,0
C04522,Rohan Reddy,ROHAN.REDDY4522@YAHOO.COM,+91-8671554898,Indore,MADHYA PRADESH,Corporate,2022-07-09,Marketplace,Y
C04523,Ishaan Singh,ishaan.singh4523yahoo.com,+91-7331477859,Noida,Uttar Pradesh,Small Business,13/09/2024,Email,No
C04524,Nikhil Verma,nikhil.verma4524@mail.com,+91-9059672709, Mumbai ,MAHARASHTRA,Small Business,2026-07-20,Email,
C04525,Ishaan Kapoor,ishaan.kapoor4525@company.in,+91-9607364802,Hyderabad, Telangana ,Corporate,15/01/2025,Email,0
C04526,Varun Iyer,varun.iyer4526@outlook.com,+91-986473223,Pune,Maharashtra,Consumer,20/07/2025,Referral,Y
C04527,ARJUN BANSAL,arjun.bansal4527@company.in,+91-7939664410,Chennai,Tamil Nadu,Consumer,2021-01-27,Marketplace,1
C04528, Meera Mishra ,meera.mishra4528@company.in,+91-8493175275,Hyderabad,telangana,Consumer,21/09/2024,Direct,Y
C04529,Rahul Mehta,rahul.mehta4529@yahoo.com,+91-7618689787,Chandigarh,Chandigarh,Consumer,2024-06-04,Social Media,No
C04530,Myra Reddy,myra.reddy4530@outlook.com,+91-9279270827,Mumbai,maharashtra,Consumer,2024-01-15,Email,Yes
C04531,Rahul Verma,rahul.verma4531@outlook.com,+91-8445203986,Hyderabad,Telangana,Corporate,2024-07-28,Email,N
C04532,Rahul Agarwal,rahul.agarwal4532@outlook.com,+91-7418386032,Indore,Madhya Pradesh,Consumer,2025-05-08,Marketplace,Y
C04533,Aditya Singh,aditya.singh4533@gmail.com,+91-7642991781,Coimbatore, Tamil Nadu ,Corporate,08-18-2023,Paid Search,0
C04534,Ira Malhotra,ira.malhotra4534@company.in,8118533086,Patna,Bihar,Small Business,2025-11-28,Organic Search,No
C04535,Aditya Jain,aditya.jain4535@yahoo.com,+91-9711603555,Mumbai,Maharashtra,Corporate,2021-06-29,Referral,Y
C04536,Ankit Kumar,ankit.kumar4536@gmail.com,+91-9405457437,lucknow,Uttar Pradesh,Consumer,18/03/2022,Referral,Y
C04537,Nikhil Sharma,nikhil.sharma4537@yahoo.com,+91-7859391026,Patna,Bihar,Small Business,17/11/2023,Social Media,Y
C04538,Rahul Jain,rahul.jain4538@company.in,+91-7114224021,Bhopal, Madhya Pradesh ,Corporate,03-31-2021,Email,
C04539,rohan saxena,rohan.saxena4539@yahoo.com,+91-756928306, Chandigarh ,Chandigarh,Corporate,2021-09-30,Email,Yes
C04540,Aditya Kumar,aditya.kumar4540@outlook.comm,7623067124,Nagpur,Maharashtra,Small Business,24/12/2021,Paid Search,
C04541,Priya Iyer,priya.iyer4541@outlook.com,+91-7780117082,GURUGRAM,,Consumer,12-30-2023,Email,0
C04542,Pooja Shah,pooja.shah4542@yahoo.com,+91-8318181793,Noida,Uttar Pradesh,Corporate,2024-01-01,Referral,N
C04543,Nikhil Patel,nikhil.patel4543@gmail.com,+91-9181752097,gurugram,Haryana,Small Business,02-25-2023,Marketplace,Y
C04544,Amit Mishra,amit.mishra4544@mail.com,+91-8877617207,Ahmedabad,Gujarat,Consumer,25/04/2023,Email,No
C04545,Ankit Kapoor,ankit.kapoor4545@company.in,+91-9194682651,Jaipur,Rajasthan,Consumer,09-12-2023,Organic Search,
C04546,Pooja Malhotra,pooja.malhotra4546@company.in,+91-9022061875,Bhopal,Madhya Pradesh,Corporate,04/10/2022,Social Media,No
C04547,Pooja Kapoor,pooja.kapoor4547@yahoo.com,+91-7548414270,Coimbatore,Tamil Nadu,Corporate,05-11-2021,Paid Search,N
C04548,Vivaan Kapoor,vivaan.kapoor4548@company.in,+91-8303245224,Kolkata,West Bengal,Small Business,2021-06-26,Email,Y
C04549, Riya Malhotra ,riya.malhotra4549@mail.com,+91-8282984849,hyderabad,Telangana,Consumer,03-10-2023,Marketplace,
C04550,Meera Singh,meera.singh4550@yahoo.com,+91-8303687567,Lucknow,Uttar Pradesh,Small Business,2022-06-04,Direct,0
C04551,Neha Sharma,neha.sharma4551@yahoo.com,+91-9926165735,Coimbatore,Tamil Nadu,Consumer,11/07/2026,Referral,1
C04552,POOJA REDDY,pooja.reddy4552@outlook.com,+91-9540722756,Chandigarh,Chandigarh,Corporate,2025-04-25,Social Media,Y
C04553,Saanvi Jain,saanvi.jain4553@outlook.com,+91-9575587757,pune,Maharashtra,Corporate,2026-03-28,Referral,Y
C04554,Ananya Kumar,ananya.kumar4554@outlook.com,+91-9306607962,Kochi,kerala,Consumer,2022-06-21,Paid Search,Y
C04555,Pooja Reddy,pooja.reddy4555@mail.com,9022619462,Coimbatore, Tamil Nadu ,Corporate,2023-06-18,Social Media,Y
C04556,VIHAAN PATEL,vihaan.patel4556@outlook.com,+91-8705020399,Bhubaneswar,odisha,Small Business,22/12/2021,Marketplace,0
C04557,Ankit Reddy,ankit.reddy4557@gmail.com,+91-7585995972,chandigarh,Chandigarh,Consumer,02-04-2022,Social Media,Y
C04558, Karan Chopra ,karan.chopra4558@mail.com,+91-9605650285,noida,Uttar Pradesh,Small Business,01-28-2022,Paid Search,Y
C04559,Vivaan Jain,vivaan.jain4559@outlook.com,962428748,Lucknow,uttar pradesh,Consumer,2024-07-08,Referral,Yes
C04560,Aarav Kapoor,aarav.kapoor4560@gmail.com,+91-9658789274,Ahmedabad,Gujarat,Small Business,13/03/2024,Organic Search,Yes
C04561,Vihaan Bansal,vihaan.bansal4561@mail.com,+91-8906608735,Kolkata,West Bengal,Corporate,22/01/2022,Marketplace,1
C04562,Priya Nair,priya.nair4562@gmail.com,+91-8620967350,coimbatore,Tamil Nadu,Corporate,30/04/2021,Referral,No
C04563,Vivaan Malhotra,vivaan.malhotra4563@company.in,+91-8435002342,Chennai,Tamil Nadu,Small Business,23/07/2026,Marketplace,Yes
C04564,Ankit Singh,ankit.singh4564@yahoo.com,+91-7969404913,Delhi,Delhi,Corporate,15/01/2022,Social Media,No
C04565,Aanya Nair,aanya.nair4565@company.in,+91-8946783601,Nagpur,Maharashtra,Corporate,07-20-2022,Referral,Y
C04566,Sahil Singh,SAHIL.SINGH4566@OUTLOOK.COM,+91-8535953226,Hyderabad,Telangana,Corporate,14/01/2024,Email,Yes
C04567, Neha Kumar ,neha.kumar4567@mail.com,+91-8301918612,Delhi,Delhi,Consumer,13/06/2021,Email,Yes
C04568,tanya shah,tanya.shah4568@gmail.com,+91-7003131734,Kolkata,West Bengal,Corporate,2022-12-09,Referral,Y
C04569,Rohan Joshi,rohan.joshi4569@company.in,+91-7571159223,Jaipur,rajasthan,Corporate,19/10/2022,Email,
C04570,Ankit Joshi,ankit.joshi4570yahoo.com,+91-9940379823,Indore,Madhya Pradesh,Small Business,2026-06-01,Email,Y
C04571,aditya malhotra,aditya.malhotra4571@yahoo.com,+91-7246510622,Coimbatore,Tamil Nadu,Corporate,04/01/2023,Email,
C04572,Sahil Patel,sahil.patel4572@gmail.com,+91-8903065408,Nagpur,Maharashtra,Corporate,22/03/2025,Social Media,1
C04573,Vihaan Mishra,vihaan.mishra4573@company.in,+91-9590237485,Ahmedabad,Gujarat,Small Business,2021-09-01,Marketplace,No
C04574,SAANVI MISHRA,saanvi.mishra4574@outlook.com,,BHUBANESWAR,odisha,Small Business,2021-12-01,Paid Search,No
C04575,Arjun Kapoor,arjun.kapoor4575@company.in,7571220303,Gurugram,Haryana,Consumer,2022-06-03,Email,Y
C04576,Priya Saxena,priya.saxena4576@outlook.com,+91-8209974718,Ahmedabad,,Small Business,2023-01-15,Organic Search,Y
C04577,Sahil Saxena,sahil.saxena4577@gmail.com,+91-7317377219,Bhubaneswar,ODISHA,Small Business,2026-02-08,Paid Search,No
C04578,Amit Iyer,amit.iyer4578@mail.com,+91-7478942521,Noida,Uttar Pradesh,Consumer,2023-11-08,Social Media,Y
C04579,Tanya Patel,tanya.patel4579@mail.com,+91-8197829936,Nagpur,Maharashtra,Consumer,02/04/2025,Marketplace,Y
C04580,Sneha Mishra,sneha.mishra4580@company.in,+91-8592234008,Bengaluru,Karnataka,Corporate,01/10/2024,Marketplace,Y
C04581,Kabir Nair,kabir.nair4581@outlook.com,+918406275596,Gurugram,Haryana,Small Business,2026-03-25,,1
C04582,Rohan Reddy,rohan.reddy4582@company.in,+91-8085869602,Kochi,Kerala,Small Business,2021-12-26,Direct,N
C04583, Kabir Saxena ,kabir.saxena4583@mail.com,+91-7021443952,nagpur, Maharashtra ,Consumer,22/06/2024,Direct,Y
C04584,sneha patel,SNEHA.PATEL4584@OUTLOOK.COM,+91-8375610348,Hyderabad,telangana,Corporate,24/01/2022,Referral,Yes
C04585,Riya Bansal,riya.bansal4585@yahoo.com,+91-7724437285,Hyderabad,TELANGANA,Small Business,04-24-2021,Organic Search,No
C04586,simran kumar,simran.kumar4586@mail.com,+91-8521802988,Noida,Uttar Pradesh,Corporate,04-13-2024,Marketplace,N
C04587,Karan Jain,,+91-8516701741,Indore,Madhya Pradesh,Consumer,2023-04-14,Paid Search,0
C04588,Riya Kumar,riya.kumar4588@outlook.com,+91-8074112503,SURAT,,Small Business,03/11/2024,Paid Search,No
C04589,Ankit Malhotra,ankit.malhotra4589@yahoo.com,+91-8851985238,Kochi,Kerala,Consumer,2021-07-29,Organic Search,1
C04590,Myra Nair,myra.nair4590@mail.com,+91-7720599937,Pune,Maharashtra,Small Business,06/02/2026,Direct,Yes
C04591,Sahil Sharma,sahil.sharma4591@outlook.com,+91-7801829255,Noida,Uttar Pradesh,Corporate,10-08-2023,Social Media,1
C04592,Diya Saxena,diya.saxena4592@company.in,+91-7182278305,Mumbai,Maharashtra,Consumer,2023-08-08,Referral,0
C04593,Ankit Kapoor,ankit.kapoor4593@yahoo.com,+91-8617887778,Delhi,delhi,Consumer,2021-11-12,Organic Search,
C04594,Ira Malhotra,ira.malhotra4594@gmail.com,+91-8429648875,Chennai,Tamil Nadu,Consumer,06-24-2024,Marketplace,
C04595,Aarav Patel,aarav.patel4595@company.in,+91-7430719004,Delhi,Delhi,Small Business,2024-11-20,Organic Search,No
C04596,Ananya Saxena,ananya.saxena4596@gmail.com,,Gurugram,Haryana,Corporate,05/09/2021,Marketplace,Yes
C04597,Vivaan Reddy,vivaan.reddy4597@yahoo.com,+91-7788335723,Hyderabad,Telangana,Corporate,09-05-2024,Email,1
C04598,Vivaan Gupta,vivaan.gupta4598@company.in,+91-7391899452,Kolkata,West Bengal,Consumer,26/01/2026,,N
C04599,Amit Kumar,amit.kumar4599@mail.com,+91-7339279126,patna,Bihar,Small Business,2023-08-03,Email,Y
C04600,Vivaan Gupta,vivaan.gupta4600@outlook.com,9505794597,pune,Maharashtra,Small Business,2023-02-10,Paid Search,Y
C04601,Riya Agarwal,riya.agarwal4601@mail.com,+91-9515246352,Hyderabad,Telangana,Consumer,07-07-2022,Organic Search,No
C04602,Simran Agarwal,simran.agarwal4602@outlook.com,9008669009,Indore,Madhya Pradesh,Consumer,04-15-2021,Direct,Y
C04603,Aanya Sharma,aanya.sharma4603@mail.com,+91-9004542848,Surat,Gujarat,Corporate,04-04-2025,Referral,Y
C04604,Saanvi Iyer,saanvi.iyer4604@gmail.com,+91-7261371013,Noida,Uttar Pradesh,Corporate,25/11/2022,Email,Y
C04605,Aarav Chopra,aarav.chopra4605@mail.com,9279402796,Bhopal,Madhya Pradesh,Consumer,11-27-2025,Paid Search,No
C04606,Vihaan Saxena,vihaan.saxena4606@company.in,9346838530,Chennai,tamil nadu,,26/10/2025,Direct,0
C04607,Kabir Saxena,kabir.saxena4607@outlook.com,+91-7949488366,coimbatore,tamil nadu,Consumer,07/03/2023,Paid Search,Y
C04608,Pooja Joshi,pooja.joshi4608@outlook.com,+91-8084597232,Surat,Gujarat,Corporate,08-21-2026,Organic Search,
C04609,Amit Sharma,amit.sharma4609@company.in,+91-8855735724,JAIPUR,Rajasthan,Corporate,30/01/2023,Marketplace,Yes
C04610,Rahul Saxena,rahul.saxena4610@outlook.com,+91-8340971164,Patna,Bihar,Consumer,23/07/2023,Social Media,Y
C04611,Sahil Malhotra,sahil.malhotra4611@mail.com,+91-7663091966,Bengaluru,Karnataka,Consumer,2023-07-05,Social Media,Y
C04612,Simran Reddy,simran.reddy4612@mail.com,+91-7006796247,Noida,uttar pradesh,Small Business,2021-01-13,Social Media,1
C04613,Vivaan Sharma,vivaan.sharma4613@gmail.com,+91-7666147207,Coimbatore,Tamil Nadu,Corporate,12-15-2025,Organic Search,Yes
C04614,Vihaan Kumar,,+91-7069983653,Bhubaneswar,Odisha,Corporate,12-25-2024,Organic Search,0
C04615,Pooja Kapoor,pooja.kapoor4615@gmail.com,+91-7371362545,Indore,Madhya Pradesh,Small Business,12/05/2024,Referral,Y
C04616,Priya Kapoor,priya.kapoor4616@yahoo.com,+91-8376100660, Bhubaneswar ,Odisha,Corporate,2024-03-10,,Y
C04617,Ira Kapoor,ira.kapoor4617@gmail.com,,Nagpur,Maharashtra,Corporate,09/11/2021,Organic Search,
C04618,Sneha Kapoor,sneha.kapoor4618@outlook.com,+91-766014707, Pune ,Maharashtra,Small Business,2025-11-11,Referral,Y
C04619,Neha Mehta,neha.mehta4619@outlook.comm,+91-8906830289,Delhi,Delhi,,08-01-2022,Marketplace,Y
C04620,Ananya Bansal,ananya.bansal4620@mail.com,+91-9542820625,Coimbatore,Tamil Nadu,Small Business,16/08/2025,Direct,1
C04621,Simran Saxena,,+91-8851904181,Pune,Maharashtra,Corporate,13/11/2021,Organic Search,Yes
C04622,Vivaan Sharma,vivaan.sharma4622@yahoo.com,+91-9329949605,Jaipur,Rajasthan,Corporate,2025-02-24,Social Media,Y
C04623,AMIT SHAH,amit.shah4623@outlook.com,+918992155263,lucknow,UTTAR PRADESH,Small Business,20/08/2024,Email,Y
C04624,Aarav Singh,aarav.singh4624@gmail.com,+91-9920774047,Bengaluru,Karnataka,Consumer,2025-04-10,Paid Search,0
C04625,Myra Gupta,myra.gupta4625@mail.com,+91-8257140030,Hyderabad,Telangana,Small Business,20/03/2024,Social Media,1
C04626,Simran Shah,simran.shah4626@company.in,+91-7348366108,KOCHI,Kerala,Corporate,01-05-2024,Direct,No
C04627,Rahul Shah,rahul.shah4627@gmail.com,+91-8384675333,Chandigarh,CHANDIGARH,Corporate,2022-11-26,Referral,0
C04628,Rahul Kapoor,rahul.kapoor4628@outlook.com,+91-9121898113,Pune,Maharashtra,Consumer,2021-01-12,Organic Search,Y
C04629, Tanya Agarwal ,TANYA.AGARWAL4629@GMAIL.COM,+91-9510699680,Indore,Madhya Pradesh,Consumer,2025-07-03,Social Media,No
C04630,Sahil Verma,sahil.verma4630@yahoo.com,+91-9382449537,Ahmedabad,Gujarat,Consumer,17/07/2025,Direct,Yes
C04631,Ankit Mehta,ankit.mehta4631@company.in,+91-9668950836,Bengaluru,Karnataka,Small Business,11-12-2022,Social Media,1
C04632,Vihaan Verma,vihaan.verma4632@mail.com,,Nagpur,Maharashtra,Corporate,12-01-2022,Organic Search,Y
C04633,Sneha Reddy,sneha.reddy4633@yahoo.com,+91-8303631384,Bengaluru,Karnataka,Corporate,2022-04-03,Social Media,Y
C04634,Kabir Bansal,kabir.bansal4634@outlook.com,+91-9504320094,Lucknow,Uttar Pradesh,Small Business,06-01-2026,Email,N
C04635,Tanya Nair,tanya.nair4635@outlook.com,+91-9626666392,Ahmedabad,Gujarat,Consumer,2024-11-01,Social Media,0
C04636,Aanya Nair,aanya.nair4636@company.in,+91-9151984938,Kochi,Kerala,Corporate,03-19-2024,Email,Y
C04637,Ishaan Bansal,ishaan.bansal4637@outlook.com,+91-8144923912,Noida,Uttar Pradesh,Corporate,01-31-2025,Paid Search,
C04638,Aditya Shah,aditya.shah4638@gmail.com,+91-7733136407,Hyderabad,Telangana,Consumer,31/03/2021,Marketplace,Y
C04639,Simran Mishra,simran.mishra4639@yahoo.com,+91-8905768846,Pune,Maharashtra,Small Business,05/02/2021,Social Media,Y
C04640,Amit Shah,,+91-8051426415,Patna,Bihar,Consumer,2024-03-05,Referral,1
C04641,Pooja Kapoor,POOJA.KAPOOR4641@YAHOO.COM,+91-9550607578,Chandigarh,Chandigarh,Corporate,2021-04-20,Marketplace,Y
C04642,Ankit Gupta,ankit.gupta4642@yahoo.com,+91-8243871186,Coimbatore,tamil nadu,Consumer,2025-10-13,Direct,Y
C04643,Sahil Reddy,sahil.reddy4643@outlook.com,+91-9036859240,Lucknow,Uttar Pradesh,Small Business,12/02/2026,Marketplace,Y
C04644,nikhil iyer,nikhil.iyer4644@outlook.com,+91-7282046648,Coimbatore,Tamil Nadu,Consumer,08-07-2023,Marketplace,
C04645,Ishaan Singh,ishaan.singh4645@gmail.com,+91-8136461165,Bhopal,Madhya Pradesh,Consumer,23/09/2021,Direct,N
C04646,Aanya Malhotra,aanya.malhotra4646@outlook.com,+91-9134413791,Kochi,Kerala,Corporate,2023-01-29,Organic Search,0
C04647,Ananya Bansal,ananya.bansal4647@yahoo.com,+91-7989098443,Gurugram,Haryana,Consumer,28/01/2023,Organic Search,1
C04648,Aarav Kapoor,aarav.kapoor4648@yahoo.com,+91-7632529846,Nagpur,Maharashtra,Small Business,18/01/2026,Paid Search,N
C04649, Aanya Jain ,aanya.jain4649@mail.com,+91-7334383077,Hyderabad,Telangana,Consumer,07-25-2026,Organic Search,1
C04650,Aditya Mishra,aditya.mishra4650@gmail.com,+91-7679831980,Bhubaneswar, Odisha ,Small Business,2022-12-06,Social Media,Yes
C04651,Ira Malhotra,ira.malhotra4651@company.in,+91-9086554176,Surat,GUJARAT,Corporate,23/07/2026,Direct,0
C04652,Ananya Chopra,ananya.chopra4652@mail.com,+917502064115,Chandigarh,Chandigarh,Corporate,16/10/2022,Organic Search,N
C04653, Rahul Joshi ,rahul.joshi4653@yahoo.com,+91-7130740158,KOCHI,Kerala,Corporate,03-04-2021,Marketplace,Y
C04654,Arjun Mishra,arjun.mishra4654@outlook.com,+91-7210294919,Bengaluru,Karnataka,Corporate,2026-05-22,Social Media,Yes
C04655,Amit Saxena,amit.saxena4655@gmail.com,+91-8924638494, Ahmedabad ,Gujarat,Consumer,2021-02-16,Social Media,N
C04656,Myra Shah,myra.shah4656@yahoo.com,9759967404,Hyderabad,Telangana,Small Business,03-02-2026,Social Media,
C04657,Ananya Agarwal,ananya.agarwal4657@outlook.com,+91-8344509477,Bengaluru,Karnataka,Small Business,2022-03-19,Referral,1
C04658,ROHAN MEHTA,rohan.mehta4658@outlook.com,+91-9376782458,Noida,Uttar Pradesh,Small Business,2023-05-22,Paid Search,Yes
C04659,Ira Joshi,ira.joshi4659@gmail.com,+91-7890671898,Hyderabad,TELANGANA,Consumer,07/04/2025,Referral,Y
C04660, Karan Gupta ,karan.gupta4660@outlook.com,+91-9469219385,BHOPAL,Madhya Pradesh,Consumer,09-25-2024,Paid Search,0
C04661,Kabir Chopra,kabir.chopra4661@company.in,+91-7646825425,Mumbai,Maharashtra,Consumer,01/08/2026,Organic Search,Y
C04662,Ira Malhotra,ira.malhotra4662@gmail.com,+918614636244,Ahmedabad,Gujarat,Corporate,20/08/2022,Referral,
C04663,saanvi mishra,saanvi.mishra4663@yahoo.com,+91-8093625601,Bengaluru,Karnataka,Corporate,09/01/2026,Organic Search,N
C04664,Rohan Agarwal,rohan.agarwal4664@yahoo.com,+91-7701881299,Lucknow,Uttar Pradesh,Consumer,01-09-2022,Referral,Y
C04665,kiara mehta,kiara.mehta4665@yahoo.com,+91-8432244059,Kolkata,west bengal,Small Business,08-04-2022,Email,
C04666,Diya Iyer,diya.iyer4666@outlook.com,+91-8307632502,Delhi,Delhi,Small Business,06-26-2021,Paid Search,1
C04667,vihaan patel,vihaan.patel4667@outlook.com,+91-8578481037,Lucknow,Uttar Pradesh,Corporate,02-16-2026,Marketplace,No
C04668,Ananya Joshi, ananya.joshi4668@gmail.com ,+91-8245411213,Noida,Uttar Pradesh,Corporate,30/10/2023,Paid Search,
C04669,Diya Iyer,diya.iyer4669outlook.com,+91-8416767300,Kolkata,West Bengal,Corporate,11/02/2022,Organic Search,Y
C04670,Neha Gupta,neha.gupta4670@company.in,+91-9522564680,Bhubaneswar,Odisha,Consumer,2025-02-06,Direct,No
C04671,Ankit Jain,ankit.jain4671@company.in,+91-7426953656,Surat,Gujarat,Consumer,16/01/2024,Direct,Y
C04672,Amit Bansal,amit.bansal4672@yahoo.com,+918426988295,Lucknow,Uttar Pradesh,Corporate,03-19-2025,Organic Search,Yes
C04673,Vihaan Iyer,vihaan.iyer4673@yahoo.com,+91-7328288150,Lucknow,Uttar Pradesh,Consumer,10/12/2022,Social Media,0
C04674,Simran Kumar,simran.kumar4674@mail.comm,+91-9697258055,Hyderabad,Telangana,Consumer,2021-07-02,Email,
C04675,Rahul Patel,rahul.patel4675company.in,+91-8048335955, Kochi ,Kerala,Small Business,2021-02-16,Social Media,0
C04676,Vihaan Kumar,vihaan.kumar4676@yahoo.com,+91-9406419620,Bengaluru,Karnataka,Corporate,12-31-2024,Social Media,Yes
C04677,amit shah,amit.shah4677@yahoo.com,+91-8946382795,Gurugram,Haryana,Consumer,03-08-2025,Organic Search,0
C04678,aarav shah,aarav.shah4678@mail.com,+91-9969135217,Ahmedabad,Gujarat,Consumer,12-16-2023,Social Media,No
C04679,Sneha Iyer,sneha.iyer4679@gmail.com,7912137660,Chennai, Tamil Nadu ,Small Business,2026-07-11,Organic Search,N
C04680,Pooja Jain,pooja.jain4680gmail.com,+91-9713359693,JAIPUR,Rajasthan,Small Business,2022-03-08,Marketplace,Yes
C04681,kabir shah,kabir.shah4681@gmail.com,+91-9645624194,Bengaluru,Karnataka,Corporate,01-01-2024,Paid Search,0
C04682,Sneha Chopra,sneha.chopra4682@outlook.com,+91-8190052728,Kolkata,West Bengal,Corporate,07-10-2026,Marketplace,No
C04683,Pooja Malhotra,pooja.malhotra4683@gmail.com,+919812126431,Mumbai,Maharashtra,Consumer,05/08/2021,,1
C04684,Rahul Mishra,rahul.mishra4684@yahoo.com,+91-7646682048,Indore,Madhya Pradesh,Consumer,06/01/2024,Direct,N
C04685,Aarav Patel,aarav.patel4685@company.in,+91-8522955802,Lucknow,Uttar Pradesh,Small Business,2023-11-27,Organic Search,Y
C04686,Diya Sharma,diya.sharma4686@mail.com,+91-9608323915,Chandigarh,Chandigarh,Corporate,08-09-2026,Marketplace,1
C04687,Arjun Joshi,arjun.joshi4687@company.in,+91-9794730883,Lucknow,Uttar Pradesh,Corporate,2025-02-01,Paid Search,Y
C04688,Varun Verma,varun.verma4688@outlook.com,+91-8387225149,Bengaluru,Karnataka,Consumer,11-28-2024,Social Media,Yes
C04689,Kiara Shah,kiara.shah4689@outlook.com,+91-7069229126,ahmedabad, Gujarat ,Small Business,02-19-2025,Organic Search,Y
C04690,Neha Reddy,neha.reddy4690@gmail.com,+91-8930901269,Bengaluru,Karnataka,Consumer,2023-10-22,Paid Search,Y
C04691,Aditya Nair,ADITYA.NAIR4691@COMPANY.IN,+918443993014,Indore,Madhya Pradesh,Small Business,10-25-2025,Paid Search,Y
C04692,SAHIL SAXENA,sahil.saxena4692@company.in,+91-7686984030,Jaipur,Rajasthan,Corporate,20/04/2024,Marketplace,N
C04693,Pooja Nair,pooja.nair4693@mail.com,+91-8083579562,Kolkata,West Bengal,Corporate,2023-02-17,Organic Search,Y
C04694, Sahil Iyer ,sahil.iyer4694@company.in,+91-9880901979,Jaipur,Rajasthan,Small Business,02-12-2023,Marketplace,N
C04695,Priya Sharma,priya.sharma4695@yahoo.com,+917554134383,chandigarh,Chandigarh,Corporate,03-03-2026,Marketplace,Y
C04696,Diya Jain,diya.jain4696@company.in,+91-8600828058,Kolkata,West Bengal,Corporate,2022-09-02,Referral,1
C04697,kabir saxena,kabir.saxena4697@company.in,+91-9947369949,Coimbatore,Tamil Nadu,Corporate,2023-03-17,Paid Search,Y
C04698, Saanvi Agarwal ,,+91-7529890343,Lucknow,Uttar Pradesh,Consumer,05-31-2023,Marketplace,Y
C04699,Priya Kapoor,priya.kapoor4699@gmail.com,+91-9368070600,MUMBAI,Maharashtra,Corporate,12-07-2023,Direct,No
C04700,Sahil Kumar,sahil.kumar4700@yahoo.com,+91-7816251981,Nagpur,Maharashtra,Small Business,04/12/2023,Marketplace,Y
C04701,SAHIL MEHTA,sahil.mehta4701@outlook.com,+91-9871327766,Ahmedabad,Gujarat,Small Business,03-19-2026,Referral,Yes
C04702,Amit Mishra,amit.mishra4702@gmail.comm,+91-7869553697,Noida, Uttar Pradesh ,Corporate,14/03/2021,Direct,N
C04703,simran kapoor,simran.kapoor4703@mail.com,+919595630851,Pune,Maharashtra,Corporate,2023-07-13,Direct,1
C04704,IRA KUMAR,ira.kumar4704@outlook.com,8255696902,Indore, Madhya Pradesh ,Small Business,25/01/2026,Marketplace,Y
C04705,Arjun Nair,arjun.nair4705@company.in,+91-9383380280,Gurugram,Haryana,Consumer,05-10-2025,Paid Search,Y
C04706,sneha kumar,sneha.kumar4706@company.in,+91-785624367,Jaipur,Rajasthan,Corporate,09-14-2023,Direct,Y
C04707,Saanvi Shah,saanvi.shah4707@company.in,+91-8765697496, Delhi ,Delhi,Consumer,10/07/2026,Marketplace,1
C04708,Ira Patel,ira.patel4708@mail.com,+91-9975911473,Chandigarh,CHANDIGARH,Corporate,15/02/2024,Social Media,N
C04709,Aditya Mehta,aditya.mehta4709@yahoo.com,+91-7362388322,Bhubaneswar,Odisha,Corporate,03-05-2023,Organic Search,Yes
C04710,Vihaan Joshi,vihaan.joshi4710@company.in,+91-7742203263,INDORE, Madhya Pradesh ,Consumer,11/02/2024,Organic Search,0
C04711, Meera Singh ,meera.singh4711@mail.com,+91-7941441436,Hyderabad,Telangana,Consumer,18/09/2021,Direct,N
C04712,Arjun Chopra,arjun.chopra4712@yahoo.com,+91-7008292588, Delhi ,Delhi,Consumer,2022-12-02,Social Media,Y
C04713,Priya Patel,priya.patel4713@mail.com,+91-9314324639,hyderabad,Telangana,Corporate,05-11-2022,Referral,Yes
C04714,aanya iyer,AANYA.IYER4714@YAHOO.COM,+91-7350540315,Chandigarh,Chandigarh,Consumer,06-09-2021,Marketplace,Yes
C04715,Vihaan Kapoor,vihaan.kapoor4715@outlook.com,+91-8955457988,Bengaluru,Karnataka,Corporate,10-10-2025,Email,0
C04716,Amit Nair,amit.nair4716@yahoo.com,+91-7271838787,bhopal,madhya pradesh,Consumer,2024-01-08,Paid Search,1
C04717,Varun Singh,varun.singh4717@mail.com,+91-9640907769,Bhubaneswar,Odisha,Corporate,2025-05-28,Organic Search,
C04718,Sneha Chopra,sneha.chopra4718@yahoo.com,+91-9474638546,Lucknow,Uttar Pradesh,Small Business,04-06-2022,Paid Search,Y
C04719,Myra Kumar,myra.kumar4719@company.in,+91-7384578037,Nagpur,Maharashtra,Consumer,2022-02-21,Social Media,No
C04720,Nikhil Bansal,nikhil.bansal4720@yahoo.com,+91-9022909215,Indore,Madhya Pradesh,Corporate,12/05/2022,Marketplace,No
C04721,Sneha Mehta,sneha.mehta4721@gmail.com,+91-8735140317,Delhi,Delhi,Consumer,2025-03-07,Social Media,N
C04722,Varun Iyer,varun.iyer4722@outlook.com,+91-9378752311,Indore,Madhya Pradesh,Consumer,10/09/2022,Email,Yes
C04723,Rahul Verma,rahul.verma4723@mail.com,7333222383,Lucknow,Uttar Pradesh,Consumer,01-22-2026,Referral,Y
C04724,Rohan Gupta,rohan.gupta4724@yahoo.com,+91-8815339164,Indore,,Corporate,2025-05-20,Marketplace,Y
C04725,Rahul Gupta,rahul.gupta4725@gmail.com,+91-9865296477,Mumbai,MAHARASHTRA,,02/01/2023,Social Media,1
C04726,Nikhil Malhotra,nikhil.malhotra4726@outlook.com,+919154557969,Noida,Uttar Pradesh,Small Business,18/11/2024,Paid Search,Y
C04727, Pooja Patel ,pooja.patel4727@mail.com,+917782553723,,Gujarat,Corporate,24/10/2021,Organic Search,1
C04728, Sneha Verma ,sneha.verma4728@yahoo.com,+91-8957725829,Pune, Maharashtra ,Small Business,01/10/2024,Email,Y
C04729,Arjun Reddy,arjun.reddy4729@mail.com,+91-8389902698,,Telangana,Corporate,04-15-2025,Paid Search,
C04730,Meera Mehta,meera.mehta4730@outlook.com,+91-9741236054,Bhubaneswar,Odisha,Corporate,2022-04-29,Email,Yes
C04731,Riya Patel,riya.patel4731@outlook.com,7706538873,Noida,UTTAR PRADESH,Consumer,2024-10-14,Marketplace,Yes
C04732,Rahul Reddy,rahul.reddy4732@yahoo.com,+91-7743760708,Hyderabad,Telangana,Small Business,29/11/2021,,Y
C04733,Varun Nair,varun.nair4733@outlook.com,+91-9307406730,Patna, Bihar ,Small Business,21/02/2024,Marketplace,Y
C04734,Sneha Joshi,sneha.joshi4734@outlook.com,+91-8915170595,Jaipur,Rajasthan,Corporate,2022-01-10,Social Media,No
C04735,Karan Saxena,,+91-9056418575, Gurugram ,Haryana,Small Business,11-20-2023,Organic Search,1
C04736, Neha Patel ,neha.patel4736@mail.com,+91-7540205922,Mumbai,Maharashtra,Small Business,12-28-2024,Direct,Yes
C04737,Karan Agarwal,karan.agarwal4737@mail.com,+91-9268159270,Mumbai,maharashtra,Corporate,2023-04-12,Marketplace,Y
C04738,Rohan Jain,rohan.jain4738@yahoo.com,+91-9680201142,Hyderabad,Telangana,Small Business,23/03/2023,Marketplace,No
C04739,Sahil Bansal,sahil.bansal4739@mail.com,7278107987,Bengaluru,Karnataka,Corporate,11-24-2021,Social Media,Yes
C04740,Priya Jain,priya.jain4740@outlook.com,+91-9020157709,Nagpur,Maharashtra,Small Business,12-02-2025,Organic Search,Y
C04741,Simran Verma,,+91-9294921907,Mumbai,Maharashtra,Small Business,09-08-2021,Email,0
C04742,Ishaan Agarwal,ishaan.agarwal4742@yahoo.com,+91-8734501730,BHOPAL,Madhya Pradesh,Corporate,27/04/2023,Social Media,Y
C04743,Rahul Shah,rahul.shah4743@yahoo.comm,+917706271507,Patna,Bihar,Small Business,09-26-2024,Direct,0
C04744,Rohan Malhotra,rohan.malhotra4744@company.in,+91-9136776048, Nagpur ,MAHARASHTRA,Corporate,06/10/2022,Referral,Y
C04745,Vihaan Kapoor,vihaan.kapoor4745@yahoo.com,+91-7278781673,Bengaluru,Karnataka,,15/07/2023,Organic Search,
C04746,Vivaan Gupta,vivaan.gupta4746@outlook.com,+91-7531269843,Jaipur,Rajasthan,Small Business,10/08/2021,Direct,No
C04747,Karan Gupta,karan.gupta4747company.in,+91-7011171914,Bhopal,Madhya Pradesh,Corporate,12-03-2022,Social Media,Y
C04748,Aarav Shah,aarav.shah4748@gmail.com,+91-8087837865,Delhi,Delhi,Corporate,2023-01-08,Marketplace,N
C04749,Myra Kumar,myra.kumar4749@mail.com,,,Karnataka,Consumer,09-11-2025,Social Media,Yes
C04750,ISHAAN JOSHI,ishaan.joshi4750@mail.com,+91-7295642405,Bengaluru,karnataka,Small Business,03-03-2022,Organic Search,0
C04751,Varun Joshi,varun.joshi4751@gmail.com,+91-9556811553,Bhubaneswar,Odisha,Consumer,11-23-2023,Paid Search,
C04752,Arjun Saxena,arjun.saxena4752@gmail.comm,+91-897143216,Hyderabad,Telangana,Small Business,28/11/2022,Referral,
C04753,kabir chopra,kabir.chopra4753@mail.com,+91-8054861159,Bhopal,Madhya Pradesh,Small Business,26/08/2021,Referral,Y
C04754,Aanya Reddy,aanya.reddy4754@gmail.com,+91-9938467317,Coimbatore,TAMIL NADU,Small Business,2022-02-09,Organic Search,
C04755,Ankit Verma,ankit.verma4755@company.in,+91-7299144234,Lucknow,Uttar Pradesh,Consumer,01-13-2023,Paid Search,No
C04756,Kiara Sharma,kiara.sharma4756@yahoo.com,+91-7133689751,bengaluru,Karnataka,Corporate,07/01/2022,Marketplace,N
C04757,Nikhil Agarwal,nikhil.agarwal4757@outlook.com,+91-8798256075,Kochi,Kerala,Corporate,12-30-2022,Email,Yes
C04758,Myra Jain,myra.jain4758@company.in,+91-9692847314,Ahmedabad,Gujarat,Small Business,2023-11-13,Social Media,1
C04759,DIYA KUMAR,diya.kumar4759@mail.com,+91-9645097934,Bengaluru,Karnataka,,12-01-2023,Organic Search,0
C04760,Vivaan Joshi,vivaan.joshi4760@outlook.com,+91-7147465072,Kochi,kerala,Consumer,2022-07-23,Referral,Y
C04761,Kabir Nair,kabir.nair4761@company.in,+91-8035268487,KOLKATA,West Bengal,Corporate,05-08-2026,Organic Search,1
C04762,Pooja Kapoor,pooja.kapoor4762@company.in,+91-9932915244,Gurugram,Haryana,Consumer,10/10/2025,Paid Search,
C04763,Kabir Mehta,kabir.mehta4763@outlook.com,+91-801178487,Ahmedabad,Gujarat,Consumer,20/04/2021,Organic Search,0
C04764,Riya Reddy,riya.reddy4764@outlook.com,+91-7408094146,AHMEDABAD,gujarat,Small Business,11-16-2021,Email,Y
C04765,Nikhil Joshi,nikhil.joshi4765@gmail.com,+91-7634398486,Bhubaneswar,Odisha,Consumer,03-21-2024,Marketplace,Y
C04766, Priya Agarwal ,priya.agarwal4766@gmail.com,+91-9290415301,Coimbatore,Tamil Nadu,Small Business,11-17-2022,Referral,0
C04767,Priya Reddy,priya.reddy4767@outlook.com,+91-7898039757, Kolkata ,West Bengal,Consumer,2021-12-04,Referral,Y
C04768,Ananya Verma,ananya.verma4768@mail.com,+919204743447,Ahmedabad,Gujarat,Small Business,08-12-2024,,Y
C04769,Saanvi Kapoor,saanvi.kapoor4769@outlook.com,+91-7452777174,Coimbatore,Tamil Nadu,Small Business,05-08-2023,Marketplace,0
C04770,Aanya Singh,aanya.singh4770@company.in,9849527152,Mumbai,Maharashtra,Small Business,16/07/2023,Direct,N
C04771,Rahul Saxena,rahul.saxena4771@mail.com,7870433941,Surat,Gujarat,Consumer,09-18-2021,Marketplace,Yes
C04772,Karan Malhotra,karan.malhotra4772@yahoo.com,+91-9131781668, Bengaluru ,Karnataka,Consumer,05-09-2024,Social Media,0
C04773,Ira Jain,ira.jain4773@gmail.com,+91-7520733090,surat,Gujarat,Consumer,28/11/2025,,N
C04774,Kabir Patel,kabir.patel4774@outlook.com,8255222690,Coimbatore,Tamil Nadu,Corporate,22/09/2025,Marketplace,Y
C04775,Arjun Bansal,ARJUN.BANSAL4775@COMPANY.IN,+91-9397122189,Delhi,Delhi,Consumer,17/10/2024,Organic Search,1
C04776,Arjun Patel,arjun.patel4776@yahoo.com,+91-8239626951,Indore, Madhya Pradesh ,Small Business,12-05-2023,Social Media,No
C04777,POOJA KAPOOR,pooja.kapoor4777@gmail.com,+91-8836445043, Chandigarh ,chandigarh,Corporate,12/06/2025,Organic Search,Yes
C04778,Myra Iyer, myra.iyer4778@company.in ,+91-8520446705,Surat,Gujarat,Consumer,2023-03-09,Marketplace,Y
C04779,tanya chopra,tanya.chopra4779@gmail.com,+91-9293055839,Surat,Gujarat,Consumer,2022-08-02,Social Media,1
C04780,Vihaan Chopra,vihaan.chopra4780@gmail.com,9139115705,Gurugram,Haryana,Consumer,03-06-2023,Social Media,0
C04781,Riya Saxena,riya.saxena4781@mail.com,+91-8260858122,chennai,TAMIL NADU,Small Business,07/04/2021,Social Media,Y
C04782,Aarav Malhotra,aarav.malhotra4782@gmail.com,+91-8792534656,Kochi,Kerala,Corporate,11-14-2024,Marketplace,No
C04783,Karan Shah,karan.shah4783@company.in,+91-9548903076,Gurugram,Haryana,Small Business,2023-08-10,Social Media,Y
C04784,Varun Patel,varun.patel4784@mail.com,+91-8019004528,Ahmedabad,Gujarat,Consumer,09/07/2024,Direct,1
C04785,Arjun Jain,arjun.jain4785@company.in,+91-9988848190,Pune,Maharashtra,Small Business,2025-07-14,Email,Yes
C04786,Sahil Bansal,sahil.bansal4786@outlook.com,+91-9318790757,Ahmedabad,,Small Business,2026-05-06,Email,1
C04787,Aarav Iyer,aarav.iyer4787@outlook.com,+91-7996997258,Bhubaneswar,Odisha,Small Business,21/05/2023,Paid Search,1
C04788,Diya Agarwal,diya.agarwal4788@outlook.com,+91-8954101715,Coimbatore,Tamil Nadu,Small Business,03-05-2024,Email,Yes
C04789,Kabir Shah,kabir.shah4789@outlook.com,+91-7038790161,Bengaluru,Karnataka,Consumer,19/07/2022,Referral,Y
C04790,Saanvi Iyer,saanvi.iyer4790@yahoo.com,+91-9248915395,Jaipur,Rajasthan,Corporate,10/02/2023,Social Media,N
C04791,Arjun Iyer,arjun.iyer4791@company.in,+91-7482843690,Gurugram,HARYANA,Consumer,09-20-2025,Email,N
C04792,Kabir Reddy,kabir.reddy4792@company.in,+91-8466172300,Gurugram,Haryana,Consumer,28/05/2021,Organic Search,N
C04793,Rahul Mishra,rahul.mishra4793@yahoo.com,+91-8174517037, Bhubaneswar ,Odisha,Small Business,07/02/2022,Organic Search,Y
C04794,KARAN MISHRA,KARAN.MISHRA4794@GMAIL.COM,+91-7886835536,Noida,Uttar Pradesh,Small Business,12-19-2023,Paid Search,1
C04795,Ira Verma,ira.verma4795@yahoo.com,+91-9972908394, Kolkata ,West Bengal,Consumer,03-14-2021,Marketplace,
C04796,Kabir Shah,kabir.shah4796@mail.com,+91-8856667980,Kolkata,West Bengal,Corporate,07/03/2021,Email,Y
C04797,Sneha Verma,,+91-9668606082,Chandigarh,Chandigarh,Consumer,2025-10-24,Marketplace,1
C04798,Arjun Kumar,arjun.kumar4798@outlook.comm,+91-9669379466,Mumbai,Maharashtra,Corporate,04/01/2024,Direct,Y
C04799,Aditya Verma,,+91-9512563867,Chennai,Tamil Nadu,Corporate,23/12/2022,Marketplace,N
C04800,Varun Kumar,varun.kumar4800@outlook.com,+91-7298683822,Surat,Gujarat,Small Business,2024-05-06,Organic Search,No
C04801,Karan Patel,karan.patel4801@yahoo.com,+91-9726069864,Kochi,kerala,Small Business,14/08/2024,Referral,1
C04802,Meera Joshi,meera.joshi4802@company.in,+91-9801738177,Lucknow,Uttar Pradesh,Small Business,2021-01-18,Organic Search,1
C04803,POOJA KUMAR,pooja.kumar4803@mail.comm,+91-8127083188,Kolkata,West Bengal,Consumer,17/02/2024,Email,No
C04804,Ira Singh,ira.singh4804@company.in,+91-7807180693,Patna, Bihar ,Small Business,2025-10-28,Paid Search,No
C04805,Saanvi Patel,saanvi.patel4805@yahoo.com,+918569991855,Patna,Bihar,Small Business,2023-09-19,Social Media,1
C04806,Sneha Saxena,sneha.saxena4806@mail.com,+91-939964089,Chennai,Tamil Nadu,Small Business,12-08-2024,Social Media,
C04807,Ira Reddy,ira.reddy4807@gmail.com,+91-7504369119,Kochi,Kerala,Corporate,06-17-2023,Referral,Yes
C04808,Diya Patel,diya.patel4808@yahoo.com,+91-7863121142,Chandigarh,Chandigarh,Small Business,21/02/2025,Marketplace,0
C04809,Sahil Mishra,sahil.mishra4809@outlook.com,+91-9319541556,Kochi,Kerala,Corporate,2023-05-06,Paid Search,
C04810,Karan Verma,karan.verma4810@gmail.com,+91-8089075472,Chennai,Tamil Nadu,Consumer,23/06/2025,Direct,Yes
C04811,Priya Kapoor,priya.kapoor4811company.in,+91-8216845686,bhubaneswar,Odisha,Corporate,29/04/2022,Direct,Y
C04812,Meera Iyer,meera.iyer4812@outlook.com,+91-7740012602,Gurugram,Haryana,Small Business,20/05/2025,Social Media,Y
C04813,Meera Mehta,meera.mehta4813@gmail.com,,Coimbatore,Tamil Nadu,Consumer,10/01/2022,Referral,No
C04814,Simran Agarwal,simran.agarwal4814@gmail.com,+91-7422660877,lucknow,Uttar Pradesh,Consumer,2023-07-27,Direct,Yes
C04815,Varun Chopra,VARUN.CHOPRA4815@OUTLOOK.COM,7368756097,Bengaluru,Karnataka,Corporate,02-23-2024,Direct,Yes
C04816,Sahil Mehta,sahil.mehta4816@mail.com,+91-8438565675,Ahmedabad,Gujarat,Small Business,03/06/2022,Email,1
C04817,Amit Mehta, amit.mehta4817@gmail.com ,+91-7749216717,Gurugram,Haryana,Consumer,2022-09-25,Marketplace,Y
C04818,Vivaan Iyer,vivaan.iyer4818@mail.com,+919949615654,hyderabad,Telangana,Consumer,20/01/2021,Referral,
C04819,Sneha Jain,,7241080495,Bengaluru,karnataka,Corporate,11-01-2024,Direct,Yes
C04820,MEERA JOSHI,meera.joshi4820@mail.com,+91-7894838713,Patna, Bihar ,Corporate,2026-07-23,Organic Search,1
C04821,Saanvi Mishra,saanvi.mishra4821@gmail.com,+91-7279816249,Chennai,Tamil Nadu,Small Business,01/02/2024,Marketplace,Y
C04822,Vihaan Malhotra,vihaan.malhotra4822@gmail.com,+91-7058251652,Surat,Gujarat,Small Business,02/05/2022,Marketplace,Y
C04823,Ananya Patel,ananya.patel4823@outlook.com,+91-7983011694,Hyderabad,Telangana,Consumer,2022-10-12,Email,1
C04824,Ishaan Singh,ishaan.singh4824@company.in,+91-7648242451,Patna,Bihar,Corporate,03-18-2023,Paid Search,
C04825,Sneha Reddy,sneha.reddy4825@mail.com,+91-9795719551,Kochi,Kerala,Small Business,19/10/2023,Social Media,0
C04826,Kabir Iyer,kabir.iyer4826@mail.com,+91-7188795901,Noida, Uttar Pradesh ,Small Business,19/06/2022,Direct,N
C04827,Aditya Jain,aditya.jain4827@company.in,+91-9195718154,Delhi, Delhi ,Corporate,02-19-2025,Direct,N
C04828,Aarav Reddy,aarav.reddy4828@company.in,+91-9552531289,Lucknow,Uttar Pradesh,Small Business,2024-03-20,Email,N
C04829,Riya Sharma,riya.sharma4829@outlook.com,+91-8333726805,Bhopal,Madhya Pradesh,Consumer,2021-08-13,Marketplace,Y
C04830,Varun Shah,varun.shah4830@outlook.com,7902234519,Jaipur,Rajasthan,Corporate,06-30-2025,Social Media,1
C04831,Myra Reddy,myra.reddy4831@mail.com,+91-895030331,Indore,Madhya Pradesh,Consumer,06-25-2023,Email,Y
C04832,Tanya Nair,tanya.nair4832@yahoo.com,+91-8522653009, Kolkata ,west bengal,Corporate,01-15-2021,Direct,No
C04833,Amit Sharma,amit.sharma4833@mail.com,+91-9979360199,Kochi,Kerala,Small Business,2021-11-08,Organic Search,N
C04834,Sahil Agarwal,sahil.agarwal4834@company.in,+91-7909745601,Mumbai,Maharashtra,Corporate,21/08/2022,Organic Search,N
C04835,ANANYA CHOPRA,ANANYA.CHOPRA4835@YAHOO.COM,+91-9927499578,bhopal,Madhya Pradesh,Consumer,09-08-2022,Direct,N
C04836,Tanya Gupta,tanya.gupta4836@mail.com,+91-9830667680,BHOPAL,Madhya Pradesh,Small Business,07-01-2021,,Y
C04837,Saanvi Iyer,saanvi.iyer4837@mail.com,+91-8967255225,Jaipur,Rajasthan,Small Business,06-29-2026,Email,Y
C04838,Priya Chopra,priya.chopra4838@company.in,+91-7123603166,Jaipur,Rajasthan,Corporate,04-29-2022,Social Media,Y
C04839,Diya Singh,diya.singh4839yahoo.com,+91-8048932939,Hyderabad,Telangana,Corporate,25/11/2021,Email,Yes
C04840,Aarav Sharma,aarav.sharma4840@outlook.com,+91-935958127,MUMBAI,Maharashtra,Small Business,2021-11-25,Paid Search,N
C04841,Nikhil Singh,nikhil.singh4841@outlook.com,,Kolkata,WEST BENGAL,Corporate,28/07/2024,Direct,0
C04842,Vivaan Singh, vivaan.singh4842@mail.com ,+91-9574060780,Jaipur,Rajasthan,Small Business,2024-10-15,Referral,1
C04843,Vivaan Verma,vivaan.verma4843@yahoo.com,+91-9481646917,Hyderabad,Telangana,Small Business,08-25-2025,Organic Search,Y
C04844,Sahil Bansal,sahil.bansal4844@outlook.com,+91-9882563163,Jaipur,Rajasthan,Consumer,01-27-2025,Social Media,No
C04845,Kabir Singh,,+91-7866597878,Surat,Gujarat,Corporate,12-08-2021,Paid Search,N
C04846,Arjun Singh, arjun.singh4846@mail.com ,+91-9366407663,AHMEDABAD,Gujarat,Corporate,2026-05-23,Marketplace,1
C04847,Ishaan Sharma,ishaan.sharma4847@outlook.com,+91-9563824080,Noida,UTTAR PRADESH,Consumer,05-18-2022,Paid Search,
C04848,Rahul Reddy,rahul.reddy4848@company.in,+91-7818288195,Patna,Bihar,Small Business,01-01-2026,,1
C04849,MEERA KAPOOR,meera.kapoor4849@mail.com,+91-8315501408,Patna,Bihar,Corporate,12-25-2023,Paid Search,Y
C04850,Kabir Verma,kabir.verma4850@mail.com,+91-9233311045,gurugram,Haryana,Consumer,03-28-2024,Marketplace,Yes
C04851,Riya Nair,riya.nair4851@mail.com,+91-9694012186,Noida,Uttar Pradesh,Corporate,29/09/2023,Social Media,
C04852,Priya Gupta,priya.gupta4852@yahoo.comm,+91-9863796874,bhopal,MADHYA PRADESH,Consumer,09-30-2024,Direct,1
C04853,Sneha Agarwal,sneha.agarwal4853@company.in,+91-8226989358,Kolkata,West Bengal,Consumer,03-25-2024,,N
C04854,KABIR MISHRA,kabir.mishra4854@mail.com,9280681382,lucknow, Uttar Pradesh ,Corporate,12-19-2021,Paid Search,Y
C04855,Ira Gupta,ira.gupta4855@yahoo.com,+91-9305602327,coimbatore,Tamil Nadu,Small Business,04-24-2024,Paid Search,Y
C04856,Diya Kumar,diya.kumar4856@mail.com,+91-8806933606,Chennai,Tamil Nadu,Corporate,05-30-2022,Direct,No
C04857,Diya Patel,diya.patel4857@outlook.com,+91-9033222667,Bengaluru,Karnataka,Corporate,06-19-2024,Paid Search,N
C04858,Kiara Verma,kiara.verma4858@mail.com,7490331523,Hyderabad,Telangana,Consumer,10/09/2022,Referral,Y
C04859,NEHA JAIN,neha.jain4859@gmail.com,+91-8975024853,surat,Gujarat,Small Business,16/08/2026,Direct,1
C04860,Simran Patel,simran.patel4860@mail.com,+91-9591418674,Kolkata,West Bengal,Small Business,31/01/2024,Referral,
C04861,Saanvi Gupta,saanvi.gupta4861@gmail.com,+91-8810994582,SURAT,Gujarat,Consumer,30/07/2025,Referral,No
C04862,Vihaan Bansal,vihaan.bansal4862@company.in,+91-9729623655,Patna,Bihar,Small Business,04-10-2023,Paid Search,0
C04863,Neha Reddy,neha.reddy4863@yahoo.com,+91-8094184784,Bhopal,,Corporate,06-27-2026,Referral,Yes
C04864,Karan Saxena, karan.saxena4864@outlook.com ,,Pune,Maharashtra,Consumer,30/05/2022,Direct,Y
C04865,Karan Shah,karan.shah4865@mail.com,+91-7805505213,Coimbatore,Tamil Nadu,Corporate,2023-10-12,Marketplace,Y
C04866,Ankit Sharma,ankit.sharma4866@gmail.com,+91-9613865655,Patna,Bihar,Small Business,13/06/2025,Social Media,1
C04867,Pooja Chopra,pooja.chopra4867@company.in,7568311443,Kochi,Kerala,Small Business,07/08/2022,Email,1
C04868,Aarav Saxena,aarav.saxena4868@outlook.comm,+91-8741980571,Hyderabad,telangana,Corporate,2021-05-18,Social Media,Yes
C04869,arjun kapoor,ARJUN.KAPOOR4869@COMPANY.IN,+91-7836813232,Pune,Maharashtra,Consumer,30/12/2021,Paid Search,0
C04870,RIYA VERMA,riya.verma4870@gmail.com,+91-9157759853,Pune,Maharashtra,Consumer,11-04-2021,Organic Search,1
C04871,Arjun Iyer,arjun.iyer4871@mail.com,+91-8086596119,delhi,Delhi,Small Business,08-06-2023,Paid Search,0
C04872,Pooja Iyer,pooja.iyer4872@mail.com,7007532305,Chennai,Tamil Nadu,Corporate,03/06/2022,Organic Search,No
C04873,Aanya Malhotra,aanya.malhotra4873@outlook.com,+91-9008001783,Kolkata,West Bengal,Corporate,10/05/2025,Email,Y
C04874,Priya Agarwal, priya.agarwal4874@company.in ,+91-8796381374,Chandigarh,Chandigarh,Consumer,2025-09-30,Paid Search,Y
C04875,Vihaan Chopra,vihaan.chopra4875@outlook.com,+91-9606529565,Patna,Bihar,Corporate,2022-12-07,Social Media,Y
C04876,Aditya Mehta,aditya.mehta4876@gmail.com,+91-7363915475,Surat, Gujarat ,Consumer,10/09/2023,Email,Y
C04877,Rohan Agarwal,rohan.agarwal4877@outlook.com,+91-9825207303,Mumbai, Maharashtra ,Consumer,05-27-2021,Marketplace,Y
C04878,Vivaan Verma,vivaan.verma4878@outlook.com,+91-8469469876,Bhubaneswar,Odisha,Consumer,03-22-2025,Paid Search,Y
C04879,Tanya Sharma,tanya.sharma4879@gmail.com,+91-8573851412,Nagpur,Maharashtra,Consumer,11-09-2022,Email,Y
C04880,Aarav Saxena,aarav.saxena4880@gmail.com,+91-9734701653,surat,Gujarat,Small Business,02-02-2021,Marketplace,N
C04881,Pooja Bansal,pooja.bansal4881@mail.com,8211525129,Nagpur,Maharashtra,Consumer,11-21-2021,Organic Search,0
C04882,nikhil mishra,nikhil.mishra4882@mail.com,+91-7343033773,Delhi,Delhi,Small Business,05-25-2022,Direct,Y
C04883,Rahul Reddy,rahul.reddy4883@gmail.com,+91-8757074479,Mumbai,Maharashtra,Corporate,12-12-2024,Social Media,Y
C04884,Aarav Shah,aarav.shah4884@outlook.com,8195015410,Pune,Maharashtra,Consumer,06/02/2024,Organic Search,No
C04885,Ankit Agarwal,ankit.agarwal4885@yahoo.com,+91-9758289752,Ahmedabad,Gujarat,Consumer,2024-03-12,Organic Search,
C04886,Ankit Mehta,ankit.mehta4886@gmail.com,+917373980639,Delhi,Delhi,Consumer,09-05-2025,Social Media,Y
C04887,Kiara Patel,kiara.patel4887@mail.com,+91-7431161967,Kolkata,West Bengal,Small Business,2023-12-04,Referral,Y
C04888,Diya Mishra,DIYA.MISHRA4888@MAIL.COM,+91-9484505449,Ahmedabad,Gujarat,Consumer,2022-01-06,Referral,No
C04889,Sahil Agarwal,,+91-7700497144, Patna , Bihar ,Corporate,08/06/2024,Referral,Y
C04890,Myra Saxena,myra.saxena4890@company.in,+91-9759457505,GURUGRAM,Haryana,Small Business,2024-10-23,Paid Search,0
C04891,Amit Nair,amit.nair4891@gmail.com,+917181254623,Lucknow,Uttar Pradesh,Small Business,09/05/2021,Direct,Y
C04892,Sahil Mehta,sahil.mehta4892@gmail.com,+91-9224186192,Noida,Uttar Pradesh,Small Business,05-22-2022,Paid Search,Y
C04893,Saanvi Jain,saanvi.jain4893@yahoo.com,+91-8206122547,Kolkata,West Bengal,Consumer,15/12/2025,Direct,0
C04894,Aarav Malhotra,aarav.malhotra4894@company.in,+91-9836054773,Chandigarh,Chandigarh,Small Business,2025-01-27,Referral,Yes
C04895,Aarav Iyer,aarav.iyer4895@gmail.com,+91-8006296933, Noida ,Uttar Pradesh,Consumer,2022-01-01,Referral,Y
C04896,Diya Verma,diya.verma4896@gmail.com,+91-7138850626,NAGPUR,Maharashtra,Corporate,2021-04-28,Direct,1
C04897,Kabir Kumar,kabir.kumar4897@yahoo.com,,Kolkata,West Bengal,Corporate,2025-05-31,,
C04898,Priya Sharma,priya.sharma4898@yahoo.com,+91-7807430326,Bhubaneswar,Odisha,Corporate,2021-11-21,Direct,Yes
C04899,Rohan Kumar,ROHAN.KUMAR4899@MAIL.COM,,Chennai,Tamil Nadu,Corporate,2025-08-04,Email,Y
C04900,Meera Bansal,meera.bansal4900@outlook.com,9403487757,Bengaluru,Karnataka,Small Business,2022-02-25,Direct,
C04901,Amit Singh,amit.singh4901@yahoo.com,+91-8283641301,noida, Uttar Pradesh ,Corporate,03/09/2023,Referral,N
C04902,Tanya Reddy,tanya.reddy4902@gmail.com,+91-742496593,Gurugram,Haryana,Consumer,2024-06-08,Social Media,0
C04903,Vihaan Saxena,vihaan.saxena4903@mail.com,+91-7588276249, Ahmedabad ,Gujarat,Corporate,07-02-2026,Direct,0
C04904,Ananya Saxena,ananya.saxena4904gmail.com,+91-9859331879,Coimbatore,Tamil Nadu,Corporate,08-21-2021,Organic Search,1
C04905,Amit Kumar,amit.kumar4905@gmail.com,+91-7609057302,Bengaluru,Karnataka,Consumer,2021-06-24,Organic Search,Yes
C04906,Vihaan Saxena,vihaan.saxena4906@company.in,7515523500,Jaipur,Rajasthan,Consumer,25/12/2022,Marketplace,Y
C04907,PRIYA BANSAL,priya.bansal4907@company.in,+91-9224252343,Pune,Maharashtra,Small Business,25/08/2022,Marketplace,No
C04908,Sahil Patel,sahil.patel4908@outlook.com,+91-7291789363,Chandigarh,chandigarh,Consumer,30/01/2024,Paid Search,Y
C04909,Varun Bansal,varun.bansal4909@gmail.com,+91-7923204623,Gurugram,Haryana,Consumer,2025-06-03,Marketplace,0
C04910,Riya Malhotra,riya.malhotra4910@gmail.com,+91-8657577094,bengaluru,Karnataka,Small Business,12-06-2021,Marketplace,No
C04911,vivaan mehta,vivaan.mehta4911@company.in,9471308952,Bhubaneswar, Odisha ,Corporate,12-11-2024,Marketplace,Y
C04912,kabir verma,,+91-7795073026,Chandigarh,Chandigarh,Small Business,07/11/2021,Email,
C04913,VIHAAN MEHTA, vihaan.mehta4913@outlook.com ,+91-8226273735,Chennai,Tamil Nadu,Consumer,18/04/2022,Email,Y
C04914,ANANYA MISHRA,ananya.mishra4914@gmail.com,+91-7747353407,Jaipur,Rajasthan,Small Business,20/11/2025,Social Media,0
C04915,Ishaan Iyer,ishaan.iyer4915@outlook.com,+91-7169597585,Kochi,,Consumer,16/09/2025,Email,Yes
C04916,Ankit Nair,ankit.nair4916@outlook.com,+91-919014458,Bhopal,madhya pradesh,Corporate,20/02/2026,Marketplace,Yes
C04917,Aditya Mehta,aditya.mehta4917@company.in,+91-7407590366,Bengaluru,Karnataka,,19/04/2024,Organic Search,Y
C04918,arjun mehta,arjun.mehta4918@yahoo.com,+91-8036851374,Pune,Maharashtra,Small Business,09-28-2022,Marketplace,
C04919,Amit Gupta,amit.gupta4919@gmail.com,+91-9016940777,Chandigarh,Chandigarh,Small Business,11-28-2022,Social Media,
C04920,Ananya Iyer,ananya.iyer4920@company.in,+91-8386924548,Indore,Madhya Pradesh,Small Business,02-18-2024,Email,No
C04921, Priya Jain ,priya.jain4921@yahoo.com,,Kochi,KERALA,Small Business,2022-10-20,Social Media,No
C04922, Ishaan Verma ,ishaan.verma4922@outlook.com,+91-8284909353, Chennai ,Tamil Nadu,Corporate,03-30-2024,Social Media,No
C04923,Arjun Reddy,arjun.reddy4923@mail.com,+91-9328403558,Noida,Uttar Pradesh,Corporate,2023-04-09,Marketplace,Y
C04924,Pooja Sharma,pooja.sharma4924@mail.com,+91-8508528964,Bhopal,Madhya Pradesh,Corporate,08/01/2021,Direct,0
C04925,Simran Sharma,simran.sharma4925@outlook.com,+91-803305657,Mumbai,Maharashtra,Corporate,12/12/2021,Marketplace,N
C04926,Ankit Nair,ankit.nair4926@mail.com,+91-746470432,Pune,Maharashtra,Small Business,2022-11-13,Direct,
C04927,Varun Mehta,varun.mehta4927@company.in,,Nagpur,Maharashtra,Consumer,2025-07-04,Social Media,No
C04928,Tanya Gupta,tanya.gupta4928@outlook.com,+91-9246047202,kochi,Kerala,Consumer,31/07/2026,Social Media,Y
C04929,Kiara Chopra,kiara.chopra4929@gmail.com,+91-9585278056,Bhubaneswar,Odisha,Corporate,14/06/2023,Social Media,Y
C04930, Riya Mehta ,riya.mehta4930@mail.comm,+91-9250553579,LUCKNOW,Uttar Pradesh,Consumer,17/02/2025,Referral,Y
C04931, Varun Verma ,varun.verma4931@company.in,,Delhi,Delhi,Consumer,23/07/2022,Marketplace,0
C04932,Varun Bansal,varun.bansal4932@yahoo.com,,Chandigarh,Chandigarh,Consumer,2026-07-31,Social Media,N
C04933,Varun Gupta,varun.gupta4933@outlook.com,+91-9427125079,Kolkata,West Bengal,Small Business,11/08/2023,Organic Search,0
C04934,Priya Gupta,priya.gupta4934@outlook.com,+91-8375019865,noida,Uttar Pradesh,Consumer,2022-12-21,Paid Search,
C04935,Arjun Malhotra,arjun.malhotra4935@outlook.com,+91-9090125546,Noida,Uttar Pradesh,Consumer,19/04/2025,Referral,N
C04936,Arjun Malhotra,arjun.malhotra4936@yahoo.com,+91-9048756729,INDORE,Madhya Pradesh,Small Business,29/09/2022,Organic Search,
C04937,Sneha Shah,sneha.shah4937outlook.com,+91-7693380993,Nagpur,,Corporate,07-30-2024,Organic Search,N
C04938,Varun Singh,varun.singh4938@outlook.com,+91-9033650396,,West Bengal,Small Business,25/09/2025,Email,Y
C04939,Sahil Mishra,sahil.mishra4939@mail.com,+91-8066212214,Jaipur,Rajasthan,Corporate,17/12/2021,Referral,Yes
C04940, Priya Jain ,priya.jain4940@mail.com,+91-7802663648,Pune,Maharashtra,Consumer,05/04/2026,Paid Search,
C04941,Aanya Iyer,aanya.iyer4941@yahoo.com,+91-7312812217,Chennai,Tamil Nadu,Small Business,07-31-2025,Marketplace,Yes
C04942,Kiara Bansal,kiara.bansal4942@yahoo.comm,+91-7307065193,Nagpur,Maharashtra,Corporate,04/04/2024,Social Media,Y
C04943, Ishaan Bansal ,ishaan.bansal4943@yahoo.com,+91-9797834328,Ahmedabad,Gujarat,Consumer,15/01/2024,Social Media,1
C04944,Arjun Saxena, arjun.saxena4944@gmail.com ,+91-8323048930,Hyderabad,Telangana,Corporate,05-28-2026,Marketplace,
C04945,Priya Mishra,priya.mishra4945@company.in,+91-7105780166,Indore,Madhya Pradesh,Corporate,04-06-2025,Organic Search,N
C04946,Amit Saxena,amit.saxena4946@mail.com,+91-7912559509,Kolkata,West Bengal,Small Business,02/02/2023,Email,Y
C04947,KABIR IYER,kabir.iyer4947@yahoo.com,+918238886597,Indore,MADHYA PRADESH,Corporate,03-21-2021,Marketplace,
C04948,VARUN REDDY,varun.reddy4948@mail.com,+91-7740450133,Delhi,Delhi,Consumer,19/12/2021,Referral,0
C04949,Aanya Gupta,aanya.gupta4949@gmail.comm,+91-8986844127,Bhubaneswar,Odisha,Consumer,04-07-2025,Paid Search,
C04950,Ishaan Verma,ishaan.verma4950@gmail.com,+91-8365919731,Ahmedabad,Gujarat,Corporate,14/06/2026,Paid Search,No
C04951,Varun Nair,varun.nair4951@mail.com,+91-9439330258,Mumbai,Maharashtra,Consumer,03/08/2022,Email,Y
C04952,AANYA KUMAR,aanya.kumar4952@yahoo.com,+91-897510767,Ahmedabad,Gujarat,Corporate,09-21-2025,Paid Search,Y
C04953,Aanya Joshi,aanya.joshi4953@company.in,+91-8215533739, Patna ,Bihar,Consumer,09-05-2023,Referral,Y
C04954,Meera Bansal,meera.bansal4954@mail.com,+91-9216874542, Lucknow ,Uttar Pradesh,Consumer,24/12/2024,Email,N
C04955,Neha Mishra,neha.mishra4955@gmail.com,+91-7065006652,Surat,Gujarat,Consumer,13/12/2022,Marketplace,Y
C04956,Karan Singh,KARAN.SINGH4956@MAIL.COM,+91-7669698961,Bengaluru,Karnataka,Corporate,08/07/2024,Social Media,Y
C04957,Ishaan Verma,ishaan.verma4957@company.in,+91-7867281794,Jaipur,Rajasthan,Consumer,2022-12-06,Organic Search,N
C04958,Meera Kumar,meera.kumar4958@outlook.com,+91-7596090893,Ahmedabad,gujarat,Corporate,11-05-2021,Social Media,N
C04959,Kabir Jain,kabir.jain4959@mail.com,+91-8473430826,Surat,Gujarat,Consumer,2022-04-26,Organic Search,Y
C04960,Neha Kapoor, neha.kapoor4960@yahoo.com ,+91-8842675994,Jaipur, Rajasthan ,Small Business,07-24-2021,Direct,Y
C04961,Aanya Mishra,aanya.mishra4961@company.in,+91-9274517475,Jaipur, Rajasthan ,Small Business,07-21-2021,Organic Search,Y
C04962,Sneha Agarwal,sneha.agarwal4962@company.in,+91-9544699263,Gurugram,Haryana,Consumer,24/05/2024,Direct,1
C04963,Vihaan Jain,vihaan.jain4963@mail.com,+91-9675897985,Mumbai, Maharashtra ,Consumer,08-16-2026,Referral,Yes
C04964,Amit Malhotra,amit.malhotra4964@yahoo.com,+91-9928181210,Kochi,kerala,Consumer,05-25-2022,Direct,Y
C04965,Simran Shah,simran.shah4965@company.in,+91-8771730979,Patna,Bihar,Corporate,05/03/2025,Social Media,Yes
C04966,Riya Malhotra,riya.malhotra4966@company.in,+91-7606087114,Coimbatore,Tamil Nadu,Small Business,11-05-2022,Direct,
C04967,Meera Singh,meera.singh4967@yahoo.com,+91-9562779781,PATNA,bihar,Corporate,06-24-2022,Social Media,1
C04968,Myra Kumar,myra.kumar4968@outlook.com,+91-7554949240,Noida,Uttar Pradesh,Consumer,2021-05-28,Referral,No
C04969,sneha mishra,sneha.mishra4969@yahoo.com,+91-8251613214,Coimbatore,Tamil Nadu,Small Business,15/10/2024,Marketplace,Yes
C04970,AARAV MISHRA,aarav.mishra4970gmail.com,+91-8502859420,Kolkata,West Bengal,Small Business,07-13-2024,Email,No
C04971,Kabir Iyer,kabir.iyer4971@yahoo.com,+91-805550369,Chandigarh,Chandigarh,Small Business,2024-05-26,Organic Search,Y
C04972,Ira Jain,ira.jain4972@outlook.com,+91-9713977763,BHOPAL,Madhya Pradesh,Consumer,2023-05-28,Email,1
C04973,Simran Singh,simran.singh4973@outlook.com,+91-7528246022,Patna,bihar,Consumer,04-22-2021,Paid Search,Y
C04974,Rahul Verma,rahul.verma4974gmail.com,+91-7307370523,Ahmedabad,Gujarat,Corporate,26/10/2021,Organic Search,Y
C04975,Sneha Nair,sneha.nair4975@company.in,+91-9020093551,Hyderabad,Telangana,Corporate,12-13-2023,Paid Search,0
C04976,Sahil Singh,sahil.singh4976@mail.com,+91-9659661303,Ahmedabad,Gujarat,Corporate,2025-06-17,Organic Search,1
C04977,Pooja Joshi,pooja.joshi4977@gmail.com,+91-8622447176,Hyderabad,Telangana,,08-29-2024,Organic Search,N
C04978,Ankit Gupta,ankit.gupta4978@yahoo.com,+91-9573698766,Indore,Madhya Pradesh,Small Business,04-19-2026,Email,
C04979,Sahil Chopra,sahil.chopra4979@company.in,+91-8072927907,Delhi,Delhi,Consumer,2026-05-29,Direct,Y
C04980,Vihaan Kumar,vihaan.kumar4980@company.in,9742872269,Kolkata,West Bengal,Small Business,26/03/2023,Social Media,Y
C04981,Meera Agarwal,meera.agarwal4981@gmail.com,7176687778,Indore,Madhya Pradesh,Consumer,07/06/2026,Direct,Y
C04982,Meera Iyer,meera.iyer4982@outlook.com,+91-7702980272,,Haryana,Corporate,25/11/2025,Social Media,Y
C04983,Kabir Agarwal,kabir.agarwal4983@outlook.com,+91-7145968356,Pune,Maharashtra,Corporate,04/05/2024,Referral,Y
C04984,Aditya Sharma, aditya.sharma4984@mail.com ,+91-9626197776,Pune,Maharashtra,Consumer,2022-09-10,Organic Search,No
C04985,Simran Verma,,+91-7878542120,Chandigarh,Chandigarh,Corporate,12-17-2022,Marketplace,
C04986,Simran Chopra,simran.chopra4986@yahoo.com,+91-9873101296, Nagpur ,MAHARASHTRA,Small Business,02/07/2023,Organic Search,0
C04987, Priya Malhotra , priya.malhotra4987@company.in ,+917787441891,Bengaluru,Karnataka,Corporate,28/08/2022,Referral,0
C04988,Kiara Kapoor,kiara.kapoor4988@outlook.com,+91-7159744116,Chennai,Tamil Nadu,Corporate,10-08-2025,Social Media,Y
C04989,Ira Verma,ira.verma4989@yahoo.com,+91-7070439635,GURUGRAM,Haryana,Consumer,2022-02-07,Direct,No
C04990,Simran Nair, simran.nair4990@mail.com ,+91-7898126808,Ahmedabad,gujarat,Corporate,05/04/2026,Direct,1
C04991,Rohan Jain,rohan.jain4991@gmail.com,+91-9249774400,AHMEDABAD,Gujarat,Consumer,2025-12-25,Referral,No
C04992,sneha sharma,sneha.sharma4992@gmail.com,8760437587,hyderabad,Telangana,Consumer,27/10/2023,Email,1
C04993,Ankit Saxena,ankit.saxena4993@yahoo.com,+91-7017043483,Ahmedabad,Gujarat,Small Business,03-21-2022,Marketplace,No
C04994,RIYA SAXENA,riya.saxena4994@yahoo.com,+91-7214910831,Indore,MADHYA PRADESH,Consumer,27/11/2022,Direct,Y
C04995,simran agarwal,simran.agarwal4995@yahoo.com,+91-7327654987,Patna,Bihar,Corporate,19/06/2023,Paid Search,No
C04996,Neha Kumar,neha.kumar4996@outlook.com,+91-9630933307,Ahmedabad,Gujarat,Small Business,05/01/2023,Paid Search,N
C04997,Ananya Jain,ananya.jain4997@gmail.comm,+91-7386170209,Kolkata,West Bengal,Consumer,05/09/2023,Paid Search,
C04998,Aanya Joshi,aanya.joshi4998@outlook.com,+91-7854141915,Lucknow,Uttar Pradesh,Corporate,11/01/2022,Paid Search,Y
C04999,Myra Patel,myra.patel4999@mail.com,+91-8071155605,Hyderabad,Telangana,Consumer,2023-09-30,Referral,1
C05000,Aditya Reddy,aditya.reddy5000@outlook.com,+91-9979277509,Patna,bihar,Small Business,03/05/2025,Marketplace,0
C_DUP_001,Sahil Agarwal,sahil.agarwal1502@mail.com,+91-9249211788,Bengaluru,Karnataka,Consumer,02-16-2026,,N
C_DUP_002,Sahil Verma,sahil.verma2587@mail.com,+91-9760100209,Bhopal,Madhya Pradesh,Corporate,09/03/2021,Social Media,
C_DUP_003,Aarav Jain,aarav.jain2654@mail.com,+91-9130865200,Chandigarh,Chandigarh,Small Business,01-17-2022,Email,Yes
C_DUP_004,Myra Patel,myra.patel1056@mail.com,+91-8636025891,Kolkata, West Bengal ,Consumer,09-01-2023,Marketplace,1
C_DUP_005,Nikhil Bansal,nikhil.bansal706@gmail.com,+91-9667099561,Bhopal,Madhya Pradesh,Corporate,2024-01-03,Organic Search,1
C_DUP_006,Aarav Reddy,aarav.reddy107@company.in,+91-7439921366,Pune, Maharashtra ,Consumer,2025-04-17,Referral,0
C_DUP_007,Simran Saxena,simran.saxena590@yahoo.com,9995115611,Bhopal,,,07-18-2026,Social Media,1
C_DUP_008,Vivaan Gupta,vivaan.gupta2469@company.in,+91-8725126985,Surat,gujarat,Consumer,10-07-2024,Marketplace,No
C_DUP_009,Priya Saxena,priya.saxena2414@gmail.com,+91-9122087812,Delhi,Delhi,Small Business,01-24-2024,Direct,Yes
C_DUP_010,Diya Bansal,diya.bansal1601@yahoo.com,+91-8147256805,Lucknow,Uttar Pradesh,,11/10/2024,Organic Search,No
C_DUP_011,Karan Joshi,karan.joshi2465@yahoo.com,+91-9955704529,Coimbatore,Tamil Nadu,Corporate,05-26-2022,Email,Y
C_DUP_012,Neha Iyer,neha.iyer229@outlook.com,+91-7389411691,Indore,Madhya Pradesh,Corporate,26/02/2026,Organic Search,0
C_DUP_013,Kiara Saxena,kiara.saxena916@company.in,+91-782037706,Patna,Bihar,Small Business,06-18-2026,Marketplace,0
C_DUP_014,Priya Agarwal,priya.agarwal795@yahoo.com,+91-7279197653,Delhi,Delhi,,2025-01-11,Email,No
C_DUP_015,Meera Verma,meera.verma3022@company.in,+917101749375,surat,Gujarat,Corporate,04-10-2024,Organic Search,N
C_DUP_016,Meera Patel,meera.patel3544@company.in,+91-7374888074,Pune,Maharashtra,Small Business,06-30-2023,Social Media,Y
C_DUP_017,Karan Iyer,karan.iyer1074@company.in,+91-8840119810, Gurugram ,Haryana,Consumer,29/12/2024,Marketplace,N
C_DUP_018,Ishaan Malhotra,ishaan.malhotra3352@gmail.com,+91-9875762532,PATNA,Bihar,Consumer,2026-06-28,Direct,Y
C_DUP_019,Rahul Singh,rahul.singh1745@company.in,7518800292,gurugram,Haryana,Consumer,2025-06-17,Direct,1
C_DUP_020,Kabir Iyer,kabir.iyer1085@yahoo.com,+919070994704,Kolkata,West Bengal,Consumer,02/02/2026,Organic Search,1
C_DUP_021,Aditya Mehta,aditya.mehta927@outlook.com,+91-7775533388,Ahmedabad,Gujarat,Small Business,16/05/2024,Email,Y
C_DUP_022,Priya Gupta,priya.gupta3050@mail.com,+91-780139854,Chandigarh,Chandigarh,Corporate,2024-10-11,Referral,N
C_DUP_023,Vihaan Chopra,vihaan.chopra1118@company.in,+91-7859263516,Coimbatore, Tamil Nadu ,Consumer,2022-03-20,Paid Search,Yes
C_DUP_024,Ira Jain,ira.jain643@company.in,+91-883073016,Chennai,TAMIL NADU,Small Business,12-25-2023,Organic Search,
C_DUP_025,Ananya Verma,ananya.verma4768@mail.com,+919204743447,Ahmedabad,Gujarat,Small Business,08-12-2024,,Y
C_DUP_026,Rahul Kapoor,rahul.kapoor502@mail.com,+91-9084951645,Lucknow,Uttar Pradesh,Corporate,10-15-2022,Direct,Y
C_DUP_027,Priya Patel,priya.patel4067@yahoo.com,+91-7454944873,Hyderabad,Telangana,Small Business,2022-01-03,Email,
C_DUP_028,Aditya Mishra,,+91-8008372962,Mumbai,,Corporate,08/09/2021,Referral,No
C_DUP_029,Aarav Patel,aarav.patel4685@company.in,+91-8522955802,Lucknow,Uttar Pradesh,Small Business,2023-11-27,Organic Search,Y
C_DUP_030,ARJUN CHOPRA,arjun.chopra487@outlook.com,+91-9177162664,Patna,Bihar,Small Business,02-15-2026,Social Media,Y
C_DUP_031,Myra Joshi,myra.joshi1963@gmail.com,+91-7982186246,Bhubaneswar,Odisha,Consumer,05-03-2026,Marketplace,1
C_DUP_032,Aditya Chopra,aditya.chopra394@company.in,+91-9389935392,Pune,maharashtra,Consumer,07/05/2024,Marketplace,1
C_DUP_033,Vivaan Verma,vivaan.verma4843@yahoo.com,+91-9481646917,Hyderabad,Telangana,Small Business,08-25-2025,Organic Search,Y
C_DUP_034,Pooja Chopra,pooja.chopra4867@company.in,7568311443,Kochi,Kerala,Small Business,07/08/2022,Email,1
C_DUP_035,Ankit Jain,ankit.jain1756@gmail.com,+91-7419171151,Indore,Madhya Pradesh,Consumer,07-01-2023,Email,No
