order_item_id,order_id,product_id,quantity,unit_price,discount_pct,tax_rate
OI0000001,O000001,P00649,2,10757.86,15,0
OI0000002,O000002,P00784,1,8113.45,25,12
OI0000003,O000003,P00352,1,22625.52,10,0
OI0000004,O000004,P00015,1,29616.77,0,5
OI0000005,O000004,P00603,1,4853.83,20,18
OI0000006,O000004,P00195,1,20792.67,25,12
OI0000007,O000005,P00270,2,26493.27,0,0
OI0000008,O000006,P00919,1,20409.52,0,12
OI0000009,O000007,P00383,4,18260.99,20,5
OI0000011,O000008,P00791,1,1330.09,10,5
OI0000013,O000010,P00410,1,1740.41,5,18
OI0000015,O000012,P00099,1,28408.97,10,0
OI0000016,O000013,P00321,2,2153.83,5,0
OI0000018,O000013,P00589,1,11459.74,0,18
OI0000019,O000014,P00221,2,5360.74,15,18
OI0000020,O000014,P00496,3,21348.72,0,12
OI0000021,O000015,P00190,1,9115.85,5,12
OI0000022,O000016,P00937,2,3390.95,0,5
OI0000023,O000017,P00329,1,927.32,10,0
OI0000024,O000017,P00334,1,19104.9,5,0
OI0000025,O000017,P00647,1,5462.97,25,12
OI0000026,O000018,P00201,1,30270.84,15,18
OI0000027,O000019,P00221,2,4921.29,0,12
OI0000028,O000020,P00707,3,19115.68,5,18
OI0000029,O000020,P00390,1,23480.74,0,5
OI0000030,O000020,P00235,1,9469.26,20,18
OI0000031,O000021,P00373,1,21258.81,20,18
OI0000032,O000021,P00301,4,29833.32,20,12
OI0000033,O000022,P00512,2,3975.49,0,18
OI0000034,O000022,P00166,1,27096.52,0,18
OI0000035,O000023,P00420,1,27385.84,0,12
OI0000036,O000023,P00395,3,25138.14,25,18
OI0000037,O000023,P00760,1,8096.0,0,18
OI0000038,O000024,P00531,1,28872.19,0,12
OI0000039,O000025,P00203,1,27162.55,0,12
OI0000040,O000025,P00699,2,24774.34,25,18
OI0000041,O000026,P00859,5,28283.66,10,5
OI0000042,O000026,P00358,1,4607.01,10,18
OI0000043,O000027,P00268,1,19789.37,0,18
OI0000044,O000027,P00502,1,14648.17,5,0
OI0000045,O000027,P00689,1,27603.09,25,18
OI0000046,O000028,P00441,2,7479.78,20,5
OI0000047,O000028,P00367,3,6459.81,10,0
OI0000048,O000029,P00268,1,19402.61,0,12
OI0000049,O000030,P00590,1,3360.35,10,18
OI0000050,O000030,P00086,2,14557.24,10,18
OI0000051,O000030,P00734,1,19149.97,20,0
OI0000052,O000031,P00279,1,15378.5,10,5
OI0000053,O000031,P00589,1,11079.89,0,5
OI0000054,O000032,P00248,2,18186.74,25,5
OI0000055,O000032,P00807,1,5819.4,0,18
OI0000057,O000033,P00961,1,12333.24,0,12
OI0000058,O000034,P00858,5,27660.17,0,0
OI0000059,O000034,P00664,1,409.01,15,12
OI0000060,O000035,P00463,5,24386.06,20,0
OI0000062,O000036,P00411,1,6039.46,5,5
OI0000063,O000036,P00790,1,27713.38,25,18
OI0000064,O000037,P00974,3,8776.56,20,18
OI0000065,O000037,P00348,1,7445.21,0,18
OI0000066,O000038,P00892,2,17786.77,5,12
OI0000067,O000038,P00077,3,3277.86,15,18
OI0000068,O000039,P00363,1,23339.48,20,12
OI0000069,O000040,P00321,1,2044.17,0,18
OI0000070,O000040,P00279,2,15883.59,10,5
OI0000071,O000041,P00094,4,9885.94,0,12
OI0000072,O000041,P00805,1,7533.33,25,12
OI0000073,O000042,P00756,1,15060.51,0,12
OI0000074,O000042,P00208,2,6533.82,0,5
OI0000075,O000043,P00462,2,16924.22,20,18
OI0000076,O000043,P00200,3,7503.99,20,5
OI0000077,O000043,P00671,5,17729.07,5,0
OI0000079,O000045,P00197,4,28062.98,10,12
OI0000080,O000046,P00105,2,16800.55,0,12
OI0000081,O000046,P00095,2,22028.66,0,5
OI0000082,O000047,P00732,5,17146.11,0,5
OI0000083,O000047,P00181,4,28631.79,10,18
OI0000084,O000048,P00232,3,20509.5,0,0
OI0000085,O000049,P00885,1,1605.38,15,12
OI0000086,O000049,P00642,2,25032.43,0,5
OI0000087,O000050,P00682,1,15052.94,5,0
OI0000088,O000051,P00240,1,14616.85,25,0
OI0000089,O000051,P00107,4,3791.89,25,5
OI0000091,O000052,P00864,2,12528.06,0,0
OI0000092,O000053,P00021,2,12896.79,5,5
OI0000093,O000054,P00830,1,5362.36,0,5
OI0000094,O000054,P00719,1,23008.72,10,0
OI0000095,O000055,P00565,2,1064.7,0,0
OI0000096,O000055,P00582,1,14130.93,5,5
OI0000097,O000056,P00763,3,23228.08,15,5
OI0000098,O000057,P00281,1,19561.97,0,12
OI0000099,O000058,P00786,1,27973.5,5,0
OI0000100,O000058,P00846,3,20262.07,0,12
OI0000101,O000059,P00463,1,25929.07,10,12
OI0000102,O000060,P00286,1,571.56,0,5
OI0000103,O000060,P00837,2,17874.96,10,5
OI0000104,O000060,P00965,1,6957.63,20,0
OI0000105,O000061,P00239,1,27919.0,0,18
OI0000107,O000062,P00259,1,24746.74,20,12
OI0000108,O000062,P00719,1,24013.05,0,5
OI0000109,O000063,P00213,1,13871.84,15,12
OI0000110,O000063,P00206,1,14374.13,5,0
OI0000111,O000064,P00082,1,27540.29,-5,12
OI0000112,O000064,P00426,1,15866.87,15,18
OI0000113,O000064,P00128,1,6135.48,10,5
OI0000114,O000065,P00888,2,1354.72,20,18
OI0000115,O000065,P00006,1,9053.86,10,0
OI0000116,O000066,P00194,3,28057.36,10,5
OI0000117,O000066,P00711,1,25305.17,0,5
OI0000119,O000067,P00417,1,12303.89,0,12
OI0000120,O000068,P00399,3,5344.57,5,12
OI0000121,O000068,P00085,2,3535.43,5,18
OI0000122,O000069,P00439,3,26089.05,20,18
OI0000123,O000070,P00724,1,15838.19,5,12
OI0000124,O000071,P00669,1,21989.23,0,12
OI0000125,O000071,P00032,1,21097.64,5,0
OI0000128,O000073,P00280,1,9130.74,10,0
OI0000129,O000073,P00535,2,13889.82,10,5
OI0000130,O000073,P00827,2,8674.86,25,12
OI0000131,O000074,P00640,2,23629.47,10,5
OI0000132,O000075,P00752,1,286.37,0,5
OI0000133,O000075,P00105,1,16149.84,15,5
OI0000134,O000075,P00941,1,19648.55,-5,5
OI0000135,O000076,P00586,1,11134.38,25,0
OI0000136,O000076,P00074,3,24481.88,10,12
OI0000137,O000077,P00919,1,19225.46,20,5
OI0000138,O000077,P00194,1,29183.19,0,0
OI0000139,O000078,P00344,3,18286.7,5,5
OI0000140,O000079,P00610,1,5933.81,0,18
OI0000141,O000079,P00316,2,24218.12,15,12
OI0000142,O000080,P00149,1,29215.43,20,5
OI0000143,O000081,P00482,1,29802.15,20,0
OI0000144,O000081,P00322,3,28474.22,0,5
OI0000145,O000082,P00668,1,4864.75,0,12
OI0000147,O000083,P00933,4,12326.24,25,5
OI0000148,O000083,P00129,1,8502.66,0,18
OI0000150,O000085,P00755,1,15894.89,5,0
OI0000151,O000085,P00697,1,12571.62,20,12
OI0000152,O000085,P00615,1,12113.88,0,12
OI0000153,O000086,P00251,3,29917.15,5,5
OI0000155,O000087,P00875,1,16350.24,0,12
OI0000156,O000088,P00786,1,28867.96,20,18
OI0000157,O000089,P00019,3,17254.7,25,0
OI0000158,O000089,P00316,3,26627.15,5,12
OI0000159,O000090,P00562,2,12953.33,20,5
OI0000160,O000090,P00512,1,4016.89,0,12
OI0000161,O000091,P00904,1,24421.57,0,18
OI0000165,O000094,P00156,2,30143.84,5,5
OI0000166,O000094,P00816,1,857.12,20,18
OI0000167,O000095,P00097,1,1284.45,0,5
OI0000168,O000095,P00483,4,20892.9,25,0
OI0000169,O000095,P00518,1,21148.37,5,18
OI0000170,O000096,P00787,1,17044.41,0,5
OI0000171,O000096,P00206,4,14912.94,15,0
OI0000172,O000096,P00064,2,8966.5,25,18
OI0000173,O000097,P00443,1,22946.43,5,5
OI0000174,O000097,P00465,2,10879.09,-5,18
OI0000175,O000098,P00863,2,21922.3,25,0
OI0000176,O000098,P00484,1,7018.66,20,0
OI0000177,O000098,P00851,1,4682.59,5,5
OI0000178,O000099,P00459,2,23780.09,15,5
OI0000179,O000099,P00295,1,5137.39,20,18
OI0000180,O000099,P00531,1,27534.07,25,5
OI0000181,O000100,P00892,2,18737.58,5,0
OI0000182,O000100,P00693,1,2404.73,25,12
OI0000183,O000101,P00856,2,12621.56,15,5
OI0000184,O000102,P00676,1,20738.26,10,0
OI0000185,O000102,P00668,1,4908.84,10,12
OI0000186,O000102,P00368,1,14626.34,0,12
OI0000187,O000103,P00680,1,6698.41,5,0
OI0000188,O000104,P00313,1,5519.54,5,18
OI0000189,O000104,P00827,2,8514.27,0,12
OI0000192,O000105,P00949,2,30027.87,20,18
OI0000193,O000106,P00197,1,28853.31,0,18
OI0000194,O000107,P00633,2,5873.22,25,0
OI0000195,O000107,P00421,1,19915.2,0,5
OI0000196,O000108,P00046,1,12212.46,5,5
OI0000197,O000108,P00906,1,1784.3,0,18
OI0000199,O000109,P00300,3,6479.93,0,18
OI0000200,O000110,P00581,1,27521.98,5,12
OI0000201,O000110,P00482,1,28703.39,0,18
OI0000202,O000111,P00688,4,27763.72,25,5
OI0000204,O000112,P00590,1,3572.11,25,0
OI0000206,O000113,P00894,4,7941.94,0,18
OI0000209,O000115,P00521,2,23352.99,20,12
OI0000210,O000116,P00098,1,19805.26,0,5
OI0000211,O000116,P00744,1,8637.38,0,18
OI0000212,O000117,P00081,1,13030.14,0,0
OI0000213,O000118,P00823,5,7805.12,0,18
OI0000215,O000118,P00841,1,15447.54,15,0
OI0000216,O000119,P00001,1,9203.71,15,18
OI0000217,O000120,P00940,1,30924.79,0,18
OI0000218,O000121,P00871,1,12231.11,0,0
OI0000219,O000121,P00466,2,831.3,0,12
OI0000220,O000122,P00110,2,1071.76,5,5
OI0000221,O000123,P00307,1,28596.02,0,5
OI0000222,O000123,P00969,1,17371.81,5,12
OI0000223,O000124,P00801,1,2204.07,15,0
OI0000224,O000124,P00379,1,20543.5,0,5
OI0000225,O000125,P00378,2,27625.69,5,5
OI0000226,O000125,P00042,2,28157.2,15,12
OI0000227,O000126,P00007,1,26843.24,0,18
OI0000228,O000126,P00304,1,23224.21,0,5
OI0000229,O000127,P00343,3,10830.91,20,0
OI0000230,O000127,P00391,1,24393.82,0,0
OI0000231,O000128,P00568,1,7827.29,0,0
OI0000232,O000129,P00971,4,7286.79,25,12
OI0000233,O000130,P00506,1,10836.79,25,18
OI0000234,O000130,P00377,1,24849.37,0,18
OI0000235,O000131,P00471,1,13114.65,15,0
OI0000238,O000134,P00059,1,15078.76,15,0
OI0000239,O000134,P00472,1,4500.91,0,5
OI0000240,O000134,P00531,1,29183.16,5,0
OI0000241,O000135,P00141,3,18409.2,0,5
OI0000242,O000136,P00200,1,8165.89,10,0
OI0000243,O000137,P00142,3,17996.05,10,5
OI0000244,O000137,P00936,5,28163.67,15,18
OI0000245,O000138,P00754,4,26536.98,0,0
OI0000246,O000138,P00350,1,23057.14,0,12
OI0000247,O000139,P00497,2,9626.18,0,12
OI0000248,O000139,P00602,1,25884.07,5,0
OI0000249,O000140,P00805,4,7645.34,0,0
OI0000250,O000140,P00332,1,10019.16,0,5
OI0000251,O000140,P00095,4,22875.08,0,12
OI0000252,O000141,P00344,2,18628.05,15,5
OI0000253,O000141,P00055,2,26718.46,20,5
OI0000254,O000142,P00483,2,21121.24,10,5
OI0000255,O000143,P00422,2,23884.85,20,0
OI0000256,O000144,P00310,2,6285.54,15,18
OI0000257,O000144,P00714,2,26923.92,5,0
OI0000258,O000145,P00127,1,15863.01,10,0
OI0000259,O000145,P00738,1,24004.18,0,12
OI0000260,O000146,P00491,3,22889.68,25,18
OI0000261,O000147,P00398,1,1664.62,10,0
OI0000262,O000147,P00026,1,14732.6,10,5
OI0000263,O000148,P00007,1,27339.99,25,5
OI0000264,O000148,P00030,1,22228.48,15,0
OI0000265,O000149,P00247,3,17650.78,10,18
OI0000266,O000149,P00033,1,15320.62,0,18
OI0000267,O000150,P00394,1,5772.9,0,0
OI0000268,O000150,P00563,1,23337.1,0,18
OI0000269,O000151,P00189,1,6357.22,10,0
OI0000270,O000152,P00924,1,10048.89,0,12
OI0000271,O000153,P00845,1,6762.6,20,12
OI0000273,O000154,P00630,2,16354.38,0,12
OI0000274,O000155,P00363,1,23629.37,10,18
OI0000275,O000155,P00978,3,26371.4,0,0
OI0000276,O000156,P00192,1,15109.08,20,18
OI0000277,O000156,P00612,4,8813.71,5,0
OI0000278,O000157,P00601,1,19077.97,10,12
OI0000279,O000158,P00375,2,13759.45,25,5
OI0000280,O000159,P00040,2,15424.71,0,5
OI0000281,O000159,P00974,1,8342.45,0,12
OI0000283,O000160,P00530,2,28143.68,25,12
OI0000284,O000161,P00691,4,13627.05,20,18
OI0000285,O000161,P00387,2,321.67,0,18
OI0000286,O000162,P00771,2,19024.92,10,0
OI0000287,O000163,P00575,1,17347.56,0,18
OI0000288,O000163,P00605,3,6295.96,5,18
OI0000289,O000164,P00786,2,27644.89,0,5
OI0000290,O000164,P00308,2,24344.72,25,0
OI0000291,O000164,P00951,1,27256.02,25,18
OI0000292,O000165,P00651,1,16691.85,0,0
OI0000293,O000165,P00318,1,23129.26,0,5
OI0000294,O000166,P00280,2,8949.39,15,5
OI0000296,O000167,P00539,2,13001.76,20,18
OI0000297,O000167,P00493,1,2882.03,0,18
OI0000298,O000168,P00459,1,24190.14,0,12
OI0000299,O000169,P00707,4,19890.42,0,0
OI0000300,O000169,P00084,1,29177.37,10,0
OI0000301,O000170,P00015,3,29046.66,5,12
OI0000304,O000172,P00381,2,12324.09,0,12
OI0000305,O000172,P00337,4,590.34,0,0
OI0000306,O000173,P00857,1,1294.23,0,5
OI0000307,O000174,P00930,1,10420.95,25,12
OI0000308,O000174,P00019,2,16952.28,-5,0
OI0000309,O000175,P00110,4,1039.64,5,0
OI0000310,O000176,P00873,2,26265.62,0,18
OI0000311,O000176,P00782,1,27977.68,25,5
OI0000312,O000176,P00877,2,28865.5,0,5
OI0000313,O000177,P00141,5,17757.01,10,12
OI0000314,O000178,P00488,1,23738.6,0,0
OI0000315,O000178,P00358,1,4476.59,20,18
OI0000316,O000179,P00326,2,13773.91,0,0
OI0000317,O000179,P00704,1,14434.91,0,0
OI0000318,O000179,P00925,1,26684.46,25,12
OI0000319,O000180,P00086,2,14968.63,10,12
OI0000320,O000181,P00117,1,27372.97,0,5
OI0000321,O000181,P00563,1,24436.9,5,12
OI0000322,O000182,P00422,1,22601.24,25,0
OI0000323,O000182,P00249,2,21771.95,10,0
OI0000324,O000183,P00307,1,30143.46,10,18
OI0000325,O000183,P00322,1,27223.96,25,18
OI0000326,O000183,P00934,1,26284.44,20,12
OI0000327,O000184,P00586,1,11624.47,10,5
OI0000328,O000185,P00561,2,26817.44,5,0
OI0000329,O000186,P00683,1,14974.51,5,5
OI0000330,O000186,P00960,1,23001.75,0,18
OI0000331,O000186,P00283,2,4874.53,25,5
OI0000332,O000187,P00442,1,11462.38,20,12
OI0000333,O000188,P00957,2,18227.5,5,18
OI0000334,O000189,P00342,1,26134.12,0,0
OI0000335,O000189,P00349,1,10488.39,0,5
OI0000336,O000190,P00536,3,25928.74,0,12
OI0000337,O000191,P00791,1,1293.15,15,18
OI0000338,O000191,P00719,2,24521.38,0,0
OI0000340,O000192,P00305,2,2975.01,10,12
OI0000341,O000192,P00225,2,8970.69,5,5
OI0000342,O000192,P00555,1,27525.52,25,12
OI0000343,O000193,P00083,1,987.95,0,18
OI0000344,O000193,P00706,4,14871.2,0,12
OI0000345,O000193,P00466,4,803.8,5,18
OI0000346,O000194,P00377,2,25070.11,10,5
OI0000347,O000194,P00465,1,11182.3,20,5
OI0000348,O000194,P00144,1,8294.68,20,12
OI0000349,O000195,P00963,1,3883.2,0,12
OI0000350,O000195,P00506,1,11193.18,20,12
OI0000351,O000196,P00876,1,8421.3,0,0
OI0000352,O000196,P00185,2,28129.76,0,5
OI0000354,O000198,P00654,1,7898.25,25,5
OI0000355,O000198,P00539,3,12870.95,5,5
OI0000356,O000198,P00819,1,9803.29,0,0
OI0000357,O000199,P00194,1,28805.92,20,12
OI0000358,O000199,P00298,2,6260.59,25,5
OI0000359,O000200,P00727,1,12867.82,0,12
OI0000360,O000201,P00776,1,17882.56,15,5
OI0000361,O000201,P00938,1,10576.62,20,12
OI0000362,O000202,P00839,2,17742.09,15,0
OI0000364,O000203,P00709,3,2005.79,0,18
OI0000365,O000203,P00819,1,9439.64,15,18
OI0000366,O000203,P00815,1,26417.93,25,0
OI0000367,O000204,P00108,2,31027.15,10,18
OI0000368,O000204,P00230,5,24372.35,25,5
OI0000369,O000204,P00874,1,7436.44,0,18
OI0000370,O000205,P00058,5,17905.89,5,18
OI0000371,O000205,P00808,1,19709.39,0,12
OI0000372,O000205,P00066,1,5800.49,20,12
OI0000373,O000206,P00963,1,4068.28,10,18
OI0000374,O000206,P00754,2,26638.79,25,0
OI0000376,O000207,P00438,4,13126.12,10,18
OI0000377,O000207,P00320,2,2419.58,15,12
OI0000378,O000208,P00874,2,7494.51,5,18
OI0000379,O000208,P00536,1,27282.49,0,18
OI0000380,O000209,P00216,4,28999.49,10,18
OI0000381,O000210,P00616,1,7478.56,0,18
OI0000382,O000210,P00455,1,1356.74,0,18
OI0000383,O000210,P00109,2,13505.03,10,0
OI0000384,O000211,P00762,3,19510.65,0,18
OI0000386,O000213,P00349,1,11185.15,20,5
OI0000387,O000213,P00361,2,28109.5,0,12
OI0000388,O000214,P00105,2,16497.52,0,5
OI0000389,O000214,P00656,1,27586.55,20,12
OI0000390,O000214,P00668,1,5037.53,-5,12
OI0000391,O000215,P00564,1,21324.39,10,18
OI0000394,O000217,P00268,5,19042.8,0,5
OI0000395,O000217,P00340,1,26878.56,0,12
OI0000396,O000218,P00983,1,2688.54,0,0
OI0000397,O000218,P00861,1,1738.15,0,5
OI0000398,O000219,P00953,1,460.66,5,18
OI0000399,O000219,P00689,1,28349.51,10,5
OI0000400,O000220,P00701,1,1388.96,25,18
OI0000401,O000221,P00484,1,7484.73,10,5
OI0000402,O000221,P00248,3,19361.19,0,18
OI0000403,O000222,P00738,1,24154.38,0,0
OI0000404,O000223,P00739,1,17118.18,20,0
OI0000406,O000225,P00973,1,28263.96,10,12
OI0000408,O000226,P00149,1,28547.01,5,5
OI0000409,O000227,P00454,1,13319.76,25,5
OI0000410,O000228,P00790,1,26259.19,5,0
OI0000411,O000229,P00184,1,13014.52,0,12
OI0000412,O000229,P00002,1,4479.1,-5,5
OI0000414,O000230,P00440,1,14170.06,5,5
OI0000415,O000231,P00935,1,7031.22,0,0
OI0000416,O000231,P00823,1,7689.03,0,0
OI0000417,O000231,P00544,3,14416.53,10,5
OI0000419,O000232,P00581,1,27401.79,0,12
OI0000421,O000233,P00652,1,3737.52,0,0
OI0000422,O000233,P00658,2,9953.3,10,0
OI0000423,O000233,P00780,3,23629.88,0,18
OI0000424,O000234,P00961,2,11638.37,0,12
OI0000425,O000234,P00793,4,17344.39,0,5
OI0000426,O000234,P00990,1,29079.19,0,5
OI0000427,O000235,P00088,1,12674.62,0,0
OI0000428,O000235,P00067,1,17672.1,0,5
OI0000429,O000236,P00843,1,4671.26,15,0
OI0000430,O000237,P00132,1,5245.89,0,12
OI0000431,O000237,P00413,1,3126.72,0,0
OI0000432,O000238,P00111,1,12624.49,10,5
OI0000433,O000238,P00283,1,4899.17,0,0
OI0000434,O000238,P00321,1,2097.44,10,5
OI0000435,O000239,P00084,1,28680.72,10,12
OI0000436,O000240,P00693,1,2432.09,25,5
OI0000437,O000240,P01000,1,23755.98,0,5
OI0000438,O000240,P00191,1,14361.44,0,0
OI0000439,O000241,P00775,3,17578.63,25,12
OI0000440,O000241,P00237,1,25872.27,10,12
OI0000441,O000242,P00036,1,19628.81,0,0
OI0000442,O000243,P00825,1,24661.46,5,12
OI0000443,O000243,P00752,2,266.91,0,18
OI0000444,O000244,P00358,3,4554.29,15,18
OI0000445,O000244,P00659,1,19760.77,10,5
OI0000446,O000244,P00827,1,8655.56,0,18
OI0000447,O000245,P00891,2,2005.59,0,0
OI0000448,O000246,P00229,1,18040.98,15,5
OI0000449,O000246,P00155,1,11327.51,10,18
OI0000450,O000247,P00759,4,18726.19,0,12
OI0000451,O000247,P00984,2,7402.27,0,0
OI0000452,O000248,P00150,2,17810.14,20,18
OI0000453,O000248,P00805,4,7315.29,5,5
OI0000454,O000249,P00891,1,2048.96,25,18
OI0000455,O000249,P00285,4,14506.05,0,18
OI0000456,O000249,P00669,4,22806.32,-5,12
OI0000457,O000250,P00033,1,14440.84,0,5
OI0000458,O000250,P00001,1,9008.55,25,0
OI0000460,O000251,P00687,2,21815.59,0,5
OI0000461,O000252,P00131,1,10755.64,5,5
OI0000462,O000252,P00113,1,16970.65,15,0
OI0000463,O000253,P00346,1,7615.77,5,0
OI0000464,O000253,P00820,1,17096.63,25,0
OI0000465,O000254,P00401,1,21182.25,0,12
OI0000466,O000255,P00490,3,23837.93,0,12
OI0000467,O000255,P00167,1,14596.81,25,5
OI0000468,O000256,P00134,1,24631.97,25,18
OI0000469,O000256,P00209,1,20213.39,15,0
OI0000470,O000256,P00379,1,19904.99,0,12
OI0000471,O000257,P00004,3,13682.9,15,0
OI0000472,O000257,P00415,1,7725.34,0,5
OI0000473,O000258,P00584,2,21992.66,0,5
OI0000474,O000258,P00377,1,23283.22,5,18
OI0000475,O000258,P00669,1,22473.22,20,18
OI0000476,O000259,P00131,1,10299.92,5,5
OI0000477,O000260,P00945,2,11476.87,0,18
OI0000478,O000260,P00109,5,12731.1,10,5
OI0000479,O000260,P00892,1,18644.8,25,12
OI0000480,O000261,P00415,1,7985.18,0,18
OI0000481,O000261,P00715,2,25613.02,5,5
OI0000483,O000262,P00994,1,27842.19,20,12
OI0000484,O000263,P00921,1,15269.47,0,0
OI0000485,O000264,P00531,3,28513.67,20,18
OI0000486,O000265,P00559,1,22550.57,0,12
OI0000487,O000265,P00299,4,25121.3,0,18
OI0000488,O000266,P00729,1,24008.57,15,0
OI0000490,O000266,P00129,1,8321.2,0,12
OI0000491,O000267,P00940,3,29253.29,0,0
OI0000492,O000268,P00743,1,19704.71,10,12
OI0000493,O000268,P00039,1,3973.9,10,12
OI0000494,O000269,P00663,1,26084.55,25,0
OI0000495,O000270,P00670,2,20465.7,0,18
OI0000496,O000270,P00479,4,21780.23,15,18
OI0000497,O000271,P00223,1,7540.71,5,0
OI0000498,O000271,P00300,2,6414.95,5,0
OI0000499,O000272,P00894,3,8622.34,0,18
OI0000500,O000272,P00993,2,14115.28,5,18
OI0000501,O000273,P00866,1,28568.79,0,18
OI0000502,O000273,P00143,2,3108.34,25,12
OI0000504,O000274,P00099,1,27274.68,20,18
OI0000506,O000275,P00053,1,21196.77,15,18
OI0000507,O000275,P00678,2,22420.18,25,12
OI0000508,O000276,P00836,1,13874.47,0,0
OI0000509,O000276,P00621,1,15765.43,0,12
OI0000510,O000277,P00039,2,3764.06,0,18
OI0000511,O000278,P00966,4,26581.24,10,12
OI0000512,O000278,P00872,4,4960.55,20,18
OI0000513,O000278,P00762,3,19759.9,0,5
OI0000514,O000279,P00215,1,30827.9,25,5
OI0000516,O000280,P00945,2,12278.56,0,12
OI0000517,O000281,P00437,1,25553.76,15,0
OI0000518,O000281,P00928,2,29669.94,20,5
OI0000519,O000282,P00491,2,23669.55,5,0
OI0000520,O000283,P00847,1,20544.42,0,18
OI0000521,O000283,P00118,2,22840.96,0,5
OI0000522,O000284,P00705,2,24031.62,25,5
OI0000523,O000284,P00769,1,14972.56,0,18
OI0000524,O000284,P00324,2,211.12,10,18
OI0000525,O000285,P00847,1,20815.83,0,12
OI0000528,O000286,P00424,3,20310.85,0,0
OI0000529,O000287,P00093,2,4408.16,-5,18
OI0000531,O000287,P00997,2,6086.57,10,12
OI0000532,O000288,P00318,2,23306.57,25,5
OI0000533,O000288,P00013,3,4943.72,25,5
OI0000534,O000289,P00065,1,26458.0,0,0
OI0000535,O000289,P00530,1,27447.29,5,5
OI0000536,O000289,P00393,2,13941.49,0,0
OI0000537,O000290,P00273,1,10756.21,0,12
OI0000538,O000290,P00590,1,3282.11,0,18
OI0000539,O000290,P00211,1,663.27,0,12
OI0000541,O000291,P00969,4,17494.0,0,0
OI0000543,O000292,P00014,1,16242.79,0,18
OI0000544,O000293,P00562,1,12214.65,25,12
OI0000545,O000294,P00384,1,1936.51,0,5
OI0000547,O000296,P00125,2,18855.81,5,18
OI0000548,O000297,P00849,2,4611.31,15,18
OI0000549,O000298,P00305,1,2791.52,20,12
OI0000550,O000298,P00185,1,28851.51,15,18
OI0000551,O000299,P00307,1,30516.47,0,12
OI0000552,O000299,P00390,4,25447.86,15,5
OI0000554,O000301,P00681,1,28194.36,15,18
OI0000555,O000301,P00041,2,1084.67,0,5
OI0000556,O000302,P00405,2,2020.75,25,12
OI0000557,O000302,P00111,1,11942.31,25,5
OI0000558,O000303,P00052,1,13281.22,0,12
OI0000559,O000304,P00732,5,18276.88,0,0
OI0000560,O000304,P00781,2,10904.46,25,12
OI0000562,O000306,P00452,1,19002.98,10,18
OI0000563,O000306,P00037,1,14298.62,25,5
OI0000564,O000307,P00516,2,15199.83,0,18
OI0000565,O000307,P00422,1,21931.11,0,0
OI0000566,O000307,P00638,2,22803.62,25,12
OI0000567,O000308,P00100,2,18840.19,15,18
OI0000568,O000308,P00098,1,19301.98,10,0
OI0000569,O000309,P00154,2,26780.96,10,12
OI0000571,O000310,P00285,1,14577.42,10,0
OI0000573,O000312,P00855,1,15445.48,0,18
OI0000574,O000312,P00820,3,17548.8,15,5
OI0000575,O000313,P00897,2,6723.3,25,5
OI0000576,O000314,P00761,2,9773.05,20,18
OI0000577,O000314,P00220,3,4895.76,0,18
OI0000578,O000315,P00907,2,16800.8,0,18
OI0000579,O000316,P00644,1,28305.01,0,18
OI0000580,O000317,P00882,1,21686.26,20,12
OI0000581,O000318,P00276,1,19591.48,10,18
OI0000582,O000318,P00969,1,16444.15,15,12
OI0000583,O000319,P00168,1,16856.57,25,5
OI0000584,O000319,P00478,1,23511.27,5,0
OI0000585,O000320,P00691,1,14850.99,15,12
OI0000586,O000321,P00133,2,24486.99,0,18
OI0000587,O000322,P00879,2,3330.19,10,18
OI0000588,O000322,P00683,4,15048.19,20,12
OI0000589,O000322,P00964,2,19423.22,5,0
OI0000590,O000323,P00398,1,1645.96,0,0
OI0000591,O000323,P00566,1,15151.65,0,0
OI0000592,O000324,P00485,2,16130.05,0,5
OI0000593,O000324,P00590,3,3356.42,20,12
OI0000595,O000325,P00088,1,12417.58,15,0
OI0000596,O000325,P00436,1,21081.34,0,5
OI0000597,O000326,P00057,1,11294.28,25,18
OI0000598,O000327,P00676,1,21013.07,20,12
OI0000599,O000327,P00860,3,28446.54,5,18
OI0000600,O000327,P00731,3,28553.61,0,5
OI0000601,O000328,P00750,2,10708.15,10,0
OI0000602,O000328,P00077,1,3284.49,5,18
OI0000603,O000329,P00058,1,18300.11,20,18
OI0000604,O000330,P00735,1,15669.19,0,12
OI0000605,O000330,P00680,1,6913.47,15,18
OI0000606,O000331,P00155,1,10867.21,10,5
OI0000607,O000331,P00380,2,25580.86,0,5
OI0000608,O000331,P00529,5,29718.65,10,0
OI0000609,O000332,P00626,1,2294.85,0,12
OI0000610,O000333,P00163,1,5067.98,20,0
OI0000611,O000333,P00961,1,12262.44,5,12
OI0000612,O000333,P00678,1,21914.86,15,18
OI0000613,O000334,P00998,1,28009.31,15,12
OI0000614,O000335,P00634,1,8828.6,20,5
OI0000616,O000336,P00051,1,14767.84,25,5
OI0000617,O000336,P00948,1,8097.23,20,5
OI0000618,O000337,P00331,2,27091.96,15,12
OI0000619,O000338,P00760,1,7814.48,0,5
OI0000621,O000340,P00416,2,7690.71,20,0
OI0000622,O000340,P00381,1,12213.13,5,0
OI0000623,O000341,P00864,2,12976.26,0,12
OI0000624,O000342,P00755,1,15345.65,10,5
OI0000625,O000342,P00615,3,12575.43,0,12
OI0000626,O000343,P00906,1,1823.53,25,18
OI0000627,O000344,P00286,2,559.75,20,0
OI0000628,O000344,P00628,1,1123.3,0,0
OI0000629,O000345,P00224,1,10536.77,0,5
OI0000631,O000346,P00492,1,9158.12,0,18
OI0000632,O000346,P00899,1,23347.74,10,12
OI0000634,O000347,P00548,2,21894.04,25,12
OI0000635,O000348,P00049,2,24426.06,0,5
OI0000636,O000349,P00284,1,13806.57,0,5
OI0000637,O000349,P00709,1,1968.04,10,18
OI0000638,O000349,P00590,2,3561.37,10,5
OI0000639,O000350,P00858,2,28409.73,10,12
OI0000640,O000350,P00262,1,9210.62,25,18
OI0000641,O000351,P00893,1,6113.61,5,12
OI0000642,O000351,P00368,2,14448.28,15,12
OI0000643,O000351,P00914,1,26466.41,25,18
OI0000644,O000352,P00527,3,17842.84,5,0
OI0000645,O000353,P00533,4,2207.1,0,12
OI0000646,O000353,P00598,2,5770.65,15,12
OI0000647,O000354,P00293,1,7996.23,0,12
OI0000648,O000354,P00943,1,7615.08,0,0
OI0000649,O000355,P00999,1,9585.81,0,0
OI0000650,O000355,P00495,1,18857.74,15,0
OI0000651,O000355,P00730,1,23409.24,0,18
OI0000652,O000356,P00255,1,10888.64,15,18
OI0000653,O000357,P00012,2,10899.37,0,0
OI0000654,O000357,P00155,2,10609.56,10,18
OI0000655,O000358,P00240,1,15060.33,-5,18
OI0000656,O000358,P00658,2,10547.65,20,5
OI0000657,O000359,P00666,1,3427.29,15,5
OI0000658,O000359,P00477,1,21663.12,0,0
OI0000659,O000360,P00174,1,21047.49,15,0
OI0000660,O000360,P00555,1,25382.28,10,12
OI0000661,O000361,P00937,1,3395.76,0,18
OI0000663,O000362,P00132,1,4846.57,20,18
OI0000665,O000363,P00338,1,9249.42,0,5
OI0000666,O000363,P00345,1,6110.47,10,18
OI0000669,O000366,P00294,2,25106.11,25,0
OI0000670,O000366,P00424,1,21175.62,25,18
OI0000671,O000366,P00562,1,12127.29,0,5
OI0000673,O000367,P00587,1,20098.11,5,0
OI0000674,O000368,P00062,1,27713.99,25,5
OI0000675,O000368,P00945,1,11909.29,20,0
OI0000676,O000369,P00348,1,7601.19,20,18
OI0000677,O000370,P00988,1,16446.12,0,0
OI0000678,O000370,P00942,1,8177.14,5,0
OI0000679,O000370,P00584,1,22297.22,5,18
OI0000680,O000371,P00667,4,20633.79,0,0
OI0000681,O000371,P00752,1,281.72,0,18
OI0000682,O000371,P00741,1,4494.44,25,12
OI0000683,O000372,P00072,1,7048.58,15,12
OI0000684,O000373,P00285,1,15264.29,5,12
OI0000685,O000373,P00850,1,21337.86,20,0
OI0000687,O000374,P00611,1,4332.67,25,0
OI0000688,O000375,P00208,3,6350.81,0,18
OI0000689,O000376,P00865,1,23508.43,15,0
OI0000690,O000376,P00640,1,22078.75,0,5
OI0000691,O000377,P00042,3,28008.93,25,18
OI0000692,O000378,P00161,1,24343.83,0,5
OI0000693,O000378,P00547,3,20834.91,25,12
OI0000694,O000379,P00198,1,25067.26,10,12
OI0000695,O000380,P00720,1,9186.72,0,12
OI0000696,O000381,P00901,3,4188.72,0,0
OI0000697,O000381,P00485,1,16237.74,20,12
OI0000698,O000382,P00169,1,4070.4,15,0
OI0000701,O000383,P00030,1,23236.98,0,5
OI0000702,O000384,P00575,1,18239.72,15,12
OI0000703,O000385,P00976,1,6796.31,15,0
OI0000704,O000385,P00968,1,5576.21,25,18
OI0000705,O000385,P00427,5,22195.28,25,18
OI0000706,O000386,P00436,1,20780.08,15,0
OI0000707,O000386,P00610,1,5826.31,0,12
OI0000708,O000387,P00579,1,16812.91,5,18
OI0000709,O000388,P00319,1,22547.1,25,0
OI0000710,O000388,P00897,1,6571.51,0,18
OI0000711,O000389,P00200,1,7440.93,5,12
OI0000712,O000389,P00190,2,9434.66,5,0
OI0000713,O000389,P00456,3,3408.85,10,0
OI0000714,O000390,P00453,1,397.59,25,18
OI0000715,O000391,P00359,1,26785.44,0,18
OI0000716,O000391,P00410,1,1720.95,0,18
OI0000717,O000392,P00916,1,2651.96,5,0
OI0000718,O000392,P00902,2,30110.99,5,18
OI0000719,O000392,P00607,1,24080.56,0,18
OI0000720,O000393,P00206,1,15605.56,0,12
OI0000721,O000393,P00156,4,29740.73,10,18
OI0000722,O000394,P00279,1,15545.67,10,0
OI0000723,O000394,P00853,1,2762.22,20,0
OI0000724,O000395,P00157,2,18221.79,20,18
OI0000725,O000395,P00185,2,26739.09,5,5
OI0000726,O000396,P00863,1,22222.47,0,0
OI0000728,O000397,P00294,5,24675.92,5,0
OI0000730,O000397,P00133,2,24850.27,25,5
OI0000731,O000398,P00495,4,18017.25,0,5
OI0000732,O000399,P00562,1,12937.21,15,0
OI0000733,O000400,P00996,1,8352.05,0,18
OI0000734,O000400,P00426,2,16408.07,5,12
OI0000735,O000400,P00321,1,2094.28,0,12
OI0000736,O000401,P00471,2,12974.15,0,12
OI0000737,O000401,P00927,5,25843.77,20,0
OI0000738,O000402,P00247,1,16786.82,0,12
OI0000739,O000402,P00926,1,23339.4,20,5
OI0000740,O000403,P00849,1,4434.22,20,12
OI0000741,O000403,P00538,2,28181.05,0,5
OI0000742,O000404,P00139,1,2329.36,-5,12
OI0000743,O000404,P00586,1,11647.43,10,12
OI0000744,O000405,P00028,4,10139.66,0,18
OI0000745,O000405,P00642,2,26650.95,0,18
OI0000746,O000406,P00679,3,28652.43,15,5
OI0000747,O000406,P00909,1,11870.63,25,0
OI0000748,O000407,P00157,1,17832.3,15,0
OI0000749,O000407,P00885,4,1662.51,5,0
OI0000750,O000408,P00789,2,29120.56,15,12
OI0000751,O000408,P00454,1,13256.12,0,18
OI0000752,O000408,P00651,1,15724.62,20,18
OI0000753,O000409,P00327,1,16286.39,0,0
OI0000754,O000409,P00570,1,11149.4,0,0
OI0000755,O000410,P00800,1,20566.55,25,0
OI0000756,O000410,P00843,4,4657.94,10,18
OI0000757,O000411,P00990,1,28731.02,5,18
OI0000758,O000411,P00150,3,17994.43,15,5
OI0000759,O000411,P00004,1,13949.13,0,12
OI0000760,O000412,P00925,4,26735.2,20,18
OI0000761,O000412,P00164,2,17395.24,10,18
OI0000762,O000413,P00437,1,27519.88,5,5
OI0000763,O000414,P00384,3,1808.29,25,18
OI0000764,O000414,P00175,2,11070.91,5,0
OI0000765,O000415,P00600,2,12986.2,5,0
OI0000766,O000416,P00800,5,20127.71,25,0
OI0000767,O000417,P00628,2,1190.56,-5,0
OI0000771,O000419,P00928,3,28123.12,0,12
OI0000772,O000419,P00687,2,23281.94,0,5
OI0000773,O000420,P00658,1,9885.01,15,12
OI0000774,O000420,P00587,4,19892.66,0,12
OI0000775,O000421,P00591,2,14664.33,0,5
OI0000776,O000422,P00058,1,18965.78,0,18
OI0000777,O000423,P00837,1,17348.91,25,5
OI0000778,O000424,P00447,1,23392.53,25,12
OI0000779,O000425,P00973,2,28662.01,10,5
OI0000780,O000425,P00236,1,11194.12,5,12
OI0000782,O000427,P00849,1,4522.05,0,5
OI0000783,O000427,P00909,2,11421.39,0,18
OI0000784,O000428,P00370,3,5549.9,0,18
OI0000786,O000429,P00921,1,15154.19,10,12
OI0000787,O000430,P00325,1,5667.97,15,12
OI0000788,O000430,P00519,1,3784.68,0,12
OI0000789,O000431,P00865,2,23467.32,15,5
OI0000790,O000431,P00296,2,19700.72,0,0
OI0000791,O000432,P00652,1,3874.29,5,18
OI0000792,O000433,P00831,1,7190.14,25,5
OI0000793,O000433,P00244,1,2267.66,10,5
OI0000795,O000434,P00094,1,10169.95,20,12
OI0000796,O000434,P00941,2,19583.24,25,0
OI0000797,O000435,P00273,4,9847.67,15,12
OI0000798,O000436,P00267,2,18569.08,0,18
OI0000799,O000436,P00016,1,11767.23,0,12
OI0000800,O000437,P00436,3,21350.73,0,0
OI0000801,O000437,P00412,2,6042.74,5,0
OI0000802,O000438,P00519,5,3757.95,20,0
OI0000803,O000438,P00893,3,6214.48,10,0
OI0000804,O000439,P00292,1,12346.6,10,5
OI0000806,O000440,P00267,1,18313.76,15,18
OI0000808,O000441,P00887,2,22170.91,15,18
OI0000809,O000441,P00602,1,26007.11,0,5
OI0000810,O000442,P00881,1,21372.87,25,0
OI0000811,O000442,P00746,1,4016.85,15,0
OI0000812,O000443,P00765,2,3664.8,0,0
OI0000813,O000443,P00517,5,26790.25,10,12
OI0000814,O000444,P00555,4,25809.18,25,12
OI0000816,O000445,P00141,1,18015.69,0,18
OI0000817,O000446,P00502,1,14890.03,15,5
OI0000818,O000447,P00509,2,15433.33,20,0
OI0000819,O000447,P00358,3,4386.51,25,5
OI0000820,O000448,P00632,1,23522.43,0,5
OI0000821,O000449,P00127,2,15508.59,10,18
OI0000822,O000449,P00031,1,10126.62,10,5
OI0000825,O000450,P00613,2,11248.54,15,18
OI0000826,O000451,P00982,1,9165.53,20,18
OI0000827,O000451,P00448,2,20372.41,0,18
OI0000829,O000452,P00130,2,24748.2,25,12
OI0000830,O000453,P00761,1,10289.82,0,5
OI0000832,O000454,P00783,1,18546.87,10,18
OI0000833,O000455,P00501,1,1031.44,20,12
OI0000834,O000455,P00227,1,9236.48,0,18
OI0000835,O000455,P00817,1,11483.96,20,12
OI0000836,O000456,P00956,2,18462.75,5,18
OI0000837,O000456,P00384,2,1839.99,0,0
OI0000838,O000456,P00415,1,7568.75,10,0
OI0000839,O000457,P00641,1,1212.34,0,12
OI0000840,O000457,P00277,1,2369.99,0,12
OI0000841,O000458,P00672,1,14998.96,25,12
OI0000842,O000458,P00800,1,20901.18,0,18
OI0000843,O000459,P00540,1,6124.1,0,0
OI0000844,O000459,P00583,1,19652.8,0,5
OI0000845,O000460,P00680,1,6872.57,10,12
OI0000848,O000461,P00705,1,25145.37,20,0
OI0000849,O000462,P00527,3,19455.52,20,5
OI0000850,O000463,P00565,1,1044.01,5,12
OI0000851,O000463,P00953,1,494.35,10,18
OI0000853,O000464,P00566,1,13868.47,10,12
OI0000856,O000465,P00440,2,14027.83,0,5
OI0000857,O000465,P00231,2,1211.72,5,18
OI0000858,O000466,P00658,1,10633.97,10,0
OI0000859,O000467,P00889,2,17598.78,0,12
OI0000860,O000468,P00070,1,15641.7,10,0
OI0000862,O000469,P00393,2,15060.01,0,5
OI0000863,O000470,P00118,3,21923.9,15,0
OI0000864,O000470,P00277,1,2424.32,5,5
OI0000865,O000471,P00507,1,28819.23,15,0
OI0000866,O000471,P00928,2,28963.5,0,12
OI0000867,O000471,P00942,1,7609.95,-5,18
OI0000868,O000472,P00947,3,9989.5,20,12
OI0000869,O000472,P00533,2,2122.93,10,18
OI0000870,O000473,P00774,1,20752.8,-5,0
OI0000871,O000474,P00082,2,26859.53,0,0
OI0000872,O000474,P00166,2,26988.46,-5,0
OI0000873,O000474,P00946,2,22788.28,25,18
OI0000874,O000475,P00255,1,11443.92,25,12
OI0000875,O000475,P00450,1,28938.81,5,12
OI0000876,O000476,P00173,1,3022.88,15,18
OI0000878,O000477,P00230,1,26068.28,0,5
OI0000879,O000478,P00539,1,12893.5,20,5
OI0000880,O000479,P00592,1,3890.81,20,12
OI0000881,O000480,P00388,2,15588.73,0,0
OI0000882,O000481,P00782,4,26699.81,0,12
OI0000883,O000481,P00014,2,16336.31,20,0
OI0000884,O000482,P00074,1,24760.02,10,5
OI0000885,O000483,P00533,2,2154.16,10,0
OI0000886,O000484,P00671,2,16678.23,5,5
OI0000887,O000484,P00813,1,9438.37,5,0
OI0000888,O000485,P00246,1,6606.76,0,12
OI0000889,O000485,P00971,2,6901.51,0,0
OI0000890,O000486,P00918,1,26002.68,0,12
OI0000891,O000486,P00787,2,17012.37,25,12
OI0000892,O000487,P00111,2,12518.97,5,18
OI0000894,O000488,P00866,1,26991.43,0,18
OI0000896,O000489,P00201,2,30666.08,10,18
OI0000897,O000489,P00234,1,27208.35,10,12
OI0000898,O000490,P00249,2,20577.93,10,18
OI0000899,O000490,P00794,2,5114.57,0,18
OI0000901,O000491,P00391,1,24094.57,0,5
OI0000902,O000491,P00755,1,16236.96,-5,12
OI0000903,O000492,P00461,4,15019.37,-5,12
OI0000904,O000492,P00328,3,5831.49,0,18
OI0000905,O000493,P00003,2,10141.15,5,5
OI0000906,O000493,P00233,1,4442.41,-5,0
OI0000907,O000494,P00162,1,25540.23,20,5
OI0000908,O000494,P00665,2,30349.72,0,0
OI0000909,O000494,P00517,2,27230.51,25,18
OI0000910,O000495,P00690,4,21030.74,20,0
OI0000911,O000496,P00343,1,11144.96,0,5
OI0000912,O000497,P00536,1,27922.2,5,12
OI0000913,O000498,P00587,1,19659.25,0,0
OI0000914,O000499,P00120,1,15334.54,0,12
OI0000915,O000499,P00928,2,29152.27,10,18
OI0000916,O000499,P00128,2,6133.6,25,18
OI0000917,O000500,P00839,1,18074.6,10,0
OI0000918,O000501,P00349,1,11424.12,25,0
OI0000919,O000501,P00081,1,13032.42,20,12
OI0000920,O000502,P00097,2,1288.54,10,0
OI0000921,O000503,P00406,1,28207.31,0,12
OI0000922,O000504,P00448,2,20110.62,20,18
OI0000924,O000505,P00102,4,889.46,0,0
OI0000925,O000505,P00168,1,16717.1,0,12
OI0000926,O000506,P00982,1,9534.35,0,5
OI0000927,O000507,P00045,2,24275.34,0,12
OI0000928,O000508,P00972,1,20369.88,25,12
OI0000929,O000508,P00130,1,23955.39,20,12
OI0000930,O000509,P00393,1,14181.98,20,0
OI0000931,O000509,P00335,1,23980.56,15,0
OI0000932,O000510,P00998,2,28297.14,0,0
OI0000933,O000511,P00160,2,20219.52,0,12
OI0000934,O000511,P00310,3,6648.82,5,12
OI0000935,O000512,P00654,2,8550.09,20,5
OI0000936,O000513,P00903,2,7046.76,20,18
OI0000937,O000513,P00298,1,6170.23,5,18
OI0000938,O000514,P00446,1,15384.26,10,12
OI0000939,O000514,P00789,1,29389.98,0,18
OI0000940,O000515,P00438,2,13794.39,15,18
OI0000941,O000515,P00257,1,24541.66,5,0
OI0000942,O000516,P00448,1,21464.16,-5,12
OI0000943,O000517,P00955,5,23913.3,20,12
OI0000944,O000517,P00789,2,28393.29,0,0
OI0000945,O000518,P00156,1,30456.86,25,12
OI0000946,O000518,P00878,3,13789.46,5,18
OI0000947,O000519,P00042,1,28967.48,10,12
OI0000948,O000519,P00619,2,10380.22,20,18
OI0000949,O000519,P00197,2,29881.5,10,18
OI0000950,O000520,P00927,2,24256.2,25,0
OI0000951,O000521,P00041,4,1149.7,5,5
OI0000953,O000522,P00390,3,24966.75,0,5
OI0000954,O000522,P00275,2,10238.02,20,0
OI0000955,O000522,P00854,2,12595.36,10,5
OI0000958,O000524,P00889,1,17707.09,0,0
OI0000959,O000524,P00339,2,23630.43,10,18
OI0000960,O000525,P00991,1,5853.33,0,0
OI0000961,O000525,P00849,1,4701.13,15,0
OI0000962,O000525,P00370,3,5386.98,10,12
OI0000963,O000526,P00183,1,24402.12,15,0
OI0000964,O000526,P00661,1,27112.89,15,0
OI0000965,O000527,P00770,2,22593.41,10,12
OI0000966,O000528,P00113,3,17153.1,20,18
OI0000967,O000529,P00826,1,10841.32,-5,5
OI0000968,O000529,P00219,1,15817.49,20,18
OI0000970,O000530,P00383,2,18808.29,25,18
OI0000971,O000531,P00199,2,20355.33,0,12
OI0000972,O000531,P00489,1,10959.95,0,0
OI0000973,O000532,P00368,1,15310.04,5,18
OI0000974,O000532,P00771,1,18448.95,0,12
OI0000976,O000533,P00731,1,28664.95,20,0
OI0000977,O000533,P00252,2,12168.75,0,12
OI0000978,O000534,P00252,1,13010.77,25,18
OI0000979,O000534,P00152,2,5727.22,15,12
OI0000980,O000535,P00633,3,5896.63,0,5
OI0000981,O000535,P00167,2,14470.27,15,0
OI0000982,O000536,P00805,3,7272.92,25,5
OI0000983,O000537,P00284,4,13897.15,15,0
OI0000984,O000537,P00413,1,3052.98,0,18
OI0000985,O000537,P00522,1,18332.77,0,0
OI0000986,O000538,P00503,3,22103.22,0,0
OI0000987,O000539,P00818,1,26107.12,0,5
OI0000990,O000540,P00619,1,10391.55,10,18
OI0000991,O000541,P00988,1,16155.25,0,18
OI0000992,O000542,P00026,1,14439.23,0,5
OI0000993,O000542,P00437,2,27619.81,0,12
OI0000994,O000543,P00578,1,13925.06,10,0
OI0000995,O000543,P00491,2,23143.52,0,12
OI0000997,O000544,P00954,5,22727.57,5,18
OI0000998,O000545,P00016,1,11391.56,0,18
OI0000999,O000545,P00361,1,28517.56,0,18
OI0001000,O000545,P00547,1,21805.79,5,5
OI0001002,O000546,P00287,1,27257.13,15,5
OI0001003,O000546,P00221,1,5151.82,15,5
OI0001004,O000547,P00950,1,1397.98,15,0
OI0001005,O000547,P00685,2,247.94,10,18
OI0001006,O000548,P00554,1,4850.65,10,0
OI0001007,O000548,P00871,1,12087.81,5,18
OI0001009,O000549,P00572,2,7162.41,0,0
OI0001010,O000550,P00988,1,16623.71,5,12
OI0001011,O000550,P00070,1,15558.98,20,0
OI0001012,O000551,P00076,4,2035.23,25,0
OI0001013,O000551,P00306,1,17268.09,15,12
OI0001015,O000552,P00569,1,27967.24,25,0
OI0001018,O000554,P00324,1,209.44,15,5
OI0001019,O000555,P00782,1,28517.67,0,12
OI0001021,O000556,P00932,1,9876.72,0,0
OI0001023,O000557,P00078,2,14014.72,5,12
OI0001024,O000557,P00579,2,17146.07,25,0
OI0001025,O000558,P00091,1,14337.55,15,12
OI0001026,O000559,P00345,1,5924.77,20,12
OI0001027,O000559,P00318,1,22071.95,15,18
OI0001028,O000560,P00747,1,26404.97,10,0
OI0001029,O000560,P00436,2,21609.04,20,5
OI0001030,O000561,P00263,1,23202.37,-5,0
OI0001031,O000561,P00160,3,19469.71,10,12
OI0001032,O000562,P00267,1,18921.15,20,12
OI0001033,O000562,P00275,2,10054.66,0,0
OI0001034,O000563,P00553,1,17004.46,0,0
OI0001035,O000564,P00734,1,19571.9,15,5
OI0001036,O000564,P00189,1,6067.92,15,0
OI0001037,O000565,P00697,1,11742.56,0,18
OI0001038,O000565,P00462,1,17360.99,5,12
OI0001039,O000565,P00728,2,5237.32,20,0
OI0001040,O000566,P00045,2,25912.58,20,12
OI0001041,O000566,P00104,1,13398.68,10,0
OI0001042,O000567,P00280,1,9454.04,5,5
OI0001043,O000567,P00500,1,7444.67,0,0
OI0001044,O000567,P00247,2,16742.74,0,12
OI0001045,O000568,P00552,1,18256.72,10,5
OI0001046,O000568,P00885,1,1743.6,0,5
OI0001047,O000569,P00928,1,28595.77,-5,0
OI0001048,O000570,P00729,1,23363.64,15,18
OI0001049,O000570,P00009,2,19847.41,20,12
OI0001050,O000570,P00296,1,20481.92,10,12
OI0001051,O000571,P00737,1,23626.31,25,5
OI0001052,O000571,P00892,2,18225.98,0,18
OI0001053,O000572,P00905,1,27685.55,0,0
OI0001054,O000573,P00496,3,22051.25,0,0
OI0001055,O000573,P00260,1,8213.75,5,12
OI0001056,O000574,P00873,2,25537.37,20,18
OI0001057,O000575,P00343,1,11631.19,5,5
OI0001058,O000575,P00316,1,26628.25,15,0
OI0001062,O000576,P00021,1,12776.14,15,0
OI0001064,O000577,P00975,1,8124.41,5,12
OI0001065,O000578,P00671,1,17440.59,10,12
OI0001066,O000578,P00704,1,14502.46,10,12
OI0001067,O000578,P00356,2,10349.72,20,5
OI0001068,O000579,P00832,1,16326.45,0,5
OI0001069,O000579,P00797,1,5075.13,0,0
OI0001070,O000579,P00777,1,22396.21,15,5
OI0001071,O000580,P00287,1,26133.86,0,5
OI0001072,O000581,P00350,1,23831.69,0,5
OI0001073,O000582,P00854,1,13675.96,0,0
OI0001074,O000583,P00640,1,23668.22,0,5
OI0001075,O000584,P00882,1,21358.66,0,0
OI0001076,O000584,P00249,3,21103.55,10,5
OI0001077,O000584,P00796,1,1116.4,25,18
OI0001078,O000585,P00231,4,1162.31,-5,0
OI0001079,O000586,P00820,1,16971.27,25,18
OI0001080,O000587,P00758,1,12967.52,0,5
OI0001083,O000589,P00095,2,21649.78,0,18
OI0001084,O000589,P00694,3,20486.89,0,5
OI0001085,O000590,P00634,1,8822.09,10,18
OI0001086,O000590,P00341,3,21448.36,0,5
OI0001087,O000591,P00007,1,25936.44,25,5
OI0001088,O000591,P00803,2,20779.51,25,12
OI0001089,O000592,P00925,2,27727.9,25,18
OI0001090,O000592,P00639,2,1523.99,10,0
OI0001091,O000593,P00049,1,24063.03,0,0
OI0001092,O000593,P00392,2,27052.85,5,18
OI0001093,O000594,P00557,2,5186.84,5,18
OI0001094,O000594,P00810,1,23578.3,25,12
OI0001095,O000595,P00369,1,28231.74,10,18
OI0001096,O000596,P00031,1,9853.98,15,12
OI0001097,O000596,P00124,1,16557.23,15,12
OI0001098,O000597,P00374,2,18041.67,25,18
OI0001099,O000598,P00929,4,2065.85,25,5
OI0001100,O000598,P00814,1,1298.83,5,5
OI0001101,O000599,P00278,1,20067.5,20,12
OI0001102,O000599,P00536,1,28134.1,25,5
OI0001103,O000600,P00838,4,18979.55,15,18
OI0001104,O000600,P00364,1,19854.75,25,0
OI0001105,O000601,P00130,1,24228.27,10,18
OI0001106,O000601,P00389,2,4879.92,25,5
OI0001107,O000601,P00274,4,1170.58,15,12
OI0001108,O000602,P00624,4,28128.01,20,5
OI0001109,O000602,P00263,2,24037.09,5,0
OI0001110,O000602,P00376,3,26611.71,20,5
OI0001111,O000603,P00957,2,19007.0,25,18
OI0001112,O000604,P00894,3,7991.47,-5,18
OI0001113,O000604,P00151,1,19360.9,0,5
OI0001114,O000604,P00679,1,27291.03,0,12
OI0001115,O000605,P00026,1,15328.2,25,12
OI0001116,O000605,P00069,1,24882.09,15,5
OI0001117,O000605,P00986,1,18309.6,5,12
OI0001118,O000606,P00179,3,2936.27,0,0
OI0001119,O000606,P00634,1,9002.67,0,18
OI0001120,O000606,P00269,2,18319.25,0,0
OI0001122,O000607,P00862,1,25888.41,5,5
OI0001123,O000607,P00769,1,15208.7,15,0
OI0001124,O000608,P00814,1,1288.88,0,0
OI0001125,O000608,P00872,1,5053.6,0,18
OI0001127,O000610,P00752,3,283.76,15,0
OI0001128,O000610,P00616,2,7222.41,0,12
OI0001129,O000611,P00296,3,18915.45,0,5
OI0001130,O000612,P00416,1,7688.7,5,12
OI0001131,O000612,P00505,2,19070.88,10,5
OI0001132,O000613,P00915,1,4213.97,20,5
OI0001133,O000614,P00003,1,9917.72,0,0
OI0001134,O000614,P00822,2,15049.62,5,5
OI0001135,O000615,P00914,1,26603.4,0,12
OI0001136,O000615,P00285,1,14282.38,5,12
OI0001138,O000617,P00904,1,25034.89,0,5
OI0001139,O000617,P00118,1,21943.29,20,12
OI0001140,O000618,P00172,3,25405.13,0,18
OI0001141,O000619,P00066,1,5925.74,25,0
OI0001142,O000620,P00623,3,4912.34,0,5
OI0001143,O000620,P00916,1,2568.51,0,12
OI0001144,O000621,P00417,1,12833.97,20,18
OI0001145,O000622,P00631,1,9970.13,0,5
OI0001146,O000623,P00573,3,4505.37,5,18
OI0001147,O000623,P00694,1,20850.52,0,5
OI0001148,O000623,P00141,1,17342.2,5,18
OI0001149,O000624,P00743,1,18199.93,5,12
OI0001150,O000625,P00801,2,2369.58,0,0
OI0001152,O000626,P00450,1,29055.17,5,18
OI0001153,O000626,P00672,1,15296.09,5,12
OI0001154,O000627,P00308,1,25296.93,10,12
OI0001156,O000628,P00389,2,4912.88,0,12
OI0001157,O000629,P00079,1,16227.96,15,18
OI0001158,O000629,P00566,1,14978.41,0,12
OI0001159,O000629,P00508,2,12467.33,25,0
OI0001160,O000630,P00221,1,5392.17,0,12
OI0001161,O000630,P00121,2,6763.39,25,18
OI0001162,O000631,P00497,1,9507.78,0,5
OI0001163,O000631,P00362,3,19817.41,0,18
OI0001164,O000632,P00998,3,27655.09,0,5
OI0001165,O000633,P00163,1,4885.91,0,0
OI0001167,O000634,P00672,2,16058.88,20,18
OI0001169,O000635,P00895,1,20902.14,0,18
OI0001171,O000636,P00876,2,8377.26,20,12
OI0001173,O000637,P00693,1,2396.91,5,12
OI0001174,O000637,P00477,2,22412.36,5,18
OI0001175,O000638,P00720,1,9728.16,20,0
OI0001176,O000639,P00841,1,15926.37,10,5
OI0001177,O000639,P00248,1,18811.31,25,12
OI0001179,O000641,P00930,1,10383.14,5,18
OI0001180,O000641,P00739,1,17782.21,20,5
OI0001181,O000642,P00596,2,27116.5,20,5
OI0001182,O000642,P00372,1,19984.98,0,12
OI0001183,O000642,P00368,1,14598.38,0,18
OI0001184,O000643,P00531,1,28741.89,25,18
OI0001185,O000643,P00730,1,22871.49,15,18
OI0001186,O000644,P00645,1,26625.5,0,18
OI0001187,O000644,P00868,2,9002.73,15,18
OI0001188,O000644,P00964,1,19381.75,25,5
OI0001189,O000645,P00852,3,20843.31,0,5
OI0001190,O000645,P00431,1,26494.77,15,5
OI0001191,O000646,P00360,1,3390.43,0,18
OI0001192,O000646,P00490,1,24377.41,20,18
OI0001193,O000647,P00471,1,12626.46,10,0
OI0001194,O000648,P00915,1,4184.29,0,18
OI0001195,O000649,P00098,2,18749.5,0,0
OI0001196,O000650,P00858,1,26449.69,0,5
OI0001197,O000651,P00622,2,12158.05,15,0
OI0001198,O000651,P00870,1,8287.94,25,5
OI0001199,O000652,P00134,1,25228.91,0,12
OI0001200,O000652,P00243,1,15105.09,0,18
OI0001201,O000653,P00649,3,10365.32,25,12
OI0001202,O000654,P00429,2,673.03,20,12
OI0001203,O000655,P00037,3,14047.36,20,12
OI0001204,O000656,P00697,1,11913.92,0,5
OI0001205,O000657,P00962,1,18745.24,0,18
OI0001206,O000658,P00810,1,23381.65,20,12
OI0001207,O000658,P00866,4,26987.35,0,0
OI0001208,O000658,P00030,1,23932.03,10,18
OI0001209,O000659,P00563,1,23832.89,15,12
OI0001210,O000659,P00172,4,23828.16,0,18
OI0001211,O000660,P00132,1,4832.64,5,12
OI0001212,O000660,P00991,1,5874.58,5,0
OI0001213,O000661,P00275,1,9800.18,-5,5
OI0001214,O000662,P00793,1,16108.45,0,18
OI0001216,O000663,P00839,2,17259.78,0,0
OI0001217,O000664,P00899,2,22135.28,20,12
OI0001218,O000664,P00991,1,6021.75,0,18
OI0001220,O000665,P00134,5,25405.72,25,0
OI0001221,O000666,P00618,2,15125.8,10,5
OI0001222,O000667,P00889,2,17644.74,-5,12
OI0001223,O000667,P00753,2,27493.01,0,5
OI0001224,O000668,P00142,2,18355.16,0,5
OI0001225,O000669,P00790,2,26788.2,0,12
OI0001226,O000669,P00353,1,29938.74,0,5
OI0001227,O000670,P00943,1,7531.25,0,18
OI0001228,O000671,P00322,1,27916.17,0,18
OI0001229,O000672,P00612,3,8758.17,5,18
OI0001231,O000672,P00081,1,13090.53,20,0
OI0001232,O000673,P00816,3,777.3,0,5
OI0001233,O000673,P00915,2,4077.82,0,12
OI0001234,O000673,P00735,4,15808.68,0,12
OI0001235,O000674,P00683,1,14711.9,20,12
OI0001236,O000675,P00045,1,25764.04,10,18
OI0001237,O000676,P00265,5,1526.99,0,18
OI0001238,O000676,P00469,1,2901.99,10,5
OI0001239,O000677,P00223,2,7830.82,15,18
OI0001242,O000679,P00891,2,1980.92,25,5
OI0001243,O000679,P00848,1,216.54,20,18
OI0001244,O000680,P00427,1,22031.91,0,12
OI0001245,O000681,P00240,2,13922.2,5,0
OI0001246,O000681,P00185,4,28540.05,5,12
OI0001247,O000682,P00555,1,25832.88,0,12
OI0001248,O000682,P00989,1,18085.44,20,18
OI0001250,O000684,P00963,2,4091.56,10,5
OI0001251,O000684,P00866,1,27909.45,0,0
OI0001252,O000684,P00657,1,27359.03,5,0
OI0001254,O000685,P00636,1,7413.67,0,5
OI0001255,O000686,P00894,2,8581.74,5,0
OI0001256,O000686,P00990,2,27174.14,20,18
OI0001257,O000686,P00627,1,24122.77,0,18
OI0001258,O000687,P00038,2,17751.7,10,18
OI0001259,O000687,P00125,3,18404.16,5,12
OI0001260,O000688,P00785,1,7377.9,10,0
OI0001261,O000688,P00546,2,1175.57,0,18
OI0001262,O000689,P00815,3,24239.45,0,0
OI0001263,O000690,P00494,1,9242.04,0,0
OI0001264,O000690,P00643,2,12850.76,0,12
OI0001265,O000691,P00655,1,21593.75,15,18
OI0001266,O000692,P00749,2,1477.2,25,0
OI0001267,O000693,P00005,1,27199.09,0,18
OI0001269,O000694,P00933,1,12412.05,5,12
OI0001270,O000695,P00311,2,28366.66,5,5
OI0001271,O000695,P00795,4,26445.66,0,12
OI0001272,O000696,P00730,2,22598.21,5,5
OI0001273,O000697,P00533,2,2239.03,0,12
OI0001274,O000697,P00362,2,20851.66,25,12
OI0001275,O000697,P00999,1,9560.8,0,0
OI0001276,O000698,P00432,1,4081.07,20,5
OI0001277,O000699,P00479,2,21188.52,5,5
OI0001278,O000700,P00813,2,9707.34,0,12
OI0001279,O000700,P00824,2,24462.09,0,0
OI0001281,O000701,P00006,1,9285.56,20,18
OI0001282,O000702,P00456,1,3422.26,0,18
OI0001283,O000702,P00307,1,30178.49,10,18
OI0001285,O000703,P00647,2,5609.76,0,5
OI0001286,O000704,P00167,1,15608.12,20,12
OI0001288,O000706,P00748,1,23296.6,0,0
OI0001289,O000706,P00428,1,17238.34,5,5
OI0001290,O000707,P00692,3,15076.84,0,12
OI0001291,O000707,P00635,1,11610.37,25,12
OI0001292,O000708,P00443,1,22404.58,25,12
OI0001293,O000708,P00988,1,16084.72,20,18
OI0001294,O000709,P00142,1,17574.17,0,18
OI0001295,O000710,P00520,1,28033.2,15,12
OI0001296,O000711,P00793,1,16900.23,15,0
OI0001297,O000711,P00826,1,11190.2,5,0
OI0001298,O000712,P00564,1,20087.27,25,12
OI0001299,O000712,P00906,1,1825.03,15,0
OI0001300,O000713,P00810,1,25418.05,20,0
OI0001302,O000715,P00416,1,7554.64,25,18
OI0001303,O000715,P00366,2,11019.28,15,18
OI0001304,O000715,P00096,1,19856.44,0,12
OI0001306,O000716,P00348,1,7616.18,20,0
OI0001308,O000717,P00557,1,5241.62,0,0
OI0001309,O000718,P00164,1,17030.17,20,18
OI0001310,O000718,P00534,5,3289.03,0,18
OI0001311,O000719,P00231,1,1138.93,0,18
OI0001312,O000720,P00830,1,5085.53,5,18
OI0001314,O000721,P00604,2,28500.07,0,12
OI0001315,O000721,P00885,2,1689.68,0,18
OI0001316,O000722,P00372,1,20776.04,5,12
OI0001318,O000723,P00693,1,2455.03,15,18
OI0001319,O000724,P00622,1,12595.93,10,5
OI0001320,O000724,P00362,1,19422.26,0,12
OI0001321,O000725,P00258,1,15418.39,25,18
OI0001322,O000725,P00344,2,20058.33,5,5
OI0001323,O000726,P00803,2,19803.8,15,18
OI0001324,O000727,P00953,1,489.95,0,12
OI0001326,O000727,P00103,1,12535.8,0,5
OI0001327,O000728,P00411,2,5926.42,10,0
OI0001328,O000728,P00937,3,3153.46,10,12
OI0001329,O000728,P00467,2,22436.77,20,12
OI0001330,O000729,P00271,1,23322.1,0,18
OI0001331,O000730,P00963,3,3847.66,20,12
OI0001332,O000730,P00085,2,3441.14,10,18
OI0001333,O000731,P00772,1,9159.61,0,18
OI0001334,O000731,P00811,1,11754.93,15,0
OI0001335,O000732,P00805,1,7457.1,0,18
OI0001336,O000732,P00209,1,19263.38,5,12
OI0001337,O000733,P00597,1,8276.66,0,5
OI0001338,O000733,P00450,1,31148.9,25,0
OI0001339,O000733,P00542,1,23743.6,20,12
OI0001340,O000734,P00734,3,19111.84,15,0
OI0001341,O000734,P00327,1,17395.45,5,0
OI0001344,O000736,P00215,1,28877.66,25,12
OI0001345,O000737,P00014,5,16489.58,20,5
OI0001346,O000737,P00857,2,1271.15,5,18
OI0001347,O000738,P00110,3,1024.97,5,0
OI0001348,O000738,P00161,1,25112.54,20,5
OI0001349,O000739,P00716,2,5907.91,25,18
OI0001350,O000739,P00831,1,7426.13,5,0
OI0001351,O000739,P00971,2,6810.11,25,12
OI0001352,O000740,P00201,2,29974.14,20,5
OI0001353,O000740,P00026,1,14578.88,5,18
OI0001355,O000741,P00380,2,26659.22,0,5
OI0001356,O000742,P00775,2,18451.37,10,5
OI0001357,O000742,P00065,2,27788.77,0,0
OI0001358,O000743,P00603,1,4755.2,0,12
OI0001359,O000744,P00495,1,17432.87,0,5
OI0001360,O000745,P00705,1,24485.95,-5,18
OI0001361,O000746,P00364,1,21482.56,0,18
OI0001362,O000746,P00044,1,24071.54,20,0
OI0001363,O000746,P00952,1,9435.45,0,0
OI0001364,O000747,P00497,2,9688.85,25,0
OI0001365,O000748,P00960,2,22342.27,20,12
OI0001366,O000749,P00701,2,1474.79,0,0
OI0001367,O000749,P00410,1,1672.65,0,18
OI0001369,O000750,P00952,1,9140.89,20,5
OI0001370,O000750,P00324,1,224.2,0,12
OI0001371,O000750,P00964,1,18243.48,0,0
OI0001372,O000751,P00319,2,22174.12,15,18
OI0001373,O000751,P00505,1,19646.12,25,18
OI0001374,O000752,P00952,1,8999.52,20,12
OI0001375,O000753,P00018,1,23187.01,25,0
OI0001376,O000753,P00297,1,1304.04,5,18
OI0001378,O000754,P00559,4,21531.16,25,0
OI0001379,O000755,P00386,1,28063.73,0,12
OI0001380,O000756,P00742,1,14906.77,20,0
OI0001381,O000757,P00811,2,11551.01,0,18
OI0001382,O000757,P00120,2,15692.91,0,5
OI0001384,O000758,P00099,4,27308.83,20,5
OI0001385,O000758,P00076,1,2003.29,5,5
OI0001386,O000758,P00596,1,25673.43,20,5
OI0001387,O000759,P00421,2,18662.95,15,18
OI0001388,O000760,P00076,1,2158.12,0,18
OI0001389,O000760,P00657,1,26411.17,20,5
OI0001391,O000761,P00782,1,26496.14,25,5
OI0001392,O000761,P00334,2,18425.67,0,18
OI0001393,O000762,P00069,1,23330.91,0,0
OI0001394,O000762,P00407,1,12573.2,5,12
OI0001395,O000762,P00508,1,11980.78,0,12
OI0001396,O000763,P00961,1,12070.07,10,12
OI0001397,O000764,P00754,1,24916.2,0,18
OI0001398,O000765,P00781,2,10854.01,10,0
OI0001399,O000766,P00393,1,14955.47,0,18
OI0001400,O000766,P00150,1,17509.61,10,0
OI0001401,O000766,P00794,3,5084.18,0,0
OI0001402,O000767,P00873,2,27207.72,20,5
OI0001403,O000767,P00990,4,29142.31,0,0
OI0001405,O000768,P00110,1,1064.21,10,5
OI0001406,O000769,P00080,2,19083.33,15,18
OI0001407,O000769,P00888,1,1345.97,20,12
OI0001408,O000770,P00323,1,22458.33,0,0
OI0001409,O000770,P00172,1,25475.12,15,5
OI0001411,O000771,P00540,1,5601.44,10,5
OI0001412,O000772,P00851,1,4780.95,10,5
OI0001413,O000773,P00346,3,7789.46,-5,5
OI0001414,O000773,P00419,3,25404.92,0,5
OI0001415,O000774,P00126,2,11679.21,15,12
OI0001416,O000774,P00896,1,18768.04,15,0
OI0001417,O000775,P00371,3,17925.03,0,5
OI0001418,O000775,P00948,2,8790.38,15,18
OI0001419,O000775,P00918,1,28204.59,0,5
OI0001420,O000776,P00510,2,4627.74,15,18
OI0001421,O000776,P00928,1,27245.51,20,12
OI0001422,O000777,P00760,2,8470.33,0,18
OI0001423,O000778,P00824,1,24513.16,25,18
OI0001424,O000779,P00550,2,6314.29,10,0
OI0001425,O000779,P00832,4,17268.01,5,12
OI0001426,O000780,P00254,2,28098.5,5,0
OI0001427,O000780,P00900,2,25828.55,0,18
OI0001428,O000781,P00461,2,16174.8,5,12
OI0001430,O000782,P00279,2,15194.35,0,12
OI0001431,O000782,P00704,2,14334.55,0,0
OI0001433,O000784,P00090,1,18119.24,25,18
OI0001434,O000784,P00279,2,14965.8,10,18
OI0001435,O000785,P00810,1,23974.54,10,5
OI0001437,O000786,P00041,1,1105.42,15,12
OI0001438,O000787,P00594,3,15342.96,20,5
OI0001439,O000788,P00879,4,3510.29,10,18
OI0001440,O000788,P00720,2,8954.24,0,5
OI0001441,O000789,P00392,1,29212.15,0,5
OI0001442,O000789,P00312,1,25927.83,15,18
OI0001443,O000789,P00776,2,18270.59,0,18
OI0001444,O000790,P00450,1,29997.93,25,18
OI0001445,O000790,P00353,1,28828.87,10,12
OI0001446,O000790,P00259,1,25526.2,5,5
OI0001447,O000791,P00674,2,9688.68,0,18
OI0001448,O000791,P00239,1,27869.05,0,18
OI0001449,O000791,P00231,2,1157.41,5,18
OI0001450,O000792,P00189,1,5999.71,10,0
OI0001451,O000792,P00029,1,15550.9,15,0
OI0001452,O000793,P00270,2,25332.49,0,12
OI0001453,O000794,P00019,1,16964.59,5,12
OI0001454,O000794,P00077,3,3254.12,15,0
OI0001455,O000795,P00023,2,3408.18,0,12
OI0001456,O000796,P00351,1,1175.64,0,12
OI0001457,O000796,P00170,1,20846.5,15,0
OI0001458,O000796,P00584,1,22355.62,15,0
OI0001459,O000797,P00606,1,26717.23,0,12
OI0001460,O000798,P00975,1,8161.52,25,18
OI0001461,O000798,P00535,1,14617.48,20,0
OI0001462,O000799,P00371,2,18193.76,10,12
OI0001463,O000799,P00118,3,21267.28,-5,5
OI0001464,O000800,P00328,1,5545.04,0,12
OI0001465,O000801,P00498,1,29391.35,0,18
OI0001466,O000802,P00167,2,15264.86,5,5
OI0001467,O000802,P00498,2,30467.71,5,0
OI0001468,O000802,P00926,2,23016.48,15,5
OI0001469,O000803,P00508,2,11884.4,20,12
OI0001470,O000803,P00399,1,5198.8,20,18
OI0001471,O000804,P00392,2,28327.43,5,0
OI0001472,O000805,P00571,3,8988.57,0,5
OI0001473,O000805,P00985,2,16985.62,0,5
OI0001474,O000805,P00507,3,29992.16,10,18
OI0001475,O000806,P00418,2,23619.88,0,5
OI0001476,O000807,P00698,1,15188.83,0,5
OI0001477,O000807,P00617,4,10375.93,25,12
OI0001478,O000807,P00183,1,23843.95,0,12
OI0001479,O000808,P00764,3,19606.28,0,0
OI0001480,O000808,P00723,1,7261.9,20,0
OI0001481,O000808,P00635,1,10956.79,0,5
OI0001483,O000810,P00529,1,30485.43,0,0
OI0001484,O000810,P00592,3,3726.52,10,18
OI0001485,O000811,P00239,3,27289.2,20,5
OI0001486,O000811,P00699,1,24773.19,-5,12
OI0001487,O000812,P00630,2,16015.43,15,12
OI0001488,O000812,P00757,5,5070.79,10,12
OI0001489,O000812,P00206,5,14452.98,20,18
OI0001490,O000813,P00383,4,18627.41,0,12
OI0001491,O000814,P00869,4,1450.61,0,0
OI0001492,O000815,P00568,1,7999.81,5,18
OI0001493,O000815,P00626,1,2274.53,15,5
OI0001494,O000816,P00423,1,4195.73,15,18
OI0001495,O000816,P00506,1,10742.3,0,12
OI0001496,O000817,P00380,2,25677.86,25,12
OI0001497,O000817,P00645,2,24471.27,15,0
OI0001498,O000818,P00511,1,19356.17,0,18
OI0001499,O000818,P00115,3,26453.37,0,5
OI0001500,O000819,P00277,1,2294.28,0,18
OI0001502,O000819,P00059,1,16242.1,10,0
OI0001503,O000820,P00688,3,27314.89,10,5
OI0001504,O000821,P00608,1,19447.04,0,18
OI0001505,O000821,P00646,1,14954.49,20,12
OI0001506,O000822,P00007,1,28091.5,0,0
OI0001507,O000823,P00168,1,16090.01,0,18
OI0001508,O000823,P00848,1,214.52,5,18
OI0001509,O000823,P00846,1,20575.14,5,5
OI0001510,O000824,P00803,1,21169.4,20,12
OI0001511,O000824,P00182,2,1188.79,5,12
OI0001512,O000825,P00861,1,1626.35,0,5
OI0001513,O000825,P00013,2,5008.06,0,12
OI0001514,O000826,P00494,2,9699.4,0,5
OI0001515,O000826,P00568,1,8144.36,25,5
OI0001516,O000826,P00023,1,3135.49,15,0
OI0001517,O000827,P00319,1,22796.36,5,18
OI0001518,O000827,P00005,1,28758.09,10,0
OI0001519,O000828,P00950,1,1480.99,0,12
OI0001520,O000828,P00720,2,9634.13,5,0
OI0001521,O000829,P00646,1,14901.26,5,18
OI0001522,O000830,P00076,1,2054.9,0,0
OI0001523,O000830,P00498,1,28824.28,15,5
OI0001524,O000831,P00037,2,14454.04,10,0
OI0001526,O000832,P00854,1,12578.33,5,5
OI0001527,O000832,P00277,1,2322.57,15,12
OI0001528,O000833,P00821,3,18092.1,5,0
OI0001529,O000833,P00453,1,421.19,5,0
OI0001530,O000833,P00330,1,23234.61,5,18
OI0001531,O000834,P00024,3,12663.13,25,0
OI0001533,O000836,P00897,4,6740.11,0,12
OI0001534,O000837,P00391,1,23741.83,0,18
OI0001535,O000837,P00310,1,6628.56,20,18
OI0001536,O000838,P00490,1,25043.47,15,5
OI0001537,O000839,P00720,2,8984.41,15,12
OI0001538,O000839,P00679,1,27721.96,10,0
OI0001539,O000840,P00376,2,26208.11,15,0
OI0001540,O000840,P00780,1,22833.55,10,18
OI0001541,O000840,P00191,2,15138.43,0,18
OI0001542,O000841,P00649,1,10210.37,0,18
OI0001544,O000842,P00020,1,23908.35,25,18
OI0001545,O000843,P00925,1,29036.11,0,18
OI0001546,O000843,P00872,2,5044.06,0,18
OI0001547,O000844,P00619,1,10374.23,0,0
OI0001548,O000844,P00928,1,28642.98,0,0
OI0001549,O000845,P00252,1,12821.89,25,12
OI0001551,O000846,P00119,2,17783.11,0,12
OI0001552,O000846,P00289,1,8254.47,0,12
OI0001553,O000846,P00567,3,30132.61,0,12
OI0001554,O000847,P00792,1,6194.83,0,5
OI0001555,O000848,P00439,5,25226.8,20,18
OI0001556,O000848,P00891,1,1946.53,20,5
OI0001557,O000849,P00891,1,2018.43,25,0
OI0001558,O000849,P00802,1,7023.87,0,5
OI0001559,O000850,P00624,2,28655.03,15,12
OI0001560,O000851,P00411,3,6000.68,15,12
OI0001562,O000851,P00567,1,27969.74,15,18
OI0001563,O000852,P00136,1,19432.68,25,12
OI0001564,O000852,P00911,2,10702.02,0,5
OI0001565,O000853,P00026,2,15207.13,0,12
OI0001566,O000853,P00009,3,19253.51,25,12
OI0001567,O000854,P00960,1,22367.22,0,5
OI0001568,O000854,P00191,1,14049.05,0,18
OI0001569,O000855,P00884,2,10176.92,0,18
OI0001570,O000855,P00079,1,16798.31,15,5
OI0001571,O000856,P00399,1,5096.12,0,5
OI0001572,O000856,P00200,4,8163.45,0,5
OI0001573,O000857,P00741,1,4441.0,0,0
OI0001574,O000857,P00035,2,17516.23,25,18
OI0001575,O000858,P00304,1,23562.17,10,0
OI0001576,O000858,P00862,3,27177.16,15,5
OI0001577,O000859,P00612,1,9006.12,25,0
OI0001578,O000859,P00560,1,15469.62,10,18
OI0001579,O000859,P00276,1,20581.82,20,5
OI0001580,O000860,P00742,2,14544.86,10,18
OI0001581,O000860,P00002,3,4351.81,0,0
OI0001583,O000862,P00190,1,9410.73,25,18
OI0001584,O000863,P00197,2,28702.94,5,18
OI0001585,O000864,P00835,2,20659.41,0,18
OI0001587,O000865,P00533,1,2239.41,5,18
OI0001588,O000865,P00752,4,285.31,0,18
OI0001589,O000866,P00868,3,8970.28,0,18
OI0001590,O000866,P00700,1,29132.54,20,5
OI0001591,O000867,P00238,1,13848.56,5,18
OI0001593,O000868,P00905,2,25891.85,10,5
OI0001594,O000869,P00259,3,25433.03,0,0
OI0001595,O000869,P00497,1,9724.79,20,0
OI0001596,O000870,P00930,1,9701.05,-5,0
OI0001597,O000870,P00939,1,9942.05,20,12
OI0001598,O000871,P00603,2,4566.96,20,0
OI0001599,O000871,P00111,2,12947.86,0,12
OI0001600,O000871,P00630,3,16298.22,15,0
OI0001601,O000872,P00107,4,3475.71,0,12
OI0001602,O000873,P00128,1,5699.79,0,12
OI0001603,O000873,P00012,1,10564.27,15,12
OI0001604,O000874,P00226,1,24788.5,5,12
OI0001605,O000874,P00312,1,26042.96,0,18
OI0001607,O000875,P00640,2,22601.67,0,0
OI0001609,O000877,P00646,1,15322.36,15,5
OI0001610,O000877,P00627,2,23684.66,5,12
OI0001611,O000878,P00388,1,14515.67,0,5
OI0001612,O000879,P00724,1,16330.57,20,18
OI0001613,O000880,P00062,1,26887.98,25,5
OI0001614,O000880,P00926,1,23233.69,0,0
OI0001615,O000881,P00904,2,25801.66,25,0
OI0001616,O000882,P00724,1,16297.04,15,5
OI0001617,O000883,P00865,2,22845.32,0,5
OI0001618,O000884,P00313,1,5306.96,0,5
OI0001619,O000884,P00258,1,16223.23,10,0
OI0001621,O000885,P00545,1,17916.89,0,0
OI0001622,O000886,P00559,1,21854.37,15,12
OI0001624,O000887,P00694,1,21424.0,5,18
OI0001625,O000887,P00822,1,16040.48,0,5
OI0001627,O000888,P00037,3,14628.69,0,12
OI0001628,O000888,P00490,1,23305.54,0,12
OI0001629,O000889,P00445,2,9746.42,20,0
OI0001630,O000889,P00743,1,19482.45,0,0
OI0001631,O000889,P00958,1,23851.0,10,18
OI0001632,O000890,P00550,1,6183.28,-5,18
OI0001633,O000891,P00180,2,23564.24,0,5
OI0001634,O000892,P00739,2,17992.52,15,18
OI0001635,O000892,P00449,1,2381.23,20,12
OI0001636,O000893,P00724,1,15643.97,5,18
OI0001638,O000894,P00062,1,25266.06,0,5
OI0001640,O000896,P00857,2,1209.2,10,0
OI0001641,O000896,P00050,2,29375.71,20,18
OI0001642,O000896,P00767,2,21236.48,15,0
OI0001643,O000897,P00947,1,9986.69,0,0
OI0001644,O000897,P00915,2,4097.43,20,18
OI0001645,O000897,P00672,1,16433.82,5,18
OI0001648,O000899,P00128,3,6144.04,5,0
OI0001649,O000900,P00762,5,19357.66,15,18
OI0001650,O000901,P00947,2,9875.08,20,18
OI0001651,O000901,P00569,4,29390.49,25,18
OI0001653,O000903,P00932,2,9595.53,0,0
OI0001654,O000903,P00235,1,9649.61,10,0
OI0001655,O000903,P00881,1,19990.94,0,5
OI0001656,O000904,P00078,3,13911.68,20,5
OI0001657,O000905,P00146,3,9358.05,5,18
OI0001658,O000906,P00607,2,24801.89,10,5
OI0001659,O000906,P00505,4,19010.5,10,12
OI0001660,O000907,P00005,1,29361.01,0,12
OI0001661,O000908,P00537,1,15862.97,25,0
OI0001662,O000908,P00789,2,28027.06,0,5
OI0001663,O000908,P00384,2,1885.35,0,18
OI0001664,O000909,P00241,1,4353.52,0,12
OI0001665,O000910,P00803,1,20560.83,10,0
OI0001666,O000910,P00713,1,3133.54,0,18
OI0001667,O000911,P00753,1,28343.17,0,0
OI0001669,O000912,P00162,4,25282.9,15,5
OI0001670,O000913,P00596,2,25601.2,0,12
OI0001671,O000913,P00972,1,20033.77,0,12
OI0001672,O000914,P00787,2,16424.5,0,5
OI0001673,O000914,P00055,5,25931.71,0,0
OI0001674,O000915,P00699,1,24542.45,0,18
OI0001675,O000915,P00142,2,17446.25,0,12
OI0001676,O000916,P00858,2,26533.15,25,18
OI0001677,O000916,P00736,1,10411.61,15,12
OI0001678,O000916,P00119,1,18020.73,25,5
OI0001681,O000918,P00841,2,15892.39,0,18
OI0001682,O000919,P00803,1,20537.05,0,5
OI0001684,O000920,P00778,1,18829.74,0,12
OI0001685,O000921,P00550,2,5923.09,0,5
OI0001687,O000922,P00903,1,7243.46,-5,12
OI0001688,O000922,P00411,1,5995.94,5,5
OI0001689,O000922,P00611,1,4198.25,0,0
OI0001690,O000923,P00438,1,14121.53,0,12
OI0001691,O000923,P00019,1,17092.36,20,12
OI0001692,O000923,P00270,2,25038.34,10,0
OI0001693,O000924,P00191,1,14963.92,25,5
OI0001694,O000924,P00159,2,13296.22,0,0
OI0001695,O000925,P00666,2,3395.85,15,12
OI0001696,O000926,P00934,1,25374.91,0,5
OI0001697,O000926,P00703,3,8945.73,5,12
OI0001698,O000926,P00761,2,10150.52,20,5
OI0001699,O000927,P00006,1,9079.51,0,12
OI0001700,O000928,P00097,2,1391.92,0,0
OI0001701,O000929,P00672,2,16013.26,10,12
OI0001702,O000929,P00573,2,4601.63,10,12
OI0001703,O000930,P00767,1,21377.39,0,0
OI0001704,O000930,P00386,4,28490.09,0,0
OI0001705,O000931,P00326,1,13898.4,-5,0
OI0001706,O000931,P00387,1,325.53,25,12
OI0001707,O000932,P00256,2,24570.67,0,0
OI0001708,O000933,P00202,1,3431.02,5,0
OI0001709,O000933,P00736,1,10376.47,20,12
OI0001710,O000933,P00108,2,28825.83,0,5
OI0001711,O000934,P00418,1,22250.05,0,5
OI0001712,O000934,P00648,2,16309.84,0,5
OI0001713,O000935,P00646,1,15249.81,25,18
OI0001714,O000936,P00212,1,15019.46,10,0
OI0001715,O000936,P00681,1,28880.98,10,12
OI0001716,O000937,P00020,2,24652.54,20,12
OI0001717,O000937,P00661,4,26598.54,20,12
OI0001718,O000937,P00320,3,2314.88,20,5
OI0001719,O000938,P00788,1,10112.75,0,5
OI0001720,O000938,P00458,2,342.83,10,0
OI0001721,O000939,P00430,1,13550.1,20,18
OI0001722,O000939,P00673,1,9287.81,0,12
OI0001723,O000939,P00162,2,26586.92,0,5
OI0001724,O000940,P00676,1,19411.98,10,12
OI0001726,O000941,P00008,1,27032.11,25,12
OI0001727,O000941,P00522,2,17541.99,20,12
OI0001728,O000942,P00059,2,16069.96,5,12
OI0001729,O000942,P00484,3,7165.55,15,18
OI0001730,O000943,P00701,1,1438.9,0,18
OI0001731,O000944,P00560,1,16040.93,20,0
OI0001732,O000944,P00299,1,26178.53,10,18
OI0001733,O000945,P00258,1,16430.88,10,12
OI0001737,O000948,P00697,5,12567.82,0,18
OI0001738,O000949,P00553,3,16312.14,0,18
OI0001739,O000950,P00881,3,21176.12,20,0
OI0001740,O000950,P00412,2,6029.23,0,5
OI0001741,O000950,P00231,1,1213.7,0,0
OI0001742,O000951,P00461,1,15202.57,0,18
OI0001744,O000952,P00645,1,26161.36,10,12
OI0001745,O000953,P00860,1,29143.5,5,12
OI0001746,O000954,P00699,1,23058.36,5,18
OI0001747,O000954,P00277,1,2427.38,5,5
OI0001748,O000955,P00534,1,3180.74,0,12
OI0001749,O000956,P00030,4,23282.16,0,18
OI0001750,O000956,P00653,1,3845.98,20,12
OI0001752,O000957,P00942,5,8192.55,15,12
OI0001753,O000958,P00185,4,28205.92,10,5
OI0001754,O000958,P00211,2,679.0,15,5
OI0001755,O000959,P00226,1,26167.27,25,5
OI0001756,O000960,P00663,2,24983.18,0,0
OI0001757,O000960,P00856,4,12952.29,10,18
OI0001758,O000961,P00667,3,20278.44,5,12
OI0001759,O000961,P00544,2,15283.17,0,12
OI0001761,O000963,P00694,2,21777.43,25,0
OI0001765,O000964,P00782,1,28813.11,25,0
OI0001766,O000965,P00856,2,12581.62,0,12
OI0001767,O000965,P00281,1,19806.04,5,18
OI0001768,O000965,P00052,2,14330.23,20,18
OI0001769,O000966,P00610,1,5680.18,0,0
OI0001770,O000967,P00069,1,23292.44,15,12
OI0001771,O000967,P00997,1,6105.22,25,0
OI0001772,O000967,P00196,2,5026.18,25,12
OI0001773,O000968,P00495,3,18668.6,0,0
OI0001774,O000968,P00148,2,8979.71,0,12
OI0001775,O000968,P00127,1,14851.28,0,18
OI0001776,O000969,P00858,1,27296.63,0,12
OI0001777,O000969,P00279,1,14739.65,0,18
OI0001778,O000970,P00613,1,10651.98,0,0
OI0001780,O000970,P00278,1,19484.4,10,5
OI0001781,O000971,P00536,1,27144.51,5,0
OI0001782,O000972,P00241,2,4326.48,25,5
OI0001783,O000972,P00858,4,26291.91,5,12
OI0001784,O000972,P00451,1,29448.89,10,12
OI0001785,O000973,P00219,5,14763.38,15,12
OI0001786,O000973,P00723,1,7404.12,20,18
OI0001787,O000974,P00897,1,6695.44,0,0
OI0001788,O000974,P00304,1,23526.89,0,5
OI0001789,O000974,P00435,1,28378.3,20,0
OI0001790,O000975,P00909,2,11509.67,25,5
OI0001791,O000975,P00439,1,25413.37,15,5
OI0001792,O000976,P00492,1,9631.89,5,18
OI0001794,O000976,P00928,2,29974.79,15,18
OI0001795,O000977,P00669,2,22632.02,10,0
OI0001796,O000977,P00776,1,18873.69,5,12
OI0001797,O000978,P00590,1,3426.56,0,18
OI0001798,O000978,P00282,1,15297.82,10,12
OI0001800,O000979,P00006,1,8929.99,0,12
OI0001801,O000980,P00742,2,14187.79,0,0
OI0001802,O000981,P00204,1,16526.5,15,5
OI0001804,O000981,P00052,1,13167.95,0,18
OI0001805,O000982,P00370,2,5276.1,10,12
OI0001806,O000982,P00330,1,23359.12,0,5
OI0001807,O000983,P00504,1,7063.3,25,0
OI0001808,O000984,P00283,1,4590.23,0,18
OI0001809,O000984,P00053,1,20947.59,15,12
OI0001810,O000985,P00409,2,13326.38,15,5
OI0001812,O000986,P00384,1,1979.24,25,12
OI0001813,O000986,P00449,2,2312.68,25,12
OI0001814,O000987,P00319,2,22244.42,10,18
OI0001815,O000987,P00288,3,17235.85,0,18
OI0001816,O000987,P00337,1,592.66,0,18
OI0001818,O000988,P00215,3,31196.68,0,12
OI0001819,O000989,P00135,1,28463.13,5,0
OI0001820,O000990,P00508,2,12132.79,15,5
OI0001821,O000990,P00466,1,810.36,0,0
OI0001822,O000991,P00579,1,18009.97,15,5
OI0001823,O000991,P00558,1,12467.34,20,18
OI0001824,O000992,P00007,1,27435.25,0,12
OI0001825,O000993,P00665,2,30130.34,10,18
OI0001826,O000993,P00919,2,20844.31,0,12
OI0001828,O000994,P00113,1,17236.57,20,12
OI0001830,O000995,P00363,2,22944.64,0,18
OI0001831,O000996,P00641,1,1260.3,15,5
OI0001832,O000996,P00575,1,17469.35,0,5
OI0001833,O000997,P00476,1,15627.27,25,0
OI0001834,O000998,P00189,1,6400.75,0,5
OI0001835,O000999,P00803,1,20818.95,15,18
OI0001836,O000999,P00633,1,5645.26,10,5
OI0001837,O001000,P00024,1,12992.55,0,0
OI0001838,O001000,P00766,1,13246.54,20,5
OI0001839,O001001,P00949,1,29148.07,0,5
OI0001840,O001001,P00553,3,16455.05,0,0
OI0001841,O001001,P00194,2,29486.82,5,5
OI0001842,O001002,P00353,1,28347.36,0,12
OI0001843,O001002,P00962,2,18809.77,20,12
OI0001844,O001003,P00207,2,4390.99,0,5
OI0001845,O001003,P00220,1,5169.4,0,18
OI0001846,O001003,P00302,2,12276.84,5,12
OI0001847,O001004,P00997,1,6027.18,25,5
OI0001848,O001004,P00028,1,10170.88,20,5
OI0001849,O001005,P00394,3,5740.25,10,0
OI0001850,O001005,P00191,1,14871.4,15,18
OI0001851,O001005,P00282,1,14634.75,5,5
OI0001852,O001006,P00074,1,25058.57,0,5
OI0001854,O001008,P00882,1,21282.56,15,5
OI0001856,O001009,P00187,2,10469.9,20,5
OI0001857,O001009,P00881,1,21035.96,0,5
OI0001858,O001010,P00455,1,1327.23,0,0
OI0001859,O001010,P00123,2,288.76,10,12
OI0001860,O001010,P00068,2,9614.1,10,5
OI0001861,O001011,P00147,1,28414.04,10,18
OI0001862,O001011,P00244,1,2133.56,20,0
OI0001863,O001011,P00042,2,29376.89,15,0
OI0001864,O001012,P00644,1,26320.69,0,0
OI0001865,O001012,P00094,1,10622.33,5,0
OI0001866,O001013,P00253,3,31038.8,0,12
OI0001867,O001013,P00651,1,15889.63,10,5
OI0001868,O001014,P00254,1,29349.18,25,18
OI0001870,O001016,P00423,1,4267.04,15,18
OI0001871,O001017,P00250,3,19503.66,15,5
OI0001872,O001017,P00978,1,26882.41,0,18
OI0001873,O001017,P00489,2,10943.06,0,0
OI0001874,O001018,P00458,1,334.63,15,18
OI0001875,O001018,P00721,3,13783.21,0,12
OI0001876,O001018,P00353,1,29809.9,0,12
OI0001877,O001019,P00777,2,21610.76,25,0
OI0001878,O001019,P00825,2,23961.32,20,18
OI0001879,O001020,P00042,1,29408.7,0,18
OI0001880,O001021,P00085,1,3462.63,0,12
OI0001881,O001021,P00740,2,11370.17,0,12
OI0001882,O001022,P00429,1,679.71,15,12
OI0001883,O001022,P00468,1,24571.75,20,0
OI0001884,O001023,P00521,1,25225.51,15,5
OI0001885,O001023,P00593,1,3257.8,15,0
OI0001886,O001024,P00020,5,23395.41,25,5
OI0001887,O001025,P00153,2,25935.27,0,12
OI0001888,O001025,P00389,1,4863.5,10,18
OI0001889,O001026,P00968,1,5648.04,10,0
OI0001890,O001026,P00308,1,24752.09,0,5
OI0001891,O001026,P00323,1,23415.47,15,5
OI0001892,O001027,P00328,3,5483.27,15,18
OI0001893,O001028,P00058,3,18906.15,5,12
OI0001894,O001029,P00209,1,19212.98,0,0
OI0001895,O001029,P00122,2,13708.22,20,12
OI0001897,O001031,P00789,3,28867.09,0,0
OI0001898,O001032,P00829,1,11439.77,0,18
OI0001899,O001033,P00173,4,3067.17,0,18
OI0001901,O001034,P00148,2,9077.14,15,18
OI0001902,O001035,P00989,2,17685.09,20,5
OI0001903,O001035,P00970,1,19132.89,0,12
OI0001904,O001036,P00643,1,13417.4,10,12
OI0001905,O001036,P00519,2,3722.51,20,12
OI0001906,O001037,P00963,2,4001.29,25,18
OI0001908,O001038,P00285,3,14270.34,25,5
OI0001910,O001038,P00123,2,297.74,25,0
OI0001911,O001039,P00248,2,19637.32,5,5
OI0001912,O001040,P00265,1,1558.41,0,18
OI0001913,O001040,P00293,1,8203.3,10,12
OI0001914,O001041,P00675,1,9507.79,20,0
OI0001915,O001041,P00945,2,12396.15,0,12
OI0001916,O001042,P00522,2,18496.7,5,0
OI0001917,O001043,P00565,3,1072.56,0,0
OI0001919,O001044,P00522,1,18352.96,5,12
OI0001920,O001045,P00982,1,9386.08,5,5
OI0001921,O001045,P00687,4,23560.55,0,5
OI0001922,O001046,P00928,2,30030.67,0,12
OI0001923,O001047,P00875,2,15805.67,25,18
OI0001924,O001047,P00615,1,12337.97,5,0
OI0001925,O001048,P00370,1,5584.09,20,18
OI0001927,O001050,P00297,2,1297.26,0,5
OI0001928,O001050,P00789,2,29076.07,0,18
OI0001929,O001051,P00395,1,26082.51,5,18
OI0001930,O001052,P00239,2,28726.28,5,18
OI0001933,O001053,P00341,1,22902.14,10,5
OI0001935,O001054,P00818,2,25293.93,10,0
OI0001936,O001055,P00967,2,22770.63,25,18
OI0001937,O001055,P00015,2,31082.66,25,0
OI0001938,O001056,P00045,1,26686.84,0,0
OI0001939,O001057,P00856,3,12461.78,10,0
OI0001941,O001058,P00038,2,18382.15,10,12
OI0001942,O001058,P00343,1,10619.97,0,12
OI0001943,O001059,P00111,3,12385.46,15,18
OI0001944,O001060,P00274,2,1143.19,5,5
OI0001945,O001060,P00114,1,11686.56,5,5
OI0001946,O001061,P00330,1,22626.65,5,18
OI0001947,O001062,P00276,1,20220.17,15,0
OI0001948,O001062,P00541,1,18882.63,0,5
OI0001949,O001063,P00973,4,27566.01,20,5
OI0001950,O001063,P00665,3,28045.04,5,12
OI0001951,O001063,P00217,1,16269.92,5,5
OI0001952,O001064,P00418,1,22952.88,10,0
OI0001953,O001065,P00899,1,22542.93,0,18
OI0001954,O001065,P00934,2,24549.21,5,12
OI0001955,O001065,P00652,2,3737.82,10,18
OI0001956,O001066,P00532,1,13286.38,5,12
OI0001957,O001066,P00004,4,13639.9,20,5
OI0001958,O001067,P00671,2,18022.26,5,18
OI0001959,O001067,P00479,1,22792.75,5,5
OI0001960,O001068,P00530,2,29694.47,20,18
OI0001961,O001068,P00220,2,4963.3,10,5
OI0001962,O001069,P00265,1,1611.08,0,12
OI0001963,O001069,P00367,1,6706.43,0,12
OI0001964,O001070,P00536,2,27247.83,25,0
OI0001965,O001071,P00150,1,18345.94,25,0
OI0001966,O001071,P00521,1,25072.61,0,18
OI0001967,O001072,P00785,2,7157.52,15,0
OI0001968,O001072,P00563,2,23296.23,15,5
OI0001969,O001072,P00698,3,15643.09,0,12
OI0001972,O001074,P00489,5,11008.67,20,5
OI0001973,O001074,P00049,2,24689.71,5,5
OI0001974,O001075,P00629,1,15357.59,5,12
OI0001976,O001075,P00229,1,18709.68,15,5
OI0001977,O001076,P00298,3,6124.64,25,0
OI0001978,O001076,P00832,1,16992.79,20,12
OI0001979,O001076,P00087,1,4092.74,10,5
OI0001980,O001077,P00271,1,24774.8,5,12
OI0001982,O001078,P00185,2,27599.48,0,18
OI0001983,O001079,P00696,1,22722.77,20,12
OI0001984,O001080,P00083,3,973.9,5,18
OI0001985,O001081,P00705,1,26423.94,15,0
OI0001986,O001081,P00486,1,23308.59,10,18
OI0001988,O001082,P00416,1,7721.09,20,12
OI0001989,O001082,P00158,1,12922.36,25,0
OI0001990,O001083,P00241,2,4351.26,0,5
OI0001992,O001085,P00123,2,285.36,0,12
OI0001993,O001085,P00465,2,11271.14,0,18
OI0001994,O001086,P00103,1,12457.22,0,5
OI0001995,O001086,P00019,2,16671.0,0,18
OI0001996,O001087,P00174,4,21495.14,0,12
OI0001997,O001087,P00183,1,25307.04,5,0
OI0001998,O001088,P00411,2,6427.24,0,12
OI0002000,O001089,P00632,1,24312.5,25,0
OI0002001,O001089,P00727,1,12416.75,20,18
OI0002002,O001090,P00001,1,9718.68,5,0
OI0002003,O001090,P00118,4,22455.87,0,12
OI0002004,O001091,P00373,1,22384.19,0,5
OI0002005,O001092,P00895,1,19815.49,5,12
OI0002006,O001092,P00250,1,20539.11,25,18
OI0002007,O001093,P00125,1,17598.02,0,12
OI0002008,O001093,P00314,1,4665.45,0,0
OI0002009,O001093,P00602,1,27571.83,5,12
OI0002010,O001094,P00793,1,16067.48,10,18
OI0002011,O001094,P00648,3,16463.49,25,18
OI0002012,O001095,P00160,1,19448.26,0,18
OI0002013,O001095,P00609,1,9560.61,15,0
OI0002014,O001096,P00071,2,12679.09,0,12
OI0002016,O001097,P00365,1,13154.28,0,5
OI0002017,O001098,P00860,3,27857.36,10,0
OI0002018,O001099,P00147,1,28528.05,0,5
OI0002019,O001100,P00118,2,22599.02,25,18
OI0002020,O001100,P00091,1,14190.12,10,18
OI0002021,O001100,P00220,1,5175.74,0,5
OI0002022,O001101,P00041,1,1145.54,0,18
OI0002023,O001101,P00079,1,16289.53,0,12
OI0002025,O001102,P00363,3,23506.79,10,0
OI0002026,O001103,P00257,1,25456.28,25,5
OI0002027,O001104,P00619,1,9966.16,20,5
OI0002029,O001105,P00921,2,16044.08,0,0
OI0002030,O001106,P00533,3,2206.25,20,0
OI0002031,O001106,P00607,1,24299.57,25,18
OI0002032,O001107,P00198,1,24223.86,0,5
OI0002033,O001107,P00595,2,22173.82,5,12
OI0002035,O001108,P00817,3,10680.25,25,0
OI0002036,O001109,P00695,1,9781.94,5,12
OI0002037,O001110,P00251,2,27538.25,5,0
OI0002038,O001111,P00110,2,1062.16,10,12
OI0002039,O001112,P00261,5,19554.63,0,18
OI0002040,O001112,P00992,1,7322.01,10,5
OI0002041,O001113,P00202,1,3379.75,25,18
OI0002042,O001114,P00391,1,24321.79,0,5
OI0002043,O001114,P00476,2,15434.31,0,5
OI0002044,O001115,P00057,5,12171.16,20,12
OI0002045,O001115,P00286,1,559.53,5,12
OI0002046,O001116,P00161,1,23621.41,0,12
OI0002047,O001116,P00538,2,29230.89,10,5
OI0002048,O001116,P00655,1,22470.95,0,18
OI0002052,O001118,P00901,2,4310.0,0,0
OI0002053,O001118,P00914,2,26467.06,25,5
OI0002054,O001119,P00134,1,24180.12,15,0
OI0002055,O001119,P00454,1,13828.41,10,18
OI0002056,O001120,P00128,1,5726.93,0,0
OI0002057,O001120,P00154,4,27681.65,0,18
OI0002058,O001121,P00576,1,14601.64,5,18
OI0002059,O001121,P00316,2,25288.07,5,12
OI0002060,O001122,P00640,1,22321.62,20,18
OI0002061,O001123,P00941,1,19925.0,0,18
OI0002062,O001123,P00412,1,6175.99,0,0
OI0002063,O001124,P00057,2,11355.54,15,0
OI0002064,O001124,P00467,1,22071.97,5,0
OI0002066,O001126,P00476,1,16213.51,25,5
OI0002067,O001127,P00433,1,693.23,20,12
OI0002068,O001127,P00668,1,5040.09,0,18
OI0002069,O001128,P00685,1,264.63,25,5
OI0002070,O001128,P00524,1,12646.13,15,0
OI0002071,O001129,P00371,1,17068.88,10,18
OI0002073,O001130,P00548,1,21824.18,5,0
OI0002074,O001131,P00011,2,12274.1,0,5
OI0002075,O001131,P00137,1,29638.3,10,18
OI0002076,O001132,P00652,1,3675.34,0,18
OI0002077,O001133,P00172,1,24765.83,0,12
OI0002078,O001134,P00338,3,9300.64,15,5
OI0002079,O001134,P00731,4,27901.92,10,5
OI0002081,O001135,P00693,1,2435.61,0,18
OI0002082,O001136,P00942,1,7969.18,5,18
OI0002084,O001138,P00144,1,8149.8,-5,0
OI0002085,O001138,P00091,1,14099.99,0,5
OI0002086,O001139,P00706,1,15055.61,20,18
OI0002087,O001139,P00473,1,13643.06,10,12
OI0002088,O001140,P00868,1,9398.35,5,5
OI0002089,O001140,P00061,1,17984.23,10,0
OI0002090,O001141,P00605,1,6666.69,20,5
OI0002091,O001142,P00822,2,15121.53,5,12
OI0002092,O001142,P00604,3,27450.28,0,0
OI0002093,O001143,P00589,1,11245.89,10,5
OI0002094,O001143,P00399,1,5341.47,-5,12
OI0002095,O001143,P00374,1,17302.41,0,0
OI0002096,O001144,P00827,1,8613.95,15,5
OI0002099,O001145,P00570,1,11639.4,0,5
OI0002100,O001146,P00991,1,5590.01,0,0
OI0002101,O001147,P01000,2,25156.05,25,5
OI0002102,O001147,P00098,2,19885.5,0,12
OI0002103,O001148,P00513,1,28612.31,5,18
OI0002104,O001149,P00594,2,14195.68,15,18
OI0002105,O001149,P00131,3,10797.96,20,0
OI0002108,O001150,P00968,2,5723.53,25,18
OI0002109,O001150,P00338,2,9943.04,0,0
OI0002110,O001151,P00640,2,21770.95,0,18
OI0002111,O001151,P00473,4,13273.14,5,12
OI0002112,O001152,P00767,1,20528.89,0,5
OI0002113,O001152,P00637,1,29975.55,15,18
OI0002115,O001153,P00741,5,4639.3,0,18
OI0002116,O001153,P00588,1,24781.75,0,5
OI0002118,O001154,P00483,1,20962.84,-5,5
OI0002119,O001154,P00141,4,18905.58,0,0
OI0002120,O001155,P00568,2,8190.61,15,18
OI0002122,O001156,P00740,1,11138.82,0,12
OI0002123,O001156,P00859,1,28661.31,0,18
OI0002124,O001156,P00305,3,2995.82,25,0
OI0002125,O001157,P00701,1,1447.45,0,12
OI0002127,O001159,P00202,1,3427.28,15,0
OI0002128,O001159,P00908,1,9105.5,20,12
OI0002129,O001160,P00183,4,25325.64,10,5
OI0002130,O001161,P00567,1,29194.99,25,18
OI0002131,O001161,P00194,3,27766.62,5,18
OI0002132,O001162,P00257,2,25238.54,15,5
OI0002133,O001162,P00401,2,20845.89,20,5
OI0002134,O001162,P00766,1,13877.52,10,0
OI0002135,O001163,P00497,1,9736.25,20,5
OI0002136,O001163,P00014,2,16501.48,0,12
OI0002137,O001164,P00342,1,26552.47,25,5
OI0002139,O001164,P00794,1,5371.37,0,12
OI0002141,O001165,P00036,1,19966.23,0,18
OI0002142,O001166,P00271,4,24808.88,0,12
OI0002143,O001167,P00754,5,24956.05,10,5
OI0002145,O001167,P00573,2,4675.23,20,5
OI0002146,O001168,P00138,1,716.55,0,0
OI0002147,O001168,P00919,1,20901.62,5,12
OI0002148,O001169,P00841,1,16066.78,5,12
OI0002149,O001170,P00581,1,25147.86,25,18
OI0002150,O001171,P00668,1,5137.73,10,18
OI0002151,O001171,P00571,1,8900.34,25,0
OI0002152,O001171,P00292,5,12147.73,15,12
OI0002153,O001172,P00065,3,27515.53,25,18
OI0002154,O001172,P00876,3,8596.22,0,12
OI0002155,O001173,P00732,5,16905.43,0,18
OI0002156,O001173,P00504,1,6945.16,20,5
OI0002157,O001173,P00367,1,6470.66,0,12
OI0002158,O001174,P00845,1,6725.81,0,0
OI0002159,O001174,P00306,1,18243.44,10,0
OI0002161,O001175,P00657,3,27383.97,0,12
OI0002162,O001176,P00819,1,9072.42,15,0
OI0002163,O001177,P00489,1,11078.81,20,18
OI0002164,O001178,P00457,1,654.46,20,0
OI0002165,O001178,P00054,3,15751.85,0,18
OI0002166,O001178,P00285,1,15091.61,20,12
OI0002167,O001179,P00265,1,1627.85,20,12
OI0002168,O001180,P00195,1,22015.19,20,5
OI0002169,O001180,P00024,1,13232.11,20,18
OI0002170,O001180,P00777,2,22680.25,5,18
OI0002171,O001181,P00292,2,12902.11,0,5
OI0002172,O001181,P00684,2,21208.73,0,18
OI0002173,O001181,P00593,2,3448.1,25,12
OI0002174,O001182,P00945,1,12170.37,15,18
OI0002175,O001182,P00755,1,15508.67,5,5
OI0002176,O001183,P00406,1,26863.66,0,5
OI0002177,O001183,P00069,1,23177.25,0,18
OI0002178,O001184,P00742,1,15294.61,0,5
OI0002179,O001184,P00941,1,19593.01,0,12
OI0002181,O001185,P00483,3,21681.5,15,12
OI0002182,O001186,P00850,3,22246.06,20,12
OI0002183,O001186,P00116,2,27695.33,5,18
OI0002184,O001186,P00419,2,26767.28,-5,18
OI0002185,O001187,P00626,1,2255.57,10,12
OI0002186,O001188,P00625,1,26628.42,0,12
OI0002187,O001188,P00323,2,22610.0,25,12
OI0002188,O001189,P00118,2,22071.22,0,18
OI0002189,O001189,P00614,1,12032.93,0,0
OI0002190,O001190,P00368,4,14694.35,0,12
OI0002192,O001190,P00722,2,16956.96,25,12
OI0002195,O001192,P00065,4,26864.96,5,5
OI0002196,O001193,P00079,2,16923.26,20,0
OI0002198,O001194,P00515,3,21761.29,25,5
OI0002200,O001195,P00251,1,27997.26,20,18
OI0002202,O001196,P00037,1,14621.22,15,0
OI0002203,O001197,P00930,1,9630.2,0,18
OI0002204,O001197,P00661,1,29046.88,0,0
OI0002205,O001198,P00277,1,2427.94,20,18
OI0002206,O001198,P00242,1,1895.73,0,12
OI0002207,O001199,P00286,3,552.87,5,5
OI0002208,O001199,P00599,3,28546.28,5,18
OI0002209,O001200,P00176,1,4140.25,0,0
OI0002210,O001200,P00662,1,7839.18,5,5
OI0002211,O001200,P00474,2,22128.28,20,0
OI0002212,O001201,P00450,3,29603.75,5,12
OI0002213,O001201,P00776,2,18924.35,20,12
OI0002214,O001202,P00031,1,10323.57,0,0
OI0002215,O001202,P00343,1,11142.34,15,18
OI0002216,O001203,P00463,2,23822.75,10,12
OI0002217,O001203,P00928,1,27357.5,0,12
OI0002218,O001204,P00462,1,16542.33,25,18
OI0002219,O001205,P00356,1,10903.94,0,12
OI0002221,O001206,P00328,1,5837.92,0,18
OI0002222,O001207,P00436,2,21986.62,10,5
OI0002223,O001207,P00416,3,7634.6,0,5
OI0002224,O001208,P00977,1,1627.9,25,5
OI0002225,O001209,P00961,2,12593.98,0,18
OI0002226,O001210,P00390,3,25625.7,15,12
OI0002227,O001210,P00782,1,28540.52,0,5
OI0002228,O001210,P00977,1,1644.42,5,12
OI0002229,O001211,P00081,1,12489.99,-5,5
OI0002230,O001211,P00736,2,10360.08,10,5
OI0002231,O001211,P00784,2,8606.3,5,0
OI0002232,O001212,P00970,2,17855.67,0,0
OI0002233,O001212,P00508,2,12463.5,25,18
OI0002234,O001212,P00502,1,14613.17,15,12
OI0002235,O001213,P00472,1,4846.78,0,18
OI0002236,O001214,P00453,1,420.29,15,0
OI0002237,O001214,P00433,1,725.52,0,18
OI0002238,O001215,P00502,1,15866.71,20,0
OI0002239,O001216,P00769,1,14861.18,0,12
OI0002240,O001216,P00417,2,12177.9,0,12
OI0002241,O001217,P00949,1,31220.09,0,0
OI0002242,O001218,P00444,1,7665.14,5,12
OI0002243,O001218,P00945,1,12205.74,15,5
OI0002245,O001219,P00829,5,11798.52,5,5
OI0002246,O001219,P00012,2,11010.05,0,12
OI0002247,O001220,P00988,1,16000.78,15,5
OI0002248,O001221,P00174,1,21951.21,10,18
OI0002249,O001221,P00339,2,25107.62,10,12
OI0002250,O001222,P00034,2,22034.27,25,5
OI0002251,O001222,P00565,2,1024.94,0,5
OI0002252,O001223,P00277,2,2349.52,0,5
OI0002253,O001224,P00217,1,17622.72,0,12
OI0002254,O001224,P00525,1,1384.56,0,5
OI0002255,O001225,P00500,1,7179.21,25,0
OI0002256,O001225,P00054,1,15028.28,5,18
OI0002257,O001226,P00376,1,26029.51,25,5
OI0002258,O001226,P00552,4,18787.5,20,18
OI0002259,O001227,P00415,1,7535.2,15,18
OI0002260,O001228,P00916,1,2489.79,20,0
OI0002261,O001228,P00964,1,18897.63,0,18
OI0002262,O001229,P00191,2,14050.59,15,12
OI0002263,O001229,P00579,1,17350.95,25,18
OI0002264,O001230,P00211,1,661.87,0,12
OI0002265,O001230,P00829,5,11342.18,20,12
OI0002266,O001230,P00775,1,18644.91,10,18
OI0002267,O001231,P00605,1,6504.15,25,5
OI0002268,O001231,P00777,1,23568.64,0,5
OI0002269,O001232,P00142,2,18421.31,5,5
OI0002270,O001232,P00073,1,29961.19,15,12
OI0002271,O001233,P00616,1,7230.44,15,5
OI0002272,O001233,P00248,1,19977.44,25,5
OI0002273,O001234,P00847,1,22141.41,0,5
OI0002274,O001235,P00103,2,13189.75,20,0
OI0002275,O001235,P00941,1,19740.94,5,5
OI0002276,O001236,P00383,2,18694.49,5,18
OI0002277,O001236,P00017,1,11001.68,10,0
OI0002278,O001237,P00793,1,16242.6,0,0
OI0002280,O001237,P00588,3,25768.32,5,12
OI0002281,O001238,P00123,1,285.77,10,5
OI0002282,O001239,P00269,1,18572.63,25,18
OI0002283,O001239,P00415,4,8014.89,20,18
OI0002284,O001239,P00133,3,24966.73,5,0
OI0002285,O001240,P00539,3,13103.1,20,0
OI0002286,O001240,P00759,2,18783.84,25,0
OI0002287,O001241,P00487,1,4235.06,0,5
OI0002288,O001242,P00724,1,16008.67,5,5
OI0002289,O001242,P00061,2,18577.37,5,0
OI0002291,O001243,P00990,3,28885.78,0,0
OI0002292,O001243,P00730,1,23068.74,15,18
OI0002293,O001244,P00692,1,15029.97,20,0
OI0002294,O001244,P00004,2,14808.62,20,12
OI0002295,O001245,P00299,4,27089.61,15,18
OI0002296,O001246,P00960,3,23872.07,0,5
OI0002297,O001247,P00975,2,8372.46,0,5
OI0002298,O001248,P00839,1,18593.06,25,0
OI0002299,O001248,P00281,1,20506.81,0,5
OI0002300,O001248,P00903,1,7637.1,15,5
OI0002301,O001249,P00243,1,14801.97,0,18
OI0002302,O001249,P00571,3,8864.14,10,0
OI0002303,O001249,P00066,1,5880.41,5,0
OI0002304,O001250,P00051,1,15175.86,10,12
OI0002305,O001251,P00615,1,12356.53,25,12
OI0002306,O001251,P00847,4,21110.94,15,18
OI0002307,O001251,P00592,1,3989.1,0,0
OI0002308,O001252,P00531,1,27663.79,0,12
OI0002309,O001252,P00892,1,18097.53,0,5
OI0002310,O001253,P00553,1,15993.97,25,18
OI0002311,O001253,P00639,4,1553.54,5,12
OI0002312,O001253,P00199,1,18928.33,20,12
OI0002313,O001254,P00983,2,2830.23,5,0
OI0002314,O001254,P00075,2,19222.78,0,18
OI0002315,O001255,P00517,1,29165.12,25,18
OI0002316,O001255,P00250,3,19086.32,0,18
OI0002317,O001256,P00047,1,28304.04,0,12
OI0002318,O001257,P00147,1,31100.71,5,18
OI0002319,O001257,P00310,2,6581.55,15,12
OI0002320,O001258,P00423,2,4272.35,0,12
OI0002321,O001258,P00562,1,12580.61,0,5
OI0002322,O001258,P00942,1,7727.4,20,0
OI0002323,O001259,P00729,1,22393.29,20,5
OI0002324,O001259,P00965,1,6872.64,10,18
OI0002325,O001260,P00928,3,27333.22,10,18
OI0002326,O001260,P00855,2,14330.11,0,12
OI0002327,O001260,P00706,3,15276.94,0,18
OI0002329,O001262,P00232,1,21071.3,0,5
OI0002330,O001263,P00699,1,23144.4,0,0
OI0002331,O001263,P00673,1,9332.23,0,0
OI0002332,O001264,P00835,1,21999.14,0,0
OI0002333,O001265,P00907,1,16668.88,0,0
OI0002334,O001265,P00013,1,5085.2,5,5
OI0002335,O001265,P00617,2,11005.12,25,18
OI0002336,O001266,P00719,1,23701.54,25,18
OI0002338,O001267,P00373,1,20570.67,-5,12
OI0002339,O001267,P00591,2,14047.72,0,0
OI0002340,O001268,P00215,3,29582.64,10,18
OI0002341,O001268,P00804,1,10805.13,0,0
OI0002342,O001269,P00954,2,22001.77,10,0
OI0002343,O001269,P00526,2,3537.22,15,0
OI0002345,O001270,P00092,2,22828.19,-5,0
OI0002346,O001271,P00052,1,14126.41,20,18
OI0002347,O001272,P00962,3,18404.49,20,5
OI0002348,O001273,P00364,1,21286.11,25,18
OI0002349,O001274,P00955,4,24918.93,0,12
OI0002350,O001275,P00650,1,30920.41,0,12
OI0002351,O001276,P00601,1,20348.62,20,18
OI0002352,O001276,P00525,1,1363.66,10,0
OI0002353,O001277,P00081,5,12516.42,0,12
OI0002355,O001279,P00331,1,27473.24,20,12
OI0002356,O001279,P00070,1,14929.17,10,18
OI0002358,O001281,P00796,3,1168.6,0,5
OI0002359,O001282,P00810,3,23771.31,20,12
OI0002360,O001282,P00449,4,2395.88,0,12
OI0002361,O001283,P00356,1,10901.76,0,0
OI0002362,O001283,P00766,1,13336.34,0,18
OI0002363,O001284,P00852,2,20642.7,25,5
OI0002364,O001285,P00401,1,20342.59,0,5
OI0002365,O001285,P00843,5,4603.89,0,12
OI0002367,O001287,P00471,1,12158.37,20,12
OI0002368,O001288,P00095,1,22582.4,0,18
OI0002370,O001289,P00640,1,23479.83,0,0
OI0002371,O001289,P00238,1,13489.82,15,18
OI0002372,O001289,P00171,1,6492.79,0,0
OI0002373,O001290,P00990,4,27401.7,20,12
OI0002374,O001291,P00331,2,26188.12,25,18
OI0002375,O001292,P00674,1,9749.76,0,12
OI0002376,O001292,P00831,3,6981.12,25,18
OI0002378,O001293,P00045,1,26594.6,25,0
OI0002379,O001293,P00355,1,24671.0,25,12
OI0002380,O001294,P00571,3,9559.27,20,18
OI0002381,O001294,P00341,1,23257.65,25,12
OI0002382,O001295,P00644,1,27001.14,0,5
OI0002384,O001296,P00317,1,31215.9,20,5
OI0002385,O001296,P00939,1,10352.79,10,18
OI0002387,O001297,P00851,2,4846.1,10,5
OI0002388,O001298,P00899,2,23754.86,5,12
OI0002389,O001299,P00437,4,26585.65,0,18
OI0002390,O001299,P00786,1,27835.87,25,18
OI0002391,O001299,P00059,1,14981.56,25,18
OI0002392,O001300,P00038,1,18530.61,5,18
OI0002393,O001301,P00667,1,20575.38,10,18
OI0002394,O001301,P00585,5,16009.32,10,12
OI0002395,O001301,P00857,4,1251.75,0,18
OI0002396,O001302,P00251,5,29060.12,0,18
OI0002398,O001303,P00036,2,20957.59,5,0
OI0002399,O001304,P00027,1,15271.9,15,18
OI0002400,O001304,P00950,1,1414.12,0,5
OI0002401,O001305,P00163,1,4942.45,20,5
OI0002402,O001306,P00514,1,12192.32,10,5
OI0002403,O001307,P00812,2,3847.09,10,18
OI0002404,O001307,P00969,1,16388.06,20,18
OI0002405,O001308,P00142,1,17716.57,15,12
OI0002406,O001309,P00845,1,7110.37,5,18
OI0002407,O001310,P00279,1,14830.81,25,12
OI0002408,O001311,P00648,2,16443.34,0,5
OI0002409,O001311,P00256,2,25569.26,20,18
OI0002410,O001311,P00667,1,21855.27,0,12
OI0002411,O001312,P00876,2,8218.76,0,18
OI0002412,O001313,P00375,2,13277.32,0,5
OI0002413,O001313,P00798,1,9521.38,20,5
OI0002414,O001314,P00479,5,22199.43,10,5
OI0002415,O001314,P00583,1,19241.64,5,5
OI0002416,O001314,P00448,3,21214.24,0,12
OI0002417,O001315,P00139,2,2465.84,0,0
OI0002418,O001315,P00341,1,22332.21,25,0
OI0002419,O001315,P00115,3,29053.74,15,12
OI0002420,O001316,P00179,3,3039.91,15,0
OI0002421,O001317,P00076,1,2128.47,0,5
OI0002423,O001318,P00530,1,28537.59,20,5
OI0002424,O001319,P00049,2,25406.93,0,18
OI0002425,O001320,P00772,1,9787.49,20,5
OI0002426,O001320,P00892,1,18254.24,20,0
OI0002427,O001321,P00989,3,18336.68,-5,5
OI0002430,O001322,P00841,1,16841.54,15,18
OI0002432,O001323,P00190,2,9092.0,0,5
OI0002433,O001323,P00602,4,25924.11,10,12
OI0002435,O001324,P00615,3,12532.42,15,0
OI0002436,O001324,P01000,1,22910.14,0,5
OI0002437,O001325,P00819,3,9902.35,0,5
OI0002438,O001326,P00617,1,10949.89,20,12
OI0002439,O001327,P00518,1,21430.71,20,12
OI0002440,O001327,P00742,2,14516.42,20,5
OI0002441,O001328,P00851,1,4642.84,0,18
OI0002442,O001329,P00037,1,13889.18,15,5
OI0002443,O001329,P00630,4,15506.12,0,0
OI0002445,O001330,P00490,1,23200.51,5,5
OI0002446,O001330,P00631,2,9274.02,15,5
OI0002447,O001331,P00863,1,23284.55,5,5
OI0002448,O001331,P00951,1,27074.21,20,18
OI0002449,O001332,P00689,1,27774.74,5,18
OI0002450,O001332,P00315,1,2050.47,25,18
OI0002451,O001332,P00584,3,21232.19,5,5
OI0002452,O001333,P00551,1,15365.78,0,12
OI0002453,O001333,P00550,3,6180.51,25,12
OI0002454,O001334,P00983,2,2665.95,10,0
OI0002456,O001335,P00942,1,7727.7,15,18
OI0002457,O001336,P00573,3,4438.35,15,12
OI0002458,O001336,P00331,1,27069.91,20,5
OI0002459,O001336,P00242,2,1968.37,25,5
OI0002460,O001337,P00447,1,23154.83,0,18
OI0002461,O001338,P00168,3,16845.3,0,12
OI0002463,O001339,P00070,1,14719.96,15,12
OI0002464,O001340,P00339,2,24133.24,10,0
OI0002465,O001340,P00600,1,12915.32,0,0
OI0002466,O001340,P00950,1,1476.77,0,5
OI0002467,O001341,P00252,3,12989.14,20,0
OI0002468,O001341,P00561,2,26926.12,0,5
OI0002469,O001342,P00788,3,9904.67,0,5
OI0002471,O001342,P00994,1,27513.81,10,5
OI0002472,O001343,P00013,1,4677.61,20,5
OI0002474,O001344,P00699,1,22932.34,20,5
OI0002475,O001345,P00742,5,14770.21,0,18
OI0002477,O001345,P00362,1,19620.33,-5,12
OI0002478,O001346,P00152,2,5551.92,20,18
OI0002479,O001346,P00337,1,589.94,5,12
OI0002481,O001348,P00722,1,16645.41,20,12
OI0002482,O001349,P00097,1,1332.89,15,12
OI0002484,O001350,P00651,2,15292.99,5,12
OI0002485,O001350,P00485,1,15877.76,20,18
OI0002486,O001351,P00179,1,2984.08,0,12
OI0002487,O001351,P00323,3,22234.21,0,18
OI0002488,O001351,P00405,3,1965.82,20,0
OI0002489,O001352,P00726,2,14337.66,-5,12
OI0002491,O001353,P00132,1,4873.88,0,5
OI0002493,O001354,P00960,1,22764.75,0,5
OI0002494,O001354,P00991,2,5761.08,0,12
OI0002496,O001355,P00474,3,21218.94,25,18
OI0002497,O001356,P00942,1,7831.1,15,18
OI0002498,O001356,P00939,4,10622.58,20,5
OI0002499,O001357,P00899,1,23032.28,5,12
OI0002500,O001357,P00739,1,17564.3,25,0
OI0002501,O001358,P00933,2,11773.08,10,12
OI0002502,O001358,P00551,1,16482.22,0,0
OI0002504,O001359,P00594,1,15542.3,10,12
OI0002505,O001360,P00653,1,3545.44,0,0
OI0002506,O001360,P00734,1,19997.6,5,5
OI0002507,O001361,P00228,1,10477.45,0,18
OI0002508,O001362,P00983,1,2879.42,10,0
OI0002509,O001363,P00709,2,1850.26,0,5
OI0002510,O001363,P00817,1,11370.83,0,12
OI0002511,O001364,P00999,1,9444.15,5,18
OI0002512,O001364,P00586,1,12053.63,20,0
OI0002513,O001365,P00653,1,3584.81,10,5
OI0002514,O001365,P00755,3,16085.62,25,18
OI0002515,O001366,P00775,1,17837.85,20,5
OI0002516,O001366,P00408,2,26277.91,0,5
OI0002517,O001366,P00949,1,30183.78,0,12
OI0002518,O001367,P00304,2,22732.38,0,18
OI0002519,O001367,P00804,2,10239.9,15,12
OI0002520,O001368,P00114,1,11121.1,0,12
OI0002522,O001370,P00146,1,9241.66,25,18
OI0002523,O001371,P00471,2,12114.09,-5,18
OI0002524,O001371,P00049,1,24367.4,0,18
OI0002525,O001372,P00132,2,5188.42,10,12
OI0002526,O001372,P00142,1,17692.26,5,18
OI0002527,O001373,P00758,2,13382.13,20,5
OI0002528,O001373,P00791,4,1397.39,0,18
OI0002529,O001373,P00193,2,16845.38,15,12
OI0002530,O001374,P00390,1,24878.15,25,18
OI0002532,O001375,P00738,2,26225.68,5,12
OI0002533,O001375,P00305,1,2791.37,25,0
OI0002534,O001376,P00621,1,16424.39,0,5
OI0002535,O001376,P00318,2,22448.63,20,18
OI0002536,O001377,P00039,1,3896.77,25,5
OI0002537,O001377,P00479,2,22483.64,15,5
OI0002538,O001377,P00753,2,29760.03,0,0
OI0002539,O001378,P00005,2,29657.73,25,0
OI0002541,O001379,P00379,2,21028.94,0,12
OI0002542,O001380,P00226,2,26204.08,0,12
OI0002543,O001380,P00133,2,25073.89,25,18
OI0002544,O001381,P00595,1,22666.57,20,5
OI0002545,O001381,P00475,1,25658.92,10,0
OI0002546,O001382,P00715,1,25362.95,0,5
OI0002547,O001382,P00391,5,23995.53,5,5
OI0002548,O001382,P00567,2,27543.84,20,5
OI0002549,O001383,P00115,1,28016.47,5,0
OI0002550,O001384,P00920,1,8697.41,0,18
OI0002551,O001384,P00137,1,27725.22,15,12
OI0002552,O001385,P00418,1,22207.56,0,12
OI0002553,O001385,P00957,1,18590.93,25,5
OI0002554,O001385,P00127,2,14996.86,0,18
OI0002555,O001386,P00532,1,13903.68,0,5
OI0002556,O001386,P00153,2,26233.26,0,18
OI0002557,O001387,P00232,2,20183.71,0,12
OI0002559,O001388,P00158,2,12089.72,10,0
OI0002560,O001389,P00927,2,23876.07,20,12
OI0002561,O001389,P00457,1,627.2,0,0
OI0002562,O001390,P00466,3,878.24,0,18
OI0002563,O001390,P00092,1,21340.26,10,5
OI0002565,O001392,P00787,2,17268.22,10,0
OI0002566,O001393,P00228,2,10671.57,10,5
OI0002567,O001393,P00456,1,3501.4,15,0
OI0002568,O001394,P00443,3,22891.44,15,18
OI0002570,O001395,P00368,1,15156.06,0,0
OI0002571,O001395,P00301,1,28131.85,0,5
OI0002572,O001395,P00698,1,15718.9,0,12
OI0002573,O001396,P00899,2,22903.64,0,12
OI0002575,O001397,P00129,1,8679.47,0,5
OI0002576,O001398,P00759,2,18182.35,15,12
OI0002577,O001399,P00283,1,4973.02,25,12
OI0002578,O001399,P00989,1,17476.94,0,12
OI0002579,O001399,P00947,1,9760.66,5,5
OI0002580,O001400,P00563,1,23059.3,0,12
OI0002581,O001400,P00630,2,16728.81,15,5
OI0002582,O001401,P00699,3,22857.2,5,18
OI0002583,O001401,P00804,1,10852.8,15,5
OI0002584,O001402,P00475,2,25801.49,0,18
OI0002585,O001402,P00348,2,7317.19,10,12
OI0002586,O001403,P00747,1,25717.57,25,18
OI0002587,O001403,P00161,1,24743.67,15,0
OI0002588,O001404,P00885,5,1694.63,25,0
OI0002589,O001404,P00333,1,8507.88,0,12
OI0002590,O001405,P00895,1,20621.56,15,18
OI0002592,O001406,P00920,1,8704.22,0,0
OI0002593,O001406,P00334,3,19389.53,20,5
OI0002594,O001407,P00930,2,9671.48,25,18
OI0002595,O001407,P00510,2,4550.27,15,0
OI0002596,O001408,P00508,1,12058.56,0,5
OI0002597,O001408,P00324,1,223.44,25,18
OI0002598,O001409,P00741,1,4634.74,0,5
OI0002599,O001409,P00025,1,3014.21,5,18
OI0002601,O001410,P00984,1,7394.82,5,0
OI0002602,O001410,P00193,1,16439.51,20,0
OI0002603,O001411,P00092,1,22117.72,0,12
OI0002604,O001412,P00293,1,8012.81,0,0
OI0002605,O001412,P00179,1,2917.87,25,18
OI0002606,O001413,P00546,2,1115.36,15,5
OI0002607,O001413,P00831,1,7392.3,25,12
OI0002608,O001414,P00628,4,1193.91,5,5
OI0002609,O001415,P00805,1,7632.32,5,12
OI0002610,O001416,P00209,3,19402.81,15,18
OI0002611,O001417,P00583,2,20467.06,25,12
OI0002612,O001417,P00810,1,23451.44,0,0
OI0002614,O001418,P00670,3,21723.04,25,18
OI0002615,O001419,P00745,1,11669.66,5,12
OI0002616,O001419,P00630,2,16441.01,10,18
OI0002617,O001419,P00123,2,294.72,10,18
OI0002618,O001420,P00576,1,14957.3,10,0
OI0002619,O001421,P00655,3,21559.6,20,12
OI0002620,O001421,P00816,3,799.04,15,0
OI0002621,O001422,P00716,4,6038.75,10,0
OI0002622,O001422,P00106,4,8353.22,10,0
OI0002623,O001423,P00517,1,27666.81,0,5
OI0002624,O001423,P00750,2,10348.8,0,12
OI0002625,O001423,P00165,1,29136.34,5,18
OI0002626,O001424,P00006,3,8988.88,10,0
OI0002627,O001424,P00565,1,1006.65,10,12
OI0002628,O001425,P00657,4,25955.56,15,0
OI0002629,O001425,P00561,1,29083.41,25,0
OI0002630,O001426,P00353,2,29633.11,15,12
OI0002631,O001426,P00493,1,2860.06,0,12
OI0002632,O001426,P00250,5,19140.95,10,0
OI0002634,O001428,P00239,1,27485.31,-5,12
OI0002635,O001428,P00177,1,10765.72,5,18
OI0002636,O001429,P00931,1,4123.31,-5,0
OI0002637,O001430,P00558,1,12574.0,15,12
OI0002638,O001430,P00131,2,10641.59,0,18
OI0002639,O001431,P00077,5,3254.04,10,5
OI0002640,O001431,P00031,5,10025.79,10,12
OI0002641,O001431,P00842,1,22066.98,0,0
OI0002642,O001432,P00280,2,9045.25,25,18
OI0002643,O001433,P00698,5,14985.31,0,0
OI0002645,O001434,P00046,4,11355.11,15,5
OI0002646,O001435,P00897,2,6899.53,15,5
OI0002647,O001435,P00519,1,3616.72,5,5
OI0002648,O001436,P00627,1,23601.78,0,5
OI0002649,O001436,P00768,3,26518.21,5,0
OI0002650,O001437,P00952,1,8590.03,0,5
OI0002651,O001438,P00293,1,8242.63,5,18
OI0002652,O001438,P00272,5,24283.58,15,12
OI0002653,O001439,P00835,2,20419.51,0,0
OI0002654,O001439,P00974,1,8224.72,10,12
OI0002655,O001440,P00221,1,4993.61,25,5
OI0002656,O001440,P00430,3,13701.01,5,0
OI0002657,O001440,P00656,2,26333.1,15,5
OI0002658,O001441,P00996,1,8516.52,10,12
OI0002659,O001441,P00596,1,25560.77,20,12
OI0002660,O001442,P00968,1,5502.48,15,0
OI0002661,O001443,P00119,2,17454.09,20,0
OI0002662,O001443,P00801,1,2370.72,15,12
OI0002663,O001444,P00532,3,13891.62,0,18
OI0002664,O001444,P00695,2,10073.66,15,5
OI0002665,O001444,P00983,3,2643.5,0,12
OI0002667,O001446,P00420,1,27920.82,25,18
OI0002669,O001446,P00868,1,9223.39,25,5
OI0002670,O001447,P00061,3,18864.41,25,0
OI0002671,O001448,P00326,1,13689.15,25,18
OI0002672,O001449,P00848,5,220.09,25,5
OI0002673,O001449,P00521,1,24450.33,15,18
OI0002674,O001450,P00407,1,12801.6,0,12
OI0002676,O001451,P00195,1,21142.44,0,12
OI0002677,O001452,P00981,1,22109.31,25,18
OI0002678,O001452,P00530,2,29523.97,20,0
OI0002679,O001453,P00906,1,1756.27,25,18
OI0002680,O001453,P00112,1,26452.43,25,0
OI0002681,O001454,P00675,1,9429.42,15,12
OI0002682,O001455,P00780,2,22564.31,0,12
OI0002683,O001455,P00411,1,6150.58,20,12
OI0002684,O001456,P00769,1,16213.77,25,18
OI0002685,O001456,P00965,1,7295.88,25,0
OI0002686,O001456,P00120,1,15952.3,10,0
OI0002687,O001457,P00047,2,28621.15,20,12
OI0002688,O001457,P00644,2,26167.76,0,18
OI0002689,O001458,P00873,2,26755.21,0,18
OI0002690,O001458,P00374,2,18301.35,0,18
OI0002691,O001459,P00198,1,23210.85,0,12
OI0002692,O001460,P00778,1,17938.15,0,5
OI0002693,O001460,P00804,2,10093.56,25,5
OI0002695,O001461,P00091,1,14003.8,25,12
OI0002697,O001462,P00487,1,4353.78,10,18
OI0002698,O001462,P00357,1,12258.34,0,5
OI0002699,O001463,P00595,1,22386.64,25,18
OI0002700,O001463,P00085,1,3285.1,25,5
OI0002701,O001463,P00265,5,1559.26,25,18
OI0002702,O001464,P00905,2,27572.68,15,0
OI0002703,O001464,P00594,1,15107.65,0,5
OI0002704,O001465,P00307,1,28991.23,10,0
OI0002705,O001465,P00551,1,16272.76,25,0
OI0002706,O001466,P00634,4,9186.19,0,12
OI0002707,O001467,P00980,4,10448.36,20,18
OI0002708,O001468,P00335,2,23314.54,25,12
OI0002710,O001469,P00090,1,18412.11,10,18
OI0002711,O001469,P00251,1,28005.22,15,12
OI0002713,O001470,P00654,2,8575.18,25,18
OI0002714,O001470,P00416,1,7748.56,0,0
OI0002715,O001471,P00132,1,5034.85,25,0
OI0002716,O001471,P00099,1,27262.43,10,0
OI0002717,O001472,P00967,5,23355.05,5,12
OI0002719,O001473,P00964,1,18111.64,20,5
OI0002722,O001475,P00087,2,4157.18,0,5
OI0002723,O001475,P00905,3,26118.28,25,12
OI0002724,O001475,P00303,3,13757.05,0,18
OI0002725,O001476,P00858,1,26279.4,5,0
OI0002726,O001477,P00667,1,21587.66,0,5
OI0002727,O001477,P00964,1,18222.35,0,12
OI0002728,O001478,P00366,1,11427.01,20,5
OI0002729,O001478,P00770,1,22200.14,-5,18
OI0002730,O001478,P00639,2,1501.72,0,12
OI0002731,O001479,P00184,1,12228.39,15,5
OI0002732,O001479,P00139,1,2380.32,10,18
OI0002733,O001480,P00593,2,3248.49,0,12
OI0002734,O001481,P00377,2,24849.38,5,5
OI0002735,O001481,P00944,1,8982.47,20,0
OI0002736,O001482,P00621,2,16076.58,0,0
OI0002737,O001482,P00781,2,10363.16,15,5
OI0002738,O001483,P00995,1,13204.87,0,18
OI0002740,O001484,P00200,1,7608.01,0,0
OI0002741,O001484,P00589,2,10686.09,5,0
OI0002742,O001485,P00669,1,22985.76,5,18
OI0002743,O001486,P00557,2,5441.45,10,12
OI0002744,O001486,P00465,1,11331.37,25,0
OI0002745,O001486,P00080,2,19366.48,25,12
OI0002746,O001487,P00710,1,18938.34,0,12
OI0002747,O001487,P00679,2,28210.27,0,12
OI0002749,O001488,P00582,2,14728.81,10,0
OI0002750,O001488,P00409,2,12632.77,20,5
OI0002751,O001488,P00857,5,1281.15,0,12
OI0002752,O001489,P00886,2,21700.14,10,12
OI0002753,O001490,P00959,1,13121.81,0,12
OI0002754,O001491,P00680,3,6423.07,25,18
OI0002755,O001491,P00114,2,11739.91,5,12
OI0002756,O001491,P00105,1,15632.24,20,0
OI0002757,O001492,P00934,2,25254.48,25,12
OI0002759,O001493,P00643,1,12967.49,0,12
OI0002760,O001493,P00031,1,9605.85,15,12
OI0002761,O001494,P00695,1,10384.41,0,12
OI0002762,O001494,P00784,1,8083.24,0,5
OI0002763,O001495,P00247,2,16836.21,10,18
OI0002764,O001495,P00210,5,4509.63,10,12
OI0002765,O001496,P00397,1,10469.05,0,0
OI0002766,O001496,P00442,3,12254.91,20,18
OI0002767,O001497,P00607,1,23354.97,25,5
OI0002768,O001497,P00097,2,1386.78,25,0
OI0002769,O001497,P00254,2,28566.95,15,0
OI0002770,O001498,P00055,2,26646.44,0,5
OI0002771,O001499,P00446,1,15826.2,0,0
OI0002772,O001499,P00804,4,10161.96,15,18
OI0002773,O001500,P00853,2,2732.01,10,5
OI0002774,O001500,P00744,1,8286.81,20,12
OI0002775,O001501,P00107,1,3471.06,0,5
OI0002776,O001501,P00682,1,14403.7,0,18
OI0002777,O001502,P00084,1,28752.61,10,0
OI0002778,O001502,P00924,1,10387.28,0,18
OI0002779,O001502,P00299,1,26859.35,0,0
OI0002781,O001503,P00103,1,12884.39,25,18
OI0002782,O001504,P00521,1,25175.57,20,18
OI0002783,O001504,P00207,1,4337.05,0,5
OI0002784,O001505,P00496,1,23215.09,20,12
OI0002785,O001506,P00539,3,13679.01,0,5
OI0002786,O001506,P00661,1,26886.42,25,18
OI0002787,O001507,P00147,3,29356.12,20,0
OI0002788,O001508,P00951,1,28419.27,15,5
OI0002789,O001508,P00789,1,30194.59,0,5
OI0002790,O001509,P00597,1,7927.19,0,0
OI0002791,O001510,P00623,1,4835.51,0,12
OI0002792,O001511,P00812,3,3636.45,25,12
OI0002793,O001512,P00632,1,22947.74,5,12
OI0002794,O001512,P00486,1,23727.83,0,18
OI0002795,O001513,P00625,1,26173.88,0,12
OI0002796,O001513,P00316,1,25176.44,0,5
OI0002797,O001514,P00094,3,10129.22,0,18
OI0002798,O001515,P00395,4,26223.93,20,5
OI0002799,O001516,P00202,1,3466.61,20,18
OI0002800,O001516,P00783,1,17783.52,20,12
OI0002801,O001516,P00443,1,21731.45,25,0
OI0002802,O001517,P00915,2,4340.47,0,0
OI0002803,O001517,P00919,3,20370.66,25,0
OI0002804,O001518,P00648,1,16443.03,0,5
OI0002805,O001519,P00396,2,4414.27,0,5
OI0002806,O001520,P00939,1,10266.98,15,18
OI0002807,O001520,P00801,2,2363.43,5,18
OI0002808,O001520,P00356,1,10036.38,15,12
OI0002810,O001522,P00009,1,20246.76,0,18
OI0002811,O001522,P00351,2,1174.65,0,12
OI0002813,O001523,P00115,2,27493.13,5,0
OI0002814,O001524,P00384,4,1943.12,0,12
OI0002815,O001524,P00184,1,12890.46,5,18
OI0002816,O001524,P00841,2,15862.09,5,5
OI0002817,O001525,P00631,1,9756.05,0,5
OI0002819,O001526,P00227,1,9877.46,10,12
OI0002820,O001526,P00547,1,20622.52,0,18
OI0002821,O001527,P00545,1,18474.96,10,0
OI0002822,O001527,P00136,3,19869.54,5,12
OI0002823,O001528,P00636,1,8048.78,0,5
OI0002824,O001529,P00257,1,26137.48,10,0
OI0002825,O001529,P00447,5,23692.7,20,5
OI0002826,O001530,P00277,2,2280.38,0,0
OI0002827,O001530,P00708,1,3404.05,15,5
OI0002828,O001531,P00162,1,24685.72,0,12
OI0002829,O001532,P00508,3,11663.48,15,12
OI0002830,O001532,P00210,1,4179.3,0,12
OI0002831,O001533,P00268,2,18226.84,10,0
OI0002832,O001534,P00592,2,3929.77,0,5
OI0002833,O001534,P00269,2,18489.67,0,0
OI0002834,O001535,P00460,2,29028.35,-5,5
OI0002835,O001535,P00010,1,12787.6,25,12
OI0002836,O001535,P00097,2,1335.66,10,18
OI0002837,O001536,P00305,1,3047.74,0,18
OI0002838,O001536,P00628,1,1175.47,5,5
OI0002839,O001537,P00845,2,6531.02,20,0
OI0002841,O001539,P00786,2,27549.86,0,12
OI0002842,O001539,P00325,2,5516.2,0,12
OI0002843,O001540,P00065,1,26893.92,0,12
OI0002844,O001541,P00323,3,23025.04,20,5
OI0002846,O001542,P00386,2,29501.7,10,12
OI0002847,O001542,P00922,2,26779.78,0,18
OI0002848,O001543,P00629,2,15307.14,5,12
OI0002849,O001543,P00103,1,13187.71,10,12
OI0002851,O001545,P00974,1,8779.11,0,12
OI0002852,O001545,P00958,1,24806.45,0,12
OI0002854,O001546,P00746,2,4016.91,10,5
OI0002855,O001546,P00997,1,6038.77,0,0
OI0002856,O001546,P00837,1,17481.89,25,18
OI0002857,O001547,P00182,1,1266.63,10,18
OI0002858,O001547,P00791,1,1370.6,0,12
OI0002859,O001547,P00576,1,14707.05,0,18
OI0002860,O001548,P00188,1,16525.13,20,12
OI0002861,O001548,P00777,3,21435.29,10,0
OI0002862,O001549,P00117,1,25394.21,15,0
OI0002863,O001549,P00872,2,4762.97,10,12
OI0002865,O001551,P00402,1,28939.06,-5,5
OI0002866,O001551,P00779,4,2241.91,0,5
OI0002867,O001552,P00926,1,23318.94,0,5
OI0002868,O001552,P00202,1,3580.06,0,12
OI0002869,O001553,P00434,1,8536.34,0,18
OI0002871,O001554,P00728,2,5041.21,0,12
OI0002872,O001555,P00605,1,6150.36,10,18
OI0002873,O001555,P00889,3,16738.18,0,12
OI0002874,O001556,P00291,3,16097.17,10,18
OI0002875,O001557,P00762,3,20603.66,0,0
OI0002877,O001557,P00104,1,13081.2,25,5
OI0002878,O001558,P00346,2,7659.91,15,0
OI0002879,O001558,P00226,2,24408.73,20,12
OI0002880,O001559,P00830,2,5405.75,15,0
OI0002881,O001560,P00258,1,16084.46,0,5
OI0002882,O001560,P00600,1,13628.31,20,18
OI0002883,O001561,P00108,1,28631.01,0,12
OI0002884,O001562,P00415,2,7819.4,15,0
OI0002885,O001563,P00528,1,28179.71,20,0
OI0002886,O001563,P00554,1,5008.42,15,5
OI0002887,O001564,P00380,2,25987.48,0,5
OI0002888,O001564,P00761,1,9517.83,25,5
OI0002889,O001564,P00735,5,15854.26,0,18
OI0002890,O001565,P00829,2,11866.24,0,12
OI0002891,O001565,P00071,1,13208.93,0,12
OI0002893,O001566,P00426,1,16187.0,20,5
OI0002894,O001567,P00462,1,16848.21,0,18
OI0002895,O001567,P00307,1,28492.32,0,18
OI0002896,O001568,P00030,1,22582.14,0,12
OI0002897,O001568,P00808,1,19506.2,0,5
OI0002898,O001568,P00772,1,10019.18,25,18
OI0002899,O001569,P00257,5,24769.32,15,0
OI0002900,O001569,P00793,1,16066.0,5,0
OI0002901,O001569,P00475,1,26483.92,0,0
OI0002902,O001570,P00797,3,5391.97,10,5
OI0002903,O001571,P00508,1,12688.48,15,18
OI0002904,O001571,P00566,2,15031.14,5,0
OI0002905,O001572,P00119,5,16919.02,10,12
OI0002906,O001572,P00483,1,21860.73,0,12
OI0002907,O001573,P00803,1,20553.11,5,18
OI0002908,O001574,P00241,1,4310.97,20,0
OI0002909,O001574,P00565,1,1070.82,0,5
OI0002910,O001575,P00002,2,4126.38,20,12
OI0002911,O001576,P00699,1,23213.12,5,12
OI0002913,O001577,P00788,1,9535.7,10,18
OI0002914,O001577,P00888,1,1372.59,25,18
OI0002916,O001579,P00126,1,11453.37,0,12
OI0002917,O001580,P00879,1,3375.05,15,12
OI0002918,O001581,P00281,1,20000.04,10,12
OI0002919,O001581,P00542,3,24807.67,5,5
OI0002920,O001582,P00325,1,5697.24,10,5
OI0002922,O001582,P00332,1,10275.77,0,5
OI0002923,O001583,P00247,1,18104.99,0,12
OI0002924,O001583,P00349,1,10598.53,0,12
OI0002925,O001584,P00439,3,26340.51,20,0
OI0002926,O001585,P00194,2,29561.74,0,12
OI0002927,O001585,P00662,2,7484.76,0,0
OI0002928,O001585,P00661,1,27282.1,20,12
OI0002929,O001586,P00135,1,26601.15,25,12
OI0002930,O001586,P00244,1,2172.28,0,12
OI0002931,O001587,P00528,2,29562.56,5,12
OI0002932,O001587,P00272,1,25319.53,0,0
OI0002933,O001588,P00952,1,8635.67,5,18
OI0002934,O001588,P00488,1,23055.25,5,5
OI0002935,O001588,P00960,2,22093.58,10,5
OI0002936,O001589,P00506,3,11474.4,20,5
OI0002937,O001590,P00080,1,19191.2,0,0
OI0002938,O001591,P00507,1,30419.89,10,5
OI0002939,O001591,P00277,1,2258.05,15,12
OI0002940,O001592,P00725,1,26801.64,0,5
OI0002941,O001593,P00717,1,24971.95,0,5
OI0002942,O001594,P00722,1,16510.83,0,12
OI0002943,O001594,P00248,1,19000.92,0,18
OI0002944,O001595,P00093,1,4495.44,20,18
OI0002945,O001595,P00810,1,25262.54,5,18
OI0002946,O001596,P00578,1,13667.02,5,0
OI0002947,O001597,P00003,2,9770.64,5,18
OI0002948,O001597,P00670,1,19963.77,0,12
OI0002949,O001598,P00477,1,22716.04,5,18
OI0002950,O001598,P00252,5,12793.18,5,5
OI0002951,O001599,P00697,1,11695.46,0,5
OI0002952,O001599,P00088,2,12347.85,15,5
OI0002953,O001599,P00483,2,21570.55,5,18
OI0002954,O001600,P00734,1,18994.66,25,5
OI0002955,O001601,P00643,3,13736.34,0,12
OI0002956,O001602,P00518,3,23044.47,15,18
OI0002957,O001602,P00738,1,24614.3,0,5
OI0002958,O001603,P00267,2,17941.89,15,18
OI0002959,O001603,P00239,4,29188.25,0,12
OI0002960,O001604,P00071,1,12982.1,10,18
OI0002961,O001604,P00215,1,30071.07,20,18
OI0002963,O001605,P00412,1,6014.52,20,12
OI0002964,O001605,P00125,1,17270.62,15,12
OI0002966,O001607,P00641,2,1178.43,25,12
OI0002967,O001607,P00209,2,20034.7,20,12
OI0002969,O001608,P00014,1,16851.04,0,5
OI0002971,O001609,P00388,1,15738.8,25,0
OI0002972,O001609,P00874,1,7158.54,0,5
OI0002973,O001610,P00869,1,1393.5,5,5
OI0002974,O001610,P00259,1,24849.77,25,0
OI0002975,O001610,P00522,3,17372.21,0,0
OI0002977,O001611,P00895,2,20694.75,20,18
OI0002978,O001611,P00708,2,3376.65,0,18
OI0002979,O001612,P00778,2,19157.01,-5,5
OI0002980,O001612,P00002,1,4366.94,25,0
OI0002981,O001613,P00593,1,3511.5,20,5
OI0002982,O001613,P00738,1,25628.45,10,18
OI0002983,O001613,P00055,3,25785.19,25,18
OI0002985,O001614,P00230,3,23884.65,0,12
OI0002986,O001615,P00872,4,5218.03,0,5
OI0002987,O001616,P00967,3,23298.02,15,18
OI0002988,O001616,P00514,2,12540.27,0,18
OI0002989,O001617,P00685,3,242.35,25,5
OI0002991,O001617,P00643,1,13667.66,0,12
OI0002992,O001618,P00306,2,18786.87,15,18
OI0002993,O001619,P00718,2,6779.53,20,18
OI0002994,O001620,P00896,1,18578.28,10,0
OI0002995,O001620,P00711,2,25621.12,0,5
OI0002996,O001621,P00062,2,25778.84,5,5
OI0002997,O001621,P00356,2,10424.66,0,12
OI0002998,O001622,P00333,2,8378.41,5,12
OI0002999,O001623,P00912,2,11144.87,0,0
OI0003000,O001623,P00724,1,15457.61,0,5
OI0003001,O001623,P00009,1,18917.82,0,12
OI0003002,O001624,P00950,1,1463.28,0,0
OI0003003,O001624,P00454,2,13939.05,5,5
OI0003004,O001625,P00482,1,29464.0,0,5
OI0003007,O001627,P00716,1,5927.22,0,5
OI0003008,O001627,P00132,2,4754.82,25,18
OI0003009,O001627,P00860,1,30152.27,5,12
OI0003011,O001628,P00582,1,14331.16,0,12
OI0003012,O001629,P00302,1,12733.36,20,18
OI0003013,O001629,P00528,1,28818.16,0,5
OI0003014,O001630,P00568,1,8043.05,5,12
OI0003015,O001630,P00774,2,19680.69,0,18
OI0003016,O001630,P00093,2,4275.38,15,12
OI0003017,O001631,P00918,1,28050.87,20,18
OI0003018,O001631,P00616,1,7488.34,15,0
OI0003019,O001632,P00639,1,1547.65,10,0
OI0003020,O001633,P00199,1,18972.95,20,5
OI0003022,O001635,P00288,4,17275.75,0,12
OI0003023,O001636,P00196,1,5463.35,5,12
OI0003024,O001637,P00973,2,27685.23,0,0
OI0003025,O001637,P00013,1,4767.77,15,0
OI0003026,O001638,P00478,1,25128.8,0,12
OI0003027,O001638,P00348,1,7686.88,5,18
OI0003028,O001639,P00609,2,9609.71,15,18
OI0003030,O001639,P00733,1,7031.2,10,12
OI0003031,O001640,P00568,2,8278.92,0,5
OI0003032,O001641,P00595,1,21782.44,0,0
OI0003033,O001641,P00269,1,18625.7,15,0
OI0003034,O001642,P00795,2,25990.99,0,5
OI0003035,O001642,P00174,2,20891.18,25,0
OI0003036,O001643,P00491,1,24168.04,0,12
OI0003037,O001644,P00720,2,9646.17,25,0
OI0003038,O001644,P00325,2,6014.74,0,12
OI0003039,O001644,P00488,1,22615.43,25,18
OI0003040,O001645,P00506,1,11105.3,15,5
OI0003043,O001646,P00301,1,30307.54,5,0
OI0003044,O001646,P00323,1,24375.78,15,18
OI0003045,O001647,P00031,1,9919.66,5,12
OI0003046,O001647,P00612,2,8743.0,20,12
OI0003047,O001647,P00551,1,16096.3,15,18
OI0003048,O001648,P00816,4,847.67,15,5
OI0003049,O001648,P00570,5,11820.51,0,5
OI0003050,O001648,P00446,1,15762.1,0,0
OI0003051,O001649,P00980,1,11120.71,5,0
OI0003053,O001650,P00050,1,28211.34,0,18
OI0003054,O001651,P00308,1,25946.03,25,12
OI0003056,O001652,P00572,1,7312.11,15,5
OI0003057,O001653,P00573,1,4423.24,20,12
OI0003058,O001653,P00821,1,19492.11,10,0
OI0003059,O001654,P00169,2,4004.09,10,18
OI0003060,O001654,P00531,1,27283.18,20,0
OI0003061,O001654,P00166,1,28185.69,25,0
OI0003062,O001655,P00189,1,6319.79,5,12
OI0003063,O001656,P00174,1,21688.14,5,12
OI0003064,O001656,P00974,2,8853.0,10,0
OI0003065,O001657,P00843,4,4817.91,15,12
OI0003066,O001657,P00388,3,15775.3,5,18
OI0003067,O001658,P00644,2,27861.91,0,12
OI0003069,O001659,P00219,2,15304.63,20,0
OI0003070,O001660,P00652,1,3788.23,0,5
OI0003071,O001660,P00718,1,6682.13,20,18
OI0003072,O001661,P00993,1,14404.35,0,18
OI0003074,O001661,P00994,5,27457.03,0,5
OI0003075,O001662,P00186,1,6692.42,20,0
OI0003076,O001662,P00245,2,15583.41,25,0
OI0003077,O001662,P00107,1,3597.3,20,0
OI0003078,O001663,P00119,1,18083.03,5,12
OI0003079,O001663,P00997,1,6365.8,25,0
OI0003080,O001664,P00398,1,1574.44,-5,12
OI0003081,O001664,P00527,2,18964.77,15,0
OI0003083,O001665,P00610,2,5567.3,0,12
OI0003085,O001666,P00219,2,14877.8,10,5
OI0003086,O001666,P00301,2,29229.42,20,12
OI0003088,O001667,P00294,2,23650.49,5,18
OI0003089,O001668,P00432,2,4056.4,10,12
OI0003090,O001668,P00375,1,13283.8,15,0
OI0003091,O001668,P00078,1,13406.15,0,18
OI0003092,O001669,P00278,1,19359.7,15,18
OI0003093,O001669,P00729,1,23107.33,25,5
OI0003095,O001671,P00692,2,14815.35,15,12
OI0003096,O001671,P00389,1,5016.89,25,5
OI0003097,O001671,P00133,1,24611.09,25,18
OI0003098,O001672,P00931,4,4007.47,5,0
OI0003099,O001673,P00437,3,25867.9,10,5
OI0003100,O001674,P00279,1,14963.44,15,18
OI0003101,O001674,P00413,1,3084.09,0,12
OI0003102,O001674,P00062,3,25723.41,15,12
OI0003103,O001675,P00079,1,16480.82,15,0
OI0003104,O001675,P00285,1,15076.57,5,0
OI0003105,O001676,P00387,1,325.86,15,5
OI0003106,O001676,P00205,1,18343.96,0,18
OI0003107,O001677,P00402,2,29385.65,0,12
OI0003108,O001677,P00167,3,14482.9,25,18
OI0003109,O001678,P00495,2,19038.08,0,5
OI0003110,O001678,P00025,2,3171.81,15,12
OI0003111,O001679,P00360,2,3335.13,-5,5
OI0003112,O001679,P00515,3,22228.64,10,18
OI0003113,O001680,P00142,4,17259.94,5,5
OI0003114,O001681,P00944,2,9274.25,0,18
OI0003115,O001681,P00961,3,12116.06,25,12
OI0003116,O001682,P00442,1,12057.1,10,0
OI0003117,O001682,P00277,2,2333.7,25,0
OI0003118,O001683,P00003,1,9480.46,0,12
OI0003119,O001683,P00152,1,5682.13,10,12
OI0003120,O001683,P00707,1,20016.43,-5,12
OI0003121,O001684,P00043,1,8422.15,15,5
OI0003122,O001684,P00666,1,3382.51,25,0
OI0003123,O001685,P00251,1,27595.07,-5,18
OI0003124,O001686,P00573,3,4675.98,0,0
OI0003125,O001687,P00982,1,8944.21,10,0
OI0003126,O001688,P00927,1,25301.9,0,0
OI0003127,O001688,P00127,1,15967.23,25,12
OI0003128,O001689,P00365,1,13398.11,20,18
OI0003129,O001689,P00703,1,9561.75,20,5
OI0003130,O001690,P00282,2,14464.72,10,12
OI0003131,O001691,P00152,1,5969.25,10,5
OI0003132,O001691,P00012,2,11097.63,0,0
OI0003133,O001691,P00292,2,12825.46,0,12
OI0003134,O001692,P00009,2,20575.53,0,18
OI0003135,O001692,P00207,2,4509.27,0,12
OI0003136,O001693,P00887,1,22488.98,20,12
OI0003137,O001693,P00237,2,25013.74,25,12
OI0003138,O001694,P00421,2,19226.75,0,0
OI0003139,O001694,P00277,2,2363.92,20,0
OI0003140,O001695,P00869,1,1442.72,15,5
OI0003141,O001695,P00386,1,29054.27,0,0
OI0003143,O001696,P00159,1,12842.82,25,12
OI0003144,O001697,P00822,1,14874.39,25,12
OI0003145,O001697,P00944,1,9002.7,0,0
OI0003146,O001698,P00340,3,28558.55,-5,12
OI0003147,O001699,P00385,1,22611.39,0,5
OI0003148,O001699,P00871,3,12230.69,0,18
OI0003149,O001700,P00894,5,8394.89,10,18
OI0003150,O001701,P00864,4,12678.76,15,5
OI0003151,O001702,P00829,1,11534.13,15,12
OI0003152,O001702,P00511,1,19351.58,0,5
OI0003154,O001704,P00114,1,11614.06,20,18
OI0003155,O001704,P00971,1,7448.2,0,5
OI0003157,O001705,P00110,1,1095.29,10,5
OI0003158,O001705,P00611,2,4019.27,15,5
OI0003159,O001706,P00393,1,15104.61,0,0
OI0003160,O001707,P00469,1,2874.47,0,0
OI0003161,O001707,P00724,3,15101.51,0,12
OI0003162,O001708,P00809,1,7338.2,0,12
OI0003163,O001708,P00036,1,21042.4,5,5
OI0003164,O001709,P00789,2,30445.69,0,0
OI0003165,O001709,P00004,1,13977.38,15,18
OI0003166,O001710,P00760,1,7971.33,25,18
OI0003167,O001710,P00398,2,1541.69,25,18
OI0003168,O001711,P00514,4,12814.47,5,5
OI0003169,O001711,P00738,1,24622.76,15,18
OI0003170,O001712,P00465,1,10695.05,0,5
OI0003171,O001712,P00295,1,5080.91,0,5
OI0003172,O001712,P00310,2,6431.7,20,12
OI0003173,O001713,P00519,2,3826.31,5,5
OI0003175,O001714,P00421,2,19855.51,0,5
OI0003176,O001715,P00775,1,17708.47,0,18
OI0003177,O001716,P00738,1,24220.99,0,18
OI0003178,O001716,P00879,3,3388.26,0,18
OI0003180,O001717,P00579,1,17624.45,0,5
OI0003181,O001718,P00941,3,21125.28,0,0
OI0003182,O001718,P00140,2,28430.61,0,18
OI0003183,O001719,P00888,1,1381.8,5,0
OI0003184,O001719,P00813,4,9944.6,0,12
OI0003185,O001720,P00855,1,14745.86,15,0
OI0003186,O001720,P00718,2,6507.05,5,12
OI0003188,O001722,P00936,1,26541.93,0,0
OI0003189,O001722,P00973,1,27359.66,0,12
OI0003190,O001723,P00536,2,26454.38,0,0
OI0003191,O001723,P00211,2,650.72,0,12
OI0003193,O001724,P00600,4,13607.1,10,0
OI0003194,O001725,P00353,1,27978.3,15,5
OI0003195,O001725,P00673,2,9647.56,25,5
OI0003196,O001726,P00136,1,18456.92,0,12
OI0003197,O001727,P00339,1,24688.9,15,0
OI0003198,O001728,P00283,2,5014.44,15,12
OI0003199,O001728,P00291,1,16356.23,20,0
OI0003200,O001729,P00022,1,23400.42,25,0
OI0003201,O001729,P00089,1,28962.29,15,5
OI0003202,O001730,P00960,1,22655.95,0,18
OI0003203,O001730,P00726,4,13509.93,5,5
OI0003204,O001731,P00998,1,27025.73,25,18
OI0003205,O001731,P00964,1,18984.63,0,0
OI0003206,O001732,P00704,1,14718.14,0,18
OI0003207,O001733,P00240,3,14304.21,0,18
OI0003208,O001733,P00282,1,15245.51,25,18
OI0003209,O001734,P00118,1,22023.16,0,18
OI0003210,O001735,P00760,1,7815.98,0,18
OI0003211,O001736,P00559,4,23145.01,25,12
OI0003212,O001737,P00164,1,16516.89,25,0
OI0003213,O001737,P00733,1,7157.89,10,0
OI0003214,O001738,P00506,2,11058.59,0,0
OI0003215,O001738,P00568,1,7976.23,5,0
OI0003216,O001738,P00806,1,16679.27,10,18
OI0003218,O001739,P00816,2,815.44,15,12
OI0003219,O001740,P00190,1,9563.04,15,0
OI0003220,O001741,P00656,2,26685.48,25,18
OI0003221,O001741,P00780,1,21986.29,0,18
OI0003222,O001742,P00516,1,14844.68,25,12
OI0003223,O001742,P00713,2,3282.19,0,18
OI0003224,O001743,P00353,1,30602.22,0,12
OI0003227,O001745,P00971,2,7336.24,10,5
OI0003228,O001746,P00897,1,6805.7,15,12
OI0003230,O001747,P00539,2,13267.84,0,5
OI0003231,O001748,P00187,2,10313.58,5,0
OI0003232,O001749,P00561,1,28207.32,0,18
OI0003233,O001749,P00542,1,23391.89,0,18
OI0003234,O001750,P00760,1,7970.54,15,0
OI0003235,O001750,P00100,1,18611.65,5,12
OI0003236,O001751,P00209,1,20833.42,25,18
OI0003237,O001752,P00009,1,19495.25,0,0
OI0003238,O001753,P00188,1,17077.33,15,12
OI0003239,O001753,P00309,1,23101.15,-5,0
OI0003240,O001754,P00542,2,23461.57,15,18
OI0003241,O001755,P00326,1,12917.83,10,12
OI0003242,O001756,P00989,1,17792.72,10,12
OI0003243,O001757,P00461,1,15518.18,0,18
OI0003244,O001758,P00585,3,16526.02,15,0
OI0003245,O001759,P00021,1,12314.75,10,5
OI0003246,O001759,P00268,2,18304.46,0,0
OI0003247,O001760,P00849,2,4656.33,25,0
OI0003248,O001760,P00446,2,15745.62,15,0
OI0003249,O001761,P00085,1,3372.91,0,5
OI0003251,O001761,P00637,2,29977.32,15,5
OI0003252,O001762,P00614,3,11452.56,15,12
OI0003253,O001762,P00455,2,1303.67,5,12
OI0003254,O001763,P00706,1,15574.96,0,5
OI0003255,O001763,P00493,1,2804.71,0,18
OI0003256,O001764,P00227,1,9641.21,0,18
OI0003257,O001764,P00224,1,11167.57,0,18
OI0003258,O001765,P00148,2,9515.63,0,5
OI0003259,O001765,P00819,2,9545.1,10,5
OI0003260,O001765,P00510,3,4477.39,10,5
OI0003261,O001766,P00340,1,27891.03,10,5
OI0003262,O001767,P00826,1,11297.89,0,0
OI0003263,O001767,P00677,4,15474.95,20,18
OI0003264,O001767,P00965,1,6926.1,0,12
OI0003265,O001768,P00941,1,21430.43,-5,18
OI0003266,O001768,P00966,2,27321.48,0,0
OI0003269,O001769,P00620,3,12864.9,10,12
OI0003270,O001770,P00160,1,20053.22,5,12
OI0003271,O001770,P00955,2,25297.02,15,0
OI0003272,O001771,P00976,2,6868.69,0,0
OI0003273,O001772,P00667,1,21764.93,0,0
OI0003275,O001773,P00153,1,26122.34,5,12
OI0003276,O001774,P00253,1,30762.82,20,18
OI0003277,O001775,P00212,1,14188.09,10,5
OI0003278,O001775,P00988,1,15741.68,25,5
OI0003279,O001776,P00288,1,17385.59,-5,5
OI0003280,O001776,P00612,2,8715.62,20,18
OI0003281,O001777,P00142,1,16725.53,10,0
OI0003282,O001777,P00233,1,4708.07,10,18
OI0003283,O001778,P00152,1,5766.2,0,0
OI0003284,O001778,P00595,1,23194.48,15,5
OI0003285,O001778,P00291,1,15909.94,0,5
OI0003286,O001779,P00271,2,24304.64,0,12
OI0003287,O001779,P00869,2,1418.56,20,0
OI0003288,O001780,P00990,1,29290.66,25,12
OI0003289,O001780,P00507,3,29503.18,0,18
OI0003290,O001781,P00765,3,3608.93,0,5
OI0003291,O001781,P00970,2,17459.08,0,12
OI0003294,O001782,P00318,2,22154.78,0,18
OI0003296,O001783,P00817,1,10493.05,10,18
OI0003297,O001784,P00795,1,25961.92,0,18
OI0003298,O001784,P00763,1,22476.24,25,0
OI0003299,O001784,P00497,1,9940.21,10,12
OI0003300,O001785,P00375,1,13416.23,15,0
OI0003302,O001786,P00793,1,16444.82,15,0
OI0003303,O001787,P00085,1,3536.44,10,0
OI0003304,O001787,P00870,1,7975.52,0,18
OI0003306,O001788,P00835,1,20068.38,20,0
OI0003307,O001789,P00554,1,5109.69,0,12
OI0003308,O001789,P00930,1,10556.91,25,12
OI0003309,O001790,P00363,1,22906.78,20,0
OI0003310,O001790,P00635,1,11603.4,0,18
OI0003311,O001791,P00436,2,22273.13,10,12
OI0003312,O001791,P00047,1,27277.88,0,18
OI0003313,O001791,P00348,1,7700.34,5,0
OI0003314,O001792,P00191,4,15049.19,20,0
OI0003315,O001793,P01000,2,23958.07,-5,18
OI0003316,O001794,P00446,2,15617.82,20,12
OI0003317,O001795,P00060,4,21872.0,10,5
OI0003318,O001795,P00626,2,2243.94,0,12
OI0003319,O001796,P00960,1,22013.55,0,12
OI0003320,O001797,P00709,2,1879.16,20,18
OI0003321,O001797,P00781,2,10950.41,15,12
OI0003322,O001798,P00181,1,27848.42,0,5
OI0003323,O001798,P00623,1,4744.52,0,18
OI0003324,O001799,P00807,1,5492.57,15,0
OI0003325,O001799,P00107,2,3747.0,15,0
OI0003326,O001800,P00352,2,22683.3,5,18
OI0003327,O001800,P00254,3,27688.55,-5,18
OI0003328,O001801,P00144,2,8079.53,0,5
OI0003329,O001801,P00467,1,21547.66,0,0
OI0003330,O001802,P00108,1,30976.51,0,0
OI0003332,O001803,P00941,1,20187.04,0,0
OI0003333,O001803,P00074,3,24027.62,25,18
OI0003334,O001804,P00703,4,9463.87,25,18
OI0003335,O001804,P00800,3,19506.64,0,18
OI0003336,O001804,P00344,1,19526.39,5,18
OI0003337,O001805,P00749,4,1468.45,25,5
OI0003338,O001806,P00220,1,4865.09,0,12
OI0003339,O001806,P00703,1,9194.61,5,18
OI0003340,O001807,P00382,2,21285.13,15,0
OI0003341,O001807,P00125,3,17324.47,5,0
OI0003342,O001808,P00493,5,2718.63,25,12
OI0003345,O001809,P00135,1,27545.56,5,0
OI0003346,O001810,P00766,2,13676.09,0,18
OI0003347,O001810,P00517,1,27357.42,15,0
OI0003348,O001811,P00466,2,879.15,10,12
OI0003349,O001812,P00194,1,29744.02,0,12
OI0003350,O001812,P00197,2,28168.29,5,12
OI0003351,O001813,P00270,1,26422.25,0,5
OI0003352,O001813,P00939,1,10497.11,0,18
OI0003353,O001813,P00747,1,25745.1,15,12
OI0003354,O001814,P00218,2,22677.96,0,12
OI0003355,O001814,P00268,1,19509.68,0,0
OI0003356,O001815,P00691,1,14670.05,0,5
OI0003358,O001816,P00373,1,22205.08,20,18
OI0003359,O001816,P00686,3,25667.98,0,5
OI0003360,O001817,P00131,2,10643.57,20,12
OI0003361,O001817,P00067,1,18291.53,5,18
OI0003362,O001818,P00975,2,8238.48,20,18
OI0003363,O001819,P00687,2,22737.94,10,18
OI0003364,O001820,P00012,3,11214.63,15,12
OI0003365,O001821,P00977,2,1678.21,20,5
OI0003366,O001821,P00253,1,30225.32,25,18
OI0003367,O001821,P00134,1,24760.79,-5,18
OI0003368,O001822,P00883,1,12665.99,25,0
OI0003370,O001823,P00033,1,14293.16,10,5
OI0003371,O001824,P00574,1,13028.87,25,12
OI0003372,O001824,P00581,1,27414.58,0,18
OI0003373,O001824,P00963,1,4006.98,10,0
OI0003376,O001826,P00560,1,16029.12,5,18
OI0003377,O001827,P00045,1,25807.91,0,5
OI0003378,O001827,P00619,1,10135.06,15,18
OI0003379,O001827,P00022,2,21753.75,15,18
OI0003380,O001828,P00598,1,5411.52,15,12
OI0003382,O001829,P00409,1,12627.57,0,18
OI0003383,O001830,P00145,1,12334.48,20,18
OI0003384,O001831,P00394,1,5563.94,15,5
OI0003386,O001832,P00300,1,5939.9,0,12
OI0003387,O001832,P00451,3,30200.71,5,0
OI0003388,O001832,P00661,2,27444.56,0,12
OI0003389,O001833,P00979,1,6793.0,15,18
OI0003393,O001834,P00738,1,26407.04,5,5
OI0003394,O001835,P00561,4,26919.66,15,0
OI0003395,O001836,P00306,1,18042.95,15,5
OI0003396,O001837,P00188,1,16096.47,0,0
OI0003397,O001837,P00933,2,12211.18,5,18
OI0003398,O001838,P00934,1,26000.21,5,12
OI0003399,O001838,P00040,1,15098.89,5,12
OI0003400,O001839,P00993,1,14136.89,15,12
OI0003401,O001839,P00325,2,6043.53,0,18
OI0003402,O001840,P00147,2,30152.61,0,0
OI0003403,O001841,P00826,1,10937.9,5,18
OI0003404,O001841,P00018,1,22243.74,20,0
OI0003405,O001842,P00584,1,22758.62,0,12
OI0003406,O001842,P00835,1,20475.56,5,5
OI0003407,O001842,P00430,4,13500.32,5,0
OI0003408,O001843,P00325,1,5854.31,5,5
OI0003409,O001844,P00733,5,7213.34,0,0
OI0003410,O001844,P00368,1,15153.29,15,12
OI0003411,O001845,P00018,1,22021.23,0,0
OI0003412,O001846,P00827,3,9141.71,0,12
OI0003413,O001846,P00153,1,26854.63,20,12
OI0003414,O001847,P00127,1,15073.86,5,18
OI0003415,O001847,P00156,1,28100.8,25,12
OI0003416,O001847,P00684,3,20221.51,10,0
OI0003417,O001848,P00976,1,7419.25,0,12
OI0003419,O001848,P00377,1,23097.07,0,5
OI0003422,O001850,P00848,1,228.09,5,0
OI0003423,O001851,P00289,1,8102.31,20,0
OI0003424,O001851,P00645,1,25991.38,0,12
OI0003425,O001852,P00531,1,28453.0,0,5
OI0003426,O001852,P00632,4,23760.96,20,5
OI0003427,O001853,P00857,1,1272.04,0,5
OI0003428,O001853,P00894,2,8575.07,25,18
OI0003429,O001854,P00937,1,3310.31,10,12
OI0003430,O001854,P00684,2,21425.99,0,0
OI0003432,O001855,P00685,1,244.8,10,0
OI0003433,O001856,P00773,1,12506.13,15,18
OI0003434,O001856,P00249,1,20485.84,20,0
OI0003435,O001857,P00998,1,27144.98,5,0
OI0003436,O001857,P00677,4,16488.58,0,18
OI0003438,O001858,P00114,2,11145.18,0,18
OI0003439,O001858,P00741,5,4793.42,5,12
OI0003440,O001859,P00513,1,26766.08,10,0
OI0003442,O001860,P00633,1,5710.85,0,12
OI0003443,O001860,P00949,2,30530.9,0,12
OI0003444,O001860,P00288,1,17592.14,25,18
OI0003446,O001862,P00913,2,1979.47,10,5
OI0003447,O001863,P00131,3,10347.92,0,5
OI0003448,O001863,P00764,1,19478.83,0,5
OI0003449,O001864,P00259,3,24022.1,20,0
OI0003450,O001864,P00065,1,27753.02,0,0
OI0003451,O001865,P00398,1,1539.12,20,0
OI0003452,O001865,P00039,1,3959.11,10,12
OI0003455,O001867,P00763,5,23727.66,20,12
OI0003456,O001868,P00217,2,16934.41,15,0
OI0003458,O001869,P00813,1,9469.09,20,0
OI0003459,O001869,P00370,1,5179.79,10,0
OI0003460,O001870,P00488,1,23132.72,10,0
OI0003461,O001870,P00693,1,2332.22,20,5
OI0003462,O001871,P00051,2,14502.57,5,18
OI0003463,O001871,P00126,2,11477.5,15,12
OI0003464,O001871,P00478,4,25911.92,0,12
OI0003465,O001872,P00584,1,20865.66,10,12
OI0003466,O001872,P00408,1,24972.55,20,0
OI0003467,O001873,P00623,1,4940.15,5,0
OI0003468,O001874,P00773,1,12431.53,20,5
OI0003469,O001874,P00907,1,16014.2,0,12
OI0003470,O001875,P00999,1,9552.98,25,0
OI0003471,O001876,P00988,1,16514.86,0,12
OI0003473,O001877,P00906,2,1718.62,10,0
OI0003474,O001878,P00912,2,11446.9,0,5
OI0003475,O001879,P00979,3,6360.12,15,18
OI0003476,O001879,P00533,5,2133.63,25,5
OI0003478,O001881,P00024,2,12578.97,15,5
OI0003479,O001881,P00737,2,23841.11,20,5
OI0003480,O001882,P00990,3,27073.89,15,12
OI0003481,O001882,P00144,1,7944.17,20,12
OI0003482,O001883,P00240,3,14670.25,5,0
OI0003483,O001883,P00859,1,28954.19,25,12
OI0003484,O001884,P00952,4,9251.45,25,5
OI0003485,O001884,P00743,1,18859.76,0,0
OI0003486,O001885,P00900,2,23406.55,5,12
OI0003487,O001886,P00979,5,6268.24,5,18
OI0003488,O001886,P00451,3,29739.61,0,12
OI0003489,O001887,P00119,1,17837.83,0,12
OI0003490,O001887,P00890,1,22057.21,0,0
OI0003492,O001889,P00116,1,25490.58,0,12
OI0003493,O001889,P00283,2,5000.4,5,5
OI0003494,O001889,P00351,3,1239.05,0,12
OI0003495,O001890,P00413,1,3256.49,25,0
OI0003496,O001891,P00359,1,27235.65,15,0
OI0003497,O001891,P00847,3,22148.45,0,5
OI0003498,O001892,P00565,1,1081.24,0,5
OI0003499,O001893,P00731,1,27193.91,25,5
OI0003500,O001894,P00743,1,18380.98,0,5
OI0003501,O001895,P00216,1,29832.51,25,0
OI0003502,O001895,P00716,1,5963.11,25,18
OI0003503,O001896,P00539,1,12795.66,10,12
OI0003504,O001897,P00248,3,19109.3,15,12
OI0003505,O001897,P00069,4,23443.59,0,12
OI0003506,O001898,P00680,5,6602.91,15,12
OI0003508,O001899,P00898,2,4136.59,5,5
OI0003509,O001899,P00968,1,5956.27,0,18
OI0003510,O001900,P00345,1,5800.02,0,0
OI0003511,O001901,P00002,1,4496.63,0,0
OI0003512,O001901,P00160,2,18985.01,5,12
OI0003513,O001902,P00977,1,1543.16,10,0
OI0003514,O001902,P00469,4,3038.02,20,0
OI0003515,O001902,P00642,1,26532.66,0,18
OI0003516,O001903,P00106,3,8719.66,0,18
OI0003517,O001904,P00642,3,25117.86,20,18
OI0003518,O001905,P00032,1,20359.73,0,12
OI0003519,O001905,P00137,1,30124.78,0,5
OI0003520,O001906,P00836,1,14465.29,0,12
OI0003521,O001906,P00337,1,649.97,20,12
OI0003522,O001907,P00266,1,5232.81,-5,0
OI0003523,O001907,P00603,1,4872.82,0,0
OI0003524,O001908,P00792,3,6068.78,5,0
OI0003525,O001908,P00388,2,14931.36,0,12
OI0003526,O001909,P00050,1,27417.88,15,12
OI0003527,O001909,P00400,2,9780.11,15,12
OI0003528,O001910,P00373,1,20368.84,0,18
OI0003529,O001910,P00212,1,14560.8,0,12
OI0003530,O001911,P00535,3,14951.87,25,0
OI0003532,O001912,P00354,1,18657.32,20,12
OI0003533,O001913,P00277,1,2407.11,15,18
OI0003534,O001914,P00448,2,21148.5,10,5
OI0003535,O001914,P00940,1,29473.31,0,5
OI0003536,O001915,P00224,2,11293.11,20,0
OI0003537,O001915,P00483,1,21269.32,5,18
OI0003538,O001916,P00442,1,12236.38,25,5
OI0003539,O001916,P00907,1,16115.77,0,5
OI0003540,O001917,P00502,1,14896.69,15,12
OI0003541,O001917,P00740,1,11886.15,0,12
OI0003542,O001918,P00403,4,17697.02,5,12
OI0003543,O001919,P00324,2,215.52,0,12
OI0003544,O001920,P00816,1,806.36,15,12
OI0003545,O001920,P00628,1,1195.84,10,0
OI0003546,O001921,P00708,3,3434.1,15,0
OI0003547,O001921,P00133,2,25443.85,5,0
OI0003548,O001921,P00411,3,6406.09,5,5
OI0003549,O001922,P00055,1,25203.5,10,0
OI0003550,O001922,P00611,4,4131.95,10,12
OI0003551,O001923,P00579,2,16697.83,0,5
OI0003552,O001923,P00480,1,18520.65,0,5
OI0003553,O001923,P00879,1,3392.59,5,18
OI0003555,O001924,P00604,2,28400.78,0,5
OI0003556,O001925,P00483,2,20084.09,0,0
OI0003558,O001925,P00786,2,29149.59,-5,0
OI0003559,O001926,P00628,2,1192.85,10,12
OI0003560,O001927,P00027,1,14661.22,5,12
OI0003561,O001927,P00325,1,5762.18,15,0
OI0003563,O001929,P00658,1,10408.71,15,5
OI0003564,O001929,P00186,1,6519.26,15,0
OI0003566,O001930,P00207,1,4653.73,10,5
OI0003567,O001930,P00620,1,12190.96,0,0
OI0003568,O001931,P00665,2,29281.49,0,0
OI0003570,O001932,P00600,1,13714.48,15,18
OI0003571,O001933,P00975,2,8085.44,15,0
OI0003572,O001933,P00910,2,19775.65,0,12
OI0003573,O001934,P00890,1,21445.69,5,0
OI0003574,O001934,P00659,1,20618.17,10,12
OI0003575,O001934,P00010,1,12902.48,25,12
OI0003576,O001935,P00841,2,16145.02,0,12
OI0003577,O001936,P00270,1,24282.81,5,12
OI0003578,O001936,P00315,1,2249.38,20,0
OI0003579,O001937,P00431,2,24270.09,10,12
OI0003580,O001937,P00004,4,13797.99,0,0
OI0003581,O001938,P00469,1,3092.74,20,18
OI0003582,O001939,P00149,1,30335.54,25,0
OI0003583,O001939,P00351,2,1219.97,0,12
OI0003584,O001939,P00104,1,13127.44,0,12
OI0003585,O001940,P00916,3,2475.87,10,18
OI0003586,O001940,P00153,2,24755.49,10,5
OI0003588,O001941,P00343,1,10740.08,0,0
OI0003589,O001942,P00629,1,14523.22,0,0
OI0003590,O001943,P00048,3,4092.32,0,0
OI0003591,O001944,P00286,1,539.32,5,0
OI0003592,O001944,P00479,1,22187.05,0,12
OI0003593,O001944,P00695,1,10166.95,25,5
OI0003594,O001945,P00443,2,22851.84,0,5
OI0003595,O001945,P00831,1,7265.31,5,0
OI0003596,O001946,P00659,2,19995.28,25,18
OI0003598,O001947,P00864,2,13726.71,10,5
OI0003599,O001948,P00902,1,30647.61,0,18
OI0003600,O001948,P00195,3,20678.93,20,18
OI0003602,O001950,P00257,1,25497.58,5,0
OI0003603,O001950,P00516,1,15807.06,5,0
OI0003604,O001950,P00543,1,6740.4,10,0
OI0003605,O001951,P00950,4,1504.67,0,18
OI0003606,O001951,P00148,2,9361.33,15,5
OI0003607,O001952,P00703,3,9691.88,0,12
OI0003608,O001952,P00101,2,16065.98,25,12
OI0003609,O001952,P00109,2,13559.22,25,18
OI0003610,O001953,P00300,1,6159.93,0,12
OI0003612,O001954,P00930,1,9792.72,10,0
OI0003613,O001954,P00759,2,19362.63,5,12
OI0003614,O001955,P00211,1,670.39,20,5
OI0003615,O001955,P00903,1,7461.63,10,5
OI0003616,O001955,P00931,1,4080.62,20,12
OI0003617,O001956,P00245,1,16372.86,0,5
OI0003618,O001956,P00496,5,22598.53,0,12
OI0003619,O001957,P00142,2,18208.22,5,18
OI0003620,O001957,P00802,1,7288.43,0,0
OI0003621,O001958,P00076,2,2039.65,5,0
OI0003622,O001959,P00361,2,29469.45,15,0
OI0003623,O001959,P00309,2,22066.6,25,12
OI0003624,O001960,P00329,1,846.55,5,0
OI0003625,O001961,P00237,1,23576.25,10,0
OI0003626,O001962,P00632,5,22609.97,0,18
OI0003627,O001962,P00908,1,8790.94,10,0
OI0003629,O001963,P00371,1,17760.54,-5,18
OI0003631,O001965,P00501,1,1064.18,10,0
OI0003633,O001966,P00417,1,13098.33,5,18
OI0003634,O001966,P00028,4,10209.28,0,5
OI0003635,O001966,P00006,2,8949.88,20,18
OI0003636,O001967,P00694,2,20300.46,0,18
OI0003638,O001968,P00190,1,9341.05,0,0
OI0003639,O001968,P00693,1,2377.41,5,18
OI0003640,O001969,P00291,2,16435.57,20,12
OI0003642,O001970,P00598,2,5923.46,5,12
OI0003643,O001970,P00316,1,26087.01,5,12
OI0003644,O001971,P00299,1,27188.29,10,5
OI0003645,O001971,P00446,1,16645.77,0,12
OI0003646,O001972,P00755,1,16282.79,20,12
OI0003647,O001972,P00989,2,17575.22,-5,18
OI0003648,O001972,P00540,2,5976.63,-5,18
OI0003649,O001973,P00095,1,23088.35,0,5
OI0003650,O001974,P00842,1,23170.69,0,12
OI0003651,O001974,P00321,4,1974.22,-5,0
OI0003652,O001975,P00113,1,17347.55,0,18
OI0003653,O001975,P00358,1,4322.96,0,0
OI0003654,O001976,P00999,2,9729.98,25,5
OI0003656,O001977,P00693,3,2460.86,5,0
OI0003657,O001978,P00010,2,12435.95,25,0
OI0003658,O001979,P00714,2,28311.69,0,12
OI0003659,O001980,P00791,1,1348.02,10,18
OI0003660,O001981,P00892,5,17181.7,15,5
OI0003661,O001982,P00359,2,27436.65,20,5
OI0003662,O001983,P00900,3,25221.92,25,0
OI0003663,O001983,P00599,1,26818.87,0,0
OI0003664,O001984,P00379,1,20483.49,25,12
OI0003665,O001984,P00529,1,30585.93,10,12
OI0003666,O001985,P00597,1,7825.7,5,5
OI0003667,O001985,P00064,1,9003.65,15,18
OI0003668,O001985,P00245,1,15349.6,5,12
OI0003669,O001986,P00438,1,12945.87,10,5
OI0003670,O001986,P00567,1,28205.72,0,0
OI0003671,O001986,P00953,1,450.75,0,5
OI0003672,O001987,P00866,1,28228.14,20,12
OI0003673,O001987,P00549,2,13860.7,25,12
OI0003674,O001988,P00771,3,18549.11,0,12
OI0003675,O001989,P00545,1,18009.18,0,12
OI0003676,O001989,P00308,2,24072.64,10,5
OI0003678,O001990,P00350,1,22898.05,25,18
OI0003679,O001991,P00505,1,18250.77,10,0
OI0003680,O001991,P00240,1,14745.28,15,18
OI0003681,O001992,P00921,2,15004.14,5,18
OI0003682,O001992,P00635,1,11743.25,0,0
OI0003683,O001992,P00154,1,25723.62,15,0
OI0003685,O001994,P00780,3,22642.08,15,5
OI0003686,O001995,P00447,1,22157.77,5,18
OI0003687,O001995,P00963,1,3917.98,20,12
OI0003689,O001997,P00014,3,16938.95,10,0
OI0003690,O001998,P00998,2,28386.46,0,5
OI0003691,O001999,P00559,3,23247.18,20,18
OI0003692,O001999,P00839,1,18110.28,10,12
OI0003693,O001999,P00593,1,3408.85,25,0
OI0003694,O002000,P00020,1,24761.09,15,0
OI0003695,O002001,P00258,3,15905.78,10,5
OI0003696,O002001,P00903,2,7368.08,10,5
OI0003697,O002001,P00867,1,13076.72,5,0
OI0003698,O002002,P00640,2,22200.13,5,12
OI0003699,O002002,P00811,2,10890.47,0,12
OI0003700,O002003,P00541,2,17602.91,10,0
OI0003701,O002003,P00726,2,14252.3,15,12
OI0003702,O002004,P00115,2,27725.58,15,18
OI0003703,O002004,P00254,2,27680.31,20,18
OI0003704,O002005,P00819,2,9907.85,15,18
OI0003705,O002006,P00928,1,29312.43,15,5
OI0003706,O002007,P00918,1,28112.52,10,5
OI0003707,O002007,P00349,1,10496.88,0,0
OI0003708,O002007,P00529,3,28631.21,0,12
OI0003709,O002008,P00321,2,2033.66,0,5
OI0003711,O002009,P00955,2,24677.8,0,0
OI0003712,O002010,P00762,1,21065.38,0,12
OI0003715,O002011,P00993,1,14821.56,0,18
OI0003716,O002011,P00985,2,15918.87,0,18
OI0003718,O002012,P00984,2,7886.36,0,5
OI0003719,O002013,P00169,4,3969.94,0,0
OI0003721,O002014,P00261,1,18274.43,25,18
OI0003722,O002015,P00534,3,3343.94,0,12
OI0003723,O002016,P00471,1,13221.63,10,12
OI0003724,O002017,P00663,1,26667.51,5,12
OI0003725,O002017,P00509,1,15017.05,25,18
OI0003726,O002018,P00353,1,28012.68,10,5
OI0003729,O002019,P00595,1,23022.39,0,12
OI0003730,O002019,P00416,1,7803.12,20,12
OI0003731,O002019,P00919,1,20501.0,0,12
OI0003732,O002020,P00968,4,5941.97,25,12
OI0003733,O002020,P00411,1,6030.96,15,12
OI0003734,O002021,P00244,1,2280.1,25,0
OI0003735,O002022,P00439,1,26186.59,20,18
OI0003736,O002023,P00066,1,5685.3,25,12
OI0003737,O002023,P00349,1,11414.26,0,12
OI0003738,O002024,P00580,2,7927.61,5,5
OI0003740,O002025,P00899,2,23035.14,10,5
OI0003741,O002025,P00378,1,28724.96,5,18
OI0003743,O002026,P00319,3,23312.52,10,0
OI0003744,O002026,P00001,2,9667.81,25,18
OI0003745,O002027,P00249,3,21918.35,-5,18
OI0003746,O002028,P00526,1,3478.92,0,18
OI0003747,O002029,P00635,2,11497.58,5,12
OI0003748,O002029,P00605,3,6410.33,0,5
OI0003750,O002030,P00268,1,19668.62,0,12
OI0003751,O002031,P00364,1,20117.62,20,18
OI0003752,O002031,P00380,2,27340.72,5,12
OI0003753,O002031,P00685,2,250.02,0,0
OI0003754,O002032,P00484,1,7157.29,25,5
OI0003756,O002032,P00882,2,20083.72,25,0
OI0003758,O002034,P00855,1,15363.87,5,12
OI0003759,O002034,P00920,2,8550.06,20,12
OI0003760,O002034,P00507,2,29130.94,0,18
OI0003761,O002035,P00716,2,5859.17,5,12
OI0003762,O002035,P00783,1,18260.57,20,12
OI0003764,O002036,P00094,1,10473.49,10,12
OI0003765,O002036,P00304,2,21776.98,25,5
OI0003766,O002036,P00681,2,30519.94,5,5
OI0003767,O002037,P00134,1,24715.78,25,12
OI0003768,O002037,P00229,2,18063.33,15,5
OI0003769,O002037,P00191,2,14418.55,5,18
OI0003770,O002038,P00312,1,25051.43,5,5
OI0003771,O002038,P00287,2,26866.83,25,18
OI0003772,O002039,P00278,4,19374.51,20,12
OI0003773,O002040,P00992,1,7702.67,0,18
OI0003774,O002040,P00806,2,16261.5,0,12
OI0003775,O002041,P00135,2,28173.13,0,5
OI0003776,O002042,P00871,1,11302.5,0,0
OI0003777,O002042,P00322,1,26721.1,5,0
OI0003778,O002042,P00774,2,20866.54,0,0
OI0003779,O002043,P00364,2,19682.06,20,12
OI0003780,O002043,P00293,1,8491.41,25,18
OI0003781,O002043,P00280,1,9127.5,10,0
OI0003782,O002044,P00794,2,4983.29,5,0
OI0003783,O002044,P00712,4,28810.49,0,12
OI0003784,O002044,P00394,1,5686.57,0,0
OI0003785,O002045,P00011,1,12063.67,25,0
OI0003786,O002045,P00966,1,26972.83,25,18
OI0003787,O002046,P00019,2,18083.76,10,12
OI0003788,O002046,P00459,2,23361.94,15,5
OI0003789,O002046,P00812,1,3935.22,20,12
OI0003790,O002047,P00797,1,5378.27,25,12
OI0003791,O002047,P00318,5,23618.17,0,5
OI0003792,O002047,P00851,2,4559.58,15,12
OI0003793,O002048,P00273,3,10595.03,25,12
OI0003794,O002048,P00834,1,22568.12,-5,12
OI0003795,O002049,P00471,2,12913.82,5,0
OI0003796,O002050,P00087,1,4146.86,5,5
OI0003797,O002050,P00598,2,5553.15,5,18
OI0003799,O002051,P00310,1,6468.03,0,0
OI0003800,O002052,P00761,1,10133.39,15,12
OI0003801,O002052,P00876,5,8476.04,0,18
OI0003802,O002052,P00468,1,23775.95,5,5
OI0003803,O002053,P00133,4,25272.35,15,5
OI0003804,O002053,P00930,1,10577.21,15,18
OI0003805,O002054,P00051,2,14841.84,15,0
OI0003806,O002054,P00244,1,2227.9,0,12
OI0003807,O002055,P00294,2,23961.59,10,5
OI0003808,O002055,P00215,2,29655.69,15,12
OI0003809,O002056,P00514,1,13027.48,10,5
OI0003810,O002056,P00810,5,23813.6,0,18
OI0003812,O002057,P00794,5,5321.27,0,18
OI0003814,O002058,P00466,1,833.56,0,12
OI0003816,O002059,P00970,1,18312.7,5,18
OI0003817,O002059,P00189,1,6026.27,20,0
OI0003818,O002059,P00048,1,4151.47,5,12
OI0003820,O002060,P00055,2,26309.82,0,18
OI0003821,O002061,P00700,1,28494.71,10,0
OI0003822,O002061,P00501,1,1047.75,5,5
OI0003823,O002062,P00353,1,29050.15,25,5
OI0003824,O002063,P00173,2,2943.09,25,18
OI0003825,O002063,P00368,2,15308.58,10,12
OI0003826,O002063,P00175,2,10600.18,10,0
OI0003827,O002064,P00193,1,15962.42,10,18
OI0003828,O002064,P00723,3,7538.92,25,5
OI0003829,O002064,P00455,2,1327.93,15,18
OI0003830,O002065,P00199,1,20549.66,20,0
OI0003831,O002065,P00964,1,19052.7,25,0
OI0003832,O002066,P00065,4,26184.29,5,18
OI0003833,O002066,P00394,2,5546.27,0,5
OI0003834,O002067,P00818,1,24300.23,25,12
OI0003835,O002067,P00040,2,14310.83,0,5
OI0003836,O002067,P00582,5,14401.35,0,12
OI0003837,O002068,P00151,2,19155.92,10,18
OI0003838,O002068,P00793,1,17098.85,15,18
OI0003839,O002069,P00326,3,13509.37,0,18
OI0003840,O002069,P00114,2,11421.8,0,12
OI0003841,O002070,P00177,2,10743.34,0,12
OI0003842,O002070,P00568,2,8076.55,20,0
OI0003843,O002071,P00358,1,4390.51,0,0
OI0003844,O002071,P00561,1,27293.26,0,5
OI0003845,O002071,P00459,2,23085.36,10,0
OI0003846,O002072,P00718,1,6414.42,10,5
OI0003847,O002072,P00586,5,11770.39,15,5
OI0003848,O002073,P00223,4,7546.84,25,0
OI0003849,O002073,P00442,1,12508.06,0,12
OI0003850,O002074,P00538,1,28274.41,0,12
OI0003852,O002075,P00601,1,19130.26,15,18
OI0003853,O002075,P00457,2,662.75,15,0
OI0003854,O002076,P00944,2,9458.61,25,18
OI0003855,O002077,P00979,3,6610.08,25,0
OI0003856,O002077,P00290,3,29587.31,0,12
OI0003857,O002078,P00156,1,28780.16,15,18
OI0003858,O002079,P00773,1,12972.6,15,5
OI0003859,O002079,P00203,1,26218.37,5,5
OI0003860,O002079,P00833,3,25560.51,15,12
OI0003861,O002080,P00266,1,5127.15,25,12
OI0003862,O002080,P00883,2,13442.34,25,0
OI0003863,O002081,P00992,1,7143.93,10,18
OI0003865,O002082,P00247,1,17484.72,15,12
OI0003866,O002082,P00218,1,23589.19,0,18
OI0003867,O002083,P00907,1,16470.54,20,0
OI0003868,O002083,P00414,1,6585.77,15,5
OI0003869,O002084,P00252,2,11864.79,20,12
OI0003870,O002084,P00350,2,22940.29,10,0
OI0003871,O002085,P00267,3,17403.33,20,0
OI0003872,O002086,P00078,2,13916.23,15,5
OI0003873,O002087,P00882,1,21771.42,10,18
OI0003874,O002088,P00151,1,19859.18,5,18
OI0003875,O002089,P00780,2,22410.62,10,5
OI0003876,O002089,P00233,2,4406.32,10,5
OI0003877,O002090,P00004,2,13867.72,5,0
OI0003878,O002090,P00014,1,16184.21,0,0
OI0003879,O002090,P00320,1,2237.04,0,18
OI0003880,O002091,P00952,1,9068.68,25,12
OI0003881,O002092,P00633,2,5948.88,0,5
OI0003882,O002092,P00130,1,24061.32,0,5
OI0003883,O002093,P00249,2,21478.45,0,5
OI0003884,O002094,P00100,5,18450.2,15,0
OI0003885,O002095,P00539,2,12713.52,20,0
OI0003886,O002095,P00068,1,9370.96,15,12
OI0003887,O002095,P00284,1,13232.28,20,12
OI0003888,O002096,P00973,1,28197.88,5,5
OI0003889,O002096,P00838,2,17728.07,10,12
OI0003890,O002097,P00183,1,25342.11,5,0
OI0003892,O002098,P00258,1,16880.17,25,12
OI0003893,O002099,P00105,2,16196.5,0,12
OI0003894,O002099,P00713,1,3134.62,0,5
OI0003895,O002100,P00551,1,15136.68,25,0
OI0003896,O002100,P00174,2,21001.26,0,12
OI0003897,O002100,P00739,2,17756.9,0,12
OI0003898,O002101,P00628,1,1119.33,0,12
OI0003899,O002101,P00088,2,12923.96,5,18
OI0003900,O002102,P00866,2,27460.83,5,12
OI0003902,O002103,P00422,2,22835.08,0,12
OI0003903,O002103,P00223,1,7565.04,0,18
OI0003904,O002104,P00891,1,2100.17,25,18
OI0003905,O002104,P00994,1,28005.03,25,0
OI0003906,O002104,P00864,1,13178.54,20,12
OI0003907,O002105,P00977,1,1587.82,5,12
OI0003908,O002105,P00235,1,10119.31,15,12
OI0003909,O002106,P00401,2,19657.13,15,0
OI0003910,O002106,P00006,1,9279.79,5,5
OI0003911,O002107,P00414,1,6234.67,20,0
OI0003913,O002107,P00998,2,26971.32,10,0
OI0003915,O002108,P00629,2,14172.09,0,12
OI0003916,O002109,P00188,1,16919.66,5,0
OI0003917,O002109,P00376,2,25325.75,25,0
OI0003918,O002110,P00396,2,4516.59,15,5
OI0003919,O002111,P00707,1,20020.45,0,5
OI0003920,O002111,P00754,1,24491.42,10,18
OI0003921,O002112,P00568,1,8075.09,0,12
OI0003922,O002113,P00072,5,7108.14,0,0
OI0003923,O002114,P00821,2,18422.17,5,12
OI0003924,O002115,P00784,1,8048.23,25,0
OI0003925,O002116,P00250,1,19150.82,15,12
OI0003926,O002116,P00694,1,21971.69,5,0
OI0003927,O002116,P00305,1,2812.73,0,18
OI0003928,O002117,P00667,1,22002.07,20,18
OI0003929,O002118,P00725,1,26829.75,0,5
OI0003930,O002118,P00423,1,4243.71,15,12
OI0003931,O002118,P00673,1,9469.17,0,12
OI0003932,O002119,P00890,1,20476.3,15,18
OI0003933,O002119,P00364,1,21339.98,0,12
OI0003934,O002120,P00487,3,4350.77,5,5
OI0003935,O002120,P00789,2,28535.81,5,12
OI0003936,O002121,P00370,1,5256.47,15,5
OI0003937,O002122,P00756,1,14855.35,0,0
OI0003938,O002122,P00472,2,4801.75,5,12
OI0003939,O002122,P00640,1,22892.19,15,0
OI0003940,O002123,P00187,1,10551.11,20,5
OI0003941,O002123,P00712,1,28132.0,10,18
OI0003942,O002123,P00103,3,13563.14,20,18
OI0003943,O002124,P00288,1,17080.32,15,0
OI0003945,O002125,P00013,1,5033.48,5,12
OI0003946,O002125,P00972,1,19297.37,25,5
OI0003947,O002126,P00374,1,18462.01,0,12
OI0003948,O002127,P00387,1,338.87,0,0
OI0003949,O002127,P00527,2,19029.24,25,18
OI0003950,O002128,P00050,1,27504.57,20,18
OI0003951,O002129,P00147,4,29351.01,0,18
OI0003952,O002130,P00771,1,18917.03,10,0
OI0003953,O002130,P00936,3,26839.59,0,18
OI0003954,O002131,P00296,1,19524.56,25,0
OI0003955,O002131,P00645,3,25882.32,15,0
OI0003956,O002132,P00841,3,15455.83,5,18
OI0003957,O002132,P00242,1,1982.21,25,0
OI0003958,O002133,P00754,2,24345.95,10,5
OI0003959,O002133,P00420,5,29823.72,20,12
OI0003961,O002134,P00420,3,28333.2,25,12
OI0003962,O002135,P00517,3,27612.53,10,0
OI0003963,O002135,P00803,2,19736.05,0,0
OI0003964,O002136,P00532,2,13724.56,5,5
OI0003965,O002136,P00890,2,21718.39,0,0
OI0003966,O002137,P00106,1,8749.64,0,12
OI0003967,O002137,P00732,1,16714.22,0,12
OI0003969,O002138,P00135,1,29083.3,15,0
OI0003970,O002138,P00429,4,669.23,15,0
OI0003971,O002139,P00278,3,19406.95,10,0
OI0003972,O002139,P00322,1,27511.53,15,12
OI0003974,O002140,P00502,4,15817.43,0,0
OI0003975,O002140,P00540,1,5723.01,15,18
OI0003976,O002141,P00461,4,15225.89,20,12
OI0003977,O002141,P00112,2,28556.49,10,18
OI0003978,O002142,P00046,4,11693.98,10,5
OI0003979,O002142,P00455,1,1365.16,10,0
OI0003980,O002143,P00213,1,14162.41,0,18
OI0003981,O002144,P00084,2,27566.13,25,18
OI0003982,O002145,P00931,1,4198.05,15,5
OI0003983,O002145,P00608,2,18771.5,25,0
OI0003985,O002146,P00721,2,13861.17,15,5
OI0003986,O002146,P00161,5,24932.65,5,18
OI0003987,O002147,P00744,1,8232.23,20,12
OI0003989,O002148,P00946,2,21245.08,0,18
OI0003990,O002148,P00914,1,25438.96,0,0
OI0003991,O002149,P00011,1,11507.9,25,18
OI0003992,O002149,P00275,1,10068.37,0,5
OI0003993,O002149,P00279,1,14771.24,0,0
OI0003994,O002150,P00971,1,7275.92,20,18
OI0003995,O002150,P00646,3,15065.47,0,18
OI0003996,O002151,P00910,4,19817.13,5,5
OI0003997,O002151,P00659,2,19711.68,5,0
OI0003998,O002152,P00824,2,26780.66,0,0
OI0004000,O002153,P00842,1,21840.96,0,5
OI0004002,O002154,P00347,3,26431.61,5,12
OI0004003,O002155,P00105,5,16452.44,10,5
OI0004004,O002155,P00381,1,11350.77,0,12
OI0004005,O002156,P00255,2,10912.5,20,5
OI0004006,O002157,P00520,2,29580.5,0,0
OI0004007,O002157,P00089,1,27700.36,10,5
OI0004008,O002157,P00671,2,17029.24,5,5
OI0004009,O002158,P00091,1,13405.42,25,18
OI0004010,O002158,P00834,1,23024.93,0,18
OI0004011,O002159,P00547,2,21263.56,20,12
OI0004012,O002159,P00378,1,27281.34,0,18
OI0004013,O002159,P00559,1,22654.88,0,18
OI0004014,O002160,P00945,1,11748.74,25,5
OI0004016,O002161,P00956,1,17708.95,0,18
OI0004017,O002161,P00010,4,13144.71,25,5
OI0004018,O002162,P00360,1,3161.17,20,12
OI0004020,O002163,P00500,1,7180.0,0,12
OI0004021,O002163,P00548,5,22861.81,0,12
OI0004022,O002164,P00812,1,3934.32,25,5
OI0004023,O002165,P00488,2,22918.75,0,12
OI0004024,O002165,P00799,1,25372.26,20,5
OI0004025,O002166,P00997,1,6622.59,0,0
OI0004026,O002166,P00216,2,30464.16,0,0
OI0004027,O002166,P00078,3,13452.18,20,0
OI0004028,O002167,P00922,2,26092.95,5,5
OI0004029,O002167,P00597,1,8252.92,0,12
OI0004030,O002168,P00518,1,21844.15,0,5
OI0004031,O002169,P00584,1,22251.75,0,5
OI0004032,O002169,P00183,1,24901.36,10,12
OI0004033,O002170,P00575,1,17324.02,5,12
OI0004035,O002171,P00788,1,10423.19,0,18
OI0004036,O002172,P00585,2,15972.45,0,5
OI0004037,O002172,P00714,1,28495.63,0,12
OI0004038,O002172,P00316,1,26424.37,20,12
OI0004039,O002173,P00936,1,27408.62,0,5
OI0004040,O002173,P00998,1,27213.43,5,5
OI0004041,O002174,P00492,2,9196.16,0,18
OI0004042,O002175,P00332,4,10184.55,5,0
OI0004043,O002175,P00195,3,22039.19,0,0
OI0004044,O002176,P00275,1,10002.44,0,0
OI0004045,O002176,P00884,2,10443.04,10,18
OI0004046,O002176,P00176,2,4237.4,10,0
OI0004047,O002177,P00596,1,26292.71,25,0
OI0004048,O002177,P00043,1,8262.32,15,12
OI0004049,O002177,P00325,1,5679.45,0,5
OI0004050,O002178,P00546,1,1170.08,25,5
OI0004051,O002178,P00207,4,4621.56,0,18
OI0004052,O002179,P00046,3,11565.97,10,18
OI0004053,O002179,P00704,1,15055.08,25,12
OI0004054,O002179,P00125,2,18176.56,15,18
OI0004055,O002180,P00834,1,23177.77,0,5
OI0004056,O002180,P00880,2,15716.35,0,5
OI0004057,O002181,P00715,1,24470.07,0,18
OI0004058,O002182,P00786,2,28376.98,0,5
OI0004059,O002183,P00585,1,16349.34,0,12
OI0004060,O002183,P00889,2,17121.04,5,18
OI0004061,O002184,P00285,1,14068.16,0,12
OI0004062,O002185,P00020,1,25070.28,0,5
OI0004063,O002186,P00338,1,9629.49,10,18
OI0004064,O002187,P00324,1,228.91,5,5
OI0004065,O002187,P00860,1,30266.68,5,12
OI0004066,O002188,P00310,1,6311.71,25,0
OI0004067,O002188,P00887,2,23723.62,20,12
OI0004068,O002189,P00817,3,11446.26,25,12
OI0004069,O002190,P00414,5,6613.52,5,0
OI0004070,O002191,P00124,1,16217.32,15,0
OI0004071,O002192,P00183,2,24311.83,15,12
OI0004072,O002193,P00214,1,1611.71,10,12
OI0004073,O002194,P00851,1,4640.54,5,0
OI0004074,O002195,P00538,1,29714.91,5,18
OI0004075,O002195,P00655,3,21506.36,15,0
OI0004076,O002196,P00722,1,16887.47,10,18
OI0004077,O002196,P00152,3,5945.26,10,12
OI0004078,O002197,P00132,1,4875.85,0,5
OI0004079,O002198,P00859,2,28352.72,0,12
OI0004080,O002198,P00044,3,22573.27,15,12
OI0004081,O002199,P00263,2,23987.68,5,5
OI0004082,O002199,P00205,1,17616.5,10,5
OI0004084,O002200,P00656,1,26047.62,5,18
OI0004085,O002201,P00102,1,868.7,15,12
OI0004086,O002202,P00360,1,3159.7,0,0
OI0004087,O002202,P00189,1,5933.02,-5,18
OI0004088,O002203,P00846,4,19671.2,15,0
OI0004089,O002203,P00278,3,20045.89,0,5
OI0004090,O002203,P00511,1,20181.11,0,5
OI0004092,O002204,P00848,1,224.71,0,12
OI0004093,O002205,P00254,1,29801.49,15,18
OI0004094,O002205,P00660,1,1699.95,25,5
OI0004095,O002205,P00315,3,2175.11,10,0
OI0004096,O002206,P00436,1,20706.42,25,18
OI0004097,O002206,P00926,2,23347.94,0,12
OI0004098,O002207,P00033,2,15372.48,5,0
OI0004099,O002207,P00975,1,8074.45,25,18
OI0004100,O002208,P00189,1,5958.69,0,0
OI0004101,O002208,P00480,2,18468.89,15,5
OI0004102,O002209,P00271,1,24234.54,25,0
OI0004103,O002209,P00396,1,4209.09,0,12
OI0004104,O002210,P00779,1,2270.07,15,18
OI0004105,O002210,P00162,1,25733.28,25,12
OI0004106,O002211,P00904,4,25607.11,10,5
OI0004107,O002211,P00719,1,23528.64,25,18
OI0004109,O002212,P00950,1,1530.63,0,18
OI0004111,O002212,P00794,1,5147.28,10,18
OI0004112,O002213,P00529,2,28145.78,20,12
OI0004113,O002214,P00235,2,10013.78,20,12
OI0004114,O002214,P00372,1,20799.44,15,12
OI0004116,O002216,P00497,3,9216.64,10,18
OI0004117,O002216,P00563,4,23876.1,10,18
OI0004118,O002217,P00832,2,16536.4,10,0
OI0004119,O002217,P00669,1,21856.11,0,12
OI0004120,O002218,P00816,3,794.41,20,5
OI0004121,O002218,P00812,5,3818.24,10,0
OI0004122,O002219,P00269,1,18010.44,20,18
OI0004123,O002220,P00217,2,16486.59,10,0
OI0004124,O002220,P00795,1,26102.97,0,5
OI0004125,O002221,P00374,3,17431.27,0,0
OI0004126,O002221,P00742,1,14546.84,0,18
OI0004127,O002222,P00463,1,25748.85,5,12
OI0004128,O002222,P00623,2,4562.94,15,5
OI0004129,O002222,P00098,1,18873.05,25,12
OI0004130,O002223,P00983,2,2784.72,10,5
OI0004131,O002223,P00925,2,27922.0,10,18
OI0004132,O002223,P00311,1,27995.11,0,5
OI0004133,O002224,P00172,4,24443.03,0,5
OI0004135,O002225,P00724,1,16014.57,0,5
OI0004136,O002226,P00490,1,23395.31,0,12
OI0004137,O002226,P00708,3,3402.17,0,18
OI0004138,O002226,P00471,2,12372.5,0,18
OI0004139,O002227,P00029,1,16106.42,15,0
OI0004140,O002227,P00785,2,7366.3,5,12
OI0004141,O002227,P00797,1,5110.62,20,18
OI0004142,O002228,P00343,2,11205.06,10,12
OI0004144,O002229,P00017,1,10232.29,20,18
OI0004145,O002229,P00324,3,219.8,20,18
OI0004146,O002230,P00234,2,27284.84,10,12
OI0004148,O002230,P00334,2,19315.86,15,0
OI0004149,O002231,P00097,2,1369.43,20,12
OI0004150,O002231,P00388,1,15417.21,15,18
OI0004151,O002232,P00474,1,20896.57,0,18
OI0004152,O002233,P00826,1,11280.3,0,18
OI0004153,O002233,P00953,5,474.17,-5,5
OI0004154,O002234,P00978,1,25161.78,5,0
OI0004155,O002235,P00638,1,20801.98,0,18
OI0004156,O002236,P00239,1,29774.26,0,12
OI0004157,O002237,P00849,1,4462.16,5,5
OI0004158,O002238,P00469,1,3079.01,5,12
OI0004160,O002238,P00085,1,3315.87,20,0
OI0004161,O002239,P00787,1,15979.5,15,12
OI0004162,O002239,P00136,2,18982.87,0,12
OI0004163,O002239,P00135,2,28504.59,-5,18
OI0004164,O002240,P00220,2,5153.33,25,0
OI0004166,O002242,P00144,1,8309.7,10,0
OI0004167,O002242,P00508,2,11613.04,10,12
OI0004169,O002244,P00747,2,25743.71,0,18
OI0004170,O002244,P00799,1,25296.52,0,12
OI0004171,O002244,P00994,1,26554.84,10,0
OI0004173,O002246,P00957,1,18497.75,15,5
OI0004174,O002246,P00558,2,12672.92,5,0
OI0004175,O002246,P00066,1,6036.96,0,18
OI0004176,O002247,P00564,2,20413.81,0,18
OI0004177,O002247,P00883,1,13042.35,0,5
OI0004178,O002247,P00787,1,17569.42,15,18
OI0004179,O002248,P00626,1,2251.22,10,5
OI0004180,O002248,P00549,1,13340.38,25,0
OI0004181,O002248,P00795,4,25408.46,25,12
OI0004182,O002249,P00889,1,17195.54,0,5
OI0004183,O002249,P00012,1,11274.47,0,0
OI0004184,O002250,P00770,1,21947.3,10,12
OI0004185,O002250,P00731,1,26775.15,0,5
OI0004186,O002251,P00454,1,13294.98,-5,12
OI0004187,O002252,P00338,1,9565.75,25,0
OI0004188,O002253,P00058,1,18859.27,25,12
OI0004190,O002255,P00274,2,1252.82,15,18
OI0004191,O002255,P00309,1,22983.15,20,0
OI0004192,O002255,P00272,3,24567.76,20,5
OI0004193,O002256,P00932,2,9612.0,5,12
OI0004194,O002257,P00762,1,20992.91,5,5
OI0004195,O002257,P00970,2,17409.23,20,18
OI0004196,O002258,P00576,1,14138.95,25,5
OI0004197,O002258,P00511,1,20422.4,0,5
OI0004198,O002259,P00627,1,23993.49,0,5
OI0004199,O002260,P00112,1,28468.61,10,18
OI0004200,O002260,P00603,2,4936.43,20,0
OI0004201,O002261,P00016,1,11550.18,0,0
OI0004202,O002262,P00047,2,29044.62,0,0
OI0004203,O002262,P00922,3,26521.45,-5,18
OI0004204,O002262,P00724,1,14992.8,0,18
OI0004205,O002263,P00700,2,28932.13,25,18
OI0004206,O002263,P00718,3,6959.98,25,18
OI0004207,O002263,P00311,1,28823.79,5,5
OI0004208,O002264,P00722,3,16655.84,15,0
OI0004210,O002265,P00526,5,3583.61,5,0
OI0004211,O002266,P00225,2,9224.38,25,18
OI0004212,O002266,P00185,1,27234.19,20,5
OI0004214,O002267,P00290,3,30555.89,0,5
OI0004215,O002268,P00641,4,1161.89,0,18
OI0004216,O002269,P00054,2,14529.33,10,0
OI0004217,O002269,P00124,1,15651.95,0,18
OI0004218,O002270,P00968,1,5483.37,20,5
OI0004219,O002270,P00685,1,262.87,0,12
OI0004220,O002271,P00915,1,4046.31,10,0
OI0004221,O002271,P00006,1,8844.11,25,5
OI0004222,O002272,P00682,4,15137.51,0,12
OI0004223,O002272,P00622,4,12561.3,0,18
OI0004224,O002273,P00570,1,11886.45,15,0
OI0004225,O002274,P00010,1,12290.62,0,18
OI0004226,O002275,P00221,1,5119.57,0,5
OI0004227,O002276,P00928,1,28856.94,0,5
OI0004228,O002276,P00749,2,1401.77,15,0
OI0004229,O002277,P00301,1,28723.1,0,5
OI0004230,O002278,P00874,1,7153.52,5,0
OI0004231,O002279,P00451,3,30090.06,0,5
OI0004232,O002280,P00630,1,16483.74,25,5
OI0004234,O002281,P00179,3,2968.03,0,5
OI0004235,O002282,P00179,2,2823.83,0,18
OI0004236,O002282,P00132,1,5197.27,0,12
OI0004237,O002283,P00424,1,19827.06,0,18
OI0004238,O002283,P00781,2,10384.12,25,0
OI0004239,O002284,P00774,1,19598.62,10,5
OI0004240,O002285,P00540,2,5995.25,0,18
OI0004241,O002285,P00213,3,13593.65,10,12
OI0004242,O002285,P00037,1,13973.51,5,12
OI0004243,O002286,P00838,1,17303.41,0,18
OI0004245,O002287,P00517,1,28934.35,20,5
OI0004246,O002288,P00670,1,19729.38,25,5
OI0004247,O002288,P00874,1,7294.85,0,0
OI0004248,O002288,P00687,1,22547.24,0,0
OI0004249,O002289,P00955,3,24517.52,0,5
OI0004250,O002290,P00600,4,13790.33,5,5
OI0004251,O002291,P00395,1,24436.67,0,18
OI0004252,O002292,P00464,1,837.43,20,18
OI0004253,O002292,P00263,1,23921.96,20,0
OI0004254,O002293,P00617,2,10259.93,0,5
OI0004255,O002294,P00797,1,5445.96,25,5
OI0004257,O002295,P00349,1,10484.47,0,0
OI0004258,O002296,P00227,1,9189.47,0,0
OI0004259,O002297,P00964,2,19579.35,10,18
OI0004260,O002298,P00197,3,29411.51,0,18
OI0004261,O002298,P00169,1,3804.13,0,12
OI0004262,O002298,P00683,2,14754.25,0,18
OI0004263,O002299,P00776,2,19122.62,5,5
OI0004265,O002299,P00225,2,8850.1,0,5
OI0004266,O002300,P00199,2,19247.45,0,12
OI0004267,O002301,P00224,2,10600.64,5,12
OI0004268,O002302,P00587,1,18774.98,25,0
OI0004269,O002302,P00316,1,24412.48,0,0
OI0004270,O002303,P00995,3,13068.36,0,0
OI0004271,O002304,P00144,3,8334.26,25,5
OI0004272,O002304,P00080,3,18801.2,25,12
OI0004273,O002304,P00017,2,10391.27,0,18
OI0004274,O002305,P00123,1,284.12,0,12
OI0004275,O002306,P00993,1,14567.03,5,12
OI0004276,O002306,P00153,4,26133.97,5,5
OI0004277,O002306,P00484,3,6874.01,5,0
OI0004278,O002307,P00047,1,28347.96,20,0
OI0004279,O002308,P00634,1,9045.41,0,18
OI0004280,O002309,P00044,1,23650.8,15,0
OI0004281,O002309,P00815,1,24941.33,0,5
OI0004282,O002310,P00416,2,7314.8,20,0
OI0004283,O002311,P00845,2,6585.4,25,0
OI0004285,O002312,P00474,1,20873.26,0,5
OI0004286,O002312,P00217,1,17458.88,10,5
OI0004287,O002313,P00829,3,12253.9,5,12
OI0004288,O002313,P00630,1,16094.05,10,5
OI0004289,O002314,P00247,1,17344.24,0,0
OI0004290,O002314,P00588,3,24776.13,10,18
OI0004291,O002315,P00462,1,17625.83,25,18
OI0004292,O002315,P00846,1,20797.31,0,12
OI0004293,O002315,P00273,1,9859.21,25,5
OI0004294,O002316,P00351,2,1131.18,15,0
OI0004295,O002316,P00946,1,22278.81,25,0
OI0004296,O002316,P00848,1,222.73,25,5
OI0004297,O002317,P00516,1,14862.3,0,5
OI0004299,O002318,P00972,1,19889.11,0,12
OI0004300,O002319,P00375,2,13026.91,0,18
OI0004302,O002320,P00619,1,10550.04,10,0
OI0004303,O002320,P00788,4,9885.32,0,18
OI0004304,O002321,P00210,3,4403.48,25,18
OI0004305,O002322,P00967,1,22735.13,25,18
OI0004306,O002322,P00954,4,21290.31,20,5
OI0004307,O002323,P00302,1,12631.3,20,0
OI0004308,O002323,P00250,2,19310.41,15,0
OI0004309,O002324,P00111,1,13014.05,20,18
OI0004310,O002325,P00459,2,24548.23,0,0
OI0004311,O002326,P00831,1,7184.62,20,0
OI0004312,O002326,P00047,3,26971.77,0,12
OI0004314,O002327,P00742,3,15035.21,25,0
OI0004315,O002328,P00944,1,9113.27,0,12
OI0004316,O002328,P00030,1,24083.42,5,12
OI0004317,O002329,P00059,1,15233.64,5,12
OI0004318,O002329,P00124,1,16328.37,15,0
OI0004319,O002329,P00648,3,16391.92,10,12
OI0004320,O002330,P00956,1,18099.9,10,12
OI0004321,O002330,P00129,4,8417.7,5,12
OI0004322,O002331,P00204,1,15144.92,0,0
OI0004323,O002331,P00090,1,17530.57,0,0
OI0004324,O002332,P00496,3,21650.55,0,12
OI0004326,O002333,P00302,3,13235.36,0,5
OI0004327,O002334,P00211,1,646.74,20,5
OI0004328,O002335,P00874,4,7723.7,5,5
OI0004329,O002335,P00804,1,10960.36,0,18
OI0004330,O002336,P00026,1,15062.98,25,0
OI0004332,O002337,P00409,2,13732.21,20,5
OI0004333,O002338,P00949,1,30096.77,20,18
OI0004334,O002339,P00995,2,13849.23,10,12
OI0004335,O002340,P00682,1,15084.77,0,0
OI0004336,O002341,P00447,1,21667.45,5,12
OI0004337,O002342,P00477,1,22283.56,20,0
OI0004338,O002343,P00005,1,29427.71,0,18
OI0004339,O002343,P00938,1,9958.46,15,12
OI0004340,O002343,P00221,2,5372.04,0,5
OI0004341,O002344,P00632,4,23937.09,15,18
OI0004342,O002345,P00056,1,14174.46,0,12
OI0004343,O002345,P00201,2,29218.56,5,0
OI0004344,O002346,P00356,3,10133.43,10,0
OI0004345,O002346,P00367,1,6774.83,0,12
OI0004346,O002347,P00164,1,16353.11,-5,5
OI0004348,O002348,P00973,2,28712.98,20,18
OI0004349,O002348,P00426,1,16792.89,0,5
OI0004350,O002348,P00717,1,24592.03,0,18
OI0004351,O002349,P00881,1,20179.94,15,12
OI0004352,O002349,P00042,1,28876.09,25,0
OI0004353,O002350,P00909,2,11652.16,5,5
OI0004354,O002350,P00629,1,14676.1,20,12
OI0004355,O002351,P00736,1,10604.5,20,5
OI0004356,O002351,P00518,1,21018.86,10,18
OI0004357,O002351,P00193,1,17310.29,20,5
OI0004358,O002352,P00036,1,19950.1,0,18
OI0004360,O002353,P00189,5,6141.92,25,5
OI0004363,O002355,P00289,5,8007.61,15,12
OI0004365,O002355,P00783,5,18649.7,5,18
OI0004366,O002356,P00497,1,9111.89,0,0
OI0004367,O002356,P00245,2,15880.39,25,12
OI0004368,O002356,P00620,1,12331.25,5,5
OI0004369,O002357,P00824,1,24761.76,15,12
OI0004370,O002357,P00643,1,13485.52,0,12
OI0004371,O002358,P00162,2,25996.31,10,18
OI0004372,O002358,P00415,2,7492.5,0,12
OI0004373,O002359,P00125,1,18850.27,15,18
OI0004374,O002360,P00595,1,23965.81,10,5
OI0004375,O002360,P00082,2,26666.93,0,18
OI0004376,O002361,P00282,3,14784.77,20,18
OI0004377,O002361,P00237,2,24643.98,0,18
OI0004378,O002362,P00159,5,12490.1,15,12
OI0004379,O002363,P00088,1,12938.15,25,0
OI0004380,O002364,P00208,2,6045.63,15,18
OI0004382,O002366,P00430,1,13266.95,5,12
OI0004383,O002366,P00116,1,26957.83,0,12
OI0004384,O002366,P00624,1,27145.53,0,18
OI0004385,O002367,P00340,1,26377.95,0,0
OI0004386,O002367,P00377,1,24467.24,5,18
OI0004387,O002368,P00182,2,1206.6,0,0
OI0004388,O002368,P00893,1,5912.74,5,18
OI0004389,O002369,P00454,1,14330.66,5,18
OI0004391,O002369,P00330,2,23478.85,20,5
OI0004392,O002370,P00169,1,3829.43,0,0
OI0004393,O002371,P00380,4,27448.42,5,0
OI0004394,O002371,P00718,2,6608.22,0,5
OI0004395,O002372,P00271,1,24160.57,10,12
OI0004396,O002372,P00944,1,8849.58,20,12
OI0004397,O002373,P00208,1,6056.06,0,5
OI0004398,O002374,P00945,2,11708.83,5,0
OI0004399,O002374,P00896,1,18506.2,15,0
OI0004400,O002374,P00127,3,15043.1,10,12
OI0004401,O002375,P00629,1,15591.54,0,18
OI0004402,O002375,P00389,1,4794.45,5,5
OI0004403,O002375,P00280,1,9390.33,0,18
OI0004404,O002376,P00751,1,8793.69,0,18
OI0004405,O002376,P00623,1,4794.78,0,12
OI0004406,O002377,P00677,3,15837.93,10,18
OI0004408,O002377,P00960,2,22134.23,15,12
OI0004409,O002378,P00747,1,27854.66,15,12
OI0004410,O002378,P00708,1,3492.29,10,18
OI0004411,O002379,P00661,1,27031.79,20,0
OI0004412,O002380,P00273,1,10480.35,0,12
OI0004413,O002380,P00324,1,217.51,0,5
OI0004414,O002381,P00689,1,28476.56,0,0
OI0004415,O002382,P00283,2,4752.12,0,0
OI0004416,O002382,P00516,2,15598.53,0,0
OI0004417,O002383,P00459,2,24806.05,10,5
OI0004418,O002383,P00737,2,23416.52,20,5
OI0004419,O002383,P00026,1,14210.76,0,12
OI0004420,O002384,P00462,1,17290.6,0,18
OI0004421,O002385,P00471,1,13173.36,25,12
OI0004422,O002386,P00046,1,11800.95,10,5
OI0004423,O002387,P00202,1,3381.21,20,18
OI0004424,O002388,P00747,2,26498.53,20,0
OI0004425,O002388,P00413,2,3188.37,15,12
OI0004428,O002390,P00227,1,9892.92,10,5
OI0004429,O002391,P00650,1,28482.79,0,18
OI0004430,O002391,P00520,1,27076.07,0,12
OI0004434,O002393,P00417,1,12983.87,15,0
OI0004435,O002393,P00649,4,10581.15,0,0
OI0004436,O002394,P00117,1,26162.81,0,0
OI0004437,O002394,P00372,1,19746.66,0,0
OI0004439,O002395,P00858,4,28130.83,0,12
OI0004440,O002395,P00538,1,30267.45,10,12
OI0004442,O002396,P00653,3,3821.64,0,0
OI0004443,O002396,P00545,4,18597.49,0,18
OI0004445,O002397,P00527,1,19419.07,25,18
OI0004446,O002398,P00783,2,18745.45,10,18
OI0004447,O002398,P00616,1,7490.13,0,5
OI0004448,O002398,P00447,2,23017.68,15,5
OI0004449,O002399,P00446,3,15553.66,5,0
OI0004450,O002399,P00197,1,28061.49,0,18
OI0004451,O002399,P00945,3,12389.55,25,12
OI0004454,O002400,P00559,2,22598.18,25,18
OI0004455,O002401,P00670,1,20564.24,10,5
OI0004456,O002402,P00120,3,16369.27,5,18
OI0004457,O002402,P00088,2,12144.35,15,18
OI0004458,O002403,P00308,2,24065.18,0,18
OI0004459,O002403,P00558,2,12649.79,25,18
OI0004460,O002404,P00962,1,17550.35,10,12
OI0004461,O002404,P00611,3,3993.39,15,12
OI0004462,O002404,P00852,1,19964.5,0,12
OI0004463,O002405,P00910,2,21163.34,20,12
OI0004464,O002405,P00428,1,17063.27,0,12
OI0004465,O002406,P00786,1,27276.61,0,12
OI0004467,O002407,P00682,1,14053.91,5,5
OI0004468,O002408,P00947,1,9166.16,15,5
OI0004469,O002409,P00191,1,14152.06,10,0
OI0004470,O002409,P00362,3,19362.05,5,0
OI0004472,O002410,P00051,1,15398.25,5,5
OI0004473,O002410,P00892,1,17691.7,5,12
OI0004474,O002411,P00723,2,7709.96,0,12
OI0004475,O002411,P00578,1,13894.58,0,0
OI0004476,O002412,P00875,1,16250.05,0,18
OI0004477,O002412,P00204,4,15377.66,0,18
OI0004478,O002413,P00183,3,23574.67,0,0
OI0004479,O002413,P00493,2,2891.05,20,0
OI0004480,O002414,P00122,3,13393.69,10,12
OI0004481,O002414,P00434,1,8308.38,0,18
OI0004483,O002415,P00905,1,27195.72,25,12
OI0004484,O002415,P00902,2,28605.37,10,5
OI0004485,O002416,P00743,2,19137.75,5,18
OI0004486,O002416,P00897,4,6673.1,15,12
OI0004487,O002417,P00583,3,19921.84,-5,18
OI0004488,O002417,P00199,1,18804.28,25,18
OI0004489,O002417,P00311,1,28486.55,0,18
OI0004490,O002418,P00027,3,15731.65,0,0
OI0004491,O002419,P00555,1,27125.98,0,5
OI0004493,O002420,P00996,1,8104.34,20,18
OI0004494,O002421,P00003,1,9749.63,0,12
OI0004497,O002423,P00297,1,1225.21,0,18
OI0004499,O002424,P00514,1,12398.92,0,18
OI0004501,O002426,P00991,1,5882.8,10,5
OI0004502,O002427,P00297,1,1225.43,15,5
OI0004503,O002427,P00623,1,4736.85,0,18
OI0004504,O002427,P00034,1,23179.05,5,12
OI0004505,O002428,P00788,1,9898.44,15,18
OI0004506,O002429,P00628,1,1119.2,0,12
OI0004507,O002430,P00056,1,14708.74,15,0
OI0004508,O002431,P00105,4,15785.52,0,0
OI0004509,O002431,P00410,2,1744.12,5,12
OI0004510,O002432,P00859,2,27460.68,25,5
OI0004511,O002433,P00557,2,5306.73,0,18
OI0004512,O002433,P00810,1,23886.28,25,18
OI0004513,O002434,P00030,1,24021.52,25,12
OI0004514,O002434,P00017,1,10393.82,0,0
OI0004515,O002435,P00141,1,18737.3,-5,12
OI0004516,O002435,P00167,1,14468.94,0,0
OI0004517,O002435,P00941,3,20112.87,0,12
OI0004519,O002436,P00982,2,9313.38,20,12
OI0004520,O002437,P00357,3,11906.28,20,0
OI0004521,O002438,P00321,2,2051.74,0,12
OI0004522,O002438,P00631,1,9516.87,25,12
OI0004523,O002439,P00221,1,4957.19,15,5
OI0004524,O002439,P00970,2,19170.43,15,18
OI0004525,O002440,P00106,2,8933.83,20,0
OI0004526,O002440,P00215,1,30146.77,15,5
OI0004527,O002441,P00099,2,27524.17,20,18
OI0004528,O002441,P00152,1,6002.9,15,12
OI0004529,O002442,P00466,1,827.02,5,18
OI0004530,O002442,P00148,2,9579.89,25,12
OI0004531,O002443,P00125,1,17936.38,0,5
OI0004533,O002444,P00021,2,12479.16,20,5
OI0004534,O002444,P00198,1,25179.74,10,18
OI0004535,O002445,P00386,1,29084.41,25,5
OI0004536,O002445,P00045,1,24727.17,0,0
OI0004537,O002446,P00509,1,16130.91,0,5
OI0004538,O002447,P00593,1,3291.5,25,18
OI0004539,O002448,P00462,1,16934.81,0,5
OI0004540,O002448,P00140,2,29794.0,25,12
OI0004541,O002449,P00734,2,20841.81,15,12
OI0004542,O002449,P00398,3,1672.41,0,12
OI0004543,O002449,P00367,1,6779.59,10,5
OI0004546,O002450,P00892,1,18633.35,10,5
OI0004547,O002451,P00967,1,21350.95,20,12
OI0004548,O002451,P00105,1,15705.8,20,5
OI0004549,O002451,P00869,1,1387.49,25,5
OI0004550,O002452,P00085,2,3408.68,0,5
OI0004551,O002452,P00522,3,17049.57,0,18
OI0004552,O002453,P00559,3,23328.78,20,5
OI0004553,O002453,P00196,2,5205.67,20,0
OI0004554,O002454,P00627,1,24165.67,0,5
OI0004555,O002455,P00028,2,10677.0,0,0
OI0004557,O002457,P00805,3,7762.09,0,18
OI0004558,O002457,P00476,2,16336.73,0,18
OI0004559,O002458,P00652,1,3827.02,0,5
OI0004560,O002458,P00090,1,17413.0,5,18
OI0004561,O002459,P00094,1,10611.6,15,0
OI0004562,O002460,P00246,1,6972.97,25,12
OI0004563,O002460,P00314,1,4646.78,5,18
OI0004564,O002461,P00800,1,20285.95,0,18
OI0004565,O002461,P00909,1,11658.38,25,0
OI0004566,O002462,P00526,1,3587.14,0,18
OI0004568,O002462,P00676,3,20543.69,10,18
OI0004569,O002463,P00485,1,15016.45,0,12
OI0004570,O002463,P00165,3,28961.13,10,0
OI0004571,O002463,P00063,1,1314.08,5,18
OI0004572,O002464,P00726,1,14235.55,20,12
OI0004573,O002464,P00737,2,22150.71,0,12
OI0004574,O002465,P00690,1,20189.5,10,12
OI0004575,O002466,P00845,1,6783.98,5,5
OI0004576,O002466,P00065,1,27057.29,10,18
OI0004577,O002467,P00679,1,29976.05,20,18
OI0004578,O002468,P00007,1,27098.09,15,5
OI0004579,O002469,P00661,1,26940.54,0,12
OI0004580,O002469,P00675,1,9723.77,0,0
OI0004581,O002469,P00629,1,15538.1,15,5
OI0004582,O002470,P00555,3,25414.61,0,0
OI0004583,O002471,P00085,1,3302.71,15,18
OI0004585,O002473,P00664,1,385.01,20,5
OI0004586,O002474,P00496,1,21362.14,0,0
OI0004587,O002474,P00517,2,28960.93,0,0
OI0004588,O002475,P00786,3,29364.99,0,12
OI0004589,O002476,P00195,1,21281.67,0,5
OI0004590,O002476,P00234,4,28675.96,25,18
OI0004591,O002477,P00744,1,8019.02,15,5
OI0004592,O002477,P00516,3,15131.71,20,12
OI0004593,O002478,P00458,2,336.07,0,0
OI0004594,O002478,P00598,1,5691.46,0,18
OI0004595,O002479,P00091,3,14736.24,10,12
OI0004596,O002479,P00950,2,1517.27,15,5
OI0004597,O002480,P00562,3,12257.55,0,18
OI0004598,O002481,P00877,2,28964.08,0,5
OI0004599,O002482,P00346,1,7407.57,0,5
OI0004601,O002483,P00803,1,20407.76,0,12
OI0004602,O002483,P00993,1,15230.92,20,12
OI0004603,O002484,P00885,1,1624.53,20,12
OI0004604,O002485,P00276,2,19377.5,0,12
OI0004605,O002486,P00512,1,4144.23,5,12
OI0004606,O002486,P00711,1,25013.87,25,5
OI0004607,O002487,P00785,1,7133.0,0,0
OI0004608,O002487,P00413,1,3157.36,10,12
OI0004609,O002488,P00080,1,18814.97,10,0
OI0004610,O002488,P00495,1,17755.63,10,12
OI0004611,O002489,P00609,1,9715.33,0,18
OI0004614,O002491,P00750,5,10414.72,0,0
OI0004615,O002492,P00774,2,21485.96,0,18
OI0004616,O002492,P00535,1,13803.23,10,5
OI0004618,O002494,P00345,3,6244.77,25,18
OI0004619,O002494,P00895,1,20857.39,20,18
OI0004620,O002495,P00735,2,16612.07,20,0
OI0004621,O002495,P00335,2,23186.11,0,0
OI0004623,O002496,P00611,2,4382.49,20,0
OI0004624,O002496,P00818,1,24535.67,0,18
OI0004625,O002497,P00123,1,293.91,0,12
OI0004626,O002497,P00116,1,26478.96,25,0
OI0004627,O002498,P00242,2,1994.58,15,5
OI0004628,O002498,P00630,2,16185.23,5,0
OI0004629,O002499,P00163,2,4816.35,20,0
OI0004630,O002499,P00511,4,20845.33,0,0
OI0004631,O002500,P00278,1,19324.38,25,0
OI0004632,O002501,P00938,2,10699.85,10,18
OI0004634,O002503,P00062,2,26010.05,0,5
OI0004635,O002503,P00169,3,3775.03,5,0
OI0004636,O002504,P00233,1,4417.92,15,12
OI0004637,O002504,P00213,1,14054.17,20,12
OI0004639,O002505,P00131,1,10989.26,20,12
OI0004640,O002506,P00861,1,1708.5,10,18
OI0004641,O002506,P00021,1,12199.64,5,0
OI0004642,O002507,P00499,1,21206.76,20,0
OI0004644,O002508,P00722,2,16339.53,0,0
OI0004646,O002510,P00776,1,18413.51,0,0
OI0004647,O002510,P00374,3,18561.05,0,5
OI0004648,O002511,P00573,2,4465.62,25,0
OI0004650,O002511,P00540,1,5585.76,0,0
OI0004651,O002512,P00776,1,19112.99,10,0
OI0004652,O002512,P00966,1,26205.85,20,18
OI0004653,O002513,P00656,1,27550.02,0,5
OI0004654,O002513,P00360,3,3204.0,0,0
OI0004655,O002514,P00349,3,11364.0,10,18
OI0004656,O002514,P00702,2,900.48,5,5
OI0004657,O002515,P00720,2,9255.92,0,18
OI0004658,O002516,P00546,1,1189.76,15,5
OI0004659,O002516,P00548,1,22726.46,15,5
OI0004660,O002517,P00489,1,10718.83,20,0
OI0004661,O002517,P00662,1,7593.11,25,5
OI0004662,O002517,P00711,1,25207.04,0,0
OI0004664,O002518,P00769,1,15149.09,0,0
OI0004665,O002519,P00331,1,25462.95,5,12
OI0004666,O002520,P00956,1,17522.33,20,12
OI0004667,O002520,P00086,2,15231.2,25,12
OI0004668,O002521,P00555,2,26914.41,0,18
OI0004669,O002521,P00369,1,28472.25,20,5
OI0004670,O002522,P00457,1,669.5,15,0
OI0004672,O002523,P00054,4,15524.36,25,18
OI0004673,O002524,P00450,1,29890.29,15,0
OI0004675,O002524,P00183,2,23694.71,5,18
OI0004677,O002526,P00645,1,26273.54,25,0
OI0004678,O002526,P00706,2,16382.38,25,18
OI0004679,O002527,P00689,4,26856.77,10,0
OI0004680,O002527,P00864,2,12651.58,5,5
OI0004681,O002527,P00799,2,26653.84,5,12
OI0004682,O002528,P00764,1,19201.95,25,18
OI0004683,O002528,P00933,2,12137.43,20,18
OI0004684,O002529,P00393,1,14871.51,20,5
OI0004685,O002529,P00695,2,9935.34,10,0
OI0004686,O002530,P00003,1,9302.58,20,0
OI0004687,O002531,P00592,2,3904.83,10,12
OI0004688,O002531,P00891,1,2071.62,0,0
OI0004689,O002532,P00015,3,31200.13,25,18
OI0004690,O002532,P00767,1,20277.21,0,5
OI0004691,O002533,P00806,1,15911.45,10,0
OI0004692,O002533,P00747,3,25967.9,15,5
OI0004693,O002534,P00767,1,20690.95,20,12
OI0004694,O002534,P00975,1,7977.56,15,0
OI0004695,O002534,P00667,1,21207.65,0,12
OI0004696,O002535,P00666,1,3429.82,10,18
OI0004697,O002535,P00465,1,11257.04,0,0
OI0004698,O002535,P00473,2,13331.89,25,18
OI0004699,O002536,P00429,1,685.38,10,0
OI0004700,O002536,P00203,4,26911.66,0,18
OI0004701,O002536,P00229,3,18533.22,10,0
OI0004702,O002537,P00386,1,28697.94,20,5
OI0004703,O002538,P00838,3,17960.9,0,12
OI0004705,O002538,P00361,1,28221.11,10,5
OI0004706,O002539,P00375,1,13025.68,0,18
OI0004707,O002540,P00699,1,22974.31,15,18
OI0004708,O002541,P00239,1,28878.62,15,18
OI0004709,O002541,P00247,4,17385.06,0,5
OI0004710,O002542,P00890,1,20234.59,0,18
OI0004711,O002543,P00062,1,26970.63,20,18
OI0004712,O002543,P00301,1,28127.56,15,18
OI0004713,O002543,P00254,1,29266.69,0,0
OI0004715,O002544,P00845,1,6831.49,0,0
OI0004716,O002545,P00880,1,15330.92,5,18
OI0004717,O002546,P00094,1,10093.5,0,12
OI0004718,O002546,P00941,2,20165.78,25,0
OI0004719,O002546,P00130,2,24182.39,5,18
OI0004721,O002547,P00541,2,19167.08,0,12
OI0004722,O002548,P00841,2,16302.72,10,18
OI0004723,O002549,P00611,2,4027.69,0,12
OI0004724,O002549,P00218,1,21857.77,0,18
OI0004725,O002550,P00262,2,9239.45,20,12
OI0004726,O002551,P00625,3,24629.91,0,5
OI0004727,O002551,P00276,3,19853.65,10,5
OI0004728,O002552,P00187,1,9912.82,20,0
OI0004729,O002552,P00897,2,7161.87,25,18
OI0004731,O002553,P00171,1,6359.17,0,12
OI0004732,O002553,P00486,2,22497.35,15,12
OI0004733,O002554,P00603,2,4567.92,0,0
OI0004734,O002554,P00347,1,28629.82,0,18
OI0004735,O002555,P00370,1,5340.16,15,12
OI0004739,O002558,P00970,3,17661.97,15,12
OI0004740,O002559,P00769,2,15598.37,10,5
OI0004741,O002560,P00430,4,13561.86,5,18
OI0004742,O002561,P00993,3,14979.8,0,5
OI0004743,O002562,P00335,2,23030.06,15,18
OI0004744,O002562,P01000,1,24142.5,0,0
OI0004745,O002563,P00877,3,29791.81,0,12
OI0004746,O002564,P00823,1,7434.72,0,0
OI0004747,O002564,P00174,1,21827.71,5,12
OI0004748,O002565,P00595,3,23003.44,0,18
OI0004750,O002566,P00941,1,19881.07,0,0
OI0004751,O002566,P00167,2,15326.38,15,0
OI0004752,O002567,P00324,3,227.08,20,5
OI0004753,O002568,P00862,3,27117.68,25,5
OI0004754,O002569,P00064,2,9234.21,0,12
OI0004755,O002569,P00468,1,25335.68,5,5
OI0004756,O002570,P00582,4,13876.5,10,18
OI0004757,O002570,P00548,2,22335.35,0,5
OI0004759,O002572,P00863,1,21795.08,5,12
OI0004760,O002572,P00600,1,13796.6,0,18
OI0004762,O002574,P00717,1,23460.28,10,18
OI0004763,O002574,P00241,1,4234.17,0,12
OI0004764,O002575,P00029,1,16299.55,0,12
OI0004765,O002576,P00087,2,4355.02,20,5
OI0004766,O002576,P00410,1,1656.53,5,5
OI0004767,O002577,P00711,2,24719.56,25,5
OI0004768,O002577,P00012,1,10922.64,0,12
OI0004769,O002577,P00812,1,3632.77,15,18
OI0004770,O002578,P00504,1,7416.16,15,5
OI0004771,O002579,P00968,1,5920.97,25,5
OI0004772,O002580,P00610,1,6078.05,20,5
OI0004773,O002580,P00193,2,16619.19,0,12
OI0004774,O002580,P00405,2,1959.8,20,5
OI0004775,O002581,P00477,1,21658.73,0,12
OI0004776,O002582,P00703,1,9739.91,0,18
OI0004777,O002582,P00377,1,23520.08,0,0
OI0004779,O002583,P00599,1,28380.43,25,0
OI0004780,O002583,P00480,2,17811.32,10,12
OI0004782,O002584,P00472,1,4406.98,0,12
OI0004783,O002584,P00572,1,7828.43,10,12
OI0004784,O002584,P00457,5,682.8,25,18
OI0004785,O002585,P00081,3,13455.47,15,0
OI0004786,O002586,P00896,2,17641.77,15,0
OI0004787,O002587,P00676,2,19223.22,5,18
OI0004788,O002587,P00018,1,23091.59,20,5
OI0004789,O002588,P00709,3,1872.49,5,5
OI0004790,O002588,P00765,5,3530.29,0,18
OI0004792,O002589,P00411,2,6290.09,-5,18
OI0004793,O002589,P00567,1,27992.99,15,18
OI0004794,O002590,P00229,2,18650.61,0,0
OI0004795,O002590,P00653,1,3702.96,5,18
OI0004797,O002591,P00033,1,14233.78,10,12
OI0004798,O002592,P00117,1,27616.28,10,0
OI0004801,O002594,P00594,1,15162.91,0,12
OI0004802,O002594,P00122,2,13085.99,10,5
OI0004803,O002595,P00679,1,29549.93,0,0
OI0004804,O002596,P00424,5,20176.19,15,5
OI0004808,O002598,P00764,1,19257.02,20,12
OI0004809,O002598,P00564,1,20300.51,20,5
OI0004811,O002600,P00579,1,17700.65,20,0
OI0004812,O002600,P00918,2,27920.01,0,12
OI0004813,O002600,P00546,1,1185.26,15,12
OI0004814,O002601,P00191,1,14385.93,25,12
OI0004815,O002602,P00533,1,2058.72,0,0
OI0004816,O002603,P00383,2,18664.13,20,12
OI0004817,O002603,P00253,1,28176.36,0,12
OI0004818,O002604,P00381,2,11617.1,15,0
OI0004819,O002604,P00046,3,12180.66,5,18
OI0004820,O002604,P00804,1,10768.03,20,0
OI0004821,O002605,P00562,2,12454.42,15,0
OI0004822,O002605,P00298,1,6147.57,5,18
OI0004823,O002606,P00729,3,23549.22,15,18
OI0004824,O002606,P00017,1,10866.57,0,12
OI0004825,O002606,P00680,3,6575.2,0,18
OI0004826,O002607,P00732,1,17402.84,15,18
OI0004827,O002607,P00768,1,26305.42,20,5
OI0004828,O002607,P00720,1,9638.55,10,18
OI0004829,O002608,P00792,2,6443.79,15,5
OI0004830,O002608,P00935,2,6989.8,0,5
OI0004831,O002609,P00777,4,22044.55,10,0
OI0004833,O002610,P00346,2,7785.57,0,12
OI0004834,O002610,P00778,1,17876.32,25,18
OI0004835,O002611,P00309,2,21922.13,0,12
OI0004837,O002612,P00433,2,697.18,25,5
OI0004839,O002613,P00051,2,15184.6,0,12
OI0004840,O002614,P00620,3,12895.28,25,18
OI0004841,O002614,P00113,4,16956.48,25,0
OI0004843,O002615,P00765,1,3518.03,10,18
OI0004844,O002616,P00378,4,26718.53,15,0
OI0004845,O002616,P00238,1,13185.93,0,18
OI0004846,O002616,P00158,1,13307.02,0,5
OI0004848,O002617,P00955,1,25322.67,10,0
OI0004849,O002618,P00933,1,12183.78,15,5
OI0004850,O002618,P00586,1,12213.47,0,0
OI0004851,O002618,P00926,3,22811.17,15,18
OI0004852,O002619,P00034,1,22569.17,0,5
OI0004853,O002620,P00509,3,14959.97,5,12
OI0004856,O002622,P00392,1,26693.5,5,18
OI0004857,O002622,P00928,4,27341.5,25,0
OI0004858,O002623,P00488,5,23090.3,0,5
OI0004860,O002624,P00324,1,217.98,20,12
OI0004861,O002624,P00282,1,14565.32,20,18
OI0004862,O002625,P00161,2,23601.02,0,12
OI0004863,O002625,P00029,1,16283.14,5,5
OI0004864,O002625,P00498,1,29841.32,25,18
OI0004865,O002626,P00222,5,1980.07,10,12
OI0004866,O002626,P00370,2,5487.91,20,0
OI0004867,O002627,P00915,1,4049.4,15,12
OI0004868,O002627,P00748,1,24256.17,5,12
OI0004869,O002628,P00981,3,22136.6,20,12
OI0004870,O002629,P00499,1,19720.8,15,12
OI0004871,O002629,P00784,1,8247.37,0,12
OI0004872,O002629,P00259,1,24566.16,10,18
OI0004873,O002630,P00217,1,16063.74,0,0
OI0004875,O002632,P00137,1,29906.6,25,0
OI0004877,O002633,P00313,3,5314.15,5,0
OI0004878,O002633,P00191,1,14927.07,15,12
OI0004879,O002634,P00918,3,27956.04,0,0
OI0004880,O002634,P00472,2,4490.79,20,12
OI0004881,O002634,P00871,3,12191.58,0,0
OI0004882,O002635,P00894,3,8273.09,0,18
OI0004884,O002636,P00902,2,28666.04,20,12
OI0004885,O002636,P00622,1,12681.08,10,0
OI0004886,O002636,P00712,1,29544.25,15,18
OI0004887,O002637,P00038,2,17758.42,0,5
OI0004888,O002637,P00062,1,25609.59,0,18
OI0004889,O002638,P00284,3,13814.79,15,18
OI0004890,O002638,P00484,1,7464.65,5,5
OI0004891,O002638,P00271,4,23393.75,10,12
OI0004892,O002639,P00659,1,20596.42,10,0
OI0004894,O002640,P00569,1,28140.5,20,18
OI0004895,O002641,P00262,1,9156.61,15,5
OI0004897,O002642,P00490,1,23627.78,10,5
OI0004898,O002642,P00006,1,9028.92,15,0
OI0004899,O002643,P00831,3,7126.51,0,0
OI0004900,O002644,P00432,1,3859.16,0,0
OI0004901,O002645,P00817,3,10981.39,5,12
OI0004902,O002645,P00488,1,24410.52,0,0
OI0004903,O002645,P00793,3,16616.9,15,5
OI0004904,O002646,P00225,2,8856.96,20,12
OI0004905,O002646,P00618,1,15520.88,0,18
OI0004906,O002647,P00154,1,25704.42,0,0
OI0004907,O002647,P00658,2,10774.67,5,0
OI0004908,O002648,P00058,5,18764.29,0,12
OI0004909,O002649,P00291,3,16967.84,0,0
OI0004910,O002649,P00828,1,7503.34,5,12
OI0004912,O002650,P00565,1,1008.41,0,18
OI0004913,O002650,P00254,2,29188.47,10,18
OI0004914,O002651,P00015,1,30926.99,0,5
OI0004915,O002651,P00322,1,26231.79,25,18
OI0004916,O002652,P00188,3,17428.29,15,12
OI0004917,O002653,P00785,3,7267.74,0,5
OI0004919,O002655,P00824,1,24783.83,20,0
OI0004920,O002655,P00555,2,27543.97,10,12
OI0004921,O002656,P00143,1,3096.21,0,12
OI0004922,O002657,P00567,1,29783.32,10,0
OI0004923,O002657,P00934,1,25941.3,0,18
OI0004924,O002658,P00733,2,7401.57,10,12
OI0004925,O002659,P00841,3,16575.15,0,0
OI0004926,O002659,P00353,1,28045.2,20,5
OI0004927,O002659,P00948,1,8512.78,20,18
OI0004928,O002660,P00507,2,29607.56,0,5
OI0004929,O002660,P00575,2,16712.58,25,12
OI0004930,O002660,P00913,2,2134.93,10,0
OI0004931,O002661,P00434,1,8428.94,0,0
OI0004933,O002661,P00971,2,7243.68,10,0
OI0004934,O002662,P00304,1,21776.38,0,12
OI0004935,O002663,P00226,1,25080.04,20,0
OI0004936,O002664,P00296,1,20626.32,5,5
OI0004937,O002664,P00088,1,13130.78,25,12
OI0004938,O002664,P00212,5,14927.58,20,18
OI0004939,O002665,P00042,1,28125.51,10,0
OI0004940,O002665,P00962,1,19105.7,20,18
OI0004942,O002666,P00245,1,15436.76,0,0
OI0004943,O002667,P00386,1,27889.68,15,0
OI0004944,O002668,P00476,4,15151.65,0,0
OI0004946,O002669,P00129,1,8571.83,0,12
OI0004947,O002669,P00374,2,17719.48,15,5
OI0004948,O002670,P00315,1,2224.37,0,5
OI0004949,O002670,P00646,2,14653.5,0,18
OI0004950,O002671,P00213,5,13418.25,5,18
OI0004951,O002671,P00674,1,9535.59,-5,12
OI0004952,O002672,P00856,1,12557.16,25,5
OI0004953,O002672,P00063,2,1323.73,5,18
OI0004954,O002673,P00613,3,10289.03,0,5
OI0004955,O002674,P00800,1,20214.96,25,12
OI0004956,O002675,P00005,2,29181.57,0,12
OI0004957,O002676,P00861,1,1650.3,20,12
OI0004958,O002677,P00976,1,7405.96,0,18
OI0004959,O002677,P00752,2,283.81,0,12
OI0004960,O002678,P00668,2,5296.43,20,12
OI0004961,O002678,P00551,4,15561.3,0,5
OI0004962,O002678,P00677,3,16082.54,20,5
OI0004963,O002679,P00188,1,16508.88,5,0
OI0004964,O002679,P00629,1,15646.15,0,0
OI0004966,O002680,P00807,2,5452.36,0,18
OI0004967,O002681,P00467,1,22386.77,0,12
OI0004968,O002682,P00324,1,227.8,0,5
OI0004969,O002683,P00880,1,15985.03,25,18
OI0004970,O002683,P00461,1,16124.33,0,18
OI0004971,O002684,P00657,1,26513.63,25,0
OI0004973,O002685,P00261,1,18318.19,0,18
OI0004974,O002686,P00469,1,3070.24,0,5
OI0004975,O002687,P00604,1,27892.04,-5,18
OI0004976,O002687,P00946,5,22003.34,5,18
OI0004978,O002688,P00882,4,20683.81,0,18
OI0004979,O002689,P00305,1,3011.04,25,0
OI0004980,O002689,P00517,1,27815.41,10,0
OI0004981,O002689,P00414,3,6479.04,5,0
OI0004982,O002690,P00689,1,29269.97,10,5
OI0004983,O002690,P00961,4,11633.18,25,5
OI0004984,O002691,P00280,1,9268.06,15,12
OI0004985,O002691,P00983,3,2816.67,-5,18
OI0004986,O002692,P00655,1,23136.56,25,18
OI0004987,O002692,P00892,1,18165.97,10,12
OI0004988,O002693,P00163,1,5089.71,5,18
OI0004989,O002693,P00791,1,1414.2,0,5
OI0004990,O002694,P00231,2,1174.16,20,12
OI0004991,O002694,P00017,5,10262.2,20,18
OI0004992,O002695,P00495,1,18173.29,20,12
OI0004993,O002695,P00240,2,14485.93,10,5
OI0004994,O002695,P00242,1,2046.05,25,18
OI0004995,O002696,P00394,3,5603.2,5,18
OI0004996,O002696,P00614,1,11760.71,0,12
OI0004997,O002696,P00397,1,11211.39,0,0
OI0004998,O002697,P00601,4,18705.38,0,0
OI0005000,O002698,P00200,1,7941.54,5,12
OI0005001,O002699,P00638,1,22789.42,5,0
OI0005002,O002699,P00531,1,27711.82,5,18
OI0005003,O002700,P00842,1,22493.41,0,0
OI0005004,O002701,P00728,2,4978.91,20,0
OI0005005,O002701,P00414,2,6448.27,5,18
OI0005006,O002702,P00090,1,19125.28,15,12
OI0005007,O002703,P00794,1,5295.2,20,18
OI0005008,O002703,P00434,1,8142.46,-5,0
OI0005009,O002704,P00027,2,15753.76,15,0
OI0005010,O002704,P00040,1,14175.66,20,18
OI0005012,O002706,P00362,1,19886.79,25,5
OI0005013,O002706,P00185,2,27930.81,0,12
OI0005014,O002707,P00656,2,26886.76,25,0
OI0005015,O002708,P00105,1,15790.13,20,18
OI0005016,O002708,P00362,1,20805.12,0,18
OI0005019,O002709,P00927,2,25495.59,20,12
OI0005020,O002710,P00823,3,7673.63,0,18
OI0005021,O002711,P00312,1,24463.53,20,12
OI0005022,O002712,P00968,1,5520.92,25,5
OI0005023,O002713,P00041,1,1135.38,0,0
OI0005024,O002713,P00219,3,14553.83,10,18
OI0005025,O002714,P00169,1,4155.87,0,18
OI0005026,O002714,P00698,2,15047.92,0,12
OI0005027,O002714,P00379,1,20060.36,0,12
OI0005028,O002715,P00542,1,24340.97,15,18
OI0005029,O002716,P00184,1,12503.85,-5,12
OI0005031,O002717,P00764,4,19259.85,0,5
OI0005032,O002718,P00569,3,28017.33,15,0
OI0005033,O002719,P00077,3,3420.25,0,0
OI0005034,O002720,P00918,1,25937.52,5,18
OI0005035,O002720,P00820,2,16913.19,0,18
OI0005036,O002720,P00865,1,24281.38,0,0
OI0005038,O002722,P00948,1,8153.65,0,12
OI0005039,O002723,P00725,2,27003.77,20,0
OI0005040,O002724,P00265,1,1543.24,20,12
OI0005041,O002724,P00547,2,20849.07,0,18
OI0005042,O002725,P00011,2,11687.76,15,0
OI0005043,O002726,P00225,1,9472.85,0,0
OI0005044,O002726,P00038,1,17700.95,20,18
OI0005045,O002727,P00199,1,18904.96,5,5
OI0005046,O002727,P00324,2,208.76,10,12
OI0005047,O002728,P00242,1,1940.59,20,18
OI0005048,O002728,P00356,2,10667.41,20,12
OI0005049,O002729,P00106,1,8502.11,25,18
OI0005050,O002729,P00178,3,9410.05,0,5
OI0005051,O002730,P00421,2,20189.75,0,12
OI0005054,O002732,P00882,1,19975.4,20,0
OI0005055,O002733,P00067,2,16856.11,5,0
OI0005056,O002734,P00383,2,18748.32,5,5
OI0005058,O002735,P00772,1,9471.0,25,0
OI0005059,O002735,P00191,1,14489.91,25,12
OI0005060,O002736,P00859,3,26987.52,20,12
OI0005061,O002736,P00353,1,28518.21,15,12
OI0005062,O002737,P00718,2,6569.79,0,0
OI0005063,O002737,P00538,1,28566.42,15,12
OI0005064,O002738,P00754,1,25038.86,0,18
OI0005065,O002738,P00760,1,7866.97,20,18
OI0005066,O002739,P00230,1,25819.24,10,5
OI0005067,O002739,P00692,1,15512.0,0,0
OI0005068,O002740,P00750,2,10592.69,25,18
OI0005069,O002740,P00394,2,5897.76,0,5
OI0005070,O002741,P00917,1,1280.65,10,18
OI0005071,O002741,P00154,1,25648.6,15,0
OI0005072,O002742,P00495,1,18517.34,-5,0
OI0005073,O002743,P00601,2,20311.48,15,0
OI0005075,O002744,P00169,2,4022.96,0,5
OI0005076,O002745,P00904,1,26145.96,25,18
OI0005077,O002745,P00009,2,19460.56,5,0
OI0005078,O002746,P00303,1,13088.98,0,18
OI0005080,O002748,P00173,2,2787.58,5,18
OI0005081,O002748,P00375,1,13314.17,10,12
OI0005082,O002749,P00182,2,1247.4,0,18
OI0005083,O002750,P00933,1,11640.08,15,12
OI0005084,O002750,P00971,3,7074.12,5,18
OI0005086,O002751,P00485,1,15730.5,0,12
OI0005087,O002752,P00672,1,15793.4,10,5
OI0005088,O002752,P00563,1,24458.66,20,18
OI0005089,O002753,P00588,1,26664.9,20,0
OI0005090,O002753,P00658,2,10632.43,0,5
OI0005091,O002754,P00552,1,18910.4,10,18
OI0005092,O002754,P00585,1,17071.52,20,12
OI0005093,O002755,P00537,4,16012.93,0,18
OI0005095,O002755,P00628,2,1131.02,0,0
OI0005096,O002756,P00691,1,13834.75,25,5
OI0005097,O002756,P00842,3,23275.54,10,18
OI0005098,O002757,P00789,1,28245.83,0,12
OI0005099,O002758,P00883,3,13881.4,0,5
OI0005100,O002758,P00532,1,13307.97,15,18
OI0005101,O002759,P00447,2,23199.67,5,12
OI0005102,O002759,P00635,1,11768.27,10,5
OI0005103,O002760,P00703,1,8857.55,0,18
OI0005104,O002760,P00211,2,654.71,10,0
OI0005107,O002762,P00319,1,22264.53,5,5
OI0005108,O002762,P00006,5,8649.65,10,18
OI0005109,O002763,P00798,2,10184.42,0,12
OI0005112,O002764,P00268,1,19918.54,25,0
OI0005113,O002765,P00082,1,27240.89,10,5
OI0005114,O002765,P00546,5,1144.16,25,12
OI0005115,O002766,P00443,1,23440.23,0,12
OI0005116,O002767,P00207,1,4384.72,15,0
OI0005117,O002767,P00823,1,7708.24,0,0
OI0005118,O002768,P00140,3,27408.71,0,0
OI0005119,O002768,P00347,1,27955.33,5,5
OI0005120,O002769,P00556,1,16639.2,0,5
OI0005121,O002769,P00029,1,16008.32,5,0
OI0005122,O002770,P00309,4,22233.13,0,18
OI0005124,O002771,P00478,1,25912.87,0,12
OI0005126,O002772,P00457,1,644.11,25,0
OI0005128,O002774,P00363,1,24301.4,0,18
OI0005129,O002774,P00833,1,26015.47,10,5
OI0005130,O002775,P00346,5,7440.09,25,12
OI0005131,O002775,P00598,2,5550.57,10,18
OI0005132,O002776,P00665,1,28079.49,0,18
OI0005134,O002778,P00053,2,21042.54,0,12
OI0005135,O002778,P00189,3,6346.68,15,5
OI0005136,O002778,P00741,1,4623.69,0,18
OI0005138,O002779,P00760,2,8280.72,0,12
OI0005139,O002780,P00518,2,22464.01,15,12
OI0005140,O002781,P00857,1,1299.71,15,12
OI0005141,O002782,P00963,1,3715.07,20,18
OI0005142,O002782,P00367,1,6768.27,0,0
OI0005143,O002782,P00455,2,1408.52,0,18
OI0005144,O002783,P00937,1,3412.85,0,5
OI0005145,O002783,P00235,3,9482.97,0,0
OI0005146,O002784,P00493,1,2824.68,0,12
OI0005147,O002784,P00568,4,8165.75,5,5
OI0005148,O002785,P00204,1,15891.45,0,12
OI0005149,O002785,P00508,1,12239.6,20,0
OI0005150,O002786,P00042,1,28318.32,15,12
OI0005151,O002786,P00900,1,24343.52,15,5
OI0005152,O002787,P00498,4,29759.24,15,0
OI0005153,O002788,P00034,3,22288.63,0,5
OI0005154,O002788,P00799,1,25237.99,20,0
OI0005155,O002788,P00883,1,13482.05,0,18
OI0005156,O002789,P00427,2,22276.95,25,18
OI0005157,O002789,P00948,1,8458.71,0,5
OI0005158,O002790,P00953,1,447.79,25,5
OI0005159,O002791,P00705,1,26172.87,20,12
OI0005160,O002791,P00981,1,21908.16,10,12
OI0005161,O002792,P00694,1,21609.51,5,5
OI0005162,O002793,P00239,5,28812.62,5,18
OI0005163,O002793,P00664,1,412.24,10,12
OI0005164,O002794,P00539,1,12539.78,0,0
OI0005165,O002794,P00788,2,9812.21,25,12
OI0005166,O002795,P00582,2,14573.74,0,18
OI0005167,O002796,P00214,4,1562.11,0,5
OI0005168,O002796,P00876,1,8344.92,0,5
OI0005169,O002797,P00592,1,3751.66,0,12
OI0005170,O002797,P00645,1,26172.28,20,18
OI0005171,O002798,P00061,2,19073.64,25,0
OI0005172,O002799,P00110,2,1085.73,20,18
OI0005173,O002799,P00536,1,26131.51,20,5
OI0005174,O002800,P00767,1,21248.65,0,5
OI0005175,O002800,P00283,1,4871.46,10,18
OI0005176,O002801,P00731,1,28569.85,10,18
OI0005177,O002802,P00319,1,22046.28,0,18
OI0005181,O002804,P00941,4,20051.3,20,5
OI0005182,O002804,P00546,1,1094.33,0,0
OI0005183,O002804,P00509,1,16018.11,0,18
OI0005184,O002805,P00805,1,7557.13,0,12
OI0005185,O002805,P00235,1,10181.89,25,18
OI0005186,O002806,P00902,3,29610.18,0,18
OI0005187,O002807,P00253,1,30992.08,25,12
OI0005188,O002807,P00655,1,22226.95,25,18
OI0005189,O002808,P00791,1,1418.73,0,5
OI0005191,O002810,P00561,1,26650.57,20,12
OI0005192,O002811,P00973,1,28920.77,20,0
OI0005193,O002812,P00578,1,14193.99,-5,0
OI0005194,O002812,P00175,3,11236.21,25,5
OI0005195,O002812,P00773,1,13049.88,10,5
OI0005196,O002813,P00445,1,9737.83,20,12
OI0005197,O002813,P00854,1,13536.27,10,12
OI0005198,O002813,P00617,1,11048.1,0,12
OI0005199,O002814,P00349,1,10792.69,20,12
OI0005200,O002815,P00697,1,12322.62,20,0
OI0005201,O002815,P00182,1,1194.34,0,18
OI0005202,O002815,P00670,2,20563.7,5,18
OI0005203,O002816,P00444,1,7610.08,0,5
OI0005204,O002817,P00646,1,15541.16,0,12
OI0005205,O002817,P00660,3,1753.93,20,18
OI0005206,O002818,P00035,2,18553.92,20,12
OI0005207,O002819,P00898,2,3895.79,0,0
OI0005208,O002819,P00139,1,2367.92,0,12
OI0005209,O002819,P00742,1,15367.37,0,0
OI0005210,O002820,P00809,2,7044.04,25,5
OI0005211,O002820,P00396,3,4219.8,0,5
OI0005212,O002820,P00217,1,16491.54,0,5
OI0005213,O002821,P00616,1,7347.31,0,5
OI0005214,O002822,P00797,2,5200.83,20,18
OI0005215,O002822,P00573,3,4318.52,15,0
OI0005216,O002822,P00081,1,12822.18,0,5
OI0005217,O002823,P00542,4,23460.18,-5,12
OI0005218,O002823,P00968,1,5900.4,10,18
OI0005219,O002823,P00681,1,30448.13,10,0
OI0005220,O002824,P00263,2,22670.99,5,12
OI0005221,O002825,P00374,3,17154.68,0,18
OI0005222,O002825,P00191,1,15058.67,0,18
OI0005223,O002825,P00011,1,12451.25,20,12
OI0005224,O002826,P00900,2,25359.29,0,12
OI0005225,O002826,P00303,1,12827.95,10,0
OI0005226,O002827,P00565,1,1048.55,20,12
OI0005227,O002827,P00410,1,1722.72,0,5
OI0005228,O002828,P00829,2,12106.1,10,18
OI0005229,O002828,P00124,1,16262.88,15,18
OI0005230,O002829,P00928,1,28345.09,20,18
OI0005231,O002830,P00419,1,27151.81,0,0
OI0005232,O002830,P00530,2,27338.8,10,12
OI0005235,O002832,P00889,3,17975.16,0,0
OI0005236,O002833,P00139,2,2305.71,10,18
OI0005237,O002833,P00665,1,28359.63,15,12
OI0005240,O002835,P00917,2,1279.62,0,5
OI0005242,O002837,P00765,1,3628.61,25,18
OI0005243,O002837,P00204,1,15803.69,0,18
OI0005244,O002837,P00685,2,259.45,20,18
OI0005245,O002838,P00272,1,25829.46,10,12
OI0005246,O002838,P00576,1,14845.62,0,12
OI0005247,O002838,P00358,2,4193.68,25,18
OI0005248,O002839,P00955,1,23751.13,25,18
OI0005249,O002839,P00033,5,14359.27,15,0
OI0005251,O002840,P00958,1,24736.01,0,18
OI0005253,O002841,P00009,2,20503.11,0,5
OI0005254,O002842,P00319,2,21484.04,15,12
OI0005255,O002842,P00176,1,4434.32,15,12
OI0005256,O002843,P00621,1,16577.97,20,0
OI0005258,O002844,P00668,1,4951.6,10,12
OI0005260,O002844,P00878,1,13349.87,0,0
OI0005261,O002845,P00844,1,24451.84,25,5
OI0005262,O002845,P00094,1,10041.89,5,18
OI0005263,O002846,P00967,3,23346.72,0,12
OI0005264,O002846,P00860,2,27473.38,-5,5
OI0005265,O002847,P00269,3,18787.87,0,0
OI0005266,O002847,P00984,2,7241.74,0,0
OI0005267,O002848,P00702,2,905.81,25,12
OI0005268,O002849,P00757,1,5230.89,20,18
OI0005269,O002850,P00675,1,9933.25,0,5
OI0005270,O002850,P00873,1,25565.01,0,12
OI0005271,O002850,P00259,2,24029.67,0,5
OI0005272,O002851,P00660,1,1613.17,0,18
OI0005273,O002852,P00703,1,9128.6,0,5
OI0005274,O002852,P00623,1,4958.55,0,5
OI0005275,O002853,P00098,1,19904.67,0,12
OI0005276,O002853,P00891,1,2049.54,25,0
OI0005278,O002854,P00075,1,19645.25,15,18
OI0005279,O002854,P00107,1,3492.18,0,0
OI0005280,O002855,P00215,2,31073.67,25,12
OI0005281,O002855,P00020,1,23898.21,0,0
OI0005282,O002855,P00749,1,1405.68,5,5
OI0005283,O002856,P00077,1,3294.58,20,12
OI0005284,O002856,P00193,1,16237.39,0,18
OI0005285,O002857,P00434,1,8074.25,15,12
OI0005286,O002857,P00554,1,5028.01,20,12
OI0005287,O002857,P00021,2,13010.78,25,12
OI0005289,O002859,P00752,1,290.37,0,0
OI0005290,O002860,P00566,1,14037.56,5,0
OI0005291,O002861,P00705,2,24415.33,15,5
OI0005292,O002861,P00343,3,11395.57,15,5
OI0005293,O002862,P00145,1,13140.15,10,18
OI0005294,O002863,P00228,1,11288.17,20,18
OI0005295,O002863,P00777,1,23559.89,5,0
OI0005297,O002864,P00050,1,30170.55,20,0
OI0005298,O002865,P00647,1,5273.69,20,18
OI0005299,O002865,P00139,1,2304.31,20,0
OI0005301,O002866,P00787,1,17567.74,15,0
OI0005303,O002866,P00537,2,15573.1,0,12
OI0005304,O002867,P00890,1,21233.16,0,12
OI0005305,O002867,P00689,2,29031.85,0,0
OI0005306,O002868,P00837,1,17113.07,0,18
OI0005307,O002869,P00624,4,26715.79,5,0
OI0005308,O002870,P00761,2,9493.79,0,5
OI0005309,O002870,P00842,2,21844.78,0,12
OI0005310,O002871,P00130,1,24805.61,5,0
OI0005311,O002872,P00367,2,6814.29,15,5
OI0005313,O002872,P00478,1,24249.58,0,5
OI0005314,O002873,P00800,2,19696.98,15,0
OI0005315,O002873,P00818,1,25227.42,5,5
OI0005316,O002874,P00205,2,18244.86,0,12
OI0005317,O002874,P00373,1,20691.28,5,5
OI0005318,O002875,P00579,3,17180.16,5,0
OI0005319,O002875,P00536,1,27115.42,0,18
OI0005322,O002877,P00722,1,16291.28,10,18
OI0005323,O002878,P00822,1,15610.66,0,5
OI0005324,O002879,P00513,1,28928.26,0,12
OI0005325,O002879,P00762,1,19762.47,0,5
OI0005326,O002880,P00165,2,28060.16,5,12
OI0005327,O002880,P00375,2,12906.04,0,5
OI0005328,O002881,P00372,2,19764.66,0,5
OI0005329,O002881,P00875,4,16184.76,10,18
OI0005330,O002882,P00332,3,9922.58,0,5
OI0005332,O002883,P00996,2,8254.73,20,5
OI0005333,O002883,P00435,1,28041.67,5,18
OI0005334,O002884,P00685,1,261.53,0,18
OI0005336,O002884,P00902,1,30731.12,25,12
OI0005337,O002885,P00883,1,12623.6,20,0
OI0005338,O002885,P00513,2,27515.73,0,18
OI0005339,O002886,P00821,1,18560.57,10,18
OI0005340,O002886,P00256,2,26780.2,0,12
OI0005341,O002887,P00052,1,14404.21,20,18
OI0005342,O002887,P00846,3,20181.9,0,5
OI0005344,O002889,P00508,1,12498.51,15,5
OI0005345,O002890,P00961,1,11855.18,0,18
OI0005346,O002890,P00367,1,6425.54,0,12
OI0005347,O002890,P00085,1,3308.6,0,5
OI0005349,O002892,P00149,1,30677.7,10,18
OI0005350,O002893,P00693,2,2284.58,0,12
OI0005351,O002893,P00813,1,10030.26,0,5
OI0005352,O002894,P00656,1,25574.09,10,5
OI0005353,O002894,P00643,2,13413.86,20,12
OI0005354,O002894,P00781,2,10654.29,20,18
OI0005355,O002895,P00653,1,3848.38,10,12
OI0005356,O002895,P00334,1,19347.33,25,12
OI0005357,O002896,P00532,1,14167.79,20,12
OI0005358,O002896,P00929,2,1991.8,0,12
OI0005359,O002896,P00840,1,15564.28,10,0
OI0005360,O002897,P00080,1,17881.82,10,12
OI0005361,O002897,P00919,2,19532.84,5,12
OI0005362,O002897,P00443,2,23429.32,10,12
OI0005363,O002898,P00050,1,29410.35,25,12
OI0005364,O002899,P00505,2,18372.99,10,18
OI0005365,O002899,P00125,1,18247.36,0,18
OI0005366,O002900,P00297,1,1247.29,5,5
OI0005367,O002901,P00632,1,24807.46,0,0
OI0005368,O002901,P00160,3,18632.33,0,5
OI0005369,O002902,P00471,1,13000.15,0,5
OI0005370,O002903,P00828,1,7444.46,0,0
OI0005372,O002905,P00273,1,10654.28,10,0
OI0005373,O002905,P00690,3,20174.04,25,18
OI0005375,O002906,P00677,1,16601.93,0,0
OI0005376,O002906,P00770,1,23383.69,10,5
OI0005377,O002907,P00267,1,17946.75,20,12
OI0005378,O002908,P00651,1,15697.86,10,0
OI0005379,O002909,P00383,2,18253.58,0,0
OI0005380,O002909,P00559,1,22314.99,0,5
OI0005381,O002910,P00095,3,22101.02,5,18
OI0005382,O002910,P00058,2,18026.38,15,0
OI0005383,O002911,P00065,1,28854.45,0,18
OI0005384,O002911,P00084,3,30179.3,0,12
OI0005385,O002912,P00190,1,9557.25,5,18
OI0005386,O002912,P00962,1,17645.99,5,12
OI0005387,O002913,P00043,2,8646.52,5,18
OI0005389,O002913,P00632,1,24811.42,0,5
OI0005390,O002914,P00260,1,8358.18,0,12
OI0005392,O002914,P00187,4,9849.61,0,18
OI0005393,O002915,P00957,2,18833.22,0,0
OI0005394,O002916,P00803,1,21335.56,10,18
OI0005395,O002916,P00705,2,26209.24,15,12
OI0005396,O002917,P00509,3,16160.49,25,0
OI0005397,O002917,P00992,2,7682.54,0,0
OI0005398,O002917,P00110,1,1054.96,10,12
OI0005399,O002918,P00476,1,15992.0,0,5
OI0005400,O002918,P00534,1,3084.29,0,5
OI0005401,O002919,P00268,1,18470.04,10,12
OI0005402,O002920,P00284,2,13805.1,0,5
OI0005403,O002920,P00153,4,24771.71,15,5
OI0005404,O002921,P00837,1,17695.49,0,5
OI0005405,O002921,P00083,1,929.2,-5,5
OI0005406,O002922,P00022,1,22418.44,25,18
OI0005407,O002923,P00055,1,25594.43,10,5
OI0005408,O002923,P00087,3,4259.15,0,18
OI0005410,O002924,P00833,1,24951.14,0,0
OI0005411,O002924,P00106,3,8380.87,15,5
OI0005412,O002925,P00318,4,23898.03,15,18
OI0005413,O002925,P00828,2,7768.44,0,18
OI0005414,O002926,P00830,2,5142.47,0,12
OI0005415,O002926,P00480,1,18343.63,10,0
OI0005417,O002927,P00801,1,2322.83,0,0
OI0005418,O002928,P00471,1,12325.6,5,12
OI0005419,O002928,P00893,1,5853.35,-5,5
OI0005420,O002929,P00840,1,15938.74,0,5
OI0005421,O002929,P00457,1,633.14,20,0
OI0005422,O002930,P00808,1,19995.18,25,0
OI0005423,O002931,P00562,1,13078.89,0,0
OI0005425,O002932,P00165,3,27642.55,5,18
OI0005426,O002932,P00444,2,7213.54,15,18
OI0005427,O002933,P00933,1,11833.1,5,12
OI0005428,O002933,P00859,1,28092.63,20,0
OI0005429,O002934,P00238,1,13051.05,10,18
OI0005431,O002936,P00028,1,10157.06,0,5
OI0005432,O002937,P00864,1,13057.34,15,5
OI0005433,O002937,P00750,2,10913.63,10,12
OI0005434,O002938,P00083,1,973.27,20,18
OI0005435,O002938,P00908,2,9339.81,10,18
OI0005437,O002939,P00884,1,10051.42,0,12
OI0005438,O002940,P00219,3,15551.91,25,12
OI0005439,O002941,P00864,1,12789.64,25,12
OI0005441,O002942,P00729,1,24268.71,25,5
OI0005442,O002943,P00824,5,24520.29,0,12
OI0005444,O002943,P00902,1,30249.83,25,5
OI0005445,O002944,P00442,1,12260.19,25,18
OI0005447,O002945,P00525,1,1346.98,15,18
OI0005448,O002945,P00698,1,14946.1,20,12
OI0005450,O002947,P00854,3,13510.1,20,18
OI0005452,O002948,P00278,1,20530.81,0,12
OI0005453,O002948,P00641,1,1225.29,10,5
OI0005454,O002949,P00022,1,22131.44,25,0
OI0005455,O002949,P00876,1,8834.37,25,5
OI0005456,O002950,P00932,4,10094.05,25,12
OI0005457,O002951,P00832,1,16290.54,0,18
OI0005458,O002951,P00204,3,15081.4,10,0
OI0005459,O002952,P00941,1,20679.86,10,12
OI0005460,O002952,P00668,4,5061.96,15,0
OI0005461,O002953,P00127,1,15638.55,0,0
OI0005462,O002954,P00393,1,15345.16,15,5
OI0005463,O002954,P00208,4,6136.89,5,18
OI0005464,O002955,P00521,1,23510.8,5,0
OI0005465,O002955,P00763,4,24468.15,10,12
OI0005466,O002956,P00821,3,19897.06,20,12
OI0005467,O002956,P00761,1,9921.69,20,0
OI0005468,O002957,P00054,2,14308.26,20,12
OI0005469,O002958,P00699,4,24278.53,0,12
OI0005471,O002958,P00738,2,26501.82,10,0
OI0005472,O002959,P00859,1,27823.85,5,18
OI0005473,O002959,P00974,4,8308.98,15,18
OI0005474,O002960,P00704,1,15103.37,0,5
OI0005475,O002961,P00576,3,14803.94,0,5
OI0005477,O002961,P00224,1,11251.08,20,18
OI0005478,O002962,P00366,1,11196.72,5,12
OI0005479,O002962,P00327,1,15944.65,0,0
OI0005480,O002963,P00913,2,2093.46,15,0
OI0005481,O002963,P00192,1,14483.03,5,12
OI0005482,O002963,P00927,1,24872.97,0,18
OI0005483,O002964,P00340,1,28322.54,0,0
OI0005484,O002965,P00388,1,14847.17,20,0
OI0005485,O002965,P00161,2,24461.25,0,5
OI0005486,O002965,P00625,1,24759.93,0,18
OI0005488,O002967,P00124,1,17048.29,10,12
OI0005489,O002967,P00452,1,19930.01,10,18
OI0005490,O002968,P00664,1,383.31,0,12
OI0005492,O002969,P00726,1,14630.63,10,5
OI0005493,O002970,P00686,1,24094.89,25,12
OI0005494,O002970,P00479,1,22337.11,20,0
OI0005495,O002971,P00225,4,9388.43,0,18
OI0005497,O002973,P00823,1,7815.17,10,18
OI0005498,O002973,P00653,1,3685.7,0,5
OI0005499,O002973,P00657,1,27490.56,20,5
OI0005500,O002974,P00698,1,14866.49,5,5
OI0005501,O002974,P00851,1,4953.3,10,0
OI0005502,O002975,P00260,1,8074.5,20,5
OI0005503,O002975,P00846,1,19790.69,0,0
OI0005504,O002975,P00656,1,26035.73,25,18
OI0005505,O002976,P00701,4,1396.62,20,18
OI0005506,O002976,P00288,1,16651.78,5,12
OI0005507,O002977,P00778,3,18560.38,0,18
OI0005508,O002977,P00944,1,8829.11,0,12
OI0005509,O002978,P00422,3,23217.13,25,0
OI0005510,O002979,P00250,3,19977.11,10,18
OI0005512,O002980,P00478,4,23640.21,15,0
OI0005513,O002980,P00688,3,27712.14,20,0
OI0005514,O002981,P00025,1,3185.24,0,0
OI0005515,O002982,P00667,1,21994.32,0,18
OI0005516,O002982,P00061,2,18588.55,15,12
OI0005517,O002983,P00457,1,673.0,15,5
OI0005518,O002984,P00549,1,13424.54,15,18
OI0005519,O002984,P00499,1,21144.64,0,0
OI0005520,O002984,P00508,1,12332.96,0,12
OI0005521,O002985,P00117,1,26393.44,15,18
OI0005522,O002985,P00080,3,18919.64,15,18
OI0005523,O002985,P00255,2,10599.73,20,5
OI0005524,O002986,P00564,1,19788.65,0,18
OI0005525,O002987,P00533,1,2120.56,0,0
OI0005526,O002987,P00055,1,24533.8,25,0
OI0005527,O002988,P00544,2,13846.44,25,0
OI0005528,O002989,P00974,3,8550.37,0,5
OI0005529,O002989,P00193,1,16649.37,0,12
OI0005530,O002989,P00454,1,14406.63,10,12
OI0005532,O002990,P00174,1,21230.29,20,18
OI0005533,O002991,P00877,1,28982.93,10,18
OI0005534,O002992,P00232,1,21146.56,0,12
OI0005535,O002992,P00386,2,27981.02,0,18
OI0005536,O002992,P00828,1,7440.9,5,12
OI0005538,O002993,P00192,1,15493.43,0,18
OI0005539,O002994,P00915,3,4055.32,10,0
OI0005541,O002995,P00343,5,11604.0,0,5
OI0005542,O002995,P00242,1,2033.72,20,12
OI0005544,O002996,P00928,3,29479.55,25,0
OI0005545,O002996,P00024,1,12997.77,0,0
OI0005546,O002997,P00696,1,21979.96,25,0
OI0005547,O002997,P00664,2,382.84,0,0
OI0005548,O002998,P00612,1,8482.82,5,18
OI0005549,O002998,P00646,4,15062.89,15,12
OI0005550,O002999,P00812,1,3598.06,10,5
OI0005551,O002999,P00415,2,7593.65,0,0
OI0005552,O002999,P00168,3,15307.29,0,12
OI0005553,O003000,P00187,1,10507.05,10,18
OI0005554,O003001,P00181,2,30492.9,25,0
OI0005555,O003001,P00551,1,16362.33,0,18
OI0005556,O003001,P00493,1,2657.4,20,18
OI0005557,O003002,P00888,1,1415.63,0,5
OI0005558,O003002,P00268,1,18899.18,0,18
OI0005559,O003003,P00970,1,17570.66,0,5
OI0005560,O003003,P00885,1,1697.81,10,18
OI0005562,O003004,P00001,1,9715.66,15,0
OI0005563,O003004,P00735,1,16053.09,0,5
OI0005564,O003005,P00786,1,27862.17,5,0
OI0005565,O003005,P00658,2,10077.38,20,12
OI0005566,O003005,P00631,1,9361.79,25,0
OI0005567,O003006,P00406,2,28296.59,25,18
OI0005568,O003007,P00303,1,12880.69,25,0
OI0005569,O003008,P00216,2,29642.14,15,12
OI0005571,O003009,P00419,1,24820.54,10,12
OI0005572,O003009,P00100,1,18023.69,25,18
OI0005573,O003010,P00853,1,2944.41,20,0
OI0005574,O003011,P00303,1,12974.36,0,12
OI0005575,O003012,P00765,2,3751.05,15,12
OI0005576,O003012,P00331,2,26921.02,0,5
OI0005577,O003012,P00970,2,17479.08,20,18
OI0005578,O003013,P00474,3,20976.83,0,5
OI0005579,O003014,P00618,2,14389.88,0,5
OI0005580,O003014,P00871,2,11487.11,0,12
OI0005581,O003015,P00825,1,23890.53,20,12
OI0005582,O003016,P00478,1,23841.23,0,0
OI0005583,O003017,P00701,1,1474.47,5,0
OI0005584,O003018,P00693,2,2469.75,5,5
OI0005585,O003018,P00178,1,10275.21,25,12
OI0005586,O003018,P00774,2,19805.74,20,12
OI0005587,O003019,P00449,2,2386.74,0,0
OI0005588,O003019,P00927,2,25357.82,0,18
OI0005590,O003020,P00730,1,23980.08,25,5
OI0005591,O003020,P00556,1,15578.27,5,5
OI0005592,O003021,P00033,2,14551.21,15,18
OI0005594,O003022,P00907,2,16980.31,0,12
OI0005595,O003022,P00030,1,23435.67,10,12
OI0005596,O003023,P00486,3,22526.56,0,0
OI0005597,O003024,P00734,2,20776.71,25,12
OI0005598,O003024,P00184,1,12901.47,0,12
OI0005599,O003024,P00392,1,27271.52,0,0
OI0005600,O003025,P00006,1,8835.9,5,12
OI0005602,O003026,P00441,1,7807.74,20,0
OI0005603,O003027,P00293,1,8491.37,15,12
OI0005604,O003027,P00723,1,7856.27,0,0
OI0005605,O003028,P00144,2,8131.68,0,5
OI0005606,O003028,P00185,1,27900.83,15,12
OI0005607,O003028,P00239,1,27314.7,0,12
OI0005608,O003029,P00934,1,25830.64,0,0
OI0005609,O003029,P00454,3,14417.69,5,12
OI0005610,O003030,P00814,3,1387.46,0,12
OI0005611,O003030,P00928,4,28484.5,25,12
OI0005612,O003031,P00954,1,22245.64,5,5
OI0005613,O003032,P00002,2,4422.87,0,18
OI0005614,O003033,P00333,1,8423.58,0,12
OI0005615,O003033,P00150,2,17293.64,0,0
OI0005616,O003034,P01000,2,24795.72,0,5
OI0005617,O003035,P00418,1,21952.18,0,12
OI0005618,O003036,P00957,1,17258.15,20,12
OI0005619,O003036,P00108,2,28501.4,15,18
OI0005620,O003036,P00181,4,28246.91,10,0
OI0005621,O003037,P00259,1,25134.85,0,0
OI0005622,O003038,P00702,1,986.71,15,5
OI0005624,O003039,P00774,2,20825.12,20,0
OI0005625,O003039,P00839,2,17249.61,20,5
OI0005626,O003040,P00011,1,11890.72,10,12
OI0005628,O003042,P00393,2,14771.12,25,18
OI0005629,O003042,P00431,2,25262.17,0,12
OI0005630,O003043,P00804,1,10136.2,5,12
OI0005631,O003044,P00894,3,8230.53,15,12
OI0005632,O003044,P00547,1,22212.0,0,0
OI0005633,O003045,P00187,1,10642.79,0,18
OI0005634,O003045,P00227,2,9492.39,10,12
OI0005635,O003046,P00954,2,22598.8,20,5
OI0005636,O003046,P00162,2,25145.63,0,0
OI0005637,O003047,P00567,1,29450.89,0,18
OI0005638,O003047,P00210,1,4469.01,15,18
OI0005639,O003048,P00282,1,15297.44,20,12
OI0005640,O003049,P00913,1,2038.59,0,5
OI0005641,O003049,P00988,1,16167.46,20,12
OI0005642,O003049,P00106,4,8621.87,0,0
OI0005643,O003050,P00797,4,5338.64,10,18
OI0005644,O003050,P00570,1,11970.6,10,12
OI0005647,O003051,P00340,1,28032.51,25,5
OI0005648,O003051,P00628,1,1140.59,0,0
OI0005649,O003052,P00187,1,10539.46,0,0
OI0005650,O003053,P00709,2,1873.92,0,0
OI0005651,O003053,P00968,1,5719.43,-5,0
OI0005652,O003054,P00835,1,21656.03,0,12
OI0005653,O003055,P00114,3,11933.85,5,18
OI0005654,O003055,P00481,1,15504.73,25,12
OI0005655,O003055,P00782,1,26381.1,15,0
OI0005658,O003057,P00020,1,25291.63,25,0
OI0005659,O003057,P00851,1,4667.79,20,5
OI0005660,O003057,P00211,1,675.94,0,18
OI0005661,O003058,P00045,1,25720.72,20,5
OI0005662,O003058,P00353,1,28131.83,0,12
OI0005663,O003059,P00821,1,19891.16,20,5
OI0005664,O003060,P00263,2,22962.45,5,0
OI0005665,O003060,P00127,1,15784.06,20,0
OI0005666,O003061,P00061,1,17886.51,10,12
OI0005667,O003061,P00670,2,19974.29,0,12
OI0005668,O003062,P00740,1,11690.32,15,5
OI0005669,O003062,P00750,2,10606.53,20,18
OI0005670,O003063,P00907,3,15614.67,5,12
OI0005671,O003063,P00340,4,28298.32,5,5
OI0005672,O003064,P00773,1,13040.44,25,18
OI0005673,O003065,P00920,1,8467.48,10,12
OI0005674,O003065,P00630,3,16431.89,0,12
OI0005675,O003065,P00013,3,4708.94,15,0
OI0005677,O003066,P00943,1,7627.07,15,18
OI0005678,O003066,P00195,1,20523.79,0,5
OI0005679,O003067,P00466,1,861.48,25,18
OI0005680,O003068,P00008,1,27394.97,15,12
OI0005681,O003068,P00818,1,25870.5,-5,0
OI0005682,O003069,P00540,1,5856.81,10,0
OI0005683,O003069,P00278,4,19534.99,0,0
OI0005684,O003069,P00996,2,8806.5,0,12
OI0005685,O003070,P00099,1,27289.57,25,12
OI0005686,O003070,P00866,1,26833.32,10,12
OI0005687,O003071,P00183,1,25294.29,0,5
OI0005688,O003071,P00506,2,11291.64,0,18
OI0005689,O003072,P00793,1,15972.45,0,0
OI0005690,O003072,P00130,1,23935.28,25,0
OI0005691,O003072,P00577,1,26144.83,0,5
OI0005692,O003073,P00720,1,9597.37,0,0
OI0005693,O003073,P00498,1,30719.75,0,5
OI0005695,O003074,P00316,3,25417.56,15,0
OI0005696,O003074,P00075,1,18389.72,10,18
OI0005697,O003075,P00475,2,26802.39,20,0
OI0005698,O003075,P00374,2,17065.3,20,18
OI0005699,O003076,P00144,1,7884.57,0,12
OI0005701,O003078,P00310,1,6313.06,0,0
OI0005702,O003078,P00139,3,2430.06,15,12
OI0005703,O003079,P00708,2,3425.44,0,0
OI0005704,O003079,P00974,1,8184.64,5,18
OI0005706,O003080,P00866,3,27728.93,25,5
OI0005707,O003081,P00598,4,5929.57,25,0
OI0005708,O003082,P00712,3,29179.5,0,5
OI0005709,O003082,P00566,1,14349.69,25,0
OI0005710,O003083,P00920,1,8689.89,25,18
OI0005711,O003083,P00413,1,3164.3,15,12
OI0005712,O003084,P00780,1,23305.76,0,0
OI0005713,O003084,P00248,1,19509.87,5,0
OI0005715,O003085,P00690,5,21742.4,10,0
OI0005716,O003085,P00685,1,251.67,15,5
OI0005717,O003086,P00834,1,23271.26,25,18
OI0005718,O003086,P00443,1,22797.22,25,5
OI0005719,O003087,P00625,1,24651.92,0,5
OI0005720,O003088,P00274,2,1235.88,25,5
OI0005721,O003089,P00689,3,26917.55,15,5
OI0005722,O003089,P00856,2,12538.92,5,5
OI0005723,O003090,P00474,3,21371.98,-5,18
OI0005724,O003090,P00166,1,26815.3,0,18
OI0005726,O003091,P00523,1,21048.89,20,0
OI0005728,O003091,P00043,4,8603.71,-5,18
OI0005729,O003092,P00669,1,21153.48,5,0
OI0005730,O003092,P00241,4,4223.4,0,12
OI0005731,O003092,P00810,3,23625.86,25,0
OI0005732,O003093,P00477,1,22244.23,10,12
OI0005733,O003094,P00991,3,5941.37,15,12
OI0005734,O003094,P00657,1,27604.54,0,0
OI0005735,O003094,P00833,1,25726.91,10,5
OI0005736,O003095,P00884,1,10538.99,0,12
OI0005737,O003095,P00353,1,29809.36,25,12
OI0005738,O003096,P00437,2,26511.3,25,0
OI0005739,O003097,P00411,2,6061.66,0,0
OI0005740,O003098,P00741,1,4467.96,5,12
OI0005741,O003098,P00452,1,19058.3,15,12
OI0005742,O003098,P00434,2,8752.78,15,5
OI0005743,O003099,P00616,1,7132.97,15,12
OI0005744,O003099,P00295,1,5392.96,25,5
OI0005745,O003100,P00029,3,15740.44,0,5
OI0005747,O003101,P00227,4,9331.78,5,12
OI0005748,O003101,P00021,1,12225.55,10,12
OI0005749,O003102,P00833,1,26816.02,5,0
OI0005750,O003102,P00616,2,7272.15,0,0
OI0005752,O003103,P00422,2,24072.25,20,0
OI0005754,O003104,P00291,1,16747.06,0,12
OI0005755,O003105,P00080,1,18138.82,10,5
OI0005756,O003105,P00352,3,23110.68,10,5
OI0005757,O003105,P00567,2,28579.25,20,12
OI0005759,O003106,P00125,2,17301.21,10,18
OI0005761,O003108,P00158,1,13037.57,10,5
OI0005762,O003109,P00881,1,20582.42,10,18
OI0005763,O003109,P00261,1,18785.37,25,12
OI0005764,O003109,P00932,3,9712.15,0,18
OI0005765,O003110,P00574,1,13428.38,0,5
OI0005766,O003111,P00865,1,23359.23,10,0
OI0005767,O003111,P00703,2,9168.09,25,12
OI0005768,O003112,P00475,3,24588.63,5,0
OI0005769,O003112,P00609,1,9846.63,0,5
OI0005770,O003112,P00458,5,346.33,0,18
OI0005771,O003113,P00924,1,10252.24,15,12
OI0005772,O003113,P00737,1,22813.76,10,0
OI0005774,O003115,P00054,1,15717.65,25,0
OI0005775,O003115,P00698,1,16009.29,0,5
OI0005776,O003115,P00139,1,2506.04,25,5
OI0005778,O003117,P00952,1,9256.28,0,12
OI0005779,O003118,P00685,1,246.81,15,5
OI0005781,O003118,P00703,1,9766.08,0,0
OI0005782,O003119,P00883,1,13440.02,0,18
OI0005784,O003120,P00714,1,26501.38,0,5
OI0005785,O003121,P00606,1,28373.89,10,12
OI0005786,O003121,P00434,5,8397.38,0,0
OI0005787,O003122,P00769,1,15034.8,0,18
OI0005788,O003122,P00578,5,13489.54,0,5
OI0005790,O003123,P00563,1,23567.89,0,18
OI0005791,O003124,P00623,1,4589.21,5,0
OI0005793,O003125,P00148,1,8742.33,25,18
OI0005794,O003125,P00218,3,22169.07,10,5
OI0005795,O003125,P00381,3,11481.42,20,12
OI0005796,O003126,P00062,2,26204.02,25,12
OI0005797,O003126,P00132,1,5121.72,25,0
OI0005799,O003127,P00648,4,16491.8,15,18
OI0005800,O003127,P00671,2,17267.27,0,0
OI0005801,O003128,P00159,1,13551.61,15,12
OI0005803,O003128,P00814,3,1328.48,25,0
OI0005804,O003129,P00078,2,13477.45,20,18
OI0005805,O003129,P00825,1,24681.09,0,12
OI0005806,O003130,P00072,2,6929.55,0,5
OI0005807,O003130,P00217,1,17588.63,20,5
OI0005808,O003131,P00402,1,30936.45,25,0
OI0005809,O003132,P00287,2,25694.82,0,18
OI0005810,O003132,P00198,3,23330.86,0,5
OI0005811,O003132,P00014,2,15412.37,0,5
OI0005812,O003133,P00662,3,8025.61,15,5
OI0005813,O003134,P00443,1,23791.55,10,0
OI0005814,O003134,P00224,1,11039.06,20,12
OI0005815,O003135,P00298,1,6017.45,20,18
OI0005816,O003136,P00202,2,3574.8,5,5
OI0005817,O003136,P00588,1,24270.72,10,0
OI0005818,O003137,P00205,1,17917.46,20,5
OI0005819,O003138,P00487,4,4178.73,10,12
OI0005820,O003138,P00653,1,3711.51,20,18
OI0005821,O003138,P00633,1,5705.59,0,18
OI0005822,O003139,P00847,5,21644.6,0,0
OI0005823,O003139,P00784,1,8714.73,25,0
OI0005824,O003140,P00867,1,12318.48,10,5
OI0005825,O003141,P00060,1,21829.52,0,0
OI0005826,O003141,P00831,5,7356.27,0,18
OI0005827,O003142,P00610,2,5616.55,25,5
OI0005829,O003144,P00983,1,2865.96,25,18
OI0005830,O003144,P00645,2,25870.27,0,12
OI0005831,O003144,P00858,1,27584.05,20,12
OI0005832,O003145,P00872,1,4957.56,10,18
OI0005833,O003145,P00711,1,24045.58,15,12
OI0005834,O003145,P00476,1,16132.9,0,12
OI0005835,O003146,P00425,1,14825.62,15,0
OI0005836,O003147,P00054,1,15189.32,5,18
OI0005837,O003147,P00267,3,17753.54,5,5
OI0005838,O003148,P00527,1,18893.16,5,0
OI0005839,O003148,P00200,1,7598.58,0,12
OI0005840,O003149,P00400,2,10129.38,5,5
OI0005841,O003149,P00187,1,10171.8,0,0
OI0005842,O003150,P00728,1,4924.49,20,18
OI0005843,O003150,P00543,1,6364.21,5,18
OI0005844,O003150,P00263,1,23526.1,10,12
OI0005845,O003151,P00654,1,7919.91,0,18
OI0005846,O003152,P00135,1,26333.45,0,18
OI0005847,O003152,P00030,1,24113.18,-5,0
OI0005848,O003153,P00662,1,7617.52,0,5
OI0005849,O003154,P00258,1,16921.75,0,18
OI0005850,O003155,P00386,1,29610.91,0,0
OI0005851,O003156,P00228,1,10996.66,10,0
OI0005852,O003157,P00144,1,8354.18,5,12
OI0005853,O003157,P00463,1,26100.37,5,18
OI0005854,O003158,P00004,1,13640.59,10,12
OI0005855,O003158,P00371,3,17056.66,15,5
OI0005857,O003159,P00471,4,13117.23,10,5
OI0005858,O003159,P00425,2,14838.7,0,18
OI0005859,O003160,P00423,3,4393.73,0,0
OI0005860,O003160,P00702,1,943.62,20,5
OI0005861,O003161,P00584,1,21588.41,0,12
OI0005862,O003161,P00927,2,24338.92,10,5
OI0005863,O003162,P00577,2,26637.2,15,18
OI0005864,O003162,P00729,1,22298.59,20,18
OI0005865,O003163,P00927,1,25894.64,-5,12
OI0005866,O003163,P00266,1,5124.02,0,18
OI0005867,O003163,P00074,1,26034.14,25,18
OI0005868,O003164,P00327,1,17351.56,15,12
OI0005869,O003165,P00459,1,24674.06,10,12
OI0005870,O003166,P00827,1,8848.66,5,5
OI0005872,O003167,P00164,3,16474.92,10,0
OI0005873,O003168,P00099,4,27449.48,0,0
OI0005874,O003169,P00328,1,5716.91,10,18
OI0005875,O003169,P00852,2,20104.84,15,5
OI0005876,O003170,P00752,5,280.54,0,18
OI0005877,O003170,P00973,5,27510.36,10,5
OI0005878,O003170,P00888,1,1470.11,20,0
OI0005880,O003172,P00539,1,13309.94,10,18
OI0005881,O003173,P00830,1,5520.91,15,18
OI0005883,O003173,P00728,1,4922.9,10,5
OI0005884,O003174,P00503,1,23451.2,-5,0
OI0005885,O003174,P00316,1,26259.13,25,12
OI0005886,O003175,P00812,2,3689.5,10,5
OI0005887,O003175,P00456,1,3504.03,25,0
OI0005888,O003175,P00725,2,28471.04,25,0
OI0005889,O003176,P00277,3,2220.92,0,18
OI0005890,O003176,P00444,1,7635.27,20,0
OI0005891,O003177,P00223,3,8065.89,25,18
OI0005894,O003178,P00434,1,8423.44,15,18
OI0005895,O003179,P00800,3,20608.06,0,0
OI0005897,O003179,P00475,1,25468.12,20,0
OI0005898,O003180,P00005,3,28500.44,20,0
OI0005899,O003181,P00754,1,25368.66,0,5
OI0005900,O003181,P00486,4,23695.48,10,0
OI0005901,O003181,P00650,1,29992.64,0,0
OI0005903,O003182,P00603,1,4647.11,15,18
OI0005904,O003182,P00587,1,19462.6,0,18
OI0005905,O003183,P00371,1,17728.51,0,5
OI0005906,O003183,P00930,2,10055.37,10,18
OI0005907,O003183,P00291,1,16549.03,5,0
OI0005909,O003184,P00663,1,26799.12,0,18
OI0005910,O003185,P00992,1,7483.47,15,5
OI0005911,O003186,P00470,4,992.69,25,0
OI0005912,O003186,P00675,3,9547.99,25,18
OI0005913,O003186,P00129,1,8158.22,0,18
OI0005914,O003187,P00376,1,25820.2,0,0
OI0005915,O003187,P00922,1,25491.18,25,18
OI0005916,O003187,P00850,2,22258.89,10,12
OI0005917,O003188,P00411,1,6251.19,0,12
OI0005918,O003188,P00029,2,15566.56,25,5
OI0005919,O003189,P00318,1,23458.51,0,0
OI0005920,O003189,P00807,4,5389.91,0,18
OI0005921,O003190,P00209,1,20661.08,0,0
OI0005922,O003190,P00474,2,21051.95,0,12
OI0005923,O003190,P00408,3,24604.25,25,18
OI0005924,O003191,P00917,1,1244.76,20,5
OI0005925,O003191,P00091,1,13631.27,20,12
OI0005926,O003191,P00604,1,26805.03,20,12
OI0005928,O003192,P00854,2,13476.82,0,18
OI0005929,O003192,P00115,5,27367.94,10,18
OI0005930,O003193,P00677,2,16690.98,0,18
OI0005931,O003193,P00617,1,11068.16,20,18
OI0005932,O003194,P00497,1,9906.59,0,12
OI0005933,O003194,P00724,3,15744.24,0,12
OI0005934,O003194,P00385,2,22564.31,20,5
OI0005935,O003195,P00723,1,7806.49,0,12
OI0005936,O003195,P00558,1,13004.43,5,18
OI0005937,O003196,P00332,2,9692.86,20,18
OI0005938,O003196,P00355,1,23517.97,0,0
OI0005939,O003197,P00875,2,16074.22,25,5
OI0005940,O003197,P00598,1,5919.22,5,12
OI0005941,O003198,P00875,4,15585.24,15,12
OI0005943,O003199,P00713,1,2974.1,0,5
OI0005944,O003200,P00325,1,5680.9,10,5
OI0005945,O003200,P00579,3,17978.29,0,0
OI0005946,O003201,P00667,3,21133.94,0,0
OI0005948,O003202,P00013,3,4856.82,15,0
OI0005949,O003203,P00968,1,5892.06,25,0
OI0005951,O003204,P00806,3,15919.7,0,0
OI0005953,O003205,P00194,1,29146.67,5,12
OI0005954,O003205,P00402,2,29283.57,0,12
OI0005955,O003206,P00264,1,12576.66,20,12
OI0005956,O003206,P00303,2,12603.54,20,0
OI0005957,O003207,P00783,1,17478.32,0,5
OI0005958,O003207,P00475,1,26137.47,5,5
OI0005959,O003208,P00581,1,25828.13,0,0
OI0005961,O003209,P00737,1,22252.15,20,12
OI0005962,O003210,P00454,3,13591.21,20,12
OI0005963,O003211,P00574,1,13473.11,25,18
OI0005964,O003211,P00171,1,6306.88,20,0
OI0005965,O003212,P00343,2,10943.45,0,18
OI0005966,O003213,P00445,1,10496.38,0,0
OI0005967,O003213,P00417,2,12882.9,10,0
OI0005968,O003214,P00202,1,3448.11,0,5
OI0005969,O003214,P00980,1,10631.69,5,0
OI0005970,O003214,P00521,1,23380.12,10,18
OI0005971,O003215,P00772,4,9350.48,15,12
OI0005972,O003215,P00693,2,2482.13,20,0
OI0005973,O003216,P00562,1,13139.35,0,0
OI0005974,O003216,P00596,1,26175.27,0,18
OI0005975,O003217,P00174,1,21165.2,0,5
OI0005976,O003218,P00795,1,26333.76,0,5
OI0005977,O003218,P00689,2,27140.39,15,18
OI0005978,O003219,P00259,1,24531.42,0,18
OI0005980,O003220,P00460,1,29145.74,15,5
OI0005981,O003221,P00443,3,23366.74,10,0
OI0005982,O003222,P00436,1,22585.0,5,18
OI0005983,O003222,P00884,2,10713.68,20,12
OI0005984,O003223,P00590,1,3280.53,0,12
OI0005986,O003224,P00626,4,2352.66,25,0
OI0005988,O003225,P00568,1,7773.23,10,12
OI0005991,O003228,P00020,1,24057.15,10,0
OI0005992,O003228,P00082,1,25295.42,15,0
OI0005993,O003228,P00176,1,4262.91,25,5
OI0005994,O003229,P00360,4,3162.1,5,18
OI0005995,O003229,P00079,2,17755.22,15,12
OI0005996,O003230,P00911,1,10544.47,20,0
OI0005997,O003231,P00228,2,10408.5,0,18
OI0005999,O003233,P00847,1,20457.49,25,0
OI0006000,O003234,P00433,1,723.55,0,0
OI0006001,O003234,P00638,1,21627.99,0,5
OI0006002,O003235,P00523,3,20359.94,15,12
OI0006003,O003235,P00801,3,2271.03,25,0
OI0006004,O003236,P00904,1,26623.29,5,18
OI0006005,O003237,P00751,1,9122.12,0,5
OI0006006,O003237,P00180,1,23128.17,10,18
OI0006007,O003238,P00855,2,14504.48,0,12
OI0006008,O003238,P00195,1,20343.47,15,5
OI0006009,O003239,P00424,1,20981.83,25,12
OI0006010,O003239,P00373,1,21125.21,0,12
OI0006011,O003240,P00624,1,28789.88,0,5
OI0006012,O003240,P00257,1,24168.41,15,18
OI0006014,O003241,P00711,1,25282.25,0,0
OI0006015,O003242,P00547,2,22281.03,0,18
OI0006016,O003243,P00981,1,22126.37,10,12
OI0006017,O003243,P00360,2,3394.74,0,5
OI0006018,O003243,P00109,1,13016.08,25,5
OI0006019,O003244,P00125,1,17875.0,0,5
OI0006021,O003245,P00117,3,25668.53,0,18
OI0006022,O003246,P00563,2,25158.06,5,12
OI0006023,O003246,P00938,1,10007.78,5,5
OI0006024,O003247,P00896,1,18782.43,0,12
OI0006025,O003247,P00655,2,22740.54,5,18
OI0006026,O003248,P00007,2,27733.44,5,0
OI0006027,O003249,P00388,3,14715.27,10,0
OI0006028,O003249,P00077,2,3158.43,20,18
OI0006029,O003249,P00053,1,20664.9,-5,0
OI0006030,O003250,P00093,2,4522.28,10,5
OI0006031,O003250,P00776,1,19261.68,20,18
OI0006032,O003250,P00113,1,17573.82,25,5
OI0006033,O003251,P00145,1,13081.39,25,12
OI0006034,O003251,P00105,2,16789.11,0,0
OI0006035,O003252,P00350,1,23851.25,5,5
OI0006036,O003253,P00725,1,28063.75,20,12
OI0006037,O003254,P00931,1,4088.13,25,18
OI0006038,O003254,P00424,2,19412.18,0,0
OI0006039,O003254,P00567,1,28302.9,0,12
OI0006040,O003255,P00264,1,12418.53,20,0
OI0006041,O003256,P00961,2,11909.8,25,12
OI0006042,O003256,P00604,1,27795.56,5,18
OI0006044,O003257,P00237,1,24764.54,10,0
OI0006045,O003257,P00116,1,26716.06,10,0
OI0006046,O003257,P00533,3,2072.25,0,12
OI0006047,O003258,P00239,5,27128.05,0,12
OI0006048,O003258,P00811,1,10742.08,20,0
OI0006049,O003259,P00007,1,27375.26,20,0
OI0006050,O003259,P00990,1,27968.45,5,5
OI0006051,O003260,P00222,1,1904.2,20,12
OI0006052,O003260,P00767,2,19678.95,10,5
OI0006053,O003260,P00868,1,9181.73,15,12
OI0006054,O003261,P00373,2,21020.31,0,18
OI0006055,O003261,P00515,1,21432.31,10,0
OI0006056,O003261,P00289,1,8536.36,0,5
OI0006057,O003262,P00302,1,12670.06,0,18
OI0006058,O003262,P00760,1,7919.14,0,18
OI0006059,O003263,P00820,1,17138.46,0,5
OI0006061,O003264,P00776,1,19297.96,20,12
OI0006062,O003264,P00825,4,24669.98,20,18
OI0006063,O003265,P00114,1,11454.54,0,12
OI0006064,O003265,P00001,1,9135.6,5,0
OI0006065,O003265,P00932,1,9397.54,0,0
OI0006066,O003266,P00407,3,12840.35,20,12
OI0006067,O003266,P00898,1,4146.31,0,12
OI0006068,O003267,P00808,1,19471.36,20,18
OI0006069,O003268,P00430,2,13548.71,10,0
OI0006070,O003268,P00030,1,22215.15,0,5
OI0006071,O003269,P00883,1,12867.75,5,5
OI0006072,O003270,P00097,2,1285.93,10,0
OI0006073,O003270,P00407,1,12644.57,0,5
OI0006074,O003271,P00457,2,690.21,5,18
OI0006075,O003271,P00702,2,907.57,10,12
OI0006076,O003272,P00627,1,24179.58,25,0
OI0006077,O003272,P00869,2,1347.86,10,18
OI0006078,O003272,P00361,1,29724.26,25,0
OI0006079,O003273,P00092,2,22722.97,0,0
OI0006080,O003274,P00048,2,4017.96,0,0
OI0006081,O003274,P00083,1,1001.13,20,18
OI0006082,O003275,P00456,1,3677.49,10,12
OI0006084,O003275,P00671,1,16763.17,10,12
OI0006085,O003276,P00341,1,22136.29,15,12
OI0006086,O003276,P00546,1,1138.59,20,5
OI0006087,O003276,P00558,2,12158.31,10,0
OI0006088,O003277,P00343,1,11635.74,0,12
OI0006089,O003278,P00020,5,23456.55,5,18
OI0006090,O003278,P00478,1,24580.08,-5,0
OI0006092,O003279,P00371,1,18066.52,25,0
OI0006093,O003279,P00199,2,19226.4,25,5
OI0006094,O003280,P00047,2,28252.5,10,0
OI0006095,O003281,P00380,1,27823.21,15,0
OI0006096,O003282,P00912,1,10826.27,0,5
OI0006097,O003282,P00169,1,4059.15,15,5
OI0006098,O003283,P00502,1,15823.46,0,12
OI0006099,O003283,P00875,1,15579.67,25,0
OI0006101,O003284,P00672,2,16082.6,5,18
OI0006102,O003285,P00731,1,27274.9,15,0
OI0006104,O003286,P00432,4,3915.45,20,5
OI0006105,O003287,P00868,3,9383.92,10,12
OI0006106,O003288,P00876,1,8241.11,15,12
OI0006107,O003288,P00745,1,12151.38,5,18
OI0006108,O003288,P00292,2,12466.5,20,0
OI0006109,O003289,P00476,1,16177.35,0,5
OI0006110,O003290,P00812,1,3583.77,0,0
OI0006111,O003291,P00449,1,2446.59,15,5
OI0006112,O003292,P00834,1,23515.15,25,18
OI0006113,O003293,P00476,2,16262.74,0,5
OI0006114,O003294,P00288,1,17245.79,0,18
OI0006115,O003295,P00020,2,24033.79,0,18
OI0006116,O003295,P00600,1,14176.02,25,18
OI0006118,O003296,P00817,1,11240.13,20,12
OI0006119,O003297,P00744,5,8185.89,5,0
OI0006120,O003297,P00539,2,13168.76,10,12
OI0006121,O003297,P00573,3,4614.15,0,18
OI0006122,O003298,P00802,1,6972.52,0,12
OI0006124,O003299,P00530,4,28929.01,0,5
OI0006125,O003300,P00729,1,22699.49,10,0
OI0006126,O003300,P00794,2,5402.87,25,5
OI0006127,O003301,P00451,4,29804.4,20,18
OI0006128,O003301,P00636,1,7921.12,0,0
OI0006129,O003302,P00061,1,18903.4,5,18
OI0006130,O003302,P00620,3,12807.08,25,12
OI0006131,O003303,P00141,1,18047.73,0,12
OI0006132,O003303,P00879,2,3372.97,10,5
OI0006133,O003304,P00988,1,16547.47,10,18
OI0006134,O003305,P00861,1,1696.52,0,12
OI0006135,O003305,P00671,2,17454.81,10,0
OI0006136,O003306,P00922,3,27404.68,10,12
OI0006137,O003306,P00043,1,8618.1,0,12
OI0006138,O003307,P00498,1,30950.68,0,0
OI0006139,O003307,P00305,1,3005.64,5,5
OI0006140,O003308,P00985,1,16696.45,0,5
OI0006142,O003309,P00183,2,25632.87,5,12
OI0006143,O003310,P00395,2,24589.42,15,0
OI0006144,O003310,P00981,1,21608.66,20,12
OI0006145,O003311,P00055,2,24621.03,20,0
OI0006146,O003312,P00598,4,5822.47,10,18
OI0006147,O003313,P00785,1,7386.85,10,12
OI0006148,O003313,P00784,3,8092.32,10,18
OI0006149,O003314,P00612,2,8810.17,5,18
OI0006150,O003315,P00652,2,3719.08,-5,18
OI0006152,O003316,P00373,1,20892.3,0,0
OI0006153,O003317,P00183,4,25170.56,0,12
OI0006154,O003317,P00731,4,28393.7,10,0
OI0006156,O003319,P00175,1,11105.73,25,5
OI0006157,O003320,P00961,1,11992.66,0,18
OI0006158,O003320,P00398,2,1649.61,15,0
OI0006159,O003321,P00195,2,22094.25,0,18
OI0006160,O003321,P00882,2,21510.93,0,18
OI0006161,O003322,P00885,2,1662.59,0,5
OI0006162,O003322,P00129,1,8545.39,5,12
OI0006163,O003322,P00019,1,18001.96,25,0
OI0006164,O003323,P00728,1,4908.68,15,12
OI0006165,O003324,P00875,1,15283.65,10,18
OI0006166,O003324,P00002,1,4192.55,5,12
OI0006167,O003325,P00677,2,16160.17,0,5
OI0006168,O003325,P00179,2,2899.97,15,5
OI0006170,O003326,P00904,2,24766.44,0,12
OI0006171,O003326,P00297,2,1205.88,25,18
OI0006172,O003327,P00367,1,6266.94,20,5
OI0006174,O003328,P00073,1,30555.27,0,12
OI0006175,O003328,P00963,1,3866.87,0,18
OI0006176,O003329,P00561,1,27937.04,10,0
OI0006177,O003330,P00808,3,19988.08,15,0
OI0006178,O003330,P00283,1,4864.25,0,12
OI0006179,O003331,P00861,2,1724.44,0,18
OI0006180,O003332,P00242,1,2005.5,0,18
OI0006181,O003332,P00053,1,19867.1,10,5
OI0006182,O003333,P00390,1,23844.36,0,0
OI0006183,O003333,P00166,1,27656.43,0,0
OI0006186,O003334,P00845,1,6596.3,25,18
OI0006187,O003334,P00272,1,25711.55,25,18
OI0006188,O003335,P00594,1,15069.54,5,18
OI0006189,O003336,P00402,1,28776.96,25,5
OI0006190,O003337,P00935,1,7158.05,10,12
OI0006192,O003337,P00689,3,27163.13,20,18
OI0006193,O003338,P00853,3,2832.27,25,5
OI0006194,O003338,P00216,1,29463.84,25,12
OI0006195,O003338,P00625,1,24772.78,0,18
OI0006196,O003339,P00911,4,10425.87,10,12
OI0006197,O003339,P00923,1,5080.6,5,18
OI0006198,O003340,P00747,1,26884.56,20,18
OI0006199,O003341,P00514,4,13033.6,0,0
OI0006200,O003342,P00160,1,20474.92,10,5
OI0006201,O003342,P00329,1,884.02,25,0
OI0006202,O003343,P00395,1,25611.3,20,12
OI0006203,O003343,P00086,4,15849.49,10,5
OI0006204,O003344,P00856,1,12571.66,10,5
OI0006205,O003345,P00909,1,12313.73,25,18
OI0006206,O003346,P00848,1,216.08,0,5
OI0006207,O003346,P00363,3,24235.22,10,5
OI0006208,O003347,P00753,4,28116.95,0,18
OI0006209,O003348,P00118,1,22573.54,25,18
OI0006210,O003348,P00031,1,9820.15,15,12
OI0006211,O003349,P00033,1,14628.8,10,5
OI0006212,O003350,P00716,1,6307.06,0,0
OI0006213,O003351,P00456,2,3511.85,0,12
OI0006214,O003352,P00589,1,11150.79,0,5
OI0006215,O003353,P00589,1,11472.64,0,0
OI0006216,O003353,P00571,1,9409.82,0,18
OI0006217,O003354,P00322,3,27003.84,5,0
OI0006218,O003354,P00363,1,22479.61,0,0
OI0006219,O003355,P00379,3,20074.79,0,18
OI0006220,O003355,P00613,2,10728.97,0,0
OI0006221,O003356,P00618,1,14211.84,15,12
OI0006222,O003356,P00295,3,4979.95,0,0
OI0006223,O003356,P00769,1,14806.15,10,12
OI0006224,O003357,P00597,1,8078.72,5,5
OI0006225,O003357,P00654,1,7991.77,0,18
OI0006226,O003357,P00481,1,16000.88,15,5
OI0006227,O003358,P00710,2,18783.12,25,12
OI0006228,O003358,P00395,1,26197.53,25,12
OI0006229,O003358,P00179,1,3038.97,5,18
OI0006231,O003360,P00940,1,29653.87,5,18
OI0006232,O003361,P00960,1,22254.62,15,0
OI0006233,O003361,P00551,1,15565.08,0,0
OI0006235,O003363,P00368,1,15555.81,10,18
OI0006236,O003363,P00868,1,9767.24,5,0
OI0006238,O003364,P00531,1,27104.03,0,0
OI0006240,O003364,P00627,1,23020.13,0,18
OI0006241,O003365,P00655,1,23128.51,0,18
OI0006242,O003365,P00142,1,17563.45,10,0
OI0006243,O003365,P00737,2,23075.91,0,18
OI0006244,O003366,P00233,1,4684.8,25,12
OI0006245,O003367,P00011,4,12369.48,0,18
OI0006246,O003367,P00512,2,4154.78,0,0
OI0006247,O003368,P00154,1,26023.18,25,5
OI0006248,O003368,P00645,1,26539.03,0,12
OI0006249,O003368,P00022,1,21428.56,-5,12
OI0006250,O003369,P00995,3,14041.4,25,0
OI0006251,O003369,P00088,2,12831.6,10,0
OI0006253,O003370,P00994,1,25883.37,0,0
OI0006254,O003370,P00129,5,8193.67,0,18
OI0006256,O003371,P00474,1,22756.35,0,18
OI0006258,O003372,P00256,3,26341.53,10,0
OI0006259,O003373,P00572,2,7109.11,25,12
OI0006260,O003373,P00740,1,11792.26,20,0
OI0006261,O003373,P00390,5,25295.9,0,12
OI0006262,O003374,P00886,1,20160.74,0,18
OI0006264,O003375,P00096,1,19733.3,5,5
OI0006265,O003375,P00009,1,19002.65,-5,18
OI0006267,O003376,P00443,2,23654.14,20,0
OI0006268,O003377,P00464,5,863.74,0,5
OI0006269,O003377,P00950,3,1513.69,15,5
OI0006271,O003378,P00245,1,15459.12,0,12
OI0006272,O003378,P00412,1,6029.5,20,0
OI0006274,O003379,P00354,2,18395.57,5,12
OI0006275,O003380,P00029,1,16868.14,10,5
OI0006276,O003381,P00976,2,7362.43,10,12
OI0006278,O003382,P00632,1,24434.34,15,18
OI0006279,O003382,P00633,1,5849.11,0,5
OI0006280,O003383,P00485,1,15708.53,0,12
OI0006281,O003383,P00492,1,9069.61,-5,0
OI0006282,O003384,P00027,4,14821.09,15,12
OI0006283,O003385,P00868,1,9029.06,0,18
OI0006285,O003386,P00063,1,1348.46,0,5
OI0006286,O003387,P00741,1,4375.69,0,0
OI0006287,O003387,P00479,1,20939.17,0,18
OI0006288,O003388,P00050,1,29541.61,5,0
OI0006290,O003389,P00014,2,16537.6,20,12
OI0006291,O003389,P00063,1,1287.61,15,12
OI0006292,O003390,P00602,2,26283.57,0,12
OI0006293,O003391,P00284,3,13234.21,5,18
OI0006294,O003391,P00934,1,24445.76,15,18
OI0006297,O003392,P00160,1,19779.62,25,5
OI0006298,O003393,P00708,1,3420.85,15,12
OI0006299,O003393,P00700,2,29122.25,25,18
OI0006300,O003393,P00485,2,14970.16,25,12
OI0006301,O003394,P00862,1,25167.94,15,18
OI0006302,O003394,P00714,4,27521.8,5,12
OI0006303,O003395,P00282,4,15498.61,0,12
OI0006305,O003395,P00319,1,22317.14,0,0
OI0006306,O003396,P00791,4,1324.19,10,12
OI0006307,O003397,P00021,1,12544.13,0,0
OI0006308,O003397,P00686,5,24895.83,0,18
OI0006309,O003398,P00614,1,11515.8,25,0
OI0006310,O003398,P00103,1,12449.76,5,0
OI0006311,O003399,P00743,2,18426.48,0,5
OI0006312,O003399,P00900,1,25129.17,0,12
OI0006313,O003400,P00346,4,7798.18,25,5
OI0006315,O003401,P00279,1,15636.48,0,18
OI0006316,O003401,P00129,1,8681.26,15,12
OI0006317,O003402,P00373,2,20882.23,20,12
OI0006318,O003403,P00490,1,24251.51,20,18
OI0006319,O003404,P00167,1,15198.14,10,5
OI0006320,O003404,P00017,1,10160.06,5,18
OI0006321,O003405,P00788,1,9773.69,0,12
OI0006322,O003406,P00790,2,26315.85,5,18
OI0006323,O003406,P00040,1,15221.74,0,12
OI0006324,O003406,P00435,1,28161.72,-5,12
OI0006325,O003407,P00802,1,7295.4,10,5
OI0006326,O003407,P00886,2,20286.2,10,0
OI0006327,O003407,P00190,1,9859.81,20,18
OI0006328,O003408,P00597,2,8090.96,15,0
OI0006329,O003408,P00692,2,16075.88,10,0
OI0006330,O003409,P00374,3,17618.54,5,12
OI0006331,O003409,P00358,1,4612.1,0,18
OI0006333,O003410,P00112,3,27273.47,0,5
OI0006334,O003411,P00244,2,2094.6,0,5
OI0006335,O003411,P00629,1,14700.86,20,12
OI0006336,O003412,P00628,1,1198.12,0,12
OI0006337,O003412,P00206,1,14458.4,5,0
OI0006338,O003412,P00467,1,21124.03,0,5
OI0006339,O003413,P00505,1,19901.15,10,5
OI0006340,O003413,P00878,1,13792.5,25,5
OI0006341,O003414,P00374,1,17458.51,25,0
OI0006342,O003414,P00466,1,799.74,25,5
OI0006344,O003415,P00207,1,4716.48,20,5
OI0006345,O003415,P00312,1,26352.78,0,0
OI0006346,O003416,P00214,1,1515.82,0,5
OI0006347,O003416,P00515,2,22199.96,25,18
OI0006348,O003417,P00170,1,19591.28,0,18
OI0006349,O003417,P00746,1,3744.4,20,0
OI0006350,O003417,P00237,4,23807.1,25,12
OI0006351,O003418,P00702,1,940.71,25,0
OI0006352,O003418,P00777,1,21767.45,25,18
OI0006353,O003419,P00670,2,21231.9,15,12
OI0006354,O003419,P00097,2,1292.94,0,12
OI0006355,O003419,P00972,3,20641.67,10,5
OI0006356,O003420,P00330,1,24159.62,0,12
OI0006357,O003421,P00411,5,6170.44,0,18
OI0006358,O003422,P00591,1,14104.85,20,18
OI0006359,O003422,P00515,1,22356.49,0,12
OI0006361,O003423,P00137,1,29074.9,10,0
OI0006362,O003424,P00392,2,26944.25,15,18
OI0006363,O003424,P00743,2,18627.02,0,18
OI0006364,O003424,P00522,1,17840.92,5,18
OI0006365,O003425,P00292,3,12173.05,0,5
OI0006366,O003425,P00262,1,8994.97,15,5
OI0006367,O003426,P00915,1,4142.13,0,0
OI0006368,O003427,P00030,2,23593.02,0,5
OI0006370,O003428,P00986,3,18425.64,20,18
OI0006371,O003429,P00178,2,10215.77,10,12
OI0006373,O003430,P00820,1,18087.15,0,12
OI0006374,O003431,P00181,1,27929.14,15,5
OI0006376,O003432,P00201,1,30127.89,15,18
OI0006378,O003433,P00349,1,11114.51,20,12
OI0006379,O003433,P00466,1,837.08,0,0
OI0006380,O003433,P00628,3,1126.47,5,12
OI0006381,O003434,P00180,1,22005.5,20,12
OI0006382,O003435,P00184,1,12413.97,25,18
OI0006383,O003435,P00882,1,21706.54,10,18
OI0006384,O003435,P00494,1,9391.33,0,0
OI0006385,O003436,P00473,2,13985.84,10,18
OI0006386,O003436,P00325,1,5895.41,25,18
OI0006387,O003436,P00671,1,18202.81,0,18
OI0006388,O003437,P00110,1,1038.86,0,0
OI0006389,O003437,P00221,1,5327.21,0,18
OI0006390,O003437,P00112,1,26676.52,20,5
OI0006391,O003438,P00467,2,22001.4,0,18
OI0006392,O003439,P00591,1,14293.87,25,5
OI0006393,O003440,P00789,1,28729.39,0,18
OI0006394,O003441,P00052,1,13465.95,15,12
OI0006395,O003441,P00369,2,27238.2,20,0
OI0006396,O003442,P00148,1,9472.8,0,18
OI0006399,O003444,P00735,1,16715.14,15,18
OI0006400,O003444,P00690,1,21468.11,15,5
OI0006401,O003445,P00568,1,8312.02,5,5
OI0006402,O003446,P00884,1,10365.34,25,0
OI0006403,O003447,P00573,1,4487.41,25,5
OI0006404,O003447,P00111,4,12672.04,0,18
OI0006405,O003447,P00142,1,17991.5,0,18
OI0006406,O003448,P00355,1,23613.6,10,5
OI0006408,O003449,P00678,2,22414.1,15,12
OI0006409,O003450,P00982,2,8872.96,0,5
OI0006410,O003450,P00091,2,14486.29,5,18
OI0006411,O003451,P00921,3,14904.37,15,18
OI0006412,O003452,P00184,1,13420.43,0,0
OI0006413,O003453,P00477,1,22202.13,5,18
OI0006414,O003453,P00966,1,27700.21,0,18
OI0006415,O003454,P00957,2,17713.46,0,5
OI0006416,O003455,P00979,1,6685.65,0,18
OI0006417,O003455,P00156,2,29145.36,15,0
OI0006418,O003456,P00170,1,19189.75,0,0
OI0006419,O003456,P00222,1,1966.56,-5,0
OI0006420,O003457,P00911,1,10432.49,0,18
OI0006422,O003458,P00713,3,2983.29,0,18
OI0006423,O003459,P00049,3,24495.93,0,12
OI0006424,O003459,P00221,1,5264.79,0,0
OI0006425,O003460,P00604,5,28053.35,5,12
OI0006426,O003461,P00901,1,3994.62,0,0
OI0006427,O003461,P00506,3,11483.02,25,12
OI0006428,O003462,P00885,2,1674.07,5,0
OI0006429,O003462,P00704,1,15196.28,10,12
OI0006430,O003462,P00914,1,26419.52,10,18
OI0006432,O003463,P00461,2,16173.45,15,0
OI0006433,O003464,P00424,3,20495.3,10,18
OI0006434,O003464,P00902,2,29609.78,0,5
OI0006435,O003465,P00658,2,9781.08,0,0
OI0006436,O003465,P00542,2,25761.44,10,5
OI0006437,O003465,P00737,1,24184.38,0,5
OI0006438,O003466,P00733,1,7393.97,10,0
OI0006439,O003466,P00069,3,23273.42,0,0
OI0006440,O003466,P00012,2,11125.46,0,12
OI0006441,O003467,P00314,1,4850.63,5,0
OI0006443,O003467,P00752,5,285.42,25,12
OI0006444,O003468,P00457,1,672.58,0,18
OI0006445,O003468,P00477,1,23044.18,5,12
OI0006448,O003469,P00435,5,27684.65,0,12
OI0006449,O003469,P00793,2,17523.62,5,12
OI0006450,O003470,P00237,2,25651.38,0,18
OI0006451,O003470,P00997,1,6488.54,20,0
OI0006452,O003471,P00228,2,10662.63,0,0
OI0006453,O003471,P00426,1,16074.51,0,18
OI0006454,O003471,P00672,1,15751.75,0,12
OI0006455,O003472,P00008,4,28121.12,15,0
OI0006456,O003472,P00484,1,6807.37,0,18
OI0006458,O003473,P00649,1,10494.57,10,5
OI0006459,O003473,P00409,3,13418.12,0,18
OI0006460,O003474,P00698,1,15114.46,20,12
OI0006461,O003475,P00025,1,2972.39,0,18
OI0006462,O003476,P00717,2,25108.23,25,12
OI0006463,O003476,P00752,1,285.0,10,12
OI0006464,O003477,P00714,1,27152.12,15,12
OI0006465,O003478,P00807,1,5716.39,20,5
OI0006466,O003478,P00530,1,29035.58,25,12
OI0006467,O003479,P00831,1,7013.44,0,0
OI0006468,O003480,P00170,1,20869.14,0,0
OI0006469,O003481,P00624,4,26514.65,15,18
OI0006471,O003481,P00557,1,5337.46,25,5
OI0006473,O003482,P00301,3,27799.26,-5,18
OI0006474,O003483,P00111,1,12876.55,0,18
OI0006475,O003484,P00212,4,14752.68,0,5
OI0006476,O003484,P00708,1,3264.31,25,0
OI0006477,O003484,P00301,1,27503.4,5,18
OI0006478,O003485,P00902,1,29502.22,25,12
OI0006479,O003485,P00666,2,3539.68,5,5
OI0006480,O003486,P00351,4,1205.26,5,12
OI0006481,O003486,P00714,1,27048.65,5,18
OI0006482,O003486,P00521,2,24027.69,20,18
OI0006483,O003487,P00141,4,18601.2,0,5
OI0006484,O003488,P00921,1,15374.87,10,5
OI0006485,O003488,P00087,1,4395.45,25,5
OI0006486,O003489,P00311,3,27313.99,0,18
OI0006487,O003490,P00805,4,7133.35,-5,5
OI0006488,O003491,P00198,1,23210.24,10,18
OI0006490,O003492,P00657,1,26856.73,0,0
OI0006491,O003493,P00303,2,12708.14,0,18
OI0006492,O003494,P00793,3,17032.6,25,0
OI0006493,O003495,P00116,1,26084.96,0,0
OI0006495,O003495,P00676,2,19736.02,5,0
OI0006496,O003496,P00560,1,15783.47,5,18
OI0006497,O003496,P00910,1,20634.79,25,0
OI0006498,O003496,P00007,1,28080.46,5,5
OI0006499,O003497,P00432,1,3914.27,20,12
OI0006500,O003497,P00925,1,27468.04,10,12
OI0006501,O003497,P00140,2,27715.19,10,18
OI0006502,O003498,P00604,1,29229.84,10,18
OI0006503,O003499,P00604,1,28070.11,20,5
OI0006504,O003500,P00318,1,23763.34,20,18
OI0006505,O003500,P00484,1,7291.48,15,18
OI0006506,O003501,P00859,3,27908.61,0,12
OI0006507,O003501,P00264,1,11872.32,5,0
OI0006508,O003501,P00348,2,7296.57,10,0
OI0006509,O003502,P00701,3,1523.8,10,18
OI0006510,O003502,P00735,1,16159.69,15,12
OI0006511,O003503,P00554,1,5012.46,15,5
OI0006513,O003504,P00793,1,17570.74,0,0
OI0006514,O003505,P00862,1,25610.75,10,12
OI0006516,O003506,P00436,1,21464.85,20,12
OI0006517,O003506,P00825,1,24771.24,0,5
OI0006518,O003507,P00960,2,22075.3,25,5
OI0006519,O003507,P00930,2,10125.48,25,18
OI0006520,O003508,P00828,2,8132.12,0,18
OI0006521,O003508,P00011,1,11967.23,20,0
OI0006522,O003509,P00674,3,10195.15,0,12
OI0006523,O003510,P00935,1,7147.24,5,12
OI0006524,O003510,P00299,1,25269.22,0,0
OI0006525,O003510,P00185,2,29117.08,10,5
OI0006526,O003511,P00815,2,25094.93,20,0
OI0006527,O003511,P00603,1,4594.8,0,5
OI0006528,O003511,P01000,3,23078.93,25,5
OI0006529,O003512,P00172,1,25333.17,0,18
OI0006530,O003512,P00109,1,12874.37,15,5
OI0006532,O003514,P00822,2,15643.67,5,18
OI0006533,O003515,P00722,1,16151.15,10,0
OI0006534,O003516,P00573,2,4631.84,0,0
OI0006535,O003516,P00425,4,15108.29,10,0
OI0006536,O003516,P00617,3,10921.26,0,0
OI0006537,O003517,P00030,1,23181.37,-5,5
OI0006538,O003517,P00324,2,224.43,5,5
OI0006539,O003518,P00523,1,21318.81,0,18
OI0006540,O003519,P00335,1,22228.46,15,5
OI0006542,O003520,P00067,1,18026.89,15,0
OI0006544,O003520,P00674,1,9782.86,5,5
OI0006545,O003521,P00612,3,8710.72,10,5
OI0006546,O003521,P00408,1,24979.05,20,5
OI0006548,O003523,P00010,1,12651.74,15,18
OI0006550,O003524,P00938,2,9895.74,15,5
OI0006551,O003524,P00964,2,19170.45,0,0
OI0006552,O003525,P00054,2,15033.99,25,18
OI0006553,O003526,P00643,1,13984.3,20,5
OI0006554,O003527,P00512,2,4180.24,20,12
OI0006555,O003527,P00908,3,9052.39,0,0
OI0006556,O003528,P00199,2,19277.92,25,5
OI0006557,O003529,P00644,1,26008.04,5,0
OI0006558,O003529,P00170,1,19942.06,20,0
OI0006559,O003530,P00825,1,24643.97,15,5
OI0006560,O003530,P00861,1,1645.88,25,5
OI0006561,O003531,P00009,1,19418.32,0,0
OI0006562,O003532,P00167,1,15365.65,10,5
OI0006563,O003533,P00908,1,9198.02,25,18
OI0006565,O003534,P00341,2,22966.56,0,5
OI0006567,O003535,P00851,1,4775.54,20,0
OI0006568,O003535,P00888,1,1438.45,5,18
OI0006569,O003536,P00967,1,23071.04,0,5
OI0006570,O003536,P00066,1,5853.0,25,5
OI0006572,O003537,P00944,2,9160.24,20,5
OI0006573,O003537,P00755,4,15577.08,0,12
OI0006575,O003538,P00897,1,6814.47,0,18
OI0006576,O003538,P00861,2,1699.37,0,12
OI0006577,O003539,P00108,1,29843.45,25,18
OI0006578,O003540,P00249,1,21679.61,0,5
OI0006579,O003540,P00233,1,4466.46,20,12
OI0006580,O003540,P00928,1,28652.1,5,12
OI0006581,O003541,P00107,2,3458.65,0,12
OI0006582,O003541,P00561,1,26882.49,5,18
OI0006583,O003542,P00603,2,4769.72,0,12
OI0006584,O003543,P00388,1,14744.07,0,12
OI0006585,O003544,P00827,2,9097.54,15,0
OI0006587,O003546,P00487,2,4134.64,25,12
OI0006588,O003546,P00296,2,20718.86,15,0
OI0006590,O003548,P00544,1,13879.23,10,5
OI0006591,O003548,P00825,2,23890.36,15,12
OI0006592,O003549,P00627,1,23312.77,0,12
OI0006593,O003549,P00461,1,16016.36,0,0
OI0006594,O003550,P00759,2,18758.85,5,5
OI0006595,O003550,P00941,1,20479.09,25,12
OI0006596,O003551,P00195,1,20975.87,20,0
OI0006597,O003551,P00451,4,28192.64,0,12
OI0006598,O003551,P00165,1,28933.72,0,0
OI0006599,O003552,P00666,2,3596.69,25,18
OI0006600,O003553,P00784,2,8372.54,20,12
OI0006601,O003553,P00420,1,29049.32,25,0
OI0006602,O003554,P00132,3,4800.42,10,18
OI0006603,O003555,P00845,1,7142.39,25,5
OI0006604,O003556,P00618,1,14692.88,15,5
OI0006605,O003556,P00658,1,9811.11,25,5
OI0006606,O003557,P00834,1,24069.01,5,0
OI0006607,O003557,P00865,1,24247.12,10,0
OI0006608,O003558,P00704,2,14254.83,10,12
OI0006609,O003558,P00460,1,29324.2,0,0
OI0006610,O003558,P00782,1,28501.93,0,5
OI0006612,O003559,P00354,1,18463.5,0,5
OI0006613,O003559,P00722,1,16233.29,0,0
OI0006614,O003560,P00546,2,1122.53,-5,12
OI0006615,O003561,P00943,2,7206.03,5,5
OI0006616,O003562,P00690,1,19996.0,20,18
OI0006618,O003563,P00508,3,12382.79,15,0
OI0006619,O003564,P00139,1,2299.41,10,0
OI0006620,O003565,P00646,4,15536.51,0,18
OI0006621,O003566,P00145,1,13484.46,0,18
OI0006622,O003566,P00261,1,18670.02,10,12
OI0006623,O003567,P00165,1,28627.72,5,18
OI0006624,O003567,P00254,4,30180.85,25,12
OI0006625,O003568,P00577,2,26309.87,20,5
OI0006626,O003569,P00853,3,2975.4,5,0
OI0006627,O003570,P00260,4,7963.61,15,12
OI0006628,O003570,P00432,1,3985.18,5,0
OI0006629,O003570,P00486,4,23789.47,25,12
OI0006630,O003571,P00293,1,8309.35,0,18
OI0006631,O003571,P00673,3,9219.34,20,18
OI0006632,O003571,P00665,1,30490.01,20,0
OI0006633,O003572,P00316,1,26444.31,20,18
OI0006634,O003572,P00629,3,14373.03,15,12
OI0006635,O003573,P00773,2,12557.63,0,5
OI0006636,O003573,P00463,1,24034.16,0,5
OI0006637,O003573,P00082,1,25624.98,0,0
OI0006638,O003574,P00076,2,2133.3,0,0
OI0006640,O003575,P00300,1,6292.21,0,18
OI0006642,O003576,P00963,3,3806.3,10,12
OI0006643,O003577,P00419,2,25692.45,0,12
OI0006645,O003577,P00434,1,8165.12,0,0
OI0006647,O003578,P00832,1,16471.74,0,18
OI0006648,O003579,P00857,1,1322.95,0,18
OI0006649,O003580,P00409,1,12714.29,10,0
OI0006650,O003580,P00845,4,6978.3,0,12
OI0006651,O003581,P00011,1,11628.23,0,18
OI0006652,O003582,P00380,2,26374.8,0,12
OI0006654,O003583,P00618,1,15540.37,25,5
OI0006655,O003583,P00340,2,27621.03,0,5
OI0006657,O003585,P00256,1,26910.89,5,12
OI0006658,O003586,P00630,2,15734.52,5,0
OI0006659,O003586,P00082,2,25808.0,25,18
OI0006660,O003586,P00198,1,24895.23,0,18
OI0006661,O003587,P00866,3,28693.71,10,0
OI0006662,O003588,P00328,1,5862.86,0,0
OI0006663,O003589,P00300,2,6509.47,25,18
OI0006664,O003590,P00062,3,27138.26,25,5
OI0006665,O003590,P00815,2,24654.2,25,18
OI0006666,O003591,P00342,2,27548.06,-5,18
OI0006667,O003591,P00604,1,29001.64,5,0
OI0006668,O003592,P00674,1,10408.26,25,18
OI0006669,O003593,P00858,1,26451.24,20,18
OI0006670,O003593,P00635,2,11150.9,5,5
OI0006671,O003594,P00266,1,5114.01,20,0
OI0006672,O003594,P00296,2,20491.53,0,18
OI0006673,O003595,P00481,1,16234.34,5,12
OI0006674,O003595,P00265,1,1634.53,0,12
OI0006675,O003596,P00369,1,27235.92,5,0
OI0006677,O003597,P00720,1,9845.3,10,5
OI0006678,O003598,P00193,2,17043.52,25,0
OI0006679,O003599,P00387,1,331.12,15,12
OI0006680,O003599,P00262,1,9295.07,5,12
OI0006681,O003600,P00990,1,28687.46,0,12
OI0006682,O003601,P00069,1,23492.18,20,0
OI0006683,O003602,P00686,1,23872.0,0,0
OI0006684,O003602,P00967,3,22982.14,15,0
OI0006685,O003603,P00827,1,9164.98,0,12
OI0006686,O003603,P00105,3,16877.87,20,18
OI0006687,O003604,P00528,1,29339.25,0,12
OI0006688,O003604,P00413,2,3120.9,15,0
OI0006689,O003605,P00516,2,14805.69,15,5
OI0006690,O003606,P00225,2,9435.26,5,12
OI0006691,O003606,P00879,1,3398.43,5,0
OI0006692,O003607,P00199,1,19771.84,25,12
OI0006693,O003607,P00700,1,28190.81,0,5
OI0006694,O003607,P00408,1,24478.73,15,0
OI0006695,O003608,P00995,2,13841.15,5,12
OI0006696,O003608,P00631,1,9842.3,10,0
OI0006697,O003609,P00494,1,9707.69,-5,0
OI0006698,O003609,P00957,1,18407.53,25,12
OI0006699,O003610,P00725,1,28107.33,15,5
OI0006700,O003610,P00972,2,20344.26,-5,12
OI0006701,O003610,P00258,1,15999.98,0,0
OI0006702,O003611,P00340,1,28571.95,0,0
OI0006703,O003611,P00683,3,13755.14,0,0
OI0006704,O003611,P00794,2,5072.67,0,12
OI0006706,O003612,P00256,2,26411.74,25,12
OI0006707,O003613,P00204,2,15840.44,20,0
OI0006708,O003613,P00012,3,11220.9,15,0
OI0006709,O003614,P00601,1,19245.97,5,12
OI0006710,O003614,P00937,4,3224.28,0,0
OI0006711,O003615,P00433,1,723.5,15,5
OI0006712,O003615,P00358,1,4391.18,10,0
OI0006713,O003615,P00538,2,28198.03,25,5
OI0006714,O003616,P00429,1,684.14,5,12
OI0006715,O003616,P00669,1,22294.07,0,12
OI0006716,O003616,P00463,1,24730.64,25,18
OI0006717,O003617,P00033,3,15018.89,10,12
OI0006718,O003617,P00561,2,29098.62,25,12
OI0006719,O003618,P00506,1,11050.78,5,5
OI0006720,O003618,P00373,1,20367.59,0,0
OI0006721,O003618,P00694,1,20605.59,0,5
OI0006724,O003620,P00120,1,15718.69,5,18
OI0006725,O003620,P00169,2,3933.45,0,0
OI0006726,O003621,P00147,1,30811.96,25,0
OI0006727,O003621,P00982,2,9181.34,10,0
OI0006728,O003622,P00205,2,17338.47,5,12
OI0006729,O003622,P00788,2,9941.19,0,12
OI0006730,O003623,P00866,1,28178.03,10,0
OI0006731,O003623,P00900,2,25605.69,10,18
OI0006733,O003625,P00305,1,2874.41,5,5
OI0006734,O003625,P00399,1,5239.33,0,5
OI0006735,O003625,P00461,3,15506.13,0,5
OI0006736,O003626,P00829,4,11840.71,5,0
OI0006740,O003629,P00340,3,27036.36,20,12
OI0006741,O003630,P00899,1,22890.31,0,5
OI0006742,O003631,P00329,1,861.44,5,5
OI0006743,O003631,P00581,1,25415.75,25,0
OI0006744,O003632,P00218,3,23168.66,0,12
OI0006745,O003632,P00786,1,27853.57,0,0
OI0006746,O003633,P00169,3,4078.96,20,18
OI0006747,O003633,P00079,2,17650.89,15,12
OI0006748,O003633,P00821,1,19606.15,25,0
OI0006749,O003634,P00765,1,3486.06,5,18
OI0006750,O003634,P00064,2,9308.41,15,18
OI0006751,O003635,P00951,1,26368.35,5,12
OI0006752,O003636,P00730,1,22998.26,15,5
OI0006753,O003636,P00431,1,26020.89,5,18
OI0006754,O003637,P00420,2,27936.2,0,0
OI0006755,O003638,P00609,3,10118.92,10,5
OI0006756,O003638,P00417,1,13081.2,0,12
OI0006757,O003639,P00044,2,22094.53,15,18
OI0006758,O003640,P00152,1,5769.85,-5,0
OI0006759,O003640,P00375,1,13522.02,0,5
OI0006760,O003641,P00326,2,13399.56,0,12
OI0006761,O003641,P00056,3,14336.25,15,12
OI0006762,O003642,P00899,1,22424.43,0,0
OI0006763,O003643,P00975,1,7883.76,5,12
OI0006764,O003643,P00514,2,12643.15,0,18
OI0006766,O003644,P00111,2,12831.56,20,5
OI0006767,O003644,P00934,1,24787.28,0,18
OI0006769,O003645,P00652,1,3868.23,25,12
OI0006770,O003646,P00170,1,20051.32,10,0
OI0006771,O003647,P00286,1,542.89,20,0
OI0006772,O003648,P00271,2,23218.19,20,5
OI0006773,O003649,P00916,1,2590.35,0,12
OI0006774,O003650,P00457,3,686.68,20,12
OI0006775,O003651,P00682,4,14084.83,0,0
OI0006776,O003652,P00597,1,8037.46,0,12
OI0006778,O003653,P00064,1,8703.35,25,12
OI0006779,O003654,P00430,1,12438.65,20,18
OI0006780,O003655,P00765,1,3531.55,20,0
OI0006781,O003656,P00148,1,8811.56,10,18
OI0006782,O003657,P00887,2,23793.6,0,12
OI0006783,O003657,P00475,2,26361.89,0,12
OI0006785,O003658,P00695,1,9679.31,15,5
OI0006786,O003658,P00213,1,13263.29,10,5
OI0006787,O003659,P00606,2,27288.65,0,12
OI0006788,O003660,P00547,3,20863.6,0,5
OI0006789,O003661,P00164,5,16722.65,5,0
OI0006790,O003661,P00872,1,4860.33,0,18
OI0006791,O003661,P00703,1,9712.62,10,5
OI0006792,O003662,P00800,3,19866.71,20,5
OI0006793,O003662,P00540,1,5557.6,0,12
OI0006794,O003662,P00431,1,24986.7,25,18
OI0006795,O003663,P00185,1,28320.35,0,5
OI0006796,O003663,P00568,1,8227.5,10,5
OI0006797,O003664,P00812,1,3910.56,10,12
OI0006798,O003664,P00310,1,6218.42,0,5
OI0006799,O003665,P00211,1,621.0,10,12
OI0006801,O003666,P00110,3,1118.36,15,18
OI0006803,O003668,P00799,1,25889.45,25,0
OI0006804,O003668,P00431,2,26220.94,0,18
OI0006805,O003669,P00683,3,14091.42,10,5
OI0006806,O003669,P00987,2,24858.92,0,0
OI0006807,O003670,P00100,1,18569.15,0,5
OI0006809,O003671,P00811,3,11586.81,15,5
OI0006811,O003673,P00097,1,1359.03,20,18
OI0006812,O003673,P00454,2,13295.51,25,0
OI0006813,O003674,P00024,1,12259.3,-5,0
OI0006814,O003674,P00694,1,22277.05,0,0
OI0006815,O003675,P00549,2,14346.11,5,5
OI0006816,O003675,P00363,1,22651.67,25,12
OI0006817,O003676,P00279,1,15523.21,20,5
OI0006818,O003676,P00775,1,18208.35,15,0
OI0006819,O003677,P00869,1,1411.01,0,0
OI0006821,O003677,P00388,1,15070.51,25,12
OI0006822,O003678,P00788,1,9599.42,20,18
OI0006823,O003679,P00063,1,1364.11,15,5
OI0006824,O003680,P00877,1,28205.45,25,5
OI0006825,O003680,P00465,4,11138.17,20,5
OI0006826,O003681,P00923,1,4842.75,15,12
OI0006827,O003682,P00902,2,30633.38,20,0
OI0006828,O003682,P00480,1,18558.45,0,18
OI0006829,O003682,P00735,2,16103.06,20,18
OI0006830,O003683,P00068,1,8857.8,25,5
OI0006831,O003683,P00731,5,28542.69,25,0
OI0006832,O003683,P00753,1,28899.09,10,0
OI0006833,O003684,P00235,3,9801.6,10,0
OI0006835,O003685,P00212,1,14442.68,5,0
OI0006836,O003686,P00582,1,13814.69,0,12
OI0006837,O003686,P00077,2,3146.99,0,5
OI0006838,O003687,P00147,1,31010.83,5,5
OI0006839,O003687,P00354,1,19177.16,25,0
OI0006840,O003687,P00613,1,11105.18,0,12
OI0006841,O003688,P00168,2,16643.24,0,5
OI0006842,O003688,P00249,1,20324.16,10,0
OI0006843,O003689,P00756,1,14976.07,15,12
OI0006844,O003690,P00154,2,25602.45,25,0
OI0006845,O003690,P00004,1,13925.89,25,5
OI0006846,O003690,P00225,5,9156.92,15,12
OI0006847,O003691,P00748,1,24149.0,0,12
OI0006848,O003691,P00526,2,3486.81,5,18
OI0006849,O003691,P00278,1,20142.34,20,18
OI0006850,O003692,P00797,1,5248.29,10,18
OI0006851,O003692,P00974,1,8552.86,20,5
OI0006852,O003692,P00573,3,4660.71,15,12
OI0006853,O003693,P00123,1,300.83,5,18
OI0006854,O003693,P00239,1,27209.59,5,18
OI0006855,O003694,P00925,1,26725.01,0,0
OI0006856,O003694,P00305,1,2839.05,0,12
OI0006857,O003695,P00949,3,29664.88,20,5
OI0006858,O003695,P00601,1,18986.91,0,5
OI0006859,O003696,P00560,1,15719.1,0,0
OI0006860,O003696,P00858,1,28051.71,20,18
OI0006861,O003696,P00084,1,27708.14,10,12
OI0006862,O003697,P00701,1,1518.22,5,18
OI0006863,O003697,P00752,2,265.85,0,0
OI0006864,O003697,P00956,5,16933.9,0,0
OI0006865,O003698,P00709,5,1854.55,0,18
OI0006866,O003699,P00012,1,11230.57,5,12
OI0006867,O003699,P00849,4,4366.85,0,18
OI0006868,O003700,P00622,2,11985.87,10,12
OI0006869,O003700,P00269,5,18383.82,20,5
OI0006870,O003701,P00439,1,25113.16,20,5
OI0006871,O003701,P00281,2,20654.9,0,12
OI0006872,O003702,P00991,3,5788.54,0,12
OI0006873,O003702,P00655,1,22044.58,0,0
OI0006875,O003704,P00445,1,10338.59,25,12
OI0006876,O003704,P00358,2,4408.75,0,0
OI0006877,O003705,P00395,1,25647.02,5,0
OI0006878,O003706,P00898,1,3907.47,10,12
OI0006879,O003706,P00491,2,24700.54,20,5
OI0006880,O003707,P00001,3,9254.73,15,18
OI0006881,O003708,P00740,5,11689.56,5,12
OI0006884,O003710,P00740,1,11964.26,0,0
OI0006885,O003710,P00749,1,1442.79,0,5
OI0006886,O003710,P00949,1,30107.41,10,12
OI0006887,O003711,P00865,2,24453.6,20,12
OI0006888,O003711,P00176,4,4340.35,0,5
OI0006889,O003712,P00015,1,29949.0,0,5
OI0006890,O003712,P00112,2,26314.33,15,18
OI0006891,O003712,P00928,1,29281.61,0,5
OI0006892,O003713,P00138,1,672.48,0,12
OI0006893,O003714,P00290,3,30054.64,15,12
OI0006896,O003715,P00390,1,25176.88,0,5
OI0006897,O003716,P00278,2,19401.96,20,12
OI0006898,O003716,P00473,1,13159.02,25,5
OI0006900,O003717,P00798,1,10286.36,0,0
OI0006901,O003718,P00949,1,30641.48,10,12
OI0006902,O003718,P00300,2,6074.35,0,0
OI0006903,O003719,P00754,4,25507.72,5,18
OI0006904,O003719,P00865,5,23543.42,5,12
OI0006905,O003720,P00302,1,13048.97,15,5
OI0006906,O003721,P00672,2,16211.29,20,12
OI0006907,O003721,P00248,1,18288.47,15,0
OI0006908,O003722,P00075,2,19579.07,15,0
OI0006909,O003722,P00786,1,27021.75,0,0
OI0006910,O003723,P00297,1,1270.99,15,5
OI0006912,O003723,P00925,2,26543.36,10,5
OI0006913,O003724,P00500,2,7373.19,0,12
OI0006914,O003725,P00706,2,15082.01,15,12
OI0006915,O003726,P00879,2,3286.02,15,5
OI0006916,O003727,P00767,3,21458.21,0,12
OI0006917,O003727,P00255,2,10931.59,0,18
OI0006919,O003729,P00028,1,10554.41,15,18
OI0006920,O003729,P00516,1,15541.35,10,0
OI0006921,O003729,P00026,2,15430.56,20,5
OI0006922,O003730,P00389,2,4951.0,0,5
OI0006923,O003730,P00034,2,22383.98,15,5
OI0006924,O003731,P00052,1,13833.66,0,5
OI0006926,O003731,P00291,4,16522.18,20,0
OI0006927,O003732,P00240,1,14922.43,0,18
OI0006928,O003732,P00572,2,7261.24,0,12
OI0006929,O003733,P00593,1,3459.65,0,0
OI0006930,O003734,P00850,2,21489.12,25,18
OI0006931,O003735,P00623,4,4872.45,0,18
OI0006932,O003735,P00925,1,28445.2,10,12
OI0006933,O003735,P00613,1,11228.63,25,5
OI0006934,O003736,P00900,1,24341.5,0,5
OI0006935,O003737,P00876,1,8575.99,10,12
OI0006936,O003737,P00242,1,1929.6,20,0
OI0006937,O003738,P00290,1,31167.48,10,0
OI0006938,O003738,P00145,1,12715.98,0,18
OI0006940,O003740,P00374,1,17667.14,0,18
OI0006941,O003741,P00225,2,9561.99,5,12
OI0006943,O003742,P00801,1,2252.04,0,12
OI0006945,O003744,P00296,1,20121.24,20,12
OI0006946,O003745,P01000,1,24485.38,10,12
OI0006947,O003745,P00144,2,7732.21,0,12
OI0006948,O003746,P00147,2,31269.28,15,0
OI0006949,O003747,P00292,1,12381.33,5,0
OI0006951,O003747,P00939,1,10498.87,15,18
OI0006952,O003748,P00645,1,25191.45,0,18
OI0006953,O003748,P00488,1,24092.27,5,18
OI0006954,O003749,P00713,1,3146.77,0,12
OI0006955,O003749,P00149,1,29019.15,20,0
OI0006956,O003749,P00372,1,20785.74,15,18
OI0006957,O003750,P00346,1,7423.6,25,12
OI0006958,O003750,P00035,3,18412.33,-5,12
OI0006959,O003750,P00722,1,17031.36,25,0
OI0006960,O003751,P00100,1,17843.48,0,18
OI0006962,O003752,P00468,3,23581.98,0,5
OI0006963,O003752,P00742,1,14671.95,0,0
OI0006964,O003753,P00720,5,9301.51,10,12
OI0006965,O003753,P00102,1,860.67,0,0
OI0006966,O003754,P00561,1,29141.3,5,18
OI0006968,O003755,P00949,5,28364.9,20,12
OI0006969,O003755,P00259,2,23943.36,25,18
OI0006970,O003756,P00504,2,7201.1,10,5
OI0006972,O003757,P00915,2,4229.86,0,18
OI0006973,O003757,P00578,1,13307.09,0,12
OI0006974,O003758,P00203,1,27964.4,25,18
OI0006975,O003758,P00701,1,1466.38,0,12
OI0006976,O003759,P00450,1,28745.63,0,5
OI0006977,O003759,P00779,1,2269.74,15,18
OI0006978,O003760,P00483,1,20965.92,20,0
OI0006979,O003760,P00807,4,5646.43,0,12
OI0006983,O003763,P00276,1,20721.64,0,0
OI0006984,O003763,P00888,1,1439.88,0,18
OI0006985,O003764,P00514,2,12712.86,10,5
OI0006986,O003765,P00256,1,26512.03,15,18
OI0006987,O003766,P00641,2,1219.81,10,0
OI0006988,O003766,P00468,1,23562.45,0,12
OI0006990,O003767,P00744,3,8321.51,5,5
OI0006991,O003768,P00473,1,13913.88,0,0
OI0006992,O003769,P00676,2,19615.12,0,18
OI0006993,O003769,P00113,2,17105.15,0,12
OI0006994,O003770,P00111,2,12510.8,5,5
OI0006995,O003770,P00390,1,25713.09,10,0
OI0006996,O003771,P00711,1,23997.88,5,0
OI0006998,O003771,P00601,4,19508.9,-5,12
OI0006999,O003772,P00580,3,7490.2,0,0
OI0007000,O003773,P00431,1,24618.69,10,18
OI0007001,O003773,P00103,2,12671.91,0,0
OI0007002,O003774,P00389,4,4993.88,10,0
OI0007003,O003774,P00652,5,3689.82,25,0
OI0007004,O003775,P00830,2,5245.39,25,0
OI0007005,O003775,P00085,1,3609.89,0,12
OI0007007,O003776,P00186,3,6717.22,10,18
OI0007008,O003776,P00158,3,12666.32,25,18
OI0007009,O003777,P00424,2,21049.8,0,18
OI0007012,O003778,P00958,1,25274.88,0,12
OI0007013,O003778,P00488,2,23429.16,25,5
OI0007014,O003778,P00870,1,7909.93,0,0
OI0007015,O003779,P00126,2,12048.86,25,5
OI0007016,O003780,P00202,2,3694.4,0,12
OI0007017,O003781,P00521,1,23445.63,0,12
OI0007018,O003781,P00212,2,14306.9,0,0
OI0007019,O003782,P00682,2,14169.83,15,18
OI0007020,O003782,P00191,1,15215.7,20,18
OI0007021,O003783,P00381,1,12230.4,0,18
OI0007022,O003783,P00426,1,16774.74,20,0
OI0007024,O003784,P00726,1,14003.53,15,18
OI0007025,O003785,P00365,2,13768.71,5,12
OI0007026,O003786,P00079,1,16470.46,5,0
OI0007027,O003787,P00808,2,18457.19,5,0
OI0007028,O003787,P00122,2,13388.28,0,5
OI0007029,O003787,P00966,1,26550.43,0,12
OI0007030,O003788,P00042,4,28452.47,0,0
OI0007031,O003788,P00081,2,13156.44,15,18
OI0007032,O003788,P00088,1,12669.02,20,5
OI0007033,O003789,P00059,2,15311.97,25,0
OI0007034,O003789,P00961,1,11703.15,0,18
OI0007035,O003790,P00134,1,24879.2,15,12
OI0007036,O003790,P00154,2,26744.47,10,12
OI0007037,O003791,P00883,4,13204.65,5,18
OI0007038,O003791,P00805,1,7294.85,15,12
OI0007039,O003791,P00242,1,1906.67,0,5
OI0007040,O003792,P00365,1,13915.35,5,5
OI0007041,O003792,P00244,1,2212.85,5,0
OI0007043,O003793,P00052,1,14279.58,0,12
OI0007045,O003794,P00125,1,18377.57,25,5
OI0007046,O003794,P00394,2,5819.3,25,18
OI0007047,O003795,P00368,1,14494.89,25,5
OI0007048,O003795,P00554,2,4879.74,5,5
OI0007049,O003796,P00547,1,22222.58,5,0
OI0007050,O003797,P00577,2,26426.33,15,5
OI0007051,O003797,P00211,1,617.91,5,0
OI0007052,O003797,P00786,2,27451.9,0,18
OI0007054,O003798,P00715,2,25144.83,5,18
OI0007055,O003798,P00692,1,15591.94,25,0
OI0007056,O003799,P00270,1,25111.37,0,0
OI0007059,O003800,P00177,2,11139.03,5,18
OI0007061,O003802,P00514,1,13134.45,10,5
OI0007062,O003802,P00254,1,29750.85,20,12
OI0007063,O003803,P00164,3,16762.42,25,0
OI0007064,O003804,P00340,2,27656.34,0,12
OI0007065,O003804,P00295,1,5318.48,10,5
OI0007066,O003805,P00949,2,30917.34,25,12
OI0007067,O003805,P00649,1,10592.31,20,5
OI0007068,O003806,P00133,1,24654.67,0,0
OI0007069,O003807,P00735,5,15934.34,10,18
OI0007071,O003808,P00277,1,2428.01,0,0
OI0007072,O003808,P00241,1,4571.51,0,5
OI0007073,O003809,P00808,1,18370.92,0,12
OI0007074,O003809,P00472,1,4573.42,15,0
OI0007075,O003810,P00995,1,13557.1,0,12
OI0007076,O003810,P00841,1,16568.06,15,12
OI0007077,O003811,P00270,1,24904.55,20,5
OI0007078,O003811,P00228,3,11175.34,5,12
OI0007079,O003812,P00984,2,7920.84,5,5
OI0007081,O003812,P00855,4,14294.53,15,12
OI0007082,O003813,P00361,1,29367.36,25,5
OI0007083,O003814,P00352,2,22065.73,0,0
OI0007085,O003815,P00545,2,18288.76,15,18
OI0007086,O003815,P00989,1,18326.7,15,5
OI0007087,O003816,P00534,2,3208.19,25,18
OI0007088,O003816,P00325,2,5887.0,0,0
OI0007089,O003816,P00933,1,12102.48,20,0
OI0007090,O003817,P00449,2,2273.85,0,18
OI0007091,O003817,P00325,1,5684.84,10,5
OI0007092,O003818,P00041,1,1087.01,25,12
OI0007093,O003819,P00614,1,11981.59,0,12
OI0007094,O003820,P00042,2,29017.48,10,0
OI0007095,O003821,P00539,2,13031.28,15,12
OI0007096,O003821,P00913,1,1995.03,15,18
OI0007097,O003821,P00747,2,25742.85,15,12
OI0007098,O003822,P00252,1,12820.84,0,5
OI0007099,O003823,P00219,2,15481.52,25,12
OI0007101,O003823,P00926,2,24149.41,25,18
OI0007102,O003824,P00250,1,19462.61,5,5
OI0007103,O003825,P00165,3,28581.3,15,0
OI0007104,O003825,P00979,1,6238.85,25,18
OI0007105,O003826,P00771,1,17513.81,0,5
OI0007106,O003826,P00624,2,27777.76,5,18
OI0007107,O003826,P00727,1,13063.49,5,5
OI0007108,O003827,P00967,1,21384.66,25,0
OI0007109,O003827,P00230,3,24643.45,0,12
OI0007110,O003828,P00728,3,4806.4,20,12
OI0007111,O003828,P00332,1,9931.41,20,5
OI0007112,O003829,P00393,1,14959.93,10,0
OI0007113,O003829,P00365,1,13407.84,0,12
OI0007114,O003829,P00177,3,10741.73,10,5
OI0007116,O003830,P00989,2,17810.83,20,12
OI0007117,O003831,P00689,2,27477.55,15,0
OI0007118,O003832,P00748,1,24361.29,25,5
OI0007119,O003832,P00129,1,8512.23,5,18
OI0007121,O003833,P00101,1,15407.9,5,12
OI0007122,O003833,P00357,1,12380.3,0,0
OI0007123,O003833,P00801,1,2172.72,0,18
OI0007125,O003835,P00631,2,9634.1,0,18
OI0007126,O003835,P00335,1,23079.83,15,18
OI0007127,O003836,P00144,1,8156.05,0,0
OI0007128,O003836,P00335,2,23192.26,5,12
OI0007130,O003837,P00417,1,11882.0,10,18
OI0007131,O003837,P00986,1,17919.91,10,18
OI0007132,O003838,P00378,1,28256.82,0,18
OI0007133,O003838,P00880,2,15654.13,0,0
OI0007134,O003839,P00616,1,6988.14,20,18
OI0007135,O003840,P00265,2,1652.08,10,0
OI0007136,O003840,P00953,2,469.39,0,5
OI0007137,O003840,P00744,1,8793.35,20,0
OI0007139,O003841,P00310,2,6076.92,0,12
OI0007140,O003842,P00794,1,5108.86,25,0
OI0007141,O003843,P00559,1,22169.74,0,5
OI0007142,O003843,P00329,2,880.19,25,18
OI0007143,O003844,P00124,1,15614.34,20,5
OI0007144,O003845,P00639,2,1465.06,0,5
OI0007145,O003846,P00208,1,6208.0,25,5
OI0007146,O003847,P00786,1,27936.63,15,12
OI0007147,O003848,P00675,2,10025.42,20,0
OI0007149,O003849,P00287,1,25652.77,0,12
OI0007150,O003850,P00811,2,11097.92,0,5
OI0007151,O003850,P00488,1,24166.4,15,0
OI0007153,O003851,P00962,2,17571.85,5,0
OI0007154,O003852,P00658,1,9778.33,15,12
OI0007156,O003853,P00140,1,29447.19,0,5
OI0007157,O003853,P00991,1,5899.36,25,0
OI0007158,O003854,P00949,2,30173.48,15,18
OI0007160,O003855,P00247,1,17230.58,5,18
OI0007161,O003855,P00195,1,21049.85,10,5
OI0007162,O003856,P00111,2,12491.06,20,5
OI0007163,O003857,P00616,1,7024.01,25,12
OI0007164,O003857,P00473,2,14045.8,10,0
OI0007165,O003858,P00600,3,13372.54,25,0
OI0007167,O003859,P00336,2,16075.44,0,18
OI0007168,O003860,P00799,1,25914.99,10,5
OI0007169,O003861,P00289,2,8128.32,20,0
OI0007170,O003862,P00439,1,26893.77,0,12
OI0007171,O003862,P00450,1,28972.26,5,0
OI0007172,O003863,P00791,1,1320.29,20,5
OI0007173,O003863,P00557,1,5124.33,10,5
OI0007174,O003863,P00704,1,14320.44,0,0
OI0007175,O003864,P00639,3,1477.33,25,12
OI0007176,O003864,P00618,1,14365.91,0,0
OI0007177,O003864,P00039,2,4011.77,25,5
OI0007178,O003865,P00530,1,27061.33,0,18
OI0007179,O003866,P00332,3,10210.54,10,0
OI0007181,O003867,P00912,1,11374.49,15,0
OI0007182,O003867,P00267,1,18626.73,5,12
OI0007183,O003868,P00265,1,1588.59,5,18
OI0007184,O003869,P00944,4,9292.84,5,0
OI0007186,O003870,P00055,2,24778.87,0,18
OI0007188,O003871,P00794,2,5427.09,25,12
OI0007189,O003872,P00269,1,17950.64,25,18
OI0007190,O003872,P00446,1,16490.31,10,18
OI0007191,O003872,P00485,4,15309.14,25,18
OI0007192,O003873,P00210,1,4177.56,20,0
OI0007193,O003873,P00537,2,16297.31,0,5
OI0007194,O003874,P00965,2,6859.86,20,5
OI0007195,O003875,P00054,1,14890.15,0,0
OI0007196,O003876,P00368,2,14612.16,0,0
OI0007198,O003877,P00534,1,3068.61,20,18
OI0007199,O003877,P00824,1,25539.07,0,5
OI0007200,O003878,P00830,1,5529.9,20,5
OI0007201,O003878,P00837,4,17934.34,10,12
OI0007202,O003879,P00432,3,3753.95,5,5
OI0007203,O003880,P00862,2,26884.7,25,18
OI0007204,O003880,P00672,5,15999.51,0,5
OI0007205,O003881,P00290,1,28522.77,10,5
OI0007206,O003882,P00155,1,11068.62,15,0
OI0007208,O003883,P00850,1,21728.07,10,5
OI0007210,O003884,P00514,2,12107.63,10,5
OI0007211,O003884,P00905,1,26282.75,0,12
OI0007212,O003885,P00037,1,13771.53,0,0
OI0007213,O003885,P00767,4,20336.02,0,5
OI0007214,O003885,P00984,1,7643.53,0,5
OI0007216,O003886,P00116,1,27941.59,10,5
OI0007217,O003887,P00770,3,23435.31,0,5
OI0007218,O003887,P00286,2,576.81,10,18
OI0007220,O003888,P00677,1,15788.71,0,18
OI0007221,O003888,P00107,1,3638.87,5,12
OI0007222,O003889,P00391,2,24118.02,0,12
OI0007223,O003889,P00169,1,3980.23,10,18
OI0007224,O003889,P00540,1,6057.07,0,5
OI0007225,O003890,P00187,5,9721.05,0,12
OI0007226,O003891,P00441,1,7759.56,0,5
OI0007227,O003891,P00260,2,8016.86,10,18
OI0007229,O003892,P00863,1,23052.29,15,5
OI0007230,O003892,P00293,3,8364.69,20,0
OI0007231,O003893,P00014,3,15546.72,0,0
OI0007232,O003893,P00811,4,11487.02,0,12
OI0007233,O003893,P00603,1,4814.77,10,5
OI0007234,O003894,P00161,1,25444.19,10,0
OI0007235,O003894,P00183,1,24844.16,0,0
OI0007236,O003894,P00607,1,22889.93,0,5
OI0007237,O003895,P00961,5,12351.83,15,0
OI0007238,O003895,P00809,2,7569.46,0,12
OI0007239,O003895,P00812,2,3859.38,25,12
OI0007241,O003896,P00313,1,5667.71,25,0
OI0007242,O003897,P00979,1,6492.98,0,18
OI0007243,O003898,P00892,1,18112.36,0,12
OI0007244,O003899,P00898,4,4027.78,0,18
OI0007245,O003899,P00033,1,14932.4,0,0
OI0007246,O003900,P00707,3,18510.76,15,18
OI0007247,O003900,P00989,1,18498.68,25,12
OI0007248,O003901,P00066,1,6048.79,25,18
OI0007249,O003901,P00194,4,28963.56,15,18
OI0007250,O003902,P00428,2,17690.05,0,18
OI0007251,O003903,P00379,2,19956.38,0,12
OI0007252,O003903,P00565,2,1074.61,15,12
OI0007253,O003904,P00216,1,28497.78,0,0
OI0007255,O003906,P00310,1,6105.27,0,5
OI0007256,O003906,P00644,1,26929.5,0,18
OI0007257,O003907,P00775,1,18808.87,25,5
OI0007258,O003908,P00848,2,221.1,0,5
OI0007259,O003908,P00963,1,3810.11,20,18
OI0007260,O003908,P00359,1,25906.07,0,5
OI0007261,O003909,P00147,1,29767.65,5,5
OI0007262,O003910,P00150,1,17482.48,10,12
OI0007263,O003910,P00257,2,25356.56,0,5
OI0007264,O003911,P00286,2,578.21,25,12
OI0007265,O003912,P00710,1,18750.5,25,18
OI0007266,O003913,P00149,3,29531.02,5,18
OI0007268,O003914,P00874,1,7190.29,15,18
OI0007269,O003914,P00176,1,4452.2,10,0
OI0007270,O003915,P00901,1,4080.56,0,0
OI0007271,O003916,P00609,1,9831.21,10,18
OI0007272,O003917,P00018,1,24084.75,25,12
OI0007273,O003917,P00864,2,12810.41,0,18
OI0007274,O003918,P00977,2,1674.3,0,5
OI0007276,O003919,P00760,2,8103.09,5,5
OI0007277,O003919,P00942,3,7716.01,0,0
OI0007278,O003919,P00920,3,7897.99,25,5
OI0007279,O003920,P00152,1,5834.61,5,0
OI0007280,O003921,P00977,1,1604.66,0,18
OI0007281,O003922,P00300,2,6403.26,5,0
OI0007282,O003922,P00225,3,9491.57,0,12
OI0007283,O003923,P00970,1,18077.05,0,5
OI0007284,O003924,P00664,1,402.37,15,5
OI0007285,O003925,P00516,3,14988.02,0,0
OI0007286,O003925,P00857,1,1322.12,5,12
OI0007287,O003925,P00515,5,20838.63,5,12
OI0007289,O003926,P00855,1,14359.16,0,18
OI0007290,O003926,P00653,1,3845.14,15,18
OI0007291,O003927,P00218,2,22299.89,5,0
OI0007293,O003927,P00945,1,11996.39,20,18
OI0007294,O003928,P00532,3,13363.4,0,0
OI0007295,O003928,P00701,4,1441.41,0,5
OI0007296,O003929,P00494,2,10064.29,0,18
OI0007297,O003930,P00476,1,15750.82,5,0
OI0007298,O003930,P00462,2,16276.72,0,18
OI0007299,O003930,P00978,1,24953.89,20,5
OI0007300,O003931,P00275,1,9802.35,0,0
OI0007301,O003931,P00968,3,5525.51,5,18
OI0007302,O003931,P00918,2,25823.5,0,0
OI0007303,O003932,P00795,2,26273.09,0,18
OI0007304,O003933,P00822,4,15767.09,25,18
OI0007305,O003933,P00863,2,22994.12,0,5
OI0007306,O003933,P00631,3,9977.04,5,0
OI0007307,O003934,P00268,2,19763.83,0,0
OI0007308,O003935,P00837,1,16734.91,10,0
OI0007309,O003935,P00105,1,15297.83,20,18
OI0007310,O003936,P00355,1,22487.79,0,0
OI0007311,O003936,P00944,1,9703.97,15,0
OI0007314,O003938,P00173,1,2908.37,20,5
OI0007316,O003939,P00566,1,14453.75,0,18
OI0007317,O003939,P00386,2,27969.06,0,12
OI0007318,O003940,P00314,3,4593.19,0,0
OI0007319,O003940,P00292,2,13291.24,0,18
OI0007320,O003941,P00965,2,6890.73,25,18
OI0007321,O003941,P00165,1,28169.97,10,12
OI0007322,O003941,P00422,1,21830.32,25,5
OI0007323,O003942,P00796,2,1135.68,5,12
OI0007324,O003942,P00865,1,23307.51,0,5
OI0007325,O003942,P00252,1,12673.12,0,18
OI0007326,O003943,P00098,1,18768.4,0,12
OI0007327,O003944,P00153,2,26882.97,0,0
OI0007328,O003944,P00575,2,17504.24,25,18
OI0007329,O003945,P00679,2,28559.48,0,12
OI0007330,O003945,P00203,2,26994.94,15,12
OI0007331,O003946,P00805,1,7741.83,10,0
OI0007332,O003947,P00162,2,25293.3,25,5
OI0007333,O003947,P00083,2,1008.19,0,12
OI0007334,O003947,P00091,1,13587.42,5,0
OI0007335,O003948,P00825,3,25033.44,25,0
OI0007336,O003949,P00556,1,16017.27,10,5
OI0007337,O003949,P00728,1,4869.04,25,5
OI0007338,O003950,P00116,1,26796.05,0,0
OI0007339,O003951,P00853,1,2769.93,0,5
OI0007340,O003952,P00718,1,6668.35,10,18
OI0007342,O003952,P00182,3,1267.3,10,12
OI0007343,O003953,P00817,1,10710.63,15,5
OI0007345,O003953,P00476,3,15393.57,0,18
OI0007346,O003954,P00847,1,21203.05,15,12
OI0007347,O003954,P00394,2,5875.99,0,18
OI0007348,O003955,P00710,3,20097.77,10,18
OI0007349,O003955,P00383,1,18588.83,0,0
OI0007350,O003956,P00950,1,1512.85,25,18
OI0007352,O003956,P00080,2,17985.79,0,12
OI0007353,O003957,P00329,1,901.01,15,5
OI0007354,O003957,P00675,1,9261.75,0,0
OI0007355,O003958,P00724,2,16096.25,20,18
OI0007356,O003959,P00348,3,7601.01,5,5
OI0007357,O003960,P00270,1,25777.35,25,18
OI0007359,O003961,P00888,1,1458.59,15,5
OI0007360,O003961,P00032,1,20992.69,5,5
OI0007361,O003962,P00900,1,23751.93,25,5
OI0007362,O003963,P00072,2,6911.32,5,0
OI0007363,O003964,P00970,2,18518.28,10,18
OI0007364,O003964,P00503,1,22404.22,0,0
OI0007365,O003964,P00476,3,16232.68,10,12
OI0007366,O003965,P00332,4,9542.52,0,0
OI0007367,O003965,P00895,5,20636.88,0,12
OI0007368,O003966,P00784,4,8779.41,25,5
OI0007369,O003966,P00053,1,20985.22,20,18
OI0007370,O003967,P00017,1,10306.1,10,18
OI0007371,O003967,P00053,2,21032.97,15,18
OI0007372,O003967,P00158,1,12661.73,0,12
OI0007373,O003968,P00528,1,28858.34,0,18
OI0007375,O003968,P00676,1,20641.85,20,5
OI0007376,O003969,P00746,2,3915.34,20,12
OI0007377,O003969,P00695,1,9690.85,10,5
OI0007378,O003969,P00228,1,11118.17,0,5
OI0007379,O003970,P00902,1,30765.66,25,12
OI0007380,O003971,P00928,1,28666.1,0,5
OI0007381,O003971,P00521,3,24197.94,10,0
OI0007382,O003972,P00072,1,6549.76,5,5
OI0007383,O003972,P00288,1,18004.39,25,0
OI0007384,O003972,P00541,1,19048.33,0,0
OI0007385,O003973,P00591,2,14751.13,20,5
OI0007386,O003973,P00159,2,13547.82,0,0
OI0007387,O003974,P00448,2,21202.82,25,5
OI0007388,O003975,P00990,3,26764.71,10,5
OI0007389,O003975,P00426,2,15647.08,0,12
OI0007390,O003976,P00635,1,10748.09,0,0
OI0007392,O003978,P00116,1,25658.36,15,18
OI0007394,O003979,P00698,2,14585.66,5,12
OI0007396,O003980,P00724,2,15763.53,15,18
OI0007397,O003981,P00818,1,24106.35,20,18
OI0007398,O003981,P00323,1,23800.89,5,0
OI0007399,O003982,P00061,3,19241.3,5,0
OI0007400,O003983,P00620,3,12497.72,5,12
OI0007402,O003983,P00470,2,1005.66,0,12
OI0007403,O003984,P00664,2,397.25,5,0
OI0007404,O003985,P00380,1,26281.03,10,0
OI0007405,O003986,P00798,1,9538.49,25,0
OI0007406,O003987,P00144,2,7737.89,15,12
OI0007407,O003987,P00803,2,19544.08,25,18
OI0007408,O003988,P00637,1,29221.59,0,18
OI0007409,O003988,P00277,1,2361.29,0,18
OI0007410,O003989,P00963,2,3973.7,0,0
OI0007411,O003989,P00594,1,14286.34,0,12
OI0007412,O003990,P00890,3,21470.59,20,0
OI0007413,O003991,P00427,4,22605.59,20,12
OI0007414,O003991,P00674,2,9871.02,5,0
OI0007415,O003992,P00001,1,9820.85,20,18
OI0007416,O003992,P00175,4,11034.8,10,12
OI0007417,O003993,P00600,1,13629.53,20,18
OI0007418,O003993,P00846,1,19656.85,0,5
OI0007419,O003994,P00864,1,13679.44,25,0
OI0007420,O003994,P00809,5,7478.8,25,0
OI0007421,O003995,P00940,1,28737.03,0,18
OI0007423,O003995,P00881,1,21330.5,5,12
OI0007424,O003996,P00248,1,19376.77,15,18
OI0007426,O003997,P00136,1,18874.09,0,5
OI0007428,O003997,P00679,1,27451.59,10,5
OI0007429,O003998,P00364,1,20588.38,10,0
OI0007430,O003999,P00804,1,10660.45,25,18
OI0007431,O003999,P00227,1,9314.34,15,18
OI0007432,O004000,P00026,1,15287.47,25,18
OI0007433,O004000,P00733,3,6905.72,0,18
OI0007434,O004001,P00404,2,10037.86,15,18
OI0007435,O004002,P00746,4,3851.43,0,18
OI0007436,O004003,P00756,1,14755.22,10,0
OI0007437,O004003,P00893,2,5708.55,20,12
OI0007438,O004003,P00252,3,12366.86,20,18
OI0007439,O004004,P00843,1,4830.29,25,18
OI0007440,O004004,P00126,1,11341.96,15,5
OI0007441,O004005,P00038,1,18877.99,0,5
OI0007442,O004005,P00247,1,17226.36,0,5
OI0007443,O004006,P00080,1,17957.78,5,5
OI0007444,O004006,P00226,2,25658.3,0,0
OI0007445,O004007,P00877,1,28104.43,15,5
OI0007446,O004008,P00989,1,18743.47,15,18
OI0007448,O004009,P00863,1,22868.74,20,18
OI0007449,O004009,P00010,2,12803.94,15,18
OI0007450,O004010,P00194,2,29795.55,0,18
OI0007451,O004010,P00985,2,15768.63,15,0
OI0007452,O004011,P00688,2,26456.03,0,18
OI0007453,O004011,P00025,4,3003.28,10,0
OI0007454,O004012,P00572,4,7849.53,25,5
OI0007455,O004013,P00001,1,9569.45,5,5
OI0007457,O004013,P00852,1,20073.61,0,0
OI0007458,O004014,P00678,4,22538.95,0,12
OI0007459,O004014,P00128,1,5808.74,15,18
OI0007460,O004015,P00888,1,1395.99,15,5
OI0007461,O004016,P00795,1,24693.26,25,5
OI0007462,O004016,P00185,1,27386.5,20,0
OI0007463,O004017,P00089,1,28418.17,15,5
OI0007464,O004018,P00711,3,24321.55,25,18
OI0007465,O004019,P00232,3,21514.18,0,5
OI0007466,O004020,P00924,1,10707.08,25,12
OI0007467,O004020,P00418,3,23743.48,20,5
OI0007468,O004021,P00688,1,26092.18,10,12
OI0007469,O004021,P00351,1,1206.39,0,12
OI0007470,O004021,P00940,1,29253.46,15,18
OI0007471,O004022,P00419,1,24981.05,5,18
OI0007472,O004023,P00111,1,12377.8,0,5
OI0007473,O004023,P00150,1,16772.64,20,18
OI0007474,O004024,P00058,1,19546.24,0,18
OI0007475,O004025,P00796,2,1082.82,5,0
OI0007476,O004025,P00070,1,15383.5,0,5
OI0007477,O004026,P00124,1,15933.14,0,5
OI0007478,O004026,P00232,1,21782.13,5,0
OI0007479,O004026,P00582,2,14123.23,15,0
OI0007480,O004027,P00605,3,6437.49,20,12
OI0007481,O004027,P00758,1,12381.6,0,5
OI0007482,O004027,P00743,1,19411.93,5,18
OI0007483,O004028,P00879,3,3589.1,15,0
OI0007485,O004029,P00873,1,26819.49,5,5
OI0007486,O004029,P00128,1,5824.92,0,5
OI0007487,O004029,P00565,1,1024.24,5,5
OI0007488,O004030,P00948,1,8415.06,0,18
OI0007489,O004030,P00513,3,26876.55,0,5
OI0007490,O004030,P00397,2,11379.01,0,18
OI0007491,O004031,P00719,1,23112.12,15,18
OI0007493,O004031,P00942,2,7901.16,0,12
OI0007494,O004032,P00832,2,16288.41,0,0
OI0007496,O004032,P00414,1,6605.49,0,0
OI0007497,O004033,P00277,1,2412.21,0,5
OI0007498,O004033,P00194,1,29895.81,20,0
OI0007499,O004034,P00875,4,16437.94,15,0
OI0007500,O004035,P00299,1,25993.61,15,18
OI0007501,O004035,P00794,3,5493.2,10,5
OI0007502,O004036,P00654,4,8418.4,0,0
OI0007503,O004037,P00966,2,26811.03,0,5
OI0007504,O004038,P00291,2,16820.62,15,12
OI0007505,O004039,P00366,1,11013.69,15,18
OI0007506,O004040,P00347,2,27532.25,0,18
OI0007507,O004040,P00028,2,10319.21,25,5
OI0007508,O004041,P00443,1,23377.15,0,12
OI0007509,O004041,P00682,1,14824.73,5,18
OI0007510,O004042,P00644,1,28093.72,20,18
OI0007511,O004042,P00675,2,9923.38,0,0
OI0007512,O004043,P00835,1,21557.37,-5,0
OI0007513,O004043,P00065,3,28729.27,0,5
OI0007514,O004044,P00182,1,1267.95,15,12
OI0007515,O004045,P00819,1,9142.46,5,12
OI0007516,O004045,P00567,1,28730.74,25,0
OI0007517,O004046,P00929,1,1997.09,10,12
OI0007518,O004046,P00549,1,14079.64,20,5
OI0007519,O004047,P00823,2,7229.11,15,18
OI0007521,O004048,P00461,1,16043.77,15,18
OI0007522,O004049,P00723,1,7566.21,25,0
OI0007523,O004050,P00493,2,2684.84,10,5
OI0007524,O004050,P00191,3,15042.53,0,18
OI0007525,O004051,P00978,1,24820.93,15,5
OI0007526,O004051,P00783,2,18675.13,5,12
OI0007528,O004052,P00494,2,9671.8,0,18
OI0007529,O004052,P00862,2,25417.41,10,18
OI0007530,O004053,P00701,4,1522.17,10,12
OI0007531,O004054,P00704,1,13974.73,15,0
OI0007533,O004055,P00474,3,22245.0,0,5
OI0007534,O004055,P00536,3,26808.92,20,0
OI0007535,O004056,P00491,1,23977.15,5,5
OI0007536,O004056,P00451,2,28634.92,10,5
OI0007537,O004056,P00519,1,3852.61,15,5
OI0007538,O004057,P00399,1,5264.58,25,5
OI0007539,O004058,P00496,1,22112.56,0,12
OI0007540,O004058,P00336,3,16921.87,0,12
OI0007541,O004059,P00094,4,10499.36,0,0
OI0007542,O004060,P00102,1,943.32,5,12
OI0007543,O004060,P00201,1,29034.0,0,12
OI0007545,O004061,P00333,1,8211.31,0,12
OI0007546,O004061,P00920,1,8154.06,5,18
OI0007547,O004062,P00993,2,14390.21,0,18
OI0007548,O004063,P00179,2,2936.94,25,12
OI0007549,O004064,P00762,1,19772.88,0,18
OI0007550,O004064,P00270,1,24470.98,0,5
OI0007551,O004064,P00941,1,20501.32,5,12
OI0007552,O004065,P00094,1,9809.12,25,5
OI0007553,O004065,P00149,2,29359.93,10,0
OI0007554,O004066,P00122,1,13206.26,0,5
OI0007555,O004066,P00612,4,9010.78,0,12
OI0007556,O004067,P00157,2,18030.98,0,12
OI0007557,O004067,P00126,2,11796.31,20,0
OI0007558,O004068,P00232,1,21016.22,20,0
OI0007559,O004068,P00700,1,29670.74,10,5
OI0007560,O004068,P00625,1,25953.83,0,0
OI0007563,O004070,P00308,2,26296.14,25,18
OI0007564,O004070,P00997,1,6067.23,20,18
OI0007566,O004071,P00823,3,7220.45,20,5
OI0007567,O004072,P00604,2,27048.59,15,0
OI0007568,O004072,P00949,2,30440.91,0,5
OI0007569,O004073,P00603,1,4773.91,25,0
OI0007570,O004073,P00506,1,10643.1,20,12
OI0007571,O004074,P00549,1,14719.65,0,0
OI0007572,O004074,P00533,3,2120.83,0,0
OI0007573,O004075,P00274,1,1193.84,-5,5
OI0007574,O004075,P00226,1,25876.25,20,12
OI0007576,O004077,P00612,1,8905.76,0,0
OI0007577,O004078,P00113,1,16344.9,0,18
OI0007579,O004079,P00037,1,14112.3,10,5
OI0007580,O004079,P00734,1,19837.18,-5,12
OI0007581,O004080,P00620,1,12804.87,0,0
OI0007582,O004081,P00656,2,26383.06,5,18
OI0007583,O004082,P00308,1,25266.68,0,5
OI0007584,O004082,P00721,1,13242.81,10,18
OI0007585,O004083,P00557,2,5055.03,5,0
OI0007586,O004084,P00334,1,18397.19,0,5
OI0007587,O004084,P00620,2,12344.0,25,5
OI0007589,O004085,P00772,1,9528.35,5,18
OI0007590,O004086,P00840,1,15255.79,25,5
OI0007591,O004086,P00361,1,27469.44,20,18
OI0007592,O004087,P00308,1,25604.54,0,18
OI0007593,O004087,P00332,3,10191.42,10,18
OI0007594,O004088,P00562,1,13257.82,0,12
OI0007595,O004088,P00097,1,1353.39,25,5
OI0007597,O004089,P00433,2,665.28,15,0
OI0007598,O004090,P00704,1,14967.54,15,18
OI0007599,O004090,P00207,3,4341.52,10,5
OI0007600,O004091,P00650,2,30143.6,5,5
OI0007601,O004091,P00696,3,21714.21,15,18
OI0007602,O004091,P00457,3,626.97,10,12
OI0007603,O004092,P00176,1,4402.92,25,0
OI0007604,O004093,P00635,1,11124.98,-5,18
OI0007606,O004093,P00693,5,2357.46,25,0
OI0007607,O004094,P00012,2,10565.53,-5,12
OI0007608,O004094,P00974,1,8943.02,0,5
OI0007609,O004094,P00475,1,26172.87,15,18
OI0007610,O004095,P00443,1,22496.59,10,12
OI0007611,O004096,P00683,2,14433.03,0,12
OI0007612,O004097,P00031,2,10082.55,0,12
OI0007613,O004098,P00079,4,17434.75,0,12
OI0007614,O004099,P00128,2,5693.37,10,18
OI0007615,O004099,P00244,1,2156.68,-5,5
OI0007616,O004100,P00529,2,28186.42,0,0
OI0007617,O004100,P00898,1,4082.23,5,12
OI0007619,O004101,P00398,1,1610.91,0,0
OI0007620,O004101,P00045,1,25602.68,15,5
OI0007621,O004101,P00355,1,24141.26,10,5
OI0007622,O004102,P00336,3,16737.35,15,0
OI0007624,O004103,P00515,1,22655.59,20,18
OI0007625,O004104,P00016,1,12205.15,0,0
OI0007626,O004105,P00638,1,21512.16,25,0
OI0007627,O004105,P00439,2,25815.98,10,0
OI0007628,O004106,P00636,1,7484.49,0,5
OI0007629,O004107,P00693,1,2411.48,20,18
OI0007631,O004108,P00288,1,17265.08,15,12
OI0007632,O004109,P00830,1,5337.06,0,18
OI0007633,O004109,P00619,4,9941.29,15,18
OI0007634,O004110,P00642,1,26246.47,0,12
OI0007635,O004110,P00695,1,9739.48,0,0
OI0007636,O004111,P00860,3,29716.4,0,18
OI0007637,O004111,P00393,1,15067.59,25,5
OI0007638,O004112,P00228,3,10665.63,0,12
OI0007639,O004112,P00098,1,19926.44,5,5
OI0007640,O004112,P00403,2,18949.38,20,0
OI0007641,O004113,P00203,2,25542.66,20,18
OI0007642,O004113,P00361,1,28869.7,0,18
OI0007643,O004113,P00867,3,12406.41,0,0
OI0007645,O004114,P00461,2,15083.6,0,18
OI0007646,O004114,P00194,1,27641.52,25,12
OI0007647,O004115,P00543,1,6484.4,25,5
OI0007648,O004115,P00743,2,19296.64,0,12
OI0007649,O004116,P00353,1,29480.07,0,0
OI0007650,O004116,P00856,1,12982.26,5,0
OI0007651,O004117,P00153,1,25157.59,5,0
OI0007653,O004118,P00204,1,15149.03,15,18
OI0007654,O004119,P00684,1,20618.32,0,5
OI0007655,O004119,P00267,4,18652.19,0,0
OI0007656,O004119,P00720,1,9131.33,0,0
OI0007657,O004120,P00367,2,6800.67,20,18
OI0007659,O004121,P00494,2,9349.98,10,12
OI0007660,O004122,P00414,1,6223.5,25,0
OI0007661,O004123,P00948,1,8304.57,0,5
OI0007662,O004124,P00661,3,28316.61,25,18
OI0007663,O004125,P00547,1,20418.06,25,0
OI0007664,O004125,P00452,2,19571.12,20,0
OI0007665,O004125,P00571,3,9382.09,0,12
OI0007666,O004126,P00050,1,29198.36,0,0
OI0007667,O004127,P00969,2,16969.06,10,18
OI0007668,O004128,P00753,3,29989.39,0,5
OI0007669,O004129,P00651,3,16676.52,0,0
OI0007670,O004129,P00456,1,3385.76,0,0
OI0007671,O004130,P00496,1,22984.83,0,0
OI0007672,O004131,P00470,1,1010.34,25,12
OI0007673,O004131,P00179,3,3074.33,10,12
OI0007675,O004132,P00474,1,20936.14,20,5
OI0007676,O004133,P00173,1,2972.02,15,12
OI0007677,O004133,P00266,2,4936.18,15,5
OI0007678,O004134,P00270,1,26469.91,0,0
OI0007679,O004134,P00913,1,2112.07,0,5
OI0007681,O004135,P00452,1,18856.18,15,18
OI0007682,O004135,P00264,1,12747.79,20,5
OI0007683,O004136,P00631,1,9293.69,10,18
OI0007684,O004136,P00799,3,26869.4,20,5
OI0007685,O004136,P00609,3,9759.22,20,18
OI0007686,O004137,P00117,1,27052.59,0,5
OI0007687,O004138,P00643,1,13174.01,25,18
OI0007688,O004138,P00455,3,1371.57,0,0
OI0007689,O004139,P00149,1,28479.84,0,0
OI0007690,O004139,P00505,1,19050.01,20,5
OI0007691,O004140,P00980,1,11160.15,20,12
OI0007692,O004140,P00379,1,19712.49,0,0
OI0007693,O004141,P00340,4,28585.73,20,12
OI0007695,O004142,P00007,1,25895.38,0,18
OI0007696,O004143,P00030,1,23115.68,15,18
OI0007697,O004144,P00555,3,25616.22,0,12
OI0007698,O004144,P00464,1,839.8,25,5
OI0007699,O004144,P00994,1,27449.93,0,0
OI0007700,O004145,P00909,5,11326.31,0,0
OI0007701,O004145,P00781,1,11005.15,0,18
OI0007702,O004146,P00030,2,23727.46,0,0
OI0007703,O004147,P00508,2,11939.31,0,5
OI0007704,O004147,P00164,1,16500.45,0,12
OI0007705,O004148,P00814,1,1291.86,15,0
OI0007706,O004148,P00803,1,20110.98,10,5
OI0007707,O004149,P00582,1,13849.33,15,5
OI0007708,O004149,P00551,5,16345.15,0,0
OI0007709,O004149,P00457,1,663.82,0,5
OI0007710,O004150,P00757,1,4955.59,5,12
OI0007712,O004151,P00724,3,16144.39,20,12
OI0007713,O004152,P00876,2,8503.13,25,12
OI0007714,O004152,P00556,5,15559.83,0,18
OI0007715,O004152,P00395,1,24232.54,20,18
OI0007717,O004153,P00175,1,10760.12,0,18
OI0007718,O004154,P00466,1,819.11,-5,18
OI0007719,O004154,P00711,1,24983.15,10,5
OI0007720,O004155,P00483,1,20579.96,0,18
OI0007721,O004155,P00817,1,11105.86,0,12
OI0007722,O004155,P00678,1,21390.61,15,5
OI0007723,O004156,P00428,2,17093.6,0,5
OI0007724,O004156,P00738,1,24243.54,15,12
OI0007725,O004157,P00726,3,14066.58,5,0
OI0007726,O004157,P00596,1,27470.68,25,0
OI0007727,O004158,P00324,1,224.55,20,0
OI0007728,O004158,P00057,1,11450.98,5,18
OI0007729,O004158,P00089,2,29064.58,25,5
OI0007730,O004159,P00498,1,28637.45,20,0
OI0007731,O004159,P00328,2,5426.51,0,0
OI0007732,O004159,P00073,1,28565.68,0,5
OI0007733,O004160,P00428,1,18543.34,25,18
OI0007734,O004161,P00052,2,13863.69,0,12
OI0007735,O004162,P00238,1,13936.89,20,5
OI0007736,O004162,P00775,2,17594.16,5,5
OI0007738,O004163,P00328,2,5823.56,0,5
OI0007739,O004163,P00721,1,13304.32,10,12
OI0007740,O004164,P00022,1,23031.63,0,18
OI0007741,O004165,P00283,1,4579.88,20,18
OI0007742,O004165,P00805,1,7484.13,0,5
OI0007743,O004166,P00443,1,23175.94,0,12
OI0007744,O004166,P00982,1,9358.5,0,12
OI0007745,O004167,P00148,1,9321.15,0,5
OI0007746,O004167,P00818,1,25155.16,0,5
OI0007747,O004168,P00536,2,25960.6,0,18
OI0007748,O004168,P00815,2,26546.98,0,0
OI0007749,O004168,P00890,1,21408.2,0,5
OI0007750,O004169,P00761,1,10004.49,15,0
OI0007751,O004169,P00863,1,22877.04,0,5
OI0007752,O004170,P00792,3,6284.8,0,12
OI0007753,O004171,P00303,1,13194.22,0,0
OI0007754,O004171,P00126,1,11957.03,0,0
OI0007755,O004172,P00512,1,3960.17,10,5
OI0007756,O004173,P00331,4,25435.64,10,5
OI0007757,O004173,P00335,1,23610.14,10,18
OI0007758,O004174,P00689,1,29554.57,5,5
OI0007760,O004175,P00343,2,10935.95,25,5
OI0007761,O004175,P00176,1,4368.44,20,18
OI0007763,O004177,P00910,1,20609.58,5,18
OI0007764,O004178,P00366,2,10979.76,5,18
OI0007765,O004178,P00954,1,21506.66,10,5
OI0007766,O004179,P00281,1,19128.74,15,5
OI0007767,O004179,P00015,5,30707.73,20,12
OI0007768,O004179,P00661,1,26883.56,25,5
OI0007769,O004180,P00257,4,25233.74,5,5
OI0007770,O004181,P00219,1,14482.5,15,12
OI0007771,O004181,P00389,3,4814.51,0,12
OI0007772,O004182,P00490,1,24427.12,0,12
OI0007773,O004183,P00297,1,1292.24,10,0
OI0007774,O004183,P00717,2,25003.67,15,18
OI0007775,O004184,P00611,1,4365.44,15,18
OI0007776,O004184,P00681,2,29366.52,0,0
OI0007777,O004185,P00839,1,17566.37,10,12
OI0007779,O004185,P00061,4,18160.09,0,5
OI0007780,O004186,P00175,1,10995.86,15,12
OI0007781,O004187,P00092,1,21561.09,20,0
OI0007782,O004187,P00085,1,3594.32,0,5
OI0007783,O004188,P00053,2,20945.52,0,12
OI0007785,O004189,P00785,2,7082.18,10,18
OI0007786,O004189,P00910,2,21101.28,0,12
OI0007787,O004190,P00577,1,25893.69,0,5
OI0007788,O004190,P00937,1,3150.86,-5,0
OI0007790,O004192,P00883,1,13528.24,0,18
OI0007791,O004192,P00305,1,3037.41,15,18
OI0007792,O004192,P00873,1,27144.68,15,18
OI0007793,O004193,P00349,2,10542.51,10,5
OI0007794,O004193,P00684,2,20829.17,25,0
OI0007795,O004193,P00584,1,21600.65,0,18
OI0007796,O004194,P00042,2,27450.37,0,5
OI0007797,O004195,P00719,1,24087.16,25,12
OI0007798,O004195,P00298,1,6161.84,10,12
OI0007799,O004195,P00542,2,23549.1,0,12
OI0007800,O004196,P00992,1,7714.16,0,5
OI0007801,O004197,P00298,1,6179.82,0,0
OI0007802,O004197,P00678,1,22695.77,0,18
OI0007803,O004198,P00962,2,18723.67,15,12
OI0007804,O004199,P00213,1,13081.98,15,5
OI0007807,O004201,P00396,1,4424.73,0,0
OI0007808,O004201,P00390,1,24995.36,0,18
OI0007809,O004201,P00052,2,13618.48,0,12
OI0007810,O004202,P00708,1,3453.98,0,5
OI0007811,O004202,P00497,2,9183.58,10,0
OI0007812,O004203,P00024,1,12257.41,20,5
OI0007813,O004203,P00352,1,21637.64,0,5
OI0007815,O004204,P00896,3,17792.62,15,18
OI0007816,O004204,P00897,1,6563.26,20,5
OI0007817,O004205,P00017,4,10753.14,0,12
OI0007818,O004205,P00431,2,25444.49,10,12
OI0007819,O004206,P00970,1,17559.2,15,5
OI0007820,O004207,P00027,1,15663.39,20,18
OI0007821,O004208,P00147,2,29819.59,0,12
OI0007822,O004209,P00188,2,17365.93,0,12
OI0007823,O004209,P00295,1,5097.45,10,5
OI0007824,O004210,P00501,1,1008.49,0,18
OI0007825,O004210,P00855,2,14838.37,10,0
OI0007826,O004210,P00461,2,15967.9,15,18
OI0007827,O004211,P00299,1,25490.07,25,0
OI0007828,O004211,P00496,1,23064.52,25,0
OI0007829,O004212,P00112,2,28830.09,20,18
OI0007830,O004212,P00248,2,19604.56,0,12
OI0007831,O004213,P00576,3,14558.85,0,18
OI0007832,O004213,P00813,1,9224.51,-5,0
OI0007834,O004214,P00395,1,26418.49,0,5
OI0007835,O004215,P00990,2,28451.65,25,0
OI0007836,O004215,P00857,3,1217.72,20,5
OI0007837,O004216,P00845,5,6830.25,15,0
OI0007838,O004216,P00789,3,28880.54,10,18
OI0007839,O004217,P00368,1,15270.85,15,12
OI0007840,O004218,P00834,2,22771.73,5,18
OI0007841,O004219,P00832,1,15878.61,10,12
OI0007842,O004220,P00301,1,28489.74,25,12
OI0007843,O004220,P00159,1,13581.37,15,12
OI0007845,O004222,P00048,1,4000.18,25,0
OI0007846,O004222,P00274,1,1178.98,0,18
OI0007847,O004222,P00612,5,8685.82,15,0
OI0007848,O004223,P00343,2,10716.47,0,0
OI0007850,O004224,P00430,1,13393.83,20,5
OI0007851,O004224,P00562,1,12923.75,15,12
OI0007852,O004225,P00213,3,13309.59,0,5
OI0007853,O004225,P00292,1,12303.58,0,0
OI0007854,O004226,P00788,1,9742.7,25,12
OI0007855,O004226,P00863,1,22092.25,25,0
OI0007856,O004227,P00923,2,4941.12,0,5
OI0007857,O004228,P00748,1,23725.55,0,0
OI0007858,O004228,P00666,3,3536.85,0,0
OI0007859,O004229,P00018,2,22324.27,5,5
OI0007860,O004229,P00589,2,11185.0,20,0
OI0007861,O004230,P00311,1,28816.59,0,5
OI0007862,O004231,P00237,1,25706.7,10,0
OI0007863,O004231,P00003,1,9322.11,0,18
OI0007865,O004232,P00037,3,14755.27,15,12
OI0007866,O004233,P00064,1,9284.23,0,5
OI0007867,O004233,P00414,2,6157.87,20,18
OI0007868,O004234,P00962,1,19045.14,20,0
OI0007869,O004234,P00991,1,5704.03,0,12
OI0007870,O004235,P00574,4,13005.05,10,18
OI0007871,O004235,P00071,1,12336.25,0,12
OI0007872,O004236,P00866,1,27297.3,0,12
OI0007873,O004236,P00369,2,27094.33,10,5
OI0007874,O004237,P00388,1,14428.99,20,0
OI0007875,O004237,P00761,1,9793.9,15,18
OI0007876,O004238,P00987,3,23429.95,10,0
OI0007877,O004239,P00646,4,15502.25,0,0
OI0007878,O004239,P00170,2,19257.51,25,12
OI0007879,O004240,P00482,2,29299.76,5,0
OI0007880,O004241,P00222,1,1967.06,-5,12
OI0007881,O004242,P00820,1,16998.82,5,12
OI0007882,O004243,P00101,3,16284.78,0,0
OI0007883,O004243,P00159,3,13351.11,25,5
OI0007884,O004244,P00396,2,4272.54,5,18
OI0007885,O004244,P00916,2,2451.65,0,12
OI0007886,O004245,P00778,2,17834.99,0,5
OI0007887,O004245,P00814,1,1280.78,0,18
OI0007888,O004245,P00658,2,10207.61,0,18
OI0007889,O004246,P00649,2,10975.56,25,0
OI0007890,O004247,P00290,3,31365.16,20,18
OI0007891,O004247,P00540,2,5817.48,0,0
OI0007892,O004247,P00511,1,18979.85,0,0
OI0007893,O004248,P00896,1,19410.69,0,0
OI0007894,O004249,P00207,2,4634.4,0,5
OI0007895,O004249,P00951,2,27146.53,0,18
OI0007896,O004250,P00085,1,3537.58,15,0
OI0007898,O004251,P00715,2,23680.21,10,5
OI0007899,O004251,P00930,1,10470.28,-5,0
OI0007900,O004252,P00676,2,20918.77,5,18
OI0007901,O004252,P00740,2,12126.44,0,5
OI0007902,O004252,P00612,1,8240.36,5,12
OI0007903,O004253,P00998,1,27291.62,0,0
OI0007904,O004253,P00732,4,17519.74,25,12
OI0007905,O004254,P00365,1,13887.23,0,5
OI0007906,O004254,P00715,1,24096.41,0,5
OI0007908,O004255,P00157,1,17383.38,15,18
OI0007909,O004256,P00347,1,28346.83,5,0
OI0007911,O004258,P00445,2,10163.84,0,12
OI0007912,O004259,P00301,2,29042.26,10,12
OI0007913,O004259,P00768,1,27153.99,0,12
OI0007914,O004259,P00252,1,12137.57,0,18
OI0007915,O004260,P00613,1,11135.76,0,12
OI0007916,O004260,P00797,1,5171.39,20,5
OI0007917,O004260,P00620,3,12932.9,15,0
OI0007918,O004261,P00642,2,26305.18,0,0
OI0007919,O004262,P00408,2,25615.6,20,5
OI0007920,O004262,P00372,1,19169.34,5,0
OI0007921,O004262,P00142,1,18358.46,0,0
OI0007922,O004263,P00012,3,10960.58,0,12
OI0007923,O004264,P00251,2,28674.06,0,5
OI0007924,O004264,P00059,1,15810.32,20,18
OI0007925,O004265,P00149,4,29954.25,25,5
OI0007926,O004265,P00348,1,7380.41,15,5
OI0007927,O004266,P00523,3,21774.65,15,12
OI0007929,O004266,P00169,1,3838.78,0,18
OI0007930,O004267,P00160,1,19215.02,25,5
OI0007931,O004268,P00941,1,21019.01,0,12
OI0007932,O004268,P00351,1,1233.04,25,12
OI0007933,O004269,P00555,1,27247.84,25,12
OI0007934,O004270,P00375,4,13226.51,0,0
OI0007935,O004271,P00831,1,6994.59,25,12
OI0007936,O004271,P00803,1,20078.26,20,5
OI0007937,O004272,P00171,2,6287.62,20,12
OI0007938,O004272,P00573,1,4376.1,15,12
OI0007939,O004272,P00140,1,28004.54,15,5
OI0007940,O004273,P00717,2,23984.01,0,0
OI0007941,O004273,P00177,2,10860.92,0,18
OI0007943,O004274,P00044,1,23954.88,15,5
OI0007945,O004275,P00891,3,2013.76,15,5
OI0007946,O004275,P00233,2,4398.43,10,0
OI0007947,O004276,P00212,1,15091.88,20,5
OI0007948,O004277,P00871,2,12068.07,5,5
OI0007949,O004277,P00769,1,15423.94,10,5
OI0007950,O004277,P00034,1,23463.1,0,0
OI0007951,O004278,P00004,2,14487.43,0,18
OI0007952,O004278,P00261,1,19096.05,15,5
OI0007953,O004278,P00364,3,19825.2,-5,12
OI0007954,O004279,P00641,1,1184.88,0,5
OI0007955,O004280,P00741,1,4597.41,0,5
OI0007956,O004280,P00866,1,27535.31,25,0
OI0007957,O004280,P00054,1,15349.65,5,18
OI0007958,O004281,P00091,4,13917.43,15,5
OI0007959,O004281,P00957,1,18929.74,20,18
OI0007960,O004282,P00914,4,25476.87,20,0
OI0007961,O004282,P00563,1,24632.39,20,0
OI0007962,O004283,P00355,2,23792.87,20,5
OI0007963,O004283,P00449,1,2498.02,5,0
OI0007964,O004284,P00853,1,2771.24,20,5
OI0007965,O004285,P00078,1,13342.96,0,18
OI0007966,O004285,P00268,1,18518.97,0,5
OI0007967,O004286,P00925,1,27572.7,0,12
OI0007969,O004287,P00811,2,11423.24,0,0
OI0007970,O004288,P00449,1,2485.27,10,12
OI0007972,O004289,P00698,1,15688.62,25,18
OI0007973,O004290,P00354,2,17690.63,15,5
OI0007975,O004291,P00785,1,7517.45,15,5
OI0007976,O004292,P00364,4,21485.57,10,5
OI0007977,O004293,P00107,4,3503.11,0,5
OI0007978,O004294,P00078,2,13606.44,5,12
OI0007979,O004294,P00540,1,5775.99,0,0
OI0007981,O004295,P00540,5,6015.58,-5,12
OI0007982,O004296,P00361,3,27891.38,15,12
OI0007983,O004297,P00778,1,19336.16,10,12
OI0007984,O004297,P00215,1,28337.5,0,12
OI0007986,O004299,P00558,2,12473.63,20,5
OI0007987,O004299,P00504,1,6932.92,20,0
OI0007989,O004301,P00409,4,12979.85,10,18
OI0007991,O004302,P00166,2,26734.3,0,12
OI0007992,O004303,P00945,1,12044.25,15,5
OI0007996,O004305,P00450,1,30309.39,20,5
OI0007998,O004306,P00922,2,25876.14,20,12
OI0007999,O004306,P00350,4,24094.98,10,5
OI0008001,O004307,P00720,1,9824.52,10,5
OI0008002,O004308,P00815,1,25854.05,0,0
OI0008004,O004308,P00974,2,8330.51,15,5
OI0008006,O004309,P00502,1,15377.62,-5,18
OI0008009,O004311,P00114,1,11122.66,0,5
OI0008010,O004311,P00798,1,9514.96,5,12
OI0008011,O004312,P00006,2,8632.6,0,12
OI0008012,O004312,P00354,1,18465.15,15,12
OI0008013,O004313,P00665,2,30214.89,0,0
OI0008014,O004313,P00230,1,25639.44,15,18
OI0008015,O004314,P00453,1,406.36,10,18
OI0008016,O004314,P00797,1,5388.27,5,5
OI0008017,O004315,P00399,1,5421.06,20,12
OI0008019,O004316,P00485,1,15725.31,0,12
OI0008020,O004317,P00169,1,4154.64,0,0
OI0008021,O004317,P00656,1,27099.82,5,5
OI0008022,O004318,P00826,1,10959.89,25,18
OI0008023,O004319,P00939,1,10356.11,0,5
OI0008024,O004319,P00003,1,10024.9,0,12
OI0008025,O004320,P00845,1,6890.44,5,5
OI0008026,O004321,P00124,3,16902.88,15,0
OI0008027,O004321,P00480,1,18067.01,5,18
OI0008028,O004322,P00372,1,20758.93,15,5
OI0008029,O004322,P00145,2,13099.91,10,0
OI0008030,O004322,P00662,1,7372.62,10,12
OI0008031,O004323,P00086,1,15139.76,10,18
OI0008032,O004323,P00696,1,21953.47,10,18
OI0008033,O004324,P00857,1,1217.99,25,18
OI0008034,O004325,P00909,1,11462.31,20,5
OI0008035,O004326,P00261,1,19609.79,15,5
OI0008036,O004326,P00226,2,25678.57,0,5
OI0008037,O004327,P00967,3,22811.22,0,5
OI0008038,O004327,P00925,1,28209.08,5,5
OI0008040,O004328,P00820,1,17833.56,25,0
OI0008041,O004329,P00651,1,16416.41,5,5
OI0008043,O004330,P00575,2,17939.47,25,5
OI0008044,O004330,P00680,3,6752.94,20,5
OI0008045,O004330,P00644,1,27848.86,0,0
OI0008046,O004331,P00884,5,10677.95,20,18
OI0008047,O004332,P00126,1,11531.4,10,0
OI0008048,O004332,P00839,4,18073.4,0,18
OI0008049,O004332,P00050,1,29890.02,25,12
OI0008050,O004333,P00063,2,1343.48,15,12
OI0008052,O004333,P00099,1,27377.49,20,5
OI0008053,O004334,P00046,1,12279.21,25,12
OI0008055,O004334,P00381,1,11389.38,0,0
OI0008056,O004335,P00814,2,1329.04,10,0
OI0008057,O004335,P00171,1,6385.12,0,0
OI0008058,O004335,P00198,1,25106.14,5,12
OI0008059,O004336,P00804,1,10728.77,0,18
OI0008060,O004336,P00909,2,12246.94,0,0
OI0008061,O004337,P00606,2,27776.72,0,0
OI0008062,O004337,P00581,2,27321.32,20,0
OI0008063,O004338,P00012,3,10755.46,0,0
OI0008064,O004339,P00676,2,19820.93,5,12
OI0008065,O004339,P00789,1,28020.93,15,12
OI0008066,O004340,P00571,3,9142.77,15,0
OI0008067,O004341,P00561,2,28540.82,0,5
OI0008068,O004342,P00458,1,339.36,20,0
OI0008069,O004342,P00604,1,26754.22,25,18
OI0008070,O004342,P00796,3,1085.92,5,18
OI0008072,O004343,P00525,1,1376.09,5,0
OI0008073,O004343,P00067,1,17174.82,0,12
OI0008075,O004344,P00898,1,4167.74,0,12
OI0008076,O004345,P00225,2,9691.78,5,12
OI0008077,O004345,P00583,2,19852.24,10,0
OI0008078,O004346,P00852,1,19966.51,0,5
OI0008079,O004346,P00103,2,12740.37,15,0
OI0008080,O004347,P00037,3,14234.53,0,12
OI0008082,O004348,P00776,2,17905.25,10,0
OI0008083,O004349,P00272,1,25771.07,0,5
OI0008084,O004349,P00109,1,13648.3,15,5
OI0008085,O004350,P00887,4,23465.11,0,18
OI0008086,O004351,P00201,1,28221.14,0,0
OI0008087,O004351,P00392,1,26615.59,0,5
OI0008088,O004351,P00434,4,8078.49,25,0
OI0008089,O004352,P00829,1,11626.76,0,18
OI0008090,O004352,P00632,1,23002.02,15,0
OI0008091,O004353,P00791,1,1412.84,15,5
OI0008092,O004353,P00524,2,13563.92,10,0
OI0008093,O004353,P00402,1,30768.64,5,18
OI0008094,O004354,P00110,2,1026.42,25,18
OI0008095,O004354,P00346,1,7234.64,0,0
OI0008096,O004355,P00517,2,28541.7,5,12
OI0008098,O004356,P00504,1,7213.14,20,18
OI0008099,O004357,P00787,1,17634.75,0,12
OI0008100,O004357,P00871,2,11186.0,20,0
OI0008101,O004358,P00201,2,30545.24,25,18
OI0008102,O004358,P00704,2,14280.2,20,0
OI0008103,O004358,P00053,1,19916.19,0,18
OI0008104,O004359,P00860,1,27459.53,0,18
OI0008105,O004359,P00231,1,1174.75,25,12
OI0008106,O004359,P00240,3,14257.56,0,0
OI0008107,O004360,P00455,2,1415.55,15,12
OI0008108,O004360,P00701,2,1476.67,0,18
OI0008109,O004361,P00719,1,23180.12,25,0
OI0008110,O004362,P00896,1,18406.32,15,12
OI0008112,O004363,P00388,1,14627.75,0,18
OI0008113,O004363,P00245,2,15851.94,5,12
OI0008114,O004363,P00423,2,4428.28,25,0
OI0008115,O004364,P00549,1,14702.05,0,18
OI0008116,O004365,P00522,1,18219.92,15,12
OI0008117,O004365,P00042,4,29605.29,20,0
OI0008118,O004365,P00430,1,13095.64,0,0
OI0008119,O004366,P00412,1,6174.26,0,18
OI0008120,O004366,P00904,2,25556.09,15,5
OI0008122,O004367,P00907,2,15748.2,10,5
OI0008123,O004367,P00408,1,25970.83,10,12
OI0008124,O004368,P00197,3,28730.17,15,18
OI0008125,O004368,P00752,1,271.91,25,18
OI0008127,O004370,P00875,1,16258.17,10,0
OI0008128,O004370,P00331,1,26589.88,15,5
OI0008129,O004370,P00427,2,22519.24,25,12
OI0008130,O004371,P00612,2,8347.23,0,0
OI0008132,O004372,P00190,5,9914.37,20,18
OI0008133,O004372,P00688,1,27163.94,0,0
OI0008135,O004373,P00967,1,23051.88,5,5
OI0008136,O004373,P00458,1,336.09,0,5
OI0008137,O004374,P00344,2,19851.93,5,12
OI0008138,O004374,P00418,2,22587.43,15,0
OI0008139,O004375,P00617,1,11071.89,10,18
OI0008140,O004375,P00901,3,4098.25,5,12
OI0008141,O004375,P00162,1,26298.36,25,18
OI0008142,O004376,P00201,1,30166.67,25,0
OI0008143,O004376,P00038,4,18548.47,5,5
OI0008144,O004376,P00724,1,15170.11,25,0
OI0008145,O004377,P00465,1,10706.7,0,5
OI0008146,O004377,P00747,1,27549.4,0,0
OI0008147,O004377,P00011,1,11513.41,20,18
OI0008148,O004378,P00703,1,9166.16,10,12
OI0008149,O004378,P00669,1,22897.11,20,5
OI0008150,O004379,P00323,1,23096.49,15,5
OI0008152,O004381,P00017,2,10443.83,10,0
OI0008154,O004382,P00060,1,21124.66,5,5
OI0008155,O004382,P00185,5,27191.96,0,12
OI0008157,O004383,P00961,1,12306.29,15,18
OI0008158,O004384,P00152,1,5993.05,15,0
OI0008159,O004384,P00993,1,13842.2,0,5
OI0008160,O004385,P00287,1,26635.43,0,12
OI0008161,O004386,P00800,4,19900.09,0,0
OI0008162,O004386,P00373,3,22283.52,0,12
OI0008164,O004387,P00547,4,20825.21,0,5
OI0008165,O004388,P00514,1,12142.9,25,0
OI0008166,O004388,P00157,3,17969.51,0,18
OI0008167,O004389,P00800,2,19511.03,15,0
OI0008168,O004389,P00380,1,26627.17,-5,5
OI0008169,O004389,P00233,4,4485.2,15,12
OI0008170,O004390,P00553,1,16979.27,0,5
OI0008171,O004390,P00960,1,22674.39,15,0
OI0008172,O004391,P00490,1,24955.16,5,18
OI0008175,O004393,P00076,1,2004.12,25,18
OI0008177,O004394,P00739,1,17200.69,15,12
OI0008178,O004395,P00220,4,4894.74,5,0
OI0008179,O004395,P00579,3,16629.52,10,12
OI0008180,O004395,P00270,1,24907.08,0,0
OI0008181,O004396,P00719,1,23720.59,20,0
OI0008182,O004397,P00486,3,22297.33,25,5
OI0008183,O004397,P00233,1,4784.78,0,18
OI0008184,O004398,P00548,4,22717.85,15,0
OI0008185,O004398,P00681,2,30903.51,10,0
OI0008186,O004399,P00308,2,24868.5,0,5
OI0008187,O004399,P00868,1,9812.04,5,18
OI0008188,O004400,P00161,1,25246.0,10,5
OI0008189,O004401,P00873,2,25483.53,25,0
OI0008191,O004402,P00547,1,21028.19,10,12
OI0008192,O004402,P00970,3,17790.02,15,0
OI0008193,O004403,P00926,1,23962.41,5,0
OI0008194,O004404,P00581,4,26485.5,0,12
OI0008195,O004404,P00793,2,16445.62,10,5
OI0008196,O004405,P00933,1,12321.7,0,18
OI0008197,O004405,P00601,1,19173.56,0,18
OI0008198,O004406,P00679,1,29441.19,15,18
OI0008199,O004406,P00355,1,22760.42,5,18
OI0008200,O004406,P00555,1,25439.93,0,5
OI0008201,O004407,P00538,2,30175.86,25,18
OI0008202,O004408,P00877,1,28672.07,5,18
OI0008204,O004409,P00492,1,9659.15,0,18
OI0008205,O004409,P00080,1,19213.5,20,5
OI0008206,O004410,P00439,2,26472.61,15,5
OI0008207,O004410,P00290,2,28852.97,0,18
OI0008208,O004410,P00184,1,12918.04,0,0
OI0008210,O004411,P00072,4,7074.03,0,12
OI0008211,O004412,P00818,2,23809.94,0,18
OI0008212,O004413,P00613,1,10517.7,10,18
OI0008213,O004413,P00676,2,20915.03,15,12
OI0008214,O004414,P00623,1,5024.3,25,5
OI0008215,O004414,P00110,1,1103.56,0,12
OI0008216,O004415,P00295,3,5343.89,15,12
OI0008217,O004416,P00322,1,27410.54,15,5
OI0008218,O004416,P00593,1,3402.24,15,0
OI0008219,O004417,P00129,1,8432.09,10,12
OI0008220,O004418,P00995,1,13057.35,0,0
OI0008221,O004418,P00514,2,12817.49,5,0
OI0008222,O004419,P00301,1,27488.23,10,18
OI0008223,O004419,P00493,2,2712.6,0,12
OI0008224,O004420,P00170,1,20767.66,0,12
OI0008225,O004420,P00462,1,16579.5,5,18
OI0008226,O004421,P00561,1,27975.88,0,5
OI0008228,O004423,P00204,2,15780.3,5,5
OI0008230,O004425,P00260,1,8119.99,-5,5
OI0008232,O004427,P00682,1,14125.2,5,0
OI0008233,O004428,P00091,2,13532.19,0,12
OI0008234,O004428,P00144,2,8063.99,10,12
OI0008236,O004429,P00454,4,14026.92,0,12
OI0008237,O004430,P00544,1,13993.74,10,12
OI0008238,O004431,P00591,2,14805.02,0,18
OI0008239,O004431,P00345,1,6315.84,5,18
OI0008240,O004432,P00067,1,16882.96,10,12
OI0008241,O004432,P00337,2,631.54,0,5
OI0008242,O004433,P00544,2,14252.73,20,12
OI0008243,O004433,P00378,2,26631.97,20,18
OI0008244,O004433,P00036,1,19507.65,15,5
OI0008245,O004434,P00394,1,5665.13,25,18
OI0008247,O004436,P00508,4,12185.42,10,18
OI0008248,O004436,P00322,2,26488.28,25,18
OI0008249,O004437,P00476,1,15603.26,0,12
OI0008250,O004437,P00969,5,16995.07,10,12
OI0008251,O004438,P01000,1,24985.69,5,12
OI0008252,O004438,P00222,3,1987.45,15,18
OI0008253,O004438,P00323,1,23168.26,0,5
OI0008254,O004439,P00572,1,7637.41,15,0
OI0008255,O004439,P00638,3,22085.28,0,12
OI0008256,O004440,P00873,2,27567.29,15,5
OI0008257,O004440,P00471,1,12276.92,15,5
OI0008258,O004441,P00119,1,18652.11,25,18
OI0008260,O004442,P00976,1,7074.3,25,18
OI0008261,O004443,P00958,1,25235.45,0,18
OI0008262,O004443,P00926,1,24415.01,20,5
OI0008263,O004444,P00396,1,4474.51,0,12
OI0008264,O004444,P00064,2,8861.04,5,0
OI0008266,O004445,P00185,5,27114.31,25,12
OI0008267,O004446,P00650,1,30187.32,20,18
OI0008268,O004447,P00590,1,3535.45,25,18
OI0008269,O004448,P00637,1,28646.37,0,12
OI0008270,O004449,P00800,2,20678.95,5,5
OI0008271,O004450,P00837,1,17812.27,25,12
OI0008272,O004451,P00495,1,17337.66,10,12
OI0008273,O004452,P00310,3,6483.61,25,0
OI0008274,O004452,P00186,1,6822.71,20,12
OI0008275,O004452,P00464,1,834.9,0,0
OI0008276,O004453,P00921,1,16091.01,25,12
OI0008277,O004453,P00712,3,30238.42,25,18
OI0008278,O004454,P00788,1,9706.63,0,5
OI0008279,O004455,P00325,1,6059.27,0,12
OI0008280,O004456,P00843,2,4665.08,20,5
OI0008281,O004456,P00195,1,21657.81,0,12
OI0008282,O004457,P00757,1,5291.69,0,0
OI0008283,O004457,P00192,1,15352.79,5,0
OI0008284,O004457,P00877,1,29808.72,0,5
OI0008285,O004458,P00333,1,8224.29,0,12
OI0008286,O004458,P00490,1,23650.01,-5,18
OI0008288,O004459,P00586,5,11274.22,0,5
OI0008289,O004459,P00984,2,7353.1,0,12
OI0008290,O004460,P00521,3,23161.6,5,0
OI0008291,O004460,P00007,1,25993.97,5,12
OI0008292,O004461,P00860,2,30295.87,15,12
OI0008293,O004462,P00731,1,26353.55,0,0
OI0008294,O004463,P00461,2,15934.42,10,5
OI0008295,O004464,P00466,1,854.72,0,5
OI0008296,O004464,P00358,1,4340.64,10,0
OI0008297,O004465,P00079,1,16308.01,5,5
OI0008298,O004465,P00446,1,16335.08,0,0
OI0008299,O004465,P00508,1,12681.26,10,0
OI0008300,O004466,P00568,3,8186.08,10,12
OI0008301,O004466,P00710,1,18985.68,5,12
OI0008302,O004466,P00639,2,1422.16,25,0
OI0008303,O004467,P00671,1,17700.7,10,5
OI0008304,O004467,P00088,1,12304.91,25,18
OI0008305,O004467,P00374,2,18648.59,20,5
OI0008306,O004468,P00223,3,7613.55,20,0
OI0008307,O004468,P00053,2,21185.26,25,5
OI0008308,O004469,P00887,3,22416.5,10,18
OI0008310,O004469,P00261,1,18925.81,0,5
OI0008311,O004470,P00949,2,28392.06,20,12
OI0008313,O004471,P00640,1,23762.5,-5,0
OI0008314,O004472,P00678,2,21668.57,15,18
OI0008315,O004473,P00259,2,24307.94,20,12
OI0008316,O004473,P00617,2,11099.91,15,12
OI0008317,O004474,P00943,1,7431.64,10,5
OI0008318,O004474,P00561,1,26705.51,15,5
OI0008319,O004475,P00301,1,28955.44,0,0
OI0008320,O004475,P00285,2,14400.08,0,18
OI0008321,O004475,P00666,5,3400.2,15,18
OI0008324,O004476,P00506,1,11328.76,10,12
OI0008325,O004477,P00660,1,1706.86,10,0
OI0008327,O004478,P00137,3,29434.87,25,0
OI0008328,O004478,P00792,1,5957.81,5,18
OI0008329,O004479,P00920,1,8142.26,0,12
OI0008331,O004479,P00633,2,5935.79,0,5
OI0008332,O004480,P00922,2,25759.7,0,12
OI0008333,O004480,P00699,1,24977.13,25,18
OI0008334,O004480,P00682,2,14599.71,0,5
OI0008335,O004481,P00178,1,9893.7,20,18
OI0008337,O004482,P00659,1,21485.93,0,5
OI0008338,O004482,P00165,1,28298.42,15,5
OI0008340,O004484,P00645,1,24624.86,15,0
OI0008341,O004484,P00113,1,16126.64,10,18
OI0008342,O004484,P00427,2,22054.59,10,0
OI0008343,O004485,P00648,2,17635.99,0,18
OI0008344,O004485,P00698,1,15426.24,10,5
OI0008345,O004485,P00680,2,6821.59,15,0
OI0008346,O004486,P00771,2,19094.27,5,5
OI0008347,O004487,P00772,1,9892.43,10,5
OI0008348,O004487,P00816,1,810.84,20,12
OI0008349,O004488,P00930,2,9621.97,20,18
OI0008350,O004488,P00548,3,22487.5,-5,0
OI0008351,O004489,P00216,1,29848.34,15,12
OI0008352,O004489,P00191,1,14456.41,5,18
OI0008353,O004489,P00046,1,11648.78,5,18
OI0008354,O004490,P00035,5,18930.74,20,5
OI0008355,O004490,P00477,1,23256.72,20,18
OI0008356,O004490,P00162,1,24275.91,25,12
OI0008359,O004492,P00887,1,21942.56,10,12
OI0008360,O004493,P00505,2,19272.81,15,12
OI0008361,O004493,P00818,1,24618.43,25,12
OI0008362,O004494,P00850,1,22347.07,-5,0
OI0008363,O004494,P00236,1,11595.64,0,0
OI0008365,O004495,P00137,1,27806.8,20,5
OI0008366,O004495,P00225,1,9139.87,25,18
OI0008367,O004496,P00755,4,15737.05,0,5
OI0008368,O004497,P00007,1,25739.3,15,0
OI0008369,O004498,P00126,1,11305.19,15,12
OI0008370,O004498,P00641,1,1223.26,0,5
OI0008371,O004498,P00948,2,8291.21,0,5
OI0008372,O004499,P00811,1,11585.97,0,5
OI0008373,O004500,P00535,1,14337.92,0,5
OI0008374,O004500,P00353,1,30793.47,0,5
OI0008375,O004501,P00987,2,25855.77,10,18
OI0008376,O004502,P00327,2,16651.25,15,18
OI0008377,O004502,P00926,1,23447.58,0,5
OI0008378,O004503,P00247,2,17375.66,0,12
OI0008379,O004504,P00053,2,20329.06,5,0
OI0008380,O004505,P00260,1,7825.53,0,0
OI0008381,O004505,P00425,2,15960.91,20,12
OI0008382,O004505,P00358,1,4424.4,20,0
OI0008383,O004506,P00784,3,8521.02,25,5
OI0008384,O004507,P00082,2,26950.65,0,12
OI0008385,O004508,P00683,4,14222.21,25,18
OI0008386,O004509,P00763,1,22656.53,25,0
OI0008387,O004510,P00023,1,3312.32,0,12
OI0008388,O004510,P00175,1,11200.56,0,5
OI0008389,O004511,P00033,4,15248.27,10,12
OI0008391,O004512,P00545,3,17580.16,20,18
OI0008392,O004512,P00853,4,2699.33,0,0
OI0008394,O004513,P00740,1,11936.34,0,12
OI0008395,O004514,P00410,2,1791.43,25,5
OI0008396,O004515,P00230,1,24056.13,10,12
OI0008397,O004516,P00995,2,13257.94,0,12
OI0008398,O004517,P00977,1,1543.03,0,5
OI0008399,O004517,P00970,1,19161.74,10,5
OI0008400,O004518,P00916,5,2553.32,0,18
OI0008401,O004518,P00602,1,27860.18,0,18
OI0008402,O004519,P00633,1,5665.25,0,12
OI0008403,O004519,P00680,1,6862.15,25,18
OI0008404,O004520,P00541,2,17573.35,0,5
OI0008405,O004520,P00908,2,9282.15,25,12
OI0008406,O004521,P00049,1,23436.75,20,5
OI0008407,O004521,P00363,2,22564.93,10,0
OI0008408,O004521,P00038,1,17485.44,0,12
OI0008409,O004522,P00509,1,15331.9,15,18
OI0008410,O004522,P00147,2,28959.62,5,5
OI0008411,O004523,P00498,1,29957.35,0,0
OI0008412,O004523,P00669,4,22387.14,0,5
OI0008413,O004524,P00760,4,8127.13,0,18
OI0008414,O004524,P00574,1,13066.62,0,5
OI0008415,O004525,P00395,1,25555.81,5,0
OI0008417,O004526,P00572,2,7366.62,25,0
OI0008418,O004526,P00804,1,10087.66,0,0
OI0008419,O004527,P00338,1,9063.6,5,5
OI0008420,O004527,P00560,1,16455.33,0,0
OI0008421,O004528,P00624,1,27019.8,25,18
OI0008422,O004528,P00400,1,9563.3,10,0
OI0008423,O004528,P00842,1,22010.46,10,5
OI0008424,O004529,P00916,3,2589.59,25,0
OI0008425,O004530,P00961,1,12405.38,5,12
OI0008426,O004530,P00039,1,3798.75,10,18
OI0008427,O004531,P00686,4,25016.52,0,12
OI0008431,O004533,P00501,2,992.09,10,18
OI0008432,O004533,P00704,1,14355.9,25,0
OI0008433,O004534,P00809,1,6946.25,0,5
OI0008435,O004535,P00770,1,22850.3,10,18
OI0008436,O004535,P00299,2,25518.87,0,12
OI0008438,O004536,P00327,3,16426.19,10,18
OI0008439,O004536,P00267,1,17832.0,0,12
OI0008440,O004537,P00309,1,23207.85,0,18
OI0008441,O004538,P00366,1,11834.18,5,0
OI0008442,O004538,P00498,1,31119.52,20,0
OI0008443,O004539,P00300,1,6295.39,10,12
OI0008444,O004539,P00502,2,14897.14,0,12
OI0008445,O004540,P00265,1,1550.4,20,12
OI0008446,O004541,P00364,1,19744.07,10,0
OI0008447,O004541,P00905,2,27836.37,25,12
OI0008448,O004542,P00645,1,24559.13,0,0
OI0008449,O004543,P00458,1,344.08,10,0
OI0008450,O004544,P00966,1,27344.18,20,0
OI0008451,O004544,P00969,1,17006.72,20,5
OI0008452,O004545,P00181,1,30652.18,10,12
OI0008453,O004545,P00493,1,2781.78,0,5
OI0008454,O004546,P00043,1,8749.53,0,0
OI0008455,O004546,P00179,1,2861.92,25,12
OI0008456,O004547,P00173,1,2868.68,15,12
OI0008457,O004547,P00606,1,27987.3,0,5
OI0008458,O004547,P00903,1,7368.13,25,0
OI0008459,O004548,P00558,1,13012.12,20,5
OI0008460,O004548,P00147,2,30008.73,0,12
OI0008461,O004549,P00227,1,9534.5,10,5
OI0008463,O004551,P00282,3,15622.38,10,0
OI0008464,O004551,P00136,3,18605.29,0,18
OI0008465,O004552,P00438,1,13058.67,0,18
OI0008466,O004552,P00312,1,25221.82,15,5
OI0008467,O004553,P00167,1,15348.45,20,12
OI0008469,O004554,P00092,1,21682.06,20,0
OI0008470,O004554,P00516,3,14830.38,15,18
OI0008471,O004555,P00194,1,29753.72,-5,18
OI0008472,O004556,P00885,2,1614.34,5,12
OI0008474,O004556,P00868,2,9837.47,0,12
OI0008475,O004557,P00500,4,7272.96,0,18
OI0008476,O004558,P00663,2,25156.25,20,18
OI0008477,O004558,P00251,2,28922.89,0,0
OI0008478,O004558,P00790,1,27259.21,0,12
OI0008479,O004559,P00262,3,9200.79,25,18
OI0008480,O004559,P00830,2,5194.8,5,5
OI0008481,O004560,P00868,1,9098.16,0,18
OI0008482,O004561,P00683,2,13688.82,10,5
OI0008483,O004562,P00575,1,16675.43,10,18
OI0008484,O004562,P00431,1,24145.44,25,5
OI0008485,O004563,P00701,1,1521.0,15,18
OI0008486,O004564,P00490,2,24522.22,20,12
OI0008487,O004564,P00275,3,10445.23,0,5
OI0008488,O004565,P00988,2,15865.54,-5,18
OI0008489,O004565,P00030,2,23724.82,10,12
OI0008490,O004566,P00334,2,19061.23,0,0
OI0008491,O004566,P00886,1,21433.89,0,18
OI0008492,O004566,P00361,3,28636.53,0,5
OI0008493,O004567,P00219,2,14767.23,0,18
OI0008494,O004567,P00488,2,23343.2,0,5
OI0008495,O004568,P00830,2,5237.11,15,5
OI0008496,O004568,P00209,2,20033.84,0,18
OI0008497,O004569,P00064,2,9283.54,20,5
OI0008498,O004569,P00694,1,21118.24,0,5
OI0008499,O004569,P00431,3,25623.21,0,5
OI0008500,O004570,P00917,1,1168.91,0,12
OI0008501,O004570,P00785,1,7506.22,25,0
OI0008502,O004571,P00666,1,3386.36,25,12
OI0008504,O004572,P00038,2,18770.75,10,18
OI0008505,O004573,P00358,1,4358.45,15,18
OI0008506,O004573,P00401,1,21162.43,20,18
OI0008507,O004573,P00604,3,29183.28,15,12
OI0008508,O004574,P00240,3,14863.31,0,18
OI0008509,O004574,P00147,1,30516.32,10,5
OI0008510,O004575,P00731,2,27130.1,5,18
OI0008511,O004575,P00426,3,16721.04,10,0
OI0008512,O004576,P00802,1,7479.46,0,5
OI0008514,O004577,P00680,2,6360.62,0,18
OI0008515,O004577,P00450,1,28532.48,10,5
OI0008516,O004578,P00752,2,285.89,0,5
OI0008517,O004579,P00536,1,26101.66,0,5
OI0008518,O004579,P00189,1,6190.57,5,5
OI0008519,O004580,P00931,3,4167.08,20,18
OI0008521,O004581,P00157,2,17831.81,15,5
OI0008522,O004581,P00158,2,12445.61,25,18
OI0008523,O004582,P00447,1,21748.56,15,5
OI0008524,O004582,P00125,1,17675.23,0,12
OI0008525,O004583,P00928,1,29050.88,20,5
OI0008526,O004583,P00836,3,13212.99,0,5
OI0008527,O004583,P00109,2,12762.25,0,5
OI0008528,O004584,P00629,1,14749.43,10,5
OI0008529,O004584,P00128,1,5740.82,0,18
OI0008531,O004585,P00589,1,10868.16,10,18
OI0008532,O004585,P00601,2,19737.05,10,5
OI0008533,O004586,P00650,1,28746.73,25,5
OI0008535,O004586,P00594,1,15331.8,20,12
OI0008536,O004587,P00805,2,7521.42,0,12
OI0008537,O004587,P00526,2,3492.31,0,12
OI0008538,O004588,P00300,1,6094.49,5,12
OI0008539,O004588,P00796,1,1089.23,10,12
OI0008540,O004589,P00371,2,17132.51,5,0
OI0008541,O004589,P00359,1,26576.86,25,18
OI0008542,O004590,P00539,1,13282.73,20,18
OI0008543,O004591,P00195,1,21875.85,0,5
OI0008544,O004592,P00720,1,9150.88,25,18
OI0008545,O004593,P00661,1,29188.44,0,18
OI0008546,O004593,P00640,1,23511.84,25,5
OI0008547,O004594,P00902,1,28973.41,0,18
OI0008548,O004594,P00138,1,720.31,5,0
OI0008549,O004595,P00094,1,10713.0,0,0
OI0008550,O004596,P00480,2,17440.97,10,5
OI0008551,O004597,P00650,1,29423.02,0,5
OI0008552,O004598,P00082,1,26664.52,25,0
OI0008553,O004599,P00605,3,6084.02,15,5
OI0008555,O004600,P00916,2,2484.61,5,0
OI0008557,O004601,P00279,1,15205.45,5,18
OI0008558,O004602,P00679,3,28357.49,5,0
OI0008559,O004602,P00352,1,21937.76,10,0
OI0008560,O004603,P00606,1,27192.87,25,5
OI0008561,O004604,P00636,1,8053.57,5,5
OI0008562,O004605,P00140,1,30065.14,20,0
OI0008563,O004605,P00488,1,22676.0,10,12
OI0008564,O004606,P00061,2,18689.02,0,0
OI0008565,O004606,P00565,3,1070.68,0,12
OI0008566,O004607,P00399,1,4981.49,20,12
OI0008567,O004608,P00598,1,5869.49,15,5
OI0008569,O004609,P00409,1,13497.46,15,18
OI0008570,O004609,P00171,1,6027.74,15,12
OI0008571,O004610,P00009,2,19549.65,20,18
OI0008573,O004611,P00390,2,23508.85,0,18
OI0008574,O004612,P00001,1,9711.45,-5,0
OI0008575,O004613,P00535,1,13745.86,25,5
OI0008576,O004614,P00232,1,21335.17,0,12
OI0008577,O004615,P00368,1,15072.37,20,0
OI0008579,O004616,P00280,1,9485.37,25,5
OI0008580,O004617,P00408,2,25003.45,15,0
OI0008582,O004618,P00982,1,8711.74,0,0
OI0008583,O004619,P00392,1,29051.47,0,0
OI0008584,O004619,P00783,1,17974.36,0,12
OI0008585,O004620,P00681,1,28158.09,0,18
OI0008586,O004621,P00012,1,11160.11,15,5
OI0008587,O004621,P00358,4,4276.12,0,5
OI0008588,O004622,P00785,1,7623.36,10,18
OI0008589,O004622,P00714,2,27107.22,15,5
OI0008590,O004623,P00915,3,4149.51,20,5
OI0008591,O004623,P00722,3,17059.16,15,18
OI0008592,O004624,P00738,2,26421.97,10,12
OI0008594,O004625,P00560,2,16215.23,25,18
OI0008595,O004626,P00020,4,24346.0,0,12
OI0008597,O004626,P00654,1,8443.59,15,0
OI0008598,O004627,P00087,1,4480.57,20,18
OI0008599,O004627,P00359,1,26767.77,0,18
OI0008600,O004628,P00126,4,11145.85,5,0
OI0008601,O004628,P00282,1,15107.47,0,0
OI0008603,O004629,P00608,1,19566.14,0,5
OI0008604,O004630,P00917,1,1285.26,25,5
OI0008605,O004630,P00151,1,18737.41,0,18
OI0008606,O004631,P00148,1,9553.37,25,18
OI0008607,O004632,P00815,1,24216.86,25,12
OI0008608,O004633,P00338,1,9235.96,20,18
OI0008609,O004634,P00906,4,1826.87,25,18
OI0008610,O004635,P00838,2,18704.83,0,12
OI0008611,O004636,P00869,4,1359.6,5,0
OI0008612,O004636,P00759,2,19031.11,10,0
OI0008613,O004637,P00398,3,1644.03,15,18
OI0008614,O004637,P00865,1,24054.71,15,18
OI0008615,O004638,P00061,1,17804.84,5,18
OI0008616,O004638,P00526,1,3713.78,25,12
OI0008617,O004638,P00388,2,14424.85,0,5
OI0008618,O004639,P00997,1,6272.63,15,0
OI0008619,O004640,P00991,1,6044.68,20,18
OI0008620,O004640,P00131,1,10362.91,5,0
OI0008621,O004640,P00744,5,8425.35,20,5
OI0008622,O004641,P00042,2,29634.95,0,5
OI0008623,O004641,P00750,1,11012.43,20,5
OI0008624,O004642,P00141,1,18334.73,10,12
OI0008625,O004643,P00575,1,17781.49,25,18
OI0008626,O004643,P00662,1,7548.3,20,0
OI0008627,O004644,P00425,1,16010.45,-5,12
OI0008628,O004645,P00810,2,23664.84,10,0
OI0008629,O004645,P00768,4,25655.38,10,5
OI0008630,O004646,P00918,1,26479.15,0,12
OI0008631,O004646,P00685,3,258.6,25,12
OI0008632,O004647,P00183,1,24270.68,0,5
OI0008633,O004647,P00702,1,958.59,15,5
OI0008635,O004648,P00725,1,27378.96,0,18
OI0008636,O004649,P00019,3,17918.46,20,5
OI0008638,O004649,P00665,1,30579.7,25,0
OI0008639,O004650,P00443,2,23881.01,5,18
OI0008640,O004651,P00872,4,4844.37,10,12
OI0008641,O004651,P00811,1,11417.33,5,12
OI0008642,O004651,P00248,4,19454.28,20,5
OI0008643,O004652,P00822,1,15313.47,0,18
OI0008644,O004652,P00195,2,21779.54,5,18
OI0008645,O004653,P00848,2,229.2,0,0
OI0008646,O004653,P00268,1,19905.33,0,5
OI0008648,O004654,P00304,2,23131.22,0,0
OI0008649,O004655,P00067,2,17814.65,15,12
OI0008650,O004655,P00935,1,6954.07,15,12
OI0008651,O004655,P00248,1,19822.61,0,18
OI0008652,O004656,P00065,1,27677.22,15,5
OI0008653,O004656,P00706,2,16401.08,0,5
OI0008654,O004656,P00913,1,1968.11,0,12
OI0008655,O004657,P00188,1,16031.05,5,0
OI0008656,O004658,P00784,1,8263.8,0,12
OI0008658,O004659,P00805,1,7392.1,15,5
OI0008659,O004659,P00880,2,15256.63,0,5
OI0008661,O004660,P00831,1,6899.5,-5,0
OI0008662,O004661,P00414,2,6628.57,0,0
OI0008664,O004662,P00820,1,17680.65,0,12
OI0008665,O004663,P00508,3,11948.47,0,0
OI0008666,O004663,P00126,2,11568.98,0,5
OI0008668,O004665,P00777,1,22100.97,10,18
OI0008669,O004666,P00283,1,4828.34,5,18
OI0008670,O004666,P00059,1,15004.06,10,12
OI0008671,O004666,P00315,1,2210.32,0,0
OI0008672,O004667,P00046,1,11859.67,25,18
OI0008673,O004667,P00597,2,7987.98,15,0
OI0008674,O004667,P00944,4,9600.8,10,0
OI0008675,O004668,P00980,1,11097.31,25,18
OI0008676,O004668,P00860,5,29802.43,0,12
OI0008677,O004669,P00142,3,17628.71,25,0
OI0008678,O004669,P00422,1,23499.44,0,18
OI0008679,O004669,P00862,1,25893.35,0,0
OI0008680,O004670,P00811,1,11280.37,10,5
OI0008682,O004671,P00266,1,5038.01,25,12
OI0008683,O004671,P00825,1,24677.03,0,12
OI0008684,O004672,P00659,1,21008.16,20,0
OI0008685,O004672,P00106,1,8458.07,25,18
OI0008686,O004673,P00531,1,26999.58,0,0
OI0008687,O004674,P00836,2,14503.47,0,18
OI0008688,O004674,P00911,2,10966.93,0,12
OI0008689,O004675,P00519,1,3895.34,0,0
OI0008690,O004676,P00593,3,3415.76,0,18
OI0008691,O004676,P00688,1,26336.1,15,12
OI0008693,O004678,P00834,1,22285.07,20,5
OI0008694,O004678,P00855,1,15273.94,0,0
OI0008695,O004679,P00434,1,8279.38,15,12
OI0008696,O004679,P00373,2,20651.9,0,12
OI0008697,O004680,P00950,1,1534.1,0,12
OI0008698,O004680,P00631,1,9202.46,5,12
OI0008699,O004681,P00119,1,17486.03,0,0
OI0008700,O004681,P00967,1,23524.14,10,12
OI0008701,O004682,P00033,1,14161.12,0,12
OI0008702,O004682,P00882,1,20704.05,20,0
OI0008704,O004683,P00120,1,16490.5,20,5
OI0008705,O004683,P00327,2,16379.98,10,12
OI0008708,O004685,P00853,1,2961.5,15,18
OI0008709,O004686,P00804,3,10273.1,0,0
OI0008710,O004687,P00021,2,12907.2,15,0
OI0008711,O004687,P00563,1,24876.13,-5,5
OI0008714,O004689,P00091,1,13460.41,0,12
OI0008715,O004689,P00286,2,542.63,5,0
OI0008716,O004690,P00179,2,2937.39,15,12
OI0008719,O004691,P00816,1,831.91,20,12
OI0008720,O004691,P00654,1,8058.0,0,12
OI0008721,O004691,P00910,1,20875.4,10,5
OI0008722,O004692,P00091,1,13552.64,0,12
OI0008723,O004692,P00653,1,3722.32,0,18
OI0008724,O004693,P00512,2,3991.73,0,0
OI0008725,O004694,P00261,1,18742.04,25,0
OI0008726,O004694,P00811,1,11763.88,0,12
OI0008727,O004694,P00386,2,29239.17,0,12
OI0008728,O004695,P00615,2,11788.6,0,5
OI0008729,O004695,P00883,2,13260.36,0,18
OI0008730,O004696,P00875,2,15393.19,5,18
OI0008731,O004697,P00463,1,24660.74,10,0
OI0008732,O004698,P00297,3,1300.64,0,0
OI0008733,O004698,P00970,1,19201.0,0,0
OI0008734,O004698,P00229,1,18390.87,15,18
OI0008736,O004699,P00366,1,11886.89,20,5
OI0008737,O004700,P00206,4,15500.2,10,12
OI0008738,O004701,P00571,3,9542.99,20,5
OI0008739,O004702,P00146,2,8826.83,-5,0
OI0008740,O004702,P00782,2,28960.26,0,18
OI0008741,O004703,P00184,1,12997.62,0,5
OI0008742,O004704,P00182,1,1244.14,15,0
OI0008743,O004705,P00723,4,7339.55,5,12
OI0008744,O004705,P00124,2,16239.2,0,0
OI0008745,O004706,P00243,2,15085.87,0,0
OI0008746,O004706,P00440,4,14037.17,25,12
OI0008747,O004707,P00551,1,16333.22,0,0
OI0008748,O004708,P00343,3,11019.2,0,12
OI0008749,O004708,P00839,1,18212.8,5,12
OI0008750,O004708,P00646,2,14815.62,10,18
OI0008751,O004709,P00894,2,8121.9,25,0
OI0008752,O004709,P00734,1,20223.81,20,0
OI0008753,O004709,P00087,1,4322.89,0,12
OI0008754,O004710,P00990,1,28683.58,0,18
OI0008757,O004712,P00865,4,24596.57,0,0
OI0008758,O004712,P00518,3,21575.99,0,5
OI0008759,O004712,P00445,1,10580.53,15,5
OI0008760,O004713,P00619,1,10115.02,10,18
OI0008761,O004714,P00207,1,4706.95,0,0
OI0008762,O004714,P00950,1,1486.75,5,18
OI0008763,O004715,P00601,1,18485.61,20,18
OI0008764,O004715,P00740,2,11813.06,20,18
OI0008765,O004716,P00070,4,14487.88,5,0
OI0008766,O004716,P00355,3,23356.47,0,12
OI0008767,O004716,P00093,2,4517.11,25,5
OI0008768,O004717,P00459,1,23776.72,0,0
OI0008769,O004717,P00954,2,22323.63,10,12
OI0008770,O004718,P00973,2,29118.93,0,0
OI0008771,O004718,P00457,1,642.01,25,12
OI0008772,O004719,P00714,1,28965.49,0,18
OI0008773,O004719,P00140,2,28397.64,20,0
OI0008774,O004720,P00052,1,14458.57,0,5
OI0008775,O004721,P00028,3,9881.0,0,18
OI0008776,O004721,P00787,2,16335.36,10,18
OI0008777,O004721,P00862,2,25556.03,25,18
OI0008778,O004722,P00066,1,6059.43,15,12
OI0008779,O004723,P00267,1,17924.48,0,18
OI0008780,O004724,P00649,1,10719.02,25,12
OI0008781,O004725,P00936,2,27612.46,15,12
OI0008782,O004726,P00069,1,23699.84,0,5
OI0008785,O004727,P00322,1,28064.29,0,18
OI0008786,O004728,P00759,1,18411.98,20,0
OI0008787,O004729,P00678,4,21971.73,5,5
OI0008789,O004730,P00176,1,4347.42,10,18
OI0008790,O004730,P00070,2,15569.58,0,12
OI0008791,O004730,P00437,1,27370.25,15,18
OI0008792,O004731,P00722,1,17107.87,15,5
OI0008794,O004731,P00662,1,7296.78,0,12
OI0008795,O004732,P00164,1,16198.96,5,18
OI0008797,O004733,P00473,1,14261.35,15,5
OI0008798,O004733,P00540,2,5615.05,15,5
OI0008799,O004734,P00044,1,24028.28,25,5
OI0008800,O004734,P00509,1,14937.4,20,0
OI0008802,O004735,P00493,5,2730.85,5,12
OI0008803,O004735,P00845,1,6666.73,5,5
OI0008804,O004736,P00659,4,21386.62,0,12
OI0008805,O004737,P00389,1,4644.43,15,18
OI0008806,O004737,P00039,1,3782.4,25,12
OI0008807,O004738,P00888,1,1413.61,10,12
OI0008808,O004738,P00260,4,8014.25,5,5
OI0008810,O004739,P00841,1,15486.22,20,5
OI0008811,O004739,P00903,2,7055.87,25,5
OI0008812,O004740,P00478,1,24211.54,10,0
OI0008813,O004741,P00573,1,4745.46,25,12
OI0008814,O004741,P00413,1,3075.64,0,12
OI0008815,O004742,P00283,2,4850.16,10,5
OI0008816,O004742,P00214,2,1631.67,0,18
OI0008817,O004743,P00308,2,25355.72,0,0
OI0008818,O004743,P00267,4,18057.68,25,12
OI0008819,O004743,P00583,1,19211.45,5,0
OI0008820,O004744,P00963,1,3903.11,0,0
OI0008822,O004745,P00373,2,20441.82,10,12
OI0008823,O004746,P00088,3,12720.61,20,5
OI0008824,O004746,P00770,1,23884.64,20,0
OI0008825,O004746,P00690,1,20077.94,15,18
OI0008826,O004747,P00414,1,6571.61,20,18
OI0008827,O004748,P00415,5,7578.33,20,12
OI0008828,O004749,P00225,2,9112.9,0,5
OI0008829,O004750,P00673,1,9758.11,0,5
OI0008830,O004751,P00364,1,21271.94,5,5
OI0008831,O004752,P00147,1,31139.39,25,0
OI0008832,O004752,P00054,4,15581.17,0,0
OI0008833,O004753,P00032,1,21878.74,25,5
OI0008834,O004753,P00998,2,27914.44,20,18
OI0008835,O004754,P00092,5,22176.4,15,12
OI0008836,O004754,P00244,4,2276.76,20,5
OI0008837,O004755,P00090,2,18144.85,0,0
OI0008840,O004757,P00619,1,10570.05,5,12
OI0008841,O004758,P00316,1,24130.78,0,18
OI0008842,O004759,P00731,1,27009.42,5,12
OI0008843,O004760,P00278,1,19543.27,10,5
OI0008844,O004760,P00451,3,28420.17,15,18
OI0008845,O004761,P00095,1,22870.1,10,0
OI0008846,O004761,P00997,2,6014.53,20,18
OI0008847,O004762,P00660,2,1728.03,20,12
OI0008848,O004763,P00723,1,7344.09,15,18
OI0008849,O004764,P00376,1,26500.4,20,5
OI0008850,O004764,P00993,1,14058.39,0,12
OI0008851,O004765,P00248,1,18443.44,5,18
OI0008852,O004765,P00363,1,23972.04,0,5
OI0008853,O004766,P00681,1,29216.57,15,12
OI0008855,O004766,P00861,1,1775.72,25,5
OI0008856,O004767,P00898,2,4192.61,25,18
OI0008857,O004767,P00624,1,27779.05,5,0
OI0008858,O004767,P00494,1,9890.06,0,5
OI0008859,O004768,P00875,3,16410.42,15,18
OI0008860,O004769,P00051,1,15550.74,0,0
OI0008861,O004769,P00825,2,23669.88,15,5
OI0008862,O004770,P00995,1,13387.96,20,0
OI0008863,O004771,P00349,2,10814.73,25,12
OI0008864,O004771,P00235,1,9950.94,5,18
OI0008865,O004772,P00146,1,9539.0,5,5
OI0008866,O004773,P00233,1,4668.61,15,12
OI0008867,O004773,P00598,2,5909.47,0,18
OI0008868,O004773,P00934,3,26269.07,10,18
OI0008869,O004774,P00428,1,18245.55,10,18
OI0008870,O004774,P00813,1,9527.11,0,12
OI0008871,O004775,P00319,1,22344.7,15,12
OI0008872,O004776,P00573,1,4739.23,0,0
OI0008873,O004777,P00653,1,3880.75,25,12
OI0008874,O004777,P00376,1,25368.67,15,18
OI0008875,O004778,P00010,2,12075.57,15,12
OI0008876,O004778,P00379,1,19371.01,20,0
OI0008877,O004779,P00533,1,2110.1,20,0
OI0008878,O004779,P00608,1,19306.96,10,0
OI0008879,O004780,P00509,1,14867.1,0,0
OI0008880,O004780,P00427,1,23588.35,10,5
OI0008881,O004781,P00887,1,22535.21,0,12
OI0008882,O004781,P00777,1,22969.86,0,0
OI0008883,O004782,P00238,1,14063.13,10,12
OI0008884,O004783,P00049,1,23462.69,0,18
OI0008886,O004783,P00732,1,18178.83,20,0
OI0008887,O004784,P00692,1,14871.26,15,18
OI0008888,O004784,P00664,1,390.42,0,5
OI0008889,O004784,P00815,2,26182.41,0,12
OI0008890,O004785,P00453,1,413.23,0,12
OI0008891,O004785,P00227,1,9624.7,10,18
OI0008892,O004785,P00429,1,658.02,0,0
OI0008893,O004786,P00604,2,26992.01,25,18
OI0008894,O004786,P00433,3,720.63,0,0
OI0008896,O004787,P00608,1,19894.18,0,5
OI0008897,O004788,P00206,4,14268.89,10,5
OI0008898,O004788,P00876,1,8876.34,0,18
OI0008899,O004789,P00113,1,16828.43,20,5
OI0008900,O004789,P00763,2,24016.72,0,0
OI0008901,O004789,P00194,2,29845.82,15,5
OI0008902,O004790,P00020,1,23172.15,0,0
OI0008903,O004790,P00805,5,7732.76,0,18
OI0008904,O004790,P00811,5,11579.89,20,12
OI0008905,O004791,P00467,2,22206.38,0,0
OI0008908,O004793,P00849,3,4398.22,15,0
OI0008909,O004793,P00763,1,23396.55,15,12
OI0008910,O004794,P00357,2,12471.67,5,12
OI0008911,O004795,P00228,2,10800.72,20,5
OI0008912,O004795,P00115,1,27106.02,5,18
OI0008913,O004796,P00210,1,4300.36,0,12
OI0008914,O004797,P00153,3,25642.79,5,5
OI0008915,O004798,P00065,1,28262.47,0,0
OI0008916,O004799,P00278,1,20320.63,5,12
OI0008917,O004800,P00200,1,7981.25,0,12
OI0008918,O004801,P00779,1,2304.73,10,18
OI0008919,O004801,P00317,2,31164.68,0,5
OI0008920,O004801,P00717,2,24335.13,0,12
OI0008922,O004802,P00655,4,22609.88,0,18
OI0008923,O004803,P00517,1,29482.88,15,18
OI0008924,O004803,P00672,3,15824.49,0,18
OI0008926,O004804,P00043,2,8438.12,20,0
OI0008927,O004804,P00778,1,19531.31,0,0
OI0008929,O004805,P00570,3,11354.33,25,5
OI0008930,O004806,P00708,2,3259.57,0,18
OI0008931,O004806,P00891,1,1932.0,0,18
OI0008932,O004807,P00826,1,10351.13,0,0
OI0008933,O004807,P00716,2,6256.12,20,12
OI0008934,O004807,P00518,1,21697.74,0,18
OI0008935,O004808,P00084,2,29950.26,0,12
OI0008936,O004808,P00163,2,4835.02,5,18
OI0008937,O004809,P00310,1,6293.02,0,18
OI0008938,O004809,P00618,1,14778.51,-5,5
OI0008939,O004809,P00505,3,18282.16,20,0
OI0008940,O004810,P00935,4,7473.75,0,12
OI0008941,O004810,P00784,1,8466.16,20,5
OI0008942,O004811,P00444,1,7241.29,0,18
OI0008944,O004812,P00369,1,28439.96,0,0
OI0008945,O004813,P00244,1,2306.31,0,5
OI0008946,O004813,P00997,2,6187.59,10,12
OI0008948,O004814,P00804,3,10580.82,0,5
OI0008949,O004815,P00049,1,23087.95,5,18
OI0008950,O004815,P00016,2,11463.8,20,12
OI0008951,O004815,P00839,1,17484.17,20,12
OI0008952,O004816,P00275,1,10373.08,10,0
OI0008953,O004816,P00744,1,8748.67,20,12
OI0008954,O004817,P00005,1,28045.94,5,5
OI0008955,O004817,P00584,1,21094.29,15,5
OI0008956,O004818,P00732,1,16858.7,25,18
OI0008957,O004819,P00210,3,4314.9,0,5
OI0008958,O004819,P00117,1,25287.43,0,0
OI0008959,O004820,P00606,2,26715.83,-5,18
OI0008960,O004820,P00761,2,9924.59,20,0
OI0008961,O004821,P00977,2,1548.31,0,18
OI0008962,O004821,P00667,1,20174.94,0,5
OI0008963,O004822,P00931,2,4094.37,5,5
OI0008964,O004822,P00539,1,12676.89,25,18
OI0008966,O004823,P00062,2,25820.74,0,18
OI0008967,O004823,P00510,2,4408.62,5,18
OI0008968,O004824,P00178,1,10365.87,20,18
OI0008969,O004824,P00888,1,1348.66,15,12
OI0008970,O004825,P00449,1,2359.6,0,12
OI0008971,O004825,P00551,1,15783.0,15,18
OI0008972,O004826,P00749,1,1396.49,0,0
OI0008973,O004826,P00737,1,24143.06,0,0
OI0008974,O004827,P00973,1,27030.65,15,12
OI0008975,O004827,P00369,1,28673.19,15,5
OI0008976,O004828,P00084,1,29603.96,-5,18
OI0008977,O004829,P00697,3,12054.47,25,12
OI0008978,O004829,P00510,5,4761.01,25,12
OI0008979,O004830,P00704,2,14317.48,0,5
OI0008980,O004830,P00884,4,9801.9,0,18
OI0008981,O004831,P00124,1,15616.48,10,12
OI0008982,O004832,P00143,1,2921.6,15,5
OI0008983,O004833,P00414,1,6352.6,0,0
OI0008984,O004833,P00462,2,17260.7,0,12
OI0008986,O004835,P00158,1,13154.37,5,12
OI0008987,O004835,P00611,2,4090.64,0,18
OI0008989,O004836,P00120,4,16498.19,5,0
OI0008990,O004836,P00121,2,6792.22,25,5
OI0008991,O004837,P00972,3,19572.65,0,12
OI0008992,O004837,P00335,3,21987.69,20,12
OI0008993,O004838,P00580,1,7887.5,25,18
OI0008994,O004839,P00685,1,242.47,5,18
OI0008995,O004839,P00520,1,29065.42,25,5
OI0008996,O004840,P00600,1,13065.43,0,18
OI0008998,O004841,P00057,1,12252.02,0,0
OI0008999,O004842,P00831,3,6873.87,20,0
OI0009000,O004842,P00168,1,16528.84,15,5
OI0009001,O004842,P00594,1,14517.99,5,5
OI0009002,O004843,P00862,1,24892.11,15,12
OI0009003,O004844,P00254,1,27534.01,20,0
OI0009004,O004844,P00057,2,12332.69,20,0
OI0009005,O004845,P00427,1,21559.37,15,12
OI0009007,O004847,P00415,3,7788.92,5,5
OI0009009,O004848,P00447,1,22272.95,10,12
OI0009010,O004849,P00159,1,13083.72,0,5
OI0009011,O004849,P00372,1,20603.69,0,0
OI0009013,O004850,P00334,3,18184.5,15,12
OI0009015,O004851,P00785,2,7488.14,0,18
OI0009016,O004851,P00634,2,8875.87,25,12
OI0009017,O004852,P00979,1,6284.19,10,5
OI0009020,O004855,P00528,2,27299.8,0,12
OI0009021,O004855,P00534,1,3296.87,0,18
OI0009022,O004856,P00753,1,28552.0,15,5
OI0009023,O004856,P00042,1,29100.81,20,18
OI0009024,O004857,P00077,2,3353.57,0,12
OI0009025,O004858,P00908,2,8625.77,15,12
OI0009026,O004859,P00550,2,5882.16,5,0
OI0009027,O004859,P00785,5,7435.93,0,5
OI0009028,O004860,P00472,1,4508.05,0,12
OI0009030,O004862,P00430,1,13431.42,25,12
OI0009031,O004862,P00514,1,12345.22,25,18
OI0009032,O004862,P00775,1,18622.64,5,5
OI0009034,O004863,P00511,2,19249.22,0,12
OI0009035,O004863,P00190,2,9037.43,15,0
OI0009036,O004864,P00591,2,13560.54,5,0
OI0009037,O004865,P00626,1,2368.43,20,12
OI0009038,O004865,P00698,1,16047.11,25,18
OI0009039,O004866,P00927,4,25449.22,5,12
OI0009040,O004867,P00669,2,21977.29,10,5
OI0009041,O004868,P00427,2,21663.87,25,18
OI0009042,O004868,P00522,1,18673.52,0,18
OI0009043,O004869,P00722,1,17457.81,0,5
OI0009044,O004870,P00957,1,18551.06,25,12
OI0009045,O004870,P00092,1,20820.76,20,0
OI0009046,O004870,P00027,1,15537.5,0,5
OI0009047,O004871,P00375,1,12973.78,10,12
OI0009048,O004872,P00449,2,2507.39,10,5
OI0009049,O004872,P00617,2,10895.16,0,0
OI0009050,O004873,P00329,2,904.24,5,18
OI0009051,O004873,P00367,3,6642.21,25,0
OI0009052,O004874,P00078,1,13131.35,0,12
OI0009053,O004874,P00396,1,4564.76,0,0
OI0009054,O004874,P00312,1,25663.0,0,18
OI0009055,O004875,P00104,2,13156.7,0,12
OI0009056,O004875,P00264,1,12711.31,10,5
OI0009057,O004875,P00661,2,27746.52,0,0
OI0009058,O004876,P00401,3,21032.04,0,18
OI0009059,O004876,P00073,2,29091.67,15,18
OI0009060,O004877,P00975,3,8318.8,0,0
OI0009061,O004877,P00280,1,8926.14,0,0
OI0009062,O004878,P00139,2,2456.05,0,0
OI0009063,O004879,P00840,1,15617.18,0,0
OI0009064,O004879,P00921,2,15008.68,20,0
OI0009066,O004881,P00474,1,21669.85,25,18
OI0009067,O004881,P00276,1,19403.77,25,5
OI0009069,O004883,P00862,2,26368.21,10,0
OI0009070,O004883,P00702,1,915.09,0,18
OI0009071,O004884,P00531,3,27812.87,20,18
OI0009072,O004885,P00980,3,10882.72,0,5
OI0009073,O004885,P00583,1,19287.12,5,5
OI0009074,O004885,P00904,1,24873.96,0,0
OI0009076,O004886,P00096,5,21050.5,10,0
OI0009080,O004889,P00940,2,28595.24,0,18
OI0009081,O004889,P00086,1,15267.09,20,18
OI0009082,O004890,P00986,1,19262.72,25,5
OI0009083,O004890,P00070,2,15034.69,10,5
OI0009084,O004891,P00104,1,13377.53,0,0
OI0009085,O004891,P00189,2,6139.55,0,18
OI0009086,O004891,P00442,1,12083.82,0,5
OI0009087,O004892,P00632,2,24801.51,10,5
OI0009088,O004893,P00505,1,18104.15,0,12
OI0009089,O004894,P00692,1,14806.37,25,12
OI0009090,O004894,P00701,2,1467.11,0,0
OI0009091,O004895,P00447,1,22210.54,25,5
OI0009092,O004895,P00197,1,29499.82,15,5
OI0009093,O004895,P00628,1,1152.32,0,0
OI0009094,O004896,P00456,1,3684.84,10,18
OI0009095,O004897,P00482,3,29800.53,25,5
OI0009096,O004897,P00977,1,1604.3,0,18
OI0009097,O004898,P00705,1,24006.12,0,0
OI0009098,O004899,P00659,2,21179.75,25,12
OI0009099,O004899,P00700,2,29459.33,20,5
OI0009100,O004900,P00882,2,20393.58,0,12
OI0009101,O004900,P00814,1,1377.86,0,12
OI0009102,O004901,P00419,3,24877.97,0,12
OI0009103,O004902,P00711,1,25250.3,0,12
OI0009104,O004903,P00752,1,277.76,5,12
OI0009105,O004904,P00158,1,12148.97,0,0
OI0009108,O004905,P00431,1,25446.76,0,5
OI0009110,O004906,P00562,1,12096.01,25,0
OI0009113,O004907,P00715,1,23948.01,5,12
OI0009114,O004908,P00666,3,3281.45,20,12
OI0009115,O004908,P00714,1,29045.17,25,12
OI0009116,O004909,P00149,2,30990.55,25,0
OI0009117,O004910,P00984,2,7781.77,25,12
OI0009118,O004910,P00832,1,17308.53,20,0
OI0009119,O004911,P00338,1,9641.08,0,0
OI0009120,O004912,P00312,3,26543.65,0,18
OI0009121,O004912,P00456,1,3603.45,25,18
OI0009122,O004913,P00197,1,30438.47,0,18
OI0009123,O004914,P00048,1,4063.0,15,0
OI0009124,O004915,P00713,1,3161.5,20,0
OI0009125,O004916,P00440,4,13249.96,-5,5
OI0009126,O004916,P00704,1,14558.44,15,12
OI0009127,O004916,P00101,2,15973.4,5,12
OI0009129,O004917,P00705,2,25221.03,0,5
OI0009130,O004918,P00247,1,17695.06,0,12
OI0009133,O004919,P00225,1,9630.65,25,0
OI0009134,O004919,P00695,1,10466.42,10,5
OI0009135,O004919,P00491,2,22511.09,20,5
OI0009136,O004920,P00514,2,12751.5,5,0
OI0009137,O004920,P00859,2,27841.37,0,5
OI0009138,O004921,P00045,1,25619.19,20,5
OI0009139,O004922,P00438,4,13764.77,15,18
OI0009140,O004923,P00588,3,24825.51,0,0
OI0009141,O004923,P00831,4,7286.69,0,12
OI0009142,O004924,P00169,1,3879.66,10,5
OI0009143,O004924,P00176,2,4152.24,0,18
OI0009144,O004925,P00316,1,24567.65,0,0
OI0009145,O004926,P00449,1,2507.0,15,18
OI0009146,O004927,P00968,3,5703.82,5,18
OI0009148,O004928,P00562,2,12557.33,5,18
OI0009149,O004929,P00548,1,20935.87,0,0
OI0009150,O004930,P00804,2,10249.87,10,18
OI0009151,O004930,P00659,2,20345.76,0,0
OI0009153,O004931,P00794,1,5227.9,0,18
OI0009154,O004932,P00305,1,3052.53,5,18
OI0009155,O004933,P00213,2,13529.72,10,12
OI0009157,O004933,P00625,1,25450.73,20,18
OI0009158,O004934,P00180,2,23290.59,10,18
OI0009159,O004934,P00075,2,18237.18,15,5
OI0009160,O004935,P00874,2,7582.74,0,12
OI0009162,O004936,P00533,3,2244.95,0,5
OI0009163,O004936,P00235,5,9697.6,0,5
OI0009164,O004937,P00804,2,10609.5,-5,0
OI0009165,O004938,P00696,1,22517.34,0,12
OI0009166,O004938,P00936,2,26869.48,5,5
OI0009167,O004939,P00153,1,26354.79,25,5
OI0009168,O004939,P00669,1,21954.3,10,0
OI0009169,O004939,P01000,2,24886.52,20,5
OI0009170,O004940,P00594,1,14888.7,20,12
OI0009171,O004940,P00857,1,1223.28,25,18
OI0009172,O004941,P00441,1,7289.17,0,18
OI0009173,O004941,P00062,2,27427.64,0,12
OI0009174,O004942,P00402,1,30212.11,0,0
OI0009175,O004942,P00059,4,16098.72,15,18
OI0009176,O004942,P00086,1,14915.81,0,0
OI0009177,O004943,P00058,5,18875.02,25,5
OI0009178,O004943,P00364,2,19629.89,0,0
OI0009179,O004943,P00681,2,28318.78,20,0
OI0009180,O004944,P00937,2,3300.41,20,5
OI0009181,O004944,P00422,3,23588.86,20,12
OI0009183,O004946,P00713,2,3116.62,5,18
OI0009184,O004946,P00503,2,22921.55,0,0
OI0009186,O004947,P00754,1,25595.79,10,5
OI0009187,O004948,P00562,2,12612.59,5,5
OI0009188,O004948,P00273,2,10197.52,10,5
OI0009189,O004949,P00543,1,6152.25,5,0
OI0009190,O004950,P00464,1,849.08,0,0
OI0009191,O004950,P00832,1,17229.53,0,5
OI0009192,O004951,P00121,2,6709.92,20,5
OI0009193,O004951,P00753,4,28685.48,0,0
OI0009194,O004952,P00501,1,1022.84,10,5
OI0009195,O004952,P00948,4,8052.69,0,18
OI0009196,O004953,P00407,1,12228.92,5,18
OI0009197,O004953,P00869,1,1382.54,15,18
OI0009198,O004954,P00246,1,6594.37,10,18
OI0009199,O004954,P00370,5,5516.8,0,5
OI0009200,O004955,P00141,1,18910.02,5,0
OI0009202,O004956,P00737,2,22334.9,25,0
OI0009203,O004957,P00678,2,21641.8,10,18
OI0009204,O004957,P00911,1,11136.89,20,5
OI0009206,O004958,P00820,1,18053.65,25,18
OI0009210,O004961,P00828,4,7836.11,15,12
OI0009211,O004961,P00159,1,12563.28,10,18
OI0009212,O004962,P00130,5,23945.59,0,12
OI0009213,O004962,P00580,1,7723.08,0,18
OI0009214,O004962,P00948,1,8613.66,0,5
OI0009215,O004963,P00877,4,29217.08,20,18
OI0009216,O004963,P00812,1,3617.01,0,18
OI0009217,O004964,P00371,1,18513.99,20,0
OI0009218,O004964,P00132,4,4943.4,25,12
OI0009220,O004966,P00953,1,461.1,25,0
OI0009221,O004966,P00028,1,10851.87,25,0
OI0009222,O004967,P00306,3,18387.09,15,12
OI0009223,O004967,P00659,1,21211.01,15,0
OI0009225,O004968,P00347,3,26822.38,20,5
OI0009226,O004969,P00034,1,23825.43,20,18
OI0009227,O004969,P00205,1,17254.57,0,18
OI0009228,O004969,P00056,2,14255.42,0,5
OI0009229,O004970,P00752,4,290.62,10,5
OI0009230,O004971,P00455,2,1387.05,0,5
OI0009231,O004971,P00594,1,14500.03,0,18
OI0009232,O004972,P00816,1,853.09,5,5
OI0009233,O004972,P00497,1,8999.33,0,5
OI0009234,O004973,P00089,1,29282.2,0,18
OI0009235,O004973,P00670,1,20827.79,20,18
OI0009237,O004974,P00505,2,19832.54,5,5
OI0009238,O004974,P00399,5,5130.59,10,0
OI0009239,O004975,P00140,2,29071.19,25,12
OI0009240,O004975,P00180,1,23172.99,5,12
OI0009241,O004976,P00183,1,24275.84,0,12
OI0009242,O004976,P00915,1,4341.09,25,12
OI0009243,O004977,P00127,1,15420.46,10,18
OI0009244,O004978,P00321,1,2000.48,25,18
OI0009245,O004978,P00506,3,11123.9,-5,5
OI0009246,O004979,P00499,1,20128.28,10,5
OI0009247,O004979,P00983,3,2898.9,0,0
OI0009248,O004980,P00081,1,13382.7,5,0
OI0009249,O004980,P00091,2,13758.72,15,0
OI0009250,O004981,P00630,1,16376.74,20,0
OI0009251,O004981,P00643,1,13741.48,5,18
OI0009252,O004982,P00677,1,16248.97,25,18
OI0009253,O004982,P00056,1,14783.82,10,5
OI0009254,O004983,P00747,1,27542.19,-5,5
OI0009255,O004983,P00214,1,1605.04,0,12
OI0009256,O004984,P00454,2,13861.22,15,5
OI0009257,O004985,P00942,1,7719.9,0,18
OI0009258,O004985,P00562,1,12108.89,15,0
OI0009259,O004985,P00733,1,7250.39,0,5
OI0009260,O004986,P00569,1,27427.54,15,18
OI0009261,O004986,P00107,2,3538.36,20,18
OI0009262,O004987,P00892,2,17705.44,20,5
OI0009263,O004987,P00827,2,9136.24,25,0
OI0009264,O004988,P00377,1,24206.6,0,12
OI0009265,O004989,P00623,2,4705.57,25,5
OI0009266,O004990,P00067,2,17628.26,0,5
OI0009267,O004991,P00017,1,11049.82,15,18
OI0009268,O004992,P00087,1,4329.93,15,12
OI0009270,O004993,P00320,1,2289.96,20,18
OI0009271,O004993,P00874,3,7244.15,25,18
OI0009272,O004994,P00514,1,13157.46,15,12
OI0009273,O004994,P00351,1,1161.0,15,5
OI0009274,O004995,P00044,1,22397.97,0,0
OI0009275,O004995,P00282,1,14894.86,0,5
OI0009276,O004995,P00457,2,643.18,0,12
OI0009277,O004996,P00273,2,10071.29,25,12
OI0009278,O004996,P00233,1,4514.42,5,5
OI0009279,O004997,P00714,1,28052.47,0,5
OI0009280,O004997,P00148,2,9082.83,0,5
OI0009281,O004998,P00520,3,27534.59,20,5
OI0009282,O004998,P00216,1,29351.85,-5,12
OI0009283,O004999,P00789,1,30282.24,10,18
OI0009284,O005000,P00238,1,13927.21,20,12
OI0009285,O005000,P00319,1,23019.21,10,5
OI0009286,O005001,P00042,4,27687.42,15,0
OI0009287,O005001,P00727,2,13087.16,15,0
OI0009288,O005002,P00662,1,7637.72,20,12
OI0009289,O005002,P00394,1,5691.68,25,18
OI0009290,O005003,P00164,1,17263.12,0,12
OI0009291,O005004,P00017,5,11185.42,0,5
OI0009292,O005004,P00645,1,25423.39,15,0
OI0009293,O005005,P00948,3,8077.88,15,0
OI0009294,O005005,P00590,1,3424.7,0,0
OI0009295,O005005,P00095,1,21699.98,0,5
OI0009296,O005006,P00213,1,13699.24,20,0
OI0009297,O005006,P00848,1,229.1,0,5
OI0009298,O005007,P00048,2,4140.07,5,0
OI0009299,O005007,P00907,1,16401.27,5,0
OI0009300,O005008,P00724,1,16012.84,15,5
OI0009301,O005009,P00934,2,26595.8,0,0
OI0009302,O005010,P00644,2,26900.37,10,18
OI0009303,O005011,P00660,1,1699.22,0,5
OI0009304,O005012,P00481,1,15869.27,0,0
OI0009305,O005012,P00332,1,9965.18,0,5
OI0009306,O005013,P00573,1,4414.33,25,5
OI0009307,O005014,P00708,2,3369.76,10,0
OI0009308,O005014,P00499,1,19383.87,10,5
OI0009309,O005015,P00609,4,9881.89,0,5
OI0009310,O005015,P00687,1,22294.38,20,12
OI0009312,O005016,P00339,1,23194.6,0,12
OI0009314,O005017,P00911,2,11058.1,10,0
OI0009315,O005018,P00325,1,5731.7,25,5
OI0009316,O005018,P00605,3,6245.17,0,12
OI0009317,O005019,P00327,1,16964.3,0,0
OI0009318,O005020,P00866,5,29576.51,0,12
OI0009319,O005021,P00865,1,22782.4,25,0
OI0009320,O005021,P00993,1,14444.85,20,0
OI0009321,O005021,P00110,4,1036.9,10,5
OI0009322,O005022,P00683,2,14827.83,0,0
OI0009323,O005023,P00710,2,20175.92,10,5
OI0009326,O005024,P00133,2,25475.18,10,18
OI0009327,O005025,P00785,1,7036.64,20,12
OI0009328,O005026,P00388,1,15434.87,0,12
OI0009329,O005026,P00624,3,26665.84,0,12
OI0009330,O005026,P00533,2,2095.01,20,5
OI0009331,O005027,P00719,3,24661.02,0,5
OI0009332,O005028,P00481,3,15803.53,5,18
OI0009333,O005028,P00288,2,17586.63,5,0
OI0009335,O005029,P00126,1,11790.16,0,0
OI0009336,O005030,P00372,1,20029.97,-5,0
OI0009337,O005030,P00311,2,29967.57,15,12
OI0009339,O005031,P00059,2,14982.33,25,0
OI0009341,O005032,P00228,4,10543.91,0,12
OI0009342,O005032,P00869,2,1364.11,10,5
OI0009343,O005033,P00008,3,26566.37,0,12
OI0009344,O005033,P00366,1,11266.9,0,12
OI0009345,O005033,P00675,1,9473.23,0,5
OI0009346,O005034,P00196,1,5217.95,10,0
OI0009347,O005034,P00574,1,13080.53,15,5
OI0009348,O005035,P00321,1,2003.3,15,18
OI0009350,O005037,P00330,1,24432.6,15,12
OI0009351,O005037,P00351,2,1235.13,25,18
OI0009352,O005038,P00589,1,10574.31,15,12
OI0009353,O005038,P00403,4,18362.07,0,18
OI0009354,O005038,P00573,1,4503.02,0,5
OI0009355,O005039,P00487,2,4357.74,15,0
OI0009356,O005039,P00929,2,2018.13,15,0
OI0009357,O005039,P00168,1,15438.72,0,18
OI0009358,O005040,P00293,3,8412.14,0,0
OI0009359,O005041,P00406,2,26761.89,0,5
OI0009360,O005042,P00086,1,14779.59,0,12
OI0009361,O005042,P00885,1,1622.34,10,0
OI0009362,O005043,P00354,2,18630.38,25,12
OI0009363,O005044,P00020,2,24995.25,20,5
OI0009364,O005044,P00823,1,7652.8,20,18
OI0009365,O005045,P00226,2,24676.07,10,12
OI0009366,O005045,P00754,2,24283.5,0,5
OI0009367,O005046,P00385,2,22153.6,0,5
OI0009368,O005047,P00453,2,423.37,5,5
OI0009369,O005047,P00375,4,13155.6,10,0
OI0009370,O005048,P00809,3,7118.41,15,5
OI0009371,O005048,P00111,5,12133.09,15,5
OI0009372,O005049,P00655,2,23114.89,25,18
OI0009373,O005050,P00579,1,17394.76,5,0
OI0009374,O005051,P00600,1,13363.45,10,5
OI0009376,O005052,P00592,1,3713.52,5,5
OI0009377,O005052,P00905,1,26920.93,20,0
OI0009378,O005053,P00163,4,5027.67,5,12
OI0009379,O005054,P00556,5,15683.94,20,5
OI0009380,O005054,P00197,2,30595.34,15,12
OI0009381,O005054,P00996,2,8763.1,15,18
OI0009382,O005055,P00712,1,28930.39,25,12
OI0009383,O005055,P00225,1,9688.57,20,18
OI0009384,O005056,P00798,1,10034.44,-5,12
OI0009385,O005057,P00368,3,15109.87,0,18
OI0009386,O005057,P00841,2,16134.18,20,12
OI0009387,O005058,P00140,1,29759.26,5,0
OI0009388,O005059,P00473,1,14127.94,5,18
OI0009389,O005059,P00468,3,23452.64,10,18
OI0009390,O005060,P00133,3,25820.22,20,12
OI0009391,O005060,P00926,2,24688.15,0,0
OI0009392,O005061,P00829,1,12262.89,0,5
OI0009393,O005061,P00092,1,22451.24,0,0
OI0009394,O005062,P00055,4,25978.22,0,12
OI0009395,O005062,P00111,1,12249.94,0,0
OI0009396,O005063,P00999,1,9865.62,25,12
OI0009397,O005063,P00785,1,6986.72,0,5
OI0009398,O005064,P00676,3,19218.44,10,5
OI0009399,O005065,P00507,1,29288.11,0,12
OI0009400,O005066,P00907,1,16517.86,20,18
OI0009401,O005067,P00444,1,7705.55,20,5
OI0009402,O005068,P00882,2,19951.41,0,18
OI0009403,O005069,P00479,2,20783.01,20,18
OI0009404,O005069,P00644,2,26524.5,10,18
OI0009405,O005070,P00259,1,23697.27,20,0
OI0009406,O005071,P00004,1,14068.72,10,0
OI0009407,O005071,P00058,3,19051.03,20,0
OI0009408,O005072,P00625,1,25792.65,15,0
OI0009409,O005073,P00150,1,17461.59,10,18
OI0009410,O005074,P00087,1,4359.57,25,18
OI0009411,O005074,P00621,1,16166.26,10,18
OI0009412,O005075,P00864,4,12529.99,0,5
OI0009413,O005076,P00930,1,9995.32,10,0
OI0009414,O005076,P00442,4,11504.24,15,5
OI0009415,O005077,P00577,1,26561.63,10,5
OI0009416,O005078,P00358,1,4385.12,15,12
OI0009417,O005078,P00173,2,3023.2,25,0
OI0009418,O005078,P00791,1,1322.93,0,12
OI0009419,O005079,P00136,1,19427.54,0,5
OI0009420,O005079,P00489,1,11147.0,0,0
OI0009421,O005080,P00680,2,6689.63,5,18
OI0009422,O005080,P00934,1,25807.08,0,12
OI0009423,O005081,P00307,1,28603.65,-5,5
OI0009424,O005081,P00566,1,14203.46,25,12
OI0009425,O005081,P00901,1,3905.93,20,5
OI0009426,O005082,P00667,1,21725.41,0,12
OI0009427,O005083,P00833,2,25564.32,20,12
OI0009428,O005083,P00282,1,14884.66,15,0
OI0009429,O005084,P00295,1,5183.72,25,0
OI0009430,O005084,P00722,1,17132.36,-5,0
OI0009431,O005085,P00463,1,24832.87,0,5
OI0009432,O005086,P00311,3,28809.95,25,12
OI0009433,O005087,P00127,2,15551.2,10,12
OI0009434,O005087,P00430,1,13005.08,0,12
OI0009435,O005088,P00786,3,27784.24,15,12
OI0009437,O005089,P00533,1,2075.21,5,5
OI0009438,O005089,P00266,1,4924.42,25,5
OI0009439,O005090,P00513,1,28513.71,5,12
OI0009441,O005091,P00398,3,1681.94,0,0
OI0009442,O005092,P00192,4,14985.46,10,12
OI0009443,O005093,P00368,3,15675.72,20,18
OI0009444,O005094,P00606,1,26155.59,0,0
OI0009445,O005094,P00937,2,3213.43,0,5
OI0009446,O005095,P00684,2,21448.13,10,18
OI0009448,O005095,P00986,3,18583.23,0,5
OI0009449,O005096,P00869,1,1355.03,0,5
OI0009450,O005096,P00583,1,20498.54,20,18
OI0009451,O005097,P00810,2,25051.55,15,18
OI0009452,O005098,P00254,1,28191.91,25,12
OI0009453,O005098,P00917,2,1271.61,15,12
OI0009454,O005099,P00923,1,4845.7,25,12
OI0009455,O005099,P00327,1,16913.8,0,0
OI0009456,O005100,P00515,1,22383.82,10,5
OI0009457,O005101,P00396,1,4430.83,0,5
OI0009458,O005101,P00433,2,688.63,20,12
OI0009459,O005102,P00375,2,13820.95,10,18
OI0009460,O005103,P00387,1,323.49,0,12
OI0009461,O005104,P00259,1,25047.63,20,12
OI0009463,O005104,P00394,1,5713.6,0,12
OI0009464,O005105,P00442,1,11508.89,0,12
OI0009465,O005105,P00967,2,21394.76,10,12
OI0009466,O005106,P00754,2,26272.84,0,0
OI0009467,O005106,P00689,1,29168.11,0,0
OI0009468,O005106,P00718,1,6875.3,5,18
OI0009469,O005107,P00694,1,22215.52,20,0
OI0009470,O005108,P00475,1,25358.22,25,5
OI0009471,O005109,P00233,3,4596.72,0,18
OI0009472,O005110,P00918,1,26634.93,0,0
OI0009474,O005110,P00196,1,5482.93,5,12
OI0009476,O005112,P00503,2,22705.99,0,0
OI0009477,O005113,P00219,1,14470.63,0,12
OI0009478,O005113,P00032,2,20210.24,0,0
OI0009479,O005113,P00712,1,29706.78,0,18
OI0009480,O005114,P00998,1,27103.07,20,12
OI0009481,O005114,P00451,3,30232.26,25,5
OI0009482,O005115,P00047,1,26623.63,0,5
OI0009483,O005115,P00643,1,13196.81,0,5
OI0009484,O005116,P00699,2,23741.08,0,12
OI0009485,O005117,P00571,4,9600.98,0,12
OI0009486,O005118,P00606,1,28343.89,-5,18
OI0009487,O005118,P00197,1,28905.61,25,12
OI0009488,O005119,P00778,2,17894.35,0,18
OI0009489,O005120,P00370,1,5397.35,15,5
OI0009490,O005121,P00827,2,8945.89,15,18
OI0009491,O005122,P00561,1,28432.16,0,12
OI0009492,O005122,P00517,5,29019.27,5,18
OI0009493,O005123,P00853,1,2897.77,0,12
OI0009494,O005123,P00067,1,17128.36,20,18
OI0009495,O005124,P00782,1,28487.74,25,18
OI0009496,O005125,P00408,1,24023.93,20,18
OI0009498,O005126,P00930,2,10379.89,10,12
OI0009499,O005126,P00848,1,228.25,0,0
OI0009501,O005127,P00549,4,13587.43,0,18
OI0009502,O005128,P00662,1,7429.63,10,12
OI0009503,O005129,P00753,3,27699.42,25,0
OI0009505,O005130,P00052,1,14058.85,15,18
OI0009506,O005130,P00094,1,10447.45,0,18
OI0009507,O005131,P00692,2,15049.38,5,5
OI0009508,O005132,P00379,2,19648.81,0,5
OI0009509,O005132,P00821,1,18877.42,5,18
OI0009510,O005132,P00661,3,27296.18,10,0
OI0009512,O005133,P00126,2,11620.62,0,0
OI0009513,O005134,P00669,1,22120.62,0,0
OI0009514,O005135,P00790,3,28053.65,10,18
OI0009515,O005135,P00905,1,27273.87,10,18
OI0009516,O005135,P00385,1,22564.89,20,12
OI0009518,O005137,P00129,1,8642.81,5,18
OI0009521,O005138,P00440,1,13738.31,15,12
OI0009523,O005139,P00950,1,1453.56,5,12
OI0009524,O005139,P00750,1,10489.11,20,5
OI0009526,O005140,P00041,1,1134.49,5,12
OI0009527,O005141,P00001,1,9505.91,20,0
OI0009528,O005141,P00777,1,22872.18,0,18
OI0009529,O005142,P00943,2,7619.07,0,12
OI0009530,O005143,P00236,3,11971.77,10,12
OI0009531,O005144,P00875,1,15532.5,10,0
OI0009532,O005145,P00968,2,5809.44,-5,0
OI0009533,O005145,P00440,1,14474.84,25,18
OI0009534,O005146,P00165,2,28796.15,5,18
OI0009535,O005147,P00482,1,29769.42,20,18
OI0009536,O005147,P00056,3,13846.41,5,12
OI0009537,O005147,P00798,2,10168.45,5,0
OI0009538,O005148,P00859,2,28587.9,25,5
OI0009539,O005148,P00565,2,997.02,15,18
OI0009540,O005149,P00103,3,13485.11,5,18
OI0009542,O005150,P00800,1,19237.44,15,0
OI0009543,O005150,P00037,3,14325.83,0,5
OI0009544,O005150,P00580,2,8008.64,15,0
OI0009545,O005151,P00790,1,26118.65,15,5
OI0009546,O005151,P00939,1,10114.25,0,0
OI0009547,O005152,P00082,4,25895.19,0,5
OI0009548,O005153,P00222,2,2001.9,0,0
OI0009549,O005154,P00313,3,5764.54,5,18
OI0009550,O005155,P00113,1,16142.66,10,0
OI0009552,O005156,P00551,4,15620.78,25,5
OI0009553,O005156,P00415,2,7741.68,0,5
OI0009554,O005157,P00235,1,9878.81,0,12
OI0009555,O005157,P00778,1,19450.09,10,12
OI0009556,O005158,P00458,2,339.98,25,12
OI0009559,O005160,P00569,2,29094.33,0,5
OI0009560,O005160,P00690,2,20587.39,15,0
OI0009561,O005160,P00058,1,18845.25,15,12
OI0009562,O005161,P00733,1,6970.75,5,12
OI0009563,O005161,P00368,1,15837.56,0,0
OI0009564,O005161,P00118,1,22999.34,15,0
OI0009565,O005162,P00345,3,6208.59,10,0
OI0009566,O005162,P00724,1,16278.2,25,12
OI0009567,O005163,P00862,2,25742.65,5,0
OI0009568,O005164,P00520,1,28909.18,15,12
OI0009569,O005164,P00568,3,7815.07,0,18
OI0009570,O005165,P00561,1,28267.51,25,18
OI0009571,O005166,P00294,1,24036.23,10,5
OI0009572,O005167,P00430,4,13589.68,-5,18
OI0009573,O005167,P00383,1,19562.85,15,18
OI0009574,O005168,P00880,1,16012.99,25,18
OI0009575,O005169,P00075,1,18904.61,5,5
OI0009576,O005169,P00083,2,962.44,0,18
OI0009578,O005170,P00312,2,24538.59,20,18
OI0009579,O005171,P00886,1,20977.42,5,5
OI0009580,O005171,P00459,2,24238.2,0,0
OI0009582,O005172,P00991,1,6115.52,0,0
OI0009583,O005172,P00875,1,15548.22,15,5
OI0009584,O005173,P00632,1,24718.07,0,12
OI0009585,O005173,P00806,3,16207.87,25,12
OI0009586,O005173,P00981,2,21975.96,20,5
OI0009587,O005174,P00447,1,23846.0,10,0
OI0009588,O005175,P00103,1,12637.36,0,18
OI0009590,O005177,P00284,1,13692.52,0,5
OI0009591,O005177,P00420,1,28678.23,5,18
OI0009592,O005178,P00938,1,10732.44,10,18
OI0009593,O005178,P00340,1,27135.82,0,12
OI0009594,O005179,P00433,3,685.27,0,0
OI0009595,O005179,P00680,1,6700.85,0,18
OI0009596,O005180,P00168,1,16762.88,0,5
OI0009598,O005181,P00129,2,8083.0,20,5
OI0009599,O005182,P00753,3,29942.32,5,0
OI0009600,O005182,P00746,1,3735.75,5,0
OI0009602,O005184,P00860,2,29113.87,10,0
OI0009603,O005185,P00912,2,11091.39,5,5
OI0009604,O005185,P00419,2,24994.45,0,18
OI0009605,O005186,P00607,1,23219.39,15,5
OI0009606,O005186,P00330,2,22811.74,25,5
OI0009607,O005187,P00025,1,3204.63,10,0
OI0009608,O005188,P00614,4,11596.73,20,12
OI0009609,O005188,P00979,1,6528.98,0,5
OI0009610,O005189,P00539,2,13304.72,0,12
OI0009611,O005189,P00880,1,16028.76,0,12
OI0009612,O005190,P00240,1,15291.02,15,18
OI0009613,O005190,P00906,2,1750.44,20,0
OI0009614,O005190,P00199,1,20491.68,0,5
OI0009615,O005191,P00674,3,9803.86,20,0
OI0009616,O005192,P00167,1,14569.42,0,18
OI0009617,O005192,P00980,2,10750.28,10,5
OI0009618,O005193,P00595,1,22447.04,0,5
OI0009619,O005193,P00408,2,26429.52,0,18
OI0009620,O005194,P00628,2,1099.44,10,18
OI0009621,O005195,P00212,3,14199.69,25,5
OI0009622,O005195,P00780,1,22066.48,10,18
OI0009623,O005195,P00421,1,18740.24,0,18
OI0009624,O005196,P00768,4,26108.88,20,5
OI0009625,O005197,P00845,1,7073.0,25,0
OI0009626,O005197,P00811,1,11722.5,0,5
OI0009627,O005198,P00042,1,29121.22,5,5
OI0009628,O005199,P00195,1,21921.58,0,12
OI0009629,O005200,P00185,3,26697.23,10,0
OI0009630,O005200,P00392,1,27052.3,5,12
OI0009631,O005201,P00431,1,24117.38,15,0
OI0009632,O005201,P00428,1,18253.77,5,12
OI0009633,O005202,P00788,2,9544.64,10,12
OI0009634,O005202,P00805,1,7619.72,0,18
OI0009635,O005203,P00015,1,28592.86,0,0
OI0009636,O005203,P00109,1,13305.59,10,0
OI0009637,O005204,P00081,2,13432.79,20,0
OI0009639,O005204,P00941,5,20120.25,0,5
OI0009640,O005205,P00939,1,10710.0,0,0
OI0009641,O005205,P00926,2,22815.63,0,0
OI0009642,O005206,P00364,1,20181.08,15,18
OI0009643,O005206,P00563,2,23444.81,-5,0
OI0009644,O005207,P00751,4,8841.56,0,0
OI0009645,O005208,P00034,1,23822.24,15,12
OI0009646,O005208,P00561,1,28327.06,25,5
OI0009647,O005209,P00424,1,20237.85,-5,18
OI0009648,O005210,P00095,1,23036.96,0,12
OI0009649,O005211,P00637,4,30810.82,20,18
OI0009650,O005211,P00611,1,4050.12,15,18
OI0009652,O005212,P00141,1,18599.07,0,12
OI0009653,O005212,P00201,2,28497.36,0,0
OI0009654,O005213,P00361,3,29768.19,20,12
OI0009656,O005214,P00050,1,27961.04,5,12
OI0009657,O005214,P00519,1,3797.18,0,12
OI0009658,O005215,P00584,1,22290.26,20,0
OI0009659,O005215,P00626,1,2258.46,20,5
OI0009660,O005215,P00733,1,7242.07,0,12
OI0009661,O005216,P00099,2,25976.05,0,5
OI0009662,O005217,P00861,1,1685.45,15,5
OI0009664,O005218,P00704,2,14582.11,5,5
OI0009665,O005219,P00735,1,16189.45,0,0
OI0009666,O005219,P00325,1,5903.88,25,18
OI0009667,O005220,P00135,1,27151.61,20,5
OI0009669,O005221,P00648,3,16594.18,0,18
OI0009670,O005222,P00658,1,10747.65,0,12
OI0009671,O005222,P00162,1,26633.96,15,0
OI0009672,O005223,P00690,3,20149.73,15,18
OI0009673,O005223,P00231,3,1241.86,10,0
OI0009674,O005224,P00545,2,19110.99,0,12
OI0009675,O005225,P00363,1,23148.19,5,5
OI0009676,O005225,P00841,1,15668.97,5,18
OI0009677,O005226,P00069,1,24404.58,15,18
OI0009678,O005227,P00972,1,20026.9,20,0
OI0009679,O005228,P00233,2,4811.31,0,18
OI0009680,O005228,P00642,1,25867.27,0,5
OI0009681,O005229,P00263,1,23394.46,0,0
OI0009682,O005229,P00207,3,4487.89,25,0
OI0009683,O005230,P00991,2,6058.41,20,12
OI0009684,O005230,P00862,1,26062.9,25,0
OI0009685,O005231,P00805,1,7149.13,0,18
OI0009686,O005231,P00359,1,27253.66,0,12
OI0009688,O005232,P00862,2,26021.97,10,5
OI0009689,O005232,P00998,3,28924.71,0,5
OI0009690,O005233,P00443,2,22468.29,0,12
OI0009691,O005233,P00456,1,3454.79,20,0
OI0009692,O005234,P00978,2,25415.61,5,0
OI0009694,O005234,P00536,1,26279.79,20,12
OI0009695,O005235,P00423,2,4407.69,25,0
OI0009696,O005236,P00280,3,9315.38,0,12
OI0009697,O005237,P00064,2,9143.26,20,0
OI0009698,O005237,P00218,1,22442.11,15,5
OI0009699,O005238,P00869,4,1331.63,15,18
OI0009700,O005238,P00715,1,23876.64,25,18
OI0009702,O005239,P00335,1,23679.45,0,18
OI0009703,O005239,P00064,3,9416.8,0,18
OI0009704,O005240,P00489,1,10945.02,5,12
OI0009705,O005240,P00782,1,28326.03,15,5
OI0009706,O005241,P00028,1,10635.31,0,18
OI0009707,O005241,P00577,3,27703.34,25,5
OI0009708,O005242,P00792,2,6071.13,0,0
OI0009709,O005243,P00928,2,27222.43,0,5
OI0009710,O005243,P00179,1,3031.76,20,5
OI0009711,O005244,P00558,1,12907.15,25,0
OI0009712,O005244,P00503,5,23904.69,5,5
OI0009713,O005244,P00377,1,24073.4,25,18
OI0009714,O005245,P00968,1,5590.51,15,0
OI0009715,O005246,P00485,1,16140.29,0,12
OI0009717,O005247,P00179,1,2812.09,25,0
OI0009718,O005248,P00204,3,15962.65,0,12
OI0009719,O005249,P00902,1,29109.12,0,12
OI0009720,O005250,P00868,1,8936.49,15,0
OI0009721,O005250,P00995,5,13549.2,0,18
OI0009722,O005251,P00440,2,13149.48,0,0
OI0009723,O005251,P00433,4,678.11,25,18
OI0009724,O005251,P00825,2,23427.6,25,18
OI0009725,O005252,P00148,1,9529.31,0,12
OI0009726,O005252,P00469,1,2840.44,0,12
OI0009727,O005253,P00332,2,9362.86,15,5
OI0009728,O005253,P00707,2,19083.92,5,12
OI0009729,O005254,P00308,2,26210.36,0,0
OI0009730,O005254,P00616,2,7083.44,0,18
OI0009731,O005255,P00882,1,21235.41,10,12
OI0009732,O005256,P00420,1,28653.77,10,0
OI0009733,O005257,P00921,1,15816.17,0,0
OI0009734,O005257,P00599,1,27909.21,15,5
OI0009735,O005258,P00491,1,24072.58,0,0
OI0009736,O005259,P00242,4,1896.01,20,12
OI0009737,O005260,P00859,1,27682.41,0,0
OI0009738,O005261,P00179,2,3009.1,15,5
OI0009739,O005261,P00821,2,19577.64,0,18
OI0009740,O005262,P00962,1,19125.13,25,12
OI0009741,O005262,P00275,2,10061.88,0,5
OI0009742,O005263,P00457,1,689.31,10,5
OI0009743,O005264,P00404,2,9545.62,0,18
OI0009744,O005265,P00526,1,3488.21,0,0
OI0009745,O005265,P00292,4,12860.85,10,5
OI0009746,O005266,P00099,1,26806.62,0,0
OI0009747,O005266,P00296,1,19939.21,-5,5
OI0009748,O005267,P00748,1,22508.57,20,0
OI0009749,O005267,P00814,1,1295.59,0,12
OI0009750,O005268,P00868,1,9643.25,15,0
OI0009751,O005268,P00253,1,29819.61,0,0
OI0009752,O005269,P00788,1,9762.03,10,0
OI0009754,O005270,P00305,1,2980.54,25,5
OI0009755,O005271,P00071,1,13140.43,0,5
OI0009756,O005271,P00164,2,16449.96,5,18
OI0009757,O005272,P00626,1,2171.43,5,12
OI0009758,O005272,P00246,3,6426.32,5,12
OI0009759,O005273,P00286,2,567.94,-5,12
OI0009760,O005273,P00353,2,29416.94,0,12
OI0009761,O005273,P00027,2,15413.54,0,5
OI0009762,O005274,P00343,2,10636.23,5,5
OI0009764,O005275,P00973,1,28368.59,0,5
OI0009765,O005275,P00407,1,12258.26,20,12
OI0009768,O005277,P00202,1,3659.86,0,18
OI0009770,O005279,P00672,3,15119.99,25,12
OI0009771,O005279,P00848,1,225.11,0,18
OI0009772,O005280,P00735,1,16251.31,15,18
OI0009773,O005281,P00900,4,23855.16,0,12
OI0009774,O005282,P00955,1,23487.29,0,18
OI0009775,O005282,P00484,2,6934.49,0,12
OI0009776,O005283,P00375,1,13975.53,10,12
OI0009777,O005284,P00303,3,13009.31,-5,5
OI0009778,O005284,P00797,1,5453.34,20,18
OI0009779,O005285,P00487,1,4049.26,0,5
OI0009780,O005285,P00538,1,29872.45,0,5
OI0009781,O005286,P00803,2,19381.85,5,12
OI0009782,O005286,P00151,1,19760.42,15,18
OI0009783,O005286,P00034,1,23203.74,10,0
OI0009784,O005287,P00422,1,22925.26,20,0
OI0009785,O005287,P00309,2,21881.56,0,5
OI0009786,O005288,P00131,1,10319.77,0,0
OI0009787,O005289,P00848,1,225.65,20,5
OI0009788,O005289,P00831,2,7502.62,5,5
OI0009789,O005290,P00308,1,25899.15,0,12
OI0009791,O005291,P00966,1,28563.43,0,12
OI0009792,O005292,P00300,1,6424.54,20,0
OI0009793,O005292,P00054,3,14702.28,5,12
OI0009794,O005292,P00039,2,3678.45,5,5
OI0009795,O005293,P00185,2,28887.68,0,5
OI0009797,O005294,P00739,1,18137.39,20,5
OI0009798,O005295,P00734,3,19170.9,5,18
OI0009799,O005295,P00090,1,18048.23,0,0
OI0009800,O005295,P00245,2,15923.44,20,18
OI0009801,O005296,P00443,2,22583.42,20,18
OI0009802,O005297,P00090,1,18084.98,15,18
OI0009803,O005297,P00950,1,1478.98,10,0
OI0009804,O005297,P00174,2,20147.6,15,12
OI0009805,O005298,P00704,4,14444.47,5,0
OI0009806,O005298,P00097,3,1340.25,15,5
OI0009807,O005298,P00147,3,28811.48,0,0
OI0009808,O005299,P00957,2,18370.44,5,5
OI0009809,O005299,P00806,1,16136.58,25,0
OI0009810,O005300,P00132,1,4820.56,10,12
OI0009811,O005301,P00018,3,23602.44,0,12
OI0009812,O005302,P00364,1,20966.12,0,18
OI0009813,O005303,P00072,1,6724.26,10,18
OI0009814,O005304,P00880,1,16266.19,25,18
OI0009815,O005305,P00923,2,5065.31,0,5
OI0009816,O005305,P00347,1,27390.78,15,0
OI0009817,O005306,P00009,1,20317.44,25,0
OI0009819,O005307,P00321,1,2021.52,20,5
OI0009820,O005307,P00193,1,16351.48,15,0
OI0009821,O005308,P00395,5,24724.95,20,18
OI0009822,O005308,P00476,1,15456.08,25,5
OI0009823,O005308,P00221,2,4995.2,10,18
OI0009825,O005310,P00804,4,11143.18,0,12
OI0009826,O005310,P00509,1,15487.39,0,18
OI0009827,O005311,P00443,5,23061.05,0,12
OI0009828,O005311,P00663,1,25251.04,25,18
OI0009829,O005312,P00760,2,7812.91,15,5
OI0009830,O005312,P00747,1,27482.29,0,5
OI0009831,O005312,P00611,4,4156.51,0,0
OI0009832,O005313,P00932,1,9464.22,5,12
OI0009835,O005314,P00496,1,23251.4,0,5
OI0009836,O005314,P00377,1,23694.81,0,18
OI0009837,O005314,P00933,1,11765.68,10,0
OI0009838,O005315,P00501,1,1037.41,0,5
OI0009839,O005315,P00545,2,18400.83,5,12
OI0009840,O005316,P00705,1,26027.51,10,12
OI0009841,O005317,P00636,1,7729.17,15,12
OI0009842,O005318,P00804,1,10772.14,0,12
OI0009843,O005318,P00790,1,25838.46,5,5
OI0009844,O005319,P00446,1,16619.31,20,0
OI0009845,O005319,P00452,2,19974.86,0,18
OI0009846,O005320,P00958,4,24201.83,0,12
OI0009847,O005320,P00772,1,9588.37,0,0
OI0009849,O005321,P00475,2,25190.14,5,0
OI0009850,O005321,P00291,1,17250.81,25,12
OI0009851,O005322,P00187,1,9995.76,25,0
OI0009852,O005322,P00753,2,27860.4,10,0
OI0009854,O005323,P00519,1,3899.04,10,0
OI0009855,O005324,P00859,1,27569.67,0,18
OI0009856,O005324,P00153,1,26668.8,0,0
OI0009857,O005325,P00875,1,15377.65,15,12
OI0009858,O005326,P00554,2,4752.33,0,0
OI0009859,O005326,P00060,1,20292.28,15,18
OI0009860,O005327,P00835,1,20784.77,20,0
OI0009862,O005328,P00264,1,12837.51,15,12
OI0009863,O005328,P00360,2,3160.76,20,18
OI0009864,O005329,P00667,1,21664.21,5,5
OI0009865,O005330,P00980,1,10298.62,0,18
OI0009868,O005332,P00648,2,16818.8,5,18
OI0009869,O005332,P00934,2,25107.49,5,18
OI0009870,O005333,P00358,3,4551.4,0,0
OI0009871,O005334,P00857,1,1238.33,5,12
OI0009872,O005334,P00883,1,13347.37,25,5
OI0009873,O005335,P00996,3,8809.46,0,12
OI0009876,O005336,P00800,1,19958.31,0,5
OI0009877,O005336,P00051,2,14861.62,15,0
OI0009878,O005337,P00283,2,4725.18,0,0
OI0009879,O005338,P00583,2,20424.18,15,0
OI0009880,O005338,P00069,2,23952.95,0,0
OI0009881,O005338,P00920,2,8202.67,10,12
OI0009882,O005339,P00026,1,14374.43,25,5
OI0009884,O005340,P00131,1,10002.09,25,12
OI0009886,O005341,P00888,2,1420.59,5,12
OI0009887,O005341,P00448,2,20044.58,0,5
OI0009888,O005342,P00727,2,11988.0,-5,12
OI0009889,O005343,P00942,1,7552.66,25,5
OI0009890,O005343,P00892,3,18483.48,25,0
OI0009891,O005343,P00906,1,1853.17,0,0
OI0009892,O005344,P00626,4,2377.26,10,12
OI0009893,O005344,P00824,3,26095.83,0,18
OI0009894,O005345,P00756,1,14233.93,0,5
OI0009895,O005346,P00919,1,19731.63,20,12
OI0009896,O005347,P00586,5,11387.74,5,12
OI0009897,O005348,P00593,1,3293.51,15,12
OI0009898,O005349,P00110,5,1032.45,10,18
OI0009899,O005350,P00419,4,27388.14,5,12
OI0009900,O005351,P00134,1,24447.12,15,5
OI0009902,O005352,P00096,1,20407.26,20,18
OI0009903,O005353,P00528,2,28821.14,20,12
OI0009905,O005354,P00019,3,16672.77,5,18
OI0009906,O005354,P00888,1,1375.74,0,5
OI0009907,O005354,P00691,1,14652.15,0,5
OI0009910,O005356,P00537,1,16594.09,0,0
OI0009911,O005356,P00625,1,25132.73,10,18
OI0009913,O005357,P00110,1,1086.13,5,5
OI0009914,O005358,P00699,2,24426.85,0,12
OI0009916,O005358,P00010,1,13170.72,15,18
OI0009919,O005360,P00180,1,23216.04,15,5
OI0009920,O005361,P00465,2,10698.45,0,5
OI0009921,O005362,P00554,1,4735.57,0,5
OI0009922,O005362,P00486,2,22873.56,0,18
OI0009923,O005363,P00334,1,18329.9,20,18
OI0009924,O005364,P00850,2,22204.35,20,5
OI0009925,O005365,P00647,2,5415.08,15,12
OI0009926,O005365,P00730,2,23009.32,5,12
OI0009927,O005365,P00565,1,1047.61,0,12
OI0009928,O005366,P00605,3,6683.65,20,0
OI0009929,O005366,P00492,1,9478.11,0,12
OI0009930,O005367,P00054,1,14758.96,15,5
OI0009931,O005368,P00663,5,26079.94,25,0
OI0009932,O005369,P00958,1,25153.69,10,5
OI0009933,O005370,P00862,1,26745.2,0,18
OI0009934,O005370,P00319,1,22210.64,0,18
OI0009935,O005371,P00654,3,8084.64,20,12
OI0009936,O005371,P00868,4,9493.43,15,0
OI0009937,O005372,P00929,1,2052.36,0,12
OI0009938,O005373,P00143,1,2953.83,0,0
OI0009939,O005374,P00469,1,3046.5,20,12
OI0009940,O005374,P00562,1,13138.6,15,0
OI0009941,O005375,P00217,4,16272.67,5,5
OI0009942,O005375,P00194,1,29533.4,0,12
OI0009943,O005375,P00794,2,5263.1,10,12
OI0009944,O005376,P00777,4,23039.55,15,12
OI0009945,O005376,P00952,1,8820.29,15,18
OI0009946,O005377,P00792,3,6552.22,0,0
OI0009947,O005377,P00555,1,26574.88,0,18
OI0009948,O005378,P00270,2,25101.78,5,18
OI0009949,O005378,P00765,1,3490.17,0,0
OI0009950,O005379,P00322,2,26072.61,20,18
OI0009951,O005380,P00849,1,4666.45,20,0
OI0009953,O005381,P00310,1,6580.0,0,0
OI0009954,O005382,P00702,1,919.53,-5,0
OI0009955,O005382,P00970,1,19156.06,10,0
OI0009956,O005382,P00086,2,15333.9,20,18
OI0009958,O005384,P00433,1,684.06,0,18
OI0009959,O005384,P00712,1,29604.21,15,12
OI0009960,O005384,P00398,2,1597.98,25,5
OI0009961,O005385,P00835,4,20885.31,5,5
OI0009962,O005385,P00823,2,7512.71,25,12
OI0009963,O005385,P00799,3,26762.62,5,5
OI0009964,O005386,P00928,3,28662.16,10,12
OI0009965,O005387,P00013,3,4951.72,0,18
OI0009966,O005387,P00112,1,27873.33,0,0
OI0009967,O005388,P00809,1,7204.8,0,12
OI0009968,O005388,P00913,1,2017.0,0,5
OI0009969,O005388,P00465,1,10676.48,-5,18
OI0009970,O005389,P00372,2,19537.09,20,5
OI0009971,O005389,P00361,1,28478.73,0,18
OI0009972,O005390,P00824,1,26926.08,15,0
OI0009973,O005390,P00084,3,30026.21,25,5
OI0009974,O005391,P00503,1,23030.03,25,12
OI0009975,O005391,P00096,1,21333.7,5,0
OI0009976,O005391,P00639,1,1560.8,0,5
OI0009977,O005392,P00135,1,26655.65,20,12
OI0009978,O005392,P00830,1,5351.17,10,5
OI0009979,O005393,P00819,4,9951.44,10,12
OI0009980,O005394,P00984,1,7195.13,0,0
OI0009981,O005395,P00342,1,27148.15,0,5
OI0009982,O005395,P00180,4,22535.76,0,12
OI0009983,O005395,P00127,1,14814.43,10,5
OI0009984,O005396,P00379,1,21222.18,15,5
OI0009986,O005396,P00230,1,25482.62,20,0
OI0009987,O005397,P00251,1,28290.59,0,12
OI0009988,O005397,P00287,5,25078.5,25,18
OI0009989,O005397,P00969,4,16737.24,5,5
OI0009990,O005398,P00037,1,13634.18,0,5
OI0009991,O005398,P00059,1,16322.81,20,18
OI0009993,O005399,P00087,2,4261.42,15,18
OI0009994,O005400,P00828,4,8145.39,5,18
OI0009995,O005400,P00955,1,23269.48,5,18
OI0009996,O005401,P00851,1,4652.66,10,5
OI0009998,O005403,P00683,2,13825.13,15,12
OI0009999,O005403,P00934,1,26670.57,25,18
OI0010000,O005404,P00764,1,19730.29,0,0
OI0010001,O005404,P00279,1,15761.86,20,12
OI0010002,O005405,P00314,1,4942.23,0,0
OI0010003,O005405,P00616,1,7109.98,20,12
OI0010004,O005406,P00366,1,11819.34,25,0
OI0010005,O005406,P00070,1,14341.11,15,0
OI0010006,O005407,P00892,1,17698.57,20,18
OI0010007,O005407,P00038,1,18665.17,15,12
OI0010008,O005408,P00465,1,11433.7,5,18
OI0010009,O005408,P00769,1,15956.06,25,0
OI0010010,O005409,P00887,1,22497.15,20,12
OI0010011,O005409,P00523,2,20165.49,10,12
OI0010012,O005409,P00338,1,9639.14,10,5
OI0010013,O005410,P00082,1,25205.48,5,18
OI0010014,O005410,P00074,2,25562.87,5,5
OI0010015,O005411,P00621,1,15408.34,5,18
OI0010017,O005411,P00443,2,22419.59,10,12
OI0010018,O005412,P00857,3,1205.79,10,5
OI0010019,O005412,P00892,2,17408.89,0,18
OI0010020,O005412,P00914,1,24361.02,5,12
OI0010021,O005413,P00606,2,27531.1,0,0
OI0010022,O005413,P00251,4,29623.16,15,18
OI0010023,O005413,P00094,1,10629.0,0,5
OI0010024,O005414,P00826,1,10605.09,20,0
OI0010025,O005415,P00862,1,26568.32,25,5
OI0010026,O005416,P00526,2,3457.99,20,0
OI0010027,O005416,P00440,1,13809.93,5,0
OI0010028,O005417,P00416,2,7418.84,15,0
OI0010030,O005417,P00599,2,27554.16,10,5
OI0010031,O005418,P00439,2,25706.67,20,5
OI0010032,O005418,P00740,5,11011.1,25,18
OI0010033,O005419,P00703,1,9228.72,20,18
OI0010034,O005420,P00371,1,17219.99,5,12
OI0010035,O005420,P00378,1,26071.33,20,12
OI0010036,O005421,P00965,2,6924.65,15,18
OI0010037,O005422,P00975,1,8338.67,20,0
OI0010038,O005423,P00824,3,24465.27,5,12
OI0010039,O005424,P00464,2,837.5,5,5
OI0010040,O005425,P00146,1,9264.35,10,12
OI0010042,O005427,P00574,1,13853.81,5,0
OI0010043,O005427,P00345,2,6119.22,15,12
OI0010044,O005427,P00134,1,23926.37,0,12
OI0010045,O005428,P00660,2,1765.53,5,0
OI0010046,O005428,P00063,2,1261.92,0,12
OI0010047,O005428,P00502,1,15441.07,20,18
OI0010049,O005429,P00859,2,28741.17,0,0
OI0010050,O005429,P00326,2,13460.86,0,12
OI0010051,O005430,P00045,2,24885.84,0,12
OI0010052,O005431,P00499,1,20714.45,5,18
OI0010053,O005432,P00308,2,24064.68,0,0
OI0010055,O005434,P00647,3,5440.93,0,0
OI0010057,O005435,P00378,1,26526.03,15,18
OI0010058,O005436,P00348,4,7063.05,25,18
OI0010059,O005437,P00529,1,27846.91,0,5
OI0010060,O005438,P00703,1,9356.24,15,18
OI0010062,O005439,P00867,1,12277.88,10,5
OI0010063,O005439,P00135,1,28925.5,10,5
OI0010064,O005440,P00660,1,1702.8,0,18
OI0010065,O005440,P00313,1,5565.59,5,18
OI0010066,O005441,P00695,1,10365.19,10,5
OI0010067,O005441,P00630,1,16441.11,25,0
OI0010068,O005442,P00100,2,18922.56,5,5
OI0010069,O005442,P00799,1,27349.93,0,12
OI0010070,O005443,P00899,2,21769.46,5,18
OI0010071,O005443,P00588,3,25492.53,10,0
OI0010072,O005443,P00067,4,17024.15,20,18
OI0010073,O005444,P00238,1,14004.15,15,18
OI0010074,O005445,P00934,2,26153.3,25,0
OI0010075,O005446,P00124,1,15618.66,20,0
OI0010076,O005446,P00045,1,26536.88,0,0
OI0010077,O005447,P00499,2,20512.91,0,18
OI0010079,O005448,P00662,2,7397.21,15,5
OI0010080,O005449,P00541,1,18483.19,10,18
OI0010081,O005449,P00220,1,4893.48,15,18
OI0010082,O005449,P00783,1,17850.0,0,18
OI0010083,O005450,P00129,5,8294.51,15,5
OI0010084,O005450,P00506,1,11485.98,20,12
OI0010085,O005450,P00003,1,9758.16,15,0
OI0010086,O005451,P00852,1,20165.31,0,18
OI0010087,O005451,P00239,3,29678.9,0,5
OI0010088,O005452,P00421,1,18769.94,10,0
OI0010089,O005453,P00212,1,13860.44,15,18
OI0010090,O005453,P00288,1,17551.49,0,5
OI0010091,O005454,P00825,2,25381.4,10,12
OI0010092,O005454,P00640,2,21810.43,10,5
OI0010093,O005454,P00686,1,24888.86,0,5
OI0010095,O005455,P00680,1,6397.27,5,12
OI0010096,O005456,P00104,1,13669.16,25,5
OI0010097,O005456,P00905,1,25661.35,20,18
OI0010098,O005457,P00232,2,21055.24,10,18
OI0010099,O005458,P00883,1,12863.72,5,5
OI0010100,O005458,P00296,1,19812.38,0,12
OI0010101,O005459,P00336,1,15714.8,10,0
OI0010102,O005459,P00606,3,26680.76,0,18
OI0010103,O005460,P00676,1,20380.97,20,0
OI0010104,O005460,P00102,1,926.04,5,0
OI0010105,O005461,P00282,1,14371.54,0,12
OI0010106,O005461,P00015,1,30603.02,10,18
OI0010108,O005462,P00495,4,17536.04,25,12
OI0010109,O005462,P00728,1,4879.55,15,18
OI0010110,O005463,P00105,3,16673.86,0,18
OI0010111,O005464,P00106,3,8507.08,15,0
OI0010112,O005464,P00768,1,25525.05,20,18
OI0010114,O005465,P00215,5,30712.81,0,0
OI0010115,O005465,P00437,1,26496.59,0,5
OI0010116,O005465,P00107,1,3630.6,0,0
OI0010117,O005466,P00662,1,7536.72,0,12
OI0010118,O005466,P00793,4,17333.51,0,5
OI0010119,O005467,P00624,1,26256.81,0,0
OI0010120,O005467,P00022,1,22536.1,5,18
OI0010121,O005468,P00979,1,6560.66,0,5
OI0010122,O005469,P00473,1,13758.13,20,18
OI0010123,O005469,P00014,4,15415.67,0,0
OI0010125,O005471,P00644,1,26570.49,20,5
OI0010126,O005472,P00690,2,20581.57,10,18
OI0010127,O005472,P00443,2,22810.16,25,18
OI0010128,O005473,P00896,2,17712.83,25,18
OI0010129,O005473,P00304,1,23066.35,0,12
OI0010130,O005474,P00649,2,10092.46,20,5
OI0010131,O005475,P00852,1,20459.17,25,0
OI0010132,O005476,P00543,1,6413.16,0,12
OI0010133,O005476,P00991,1,5896.83,0,18
OI0010134,O005476,P00094,3,9999.03,0,5
OI0010135,O005477,P00491,1,24457.19,0,0
OI0010136,O005477,P00852,3,20165.78,0,12
OI0010138,O005479,P00226,1,24214.69,0,12
OI0010139,O005479,P00580,1,7450.97,0,5
OI0010140,O005480,P00894,1,8181.67,25,0
OI0010141,O005480,P00240,1,14633.51,5,12
OI0010142,O005481,P00063,2,1314.16,25,5
OI0010144,O005481,P00579,1,17397.69,15,0
OI0010145,O005482,P00344,1,18740.13,25,18
OI0010147,O005484,P00873,1,27480.62,0,12
OI0010149,O005485,P00918,2,26572.66,20,0
OI0010150,O005486,P00481,3,16444.25,0,5
OI0010152,O005487,P00499,2,19651.04,10,0
OI0010153,O005488,P00758,5,12494.09,0,5
OI0010154,O005488,P00381,2,11760.34,25,12
OI0010155,O005488,P00543,3,6275.61,25,18
OI0010156,O005489,P00293,1,8336.67,20,18
OI0010157,O005490,P00123,1,305.64,15,0
OI0010158,O005491,P00061,1,18354.62,0,18
OI0010159,O005492,P00986,1,18503.12,15,18
OI0010160,O005493,P00039,1,3906.64,0,12
OI0010163,O005495,P00099,1,26541.89,0,12
OI0010164,O005496,P00071,1,12369.2,15,12
OI0010165,O005497,P00127,1,15346.85,0,18
OI0010166,O005498,P00175,1,10661.73,25,12
OI0010167,O005499,P00962,1,17568.04,20,18
OI0010169,O005499,P00905,5,27037.71,15,0
OI0010170,O005500,P00468,1,25516.51,5,0
OI0010171,O005500,P00358,4,4417.16,20,18
OI0010172,O005501,P00888,5,1477.11,15,0
OI0010173,O005501,P00406,2,26979.37,25,18
OI0010175,O005502,P00785,1,7289.25,20,0
OI0010176,O005503,P00575,1,17562.97,25,12
OI0010179,O005504,P00267,1,18685.78,5,12
OI0010180,O005504,P00888,1,1459.86,20,5
OI0010181,O005505,P00635,5,11442.29,10,18
OI0010183,O005505,P00843,1,4858.87,20,5
OI0010184,O005506,P00866,1,27527.76,10,18
OI0010185,O005507,P00378,2,26340.1,20,12
OI0010186,O005507,P00018,1,23368.71,10,5
OI0010187,O005507,P00772,1,9366.91,0,0
OI0010188,O005508,P00930,4,10165.84,0,0
OI0010190,O005509,P00430,1,12834.34,15,12
OI0010191,O005510,P00914,2,25339.39,20,12
OI0010192,O005511,P00485,1,15726.67,0,18
OI0010193,O005512,P00831,2,7116.79,25,18
OI0010194,O005512,P00877,1,29450.26,5,0
OI0010195,O005513,P00747,3,25774.29,0,0
OI0010197,O005515,P00851,1,4735.57,0,0
OI0010198,O005515,P00625,1,24430.85,25,5
OI0010199,O005516,P00077,2,3465.09,5,12
OI0010200,O005516,P00372,1,20426.24,0,5
OI0010201,O005517,P00958,3,23832.21,20,5
OI0010202,O005517,P00846,5,19261.5,0,12
OI0010203,O005518,P00705,1,24277.24,10,5
OI0010204,O005518,P00689,1,28879.98,10,5
OI0010205,O005519,P00143,2,3051.68,0,18
OI0010206,O005519,P00597,1,8250.77,0,18
OI0010207,O005520,P00185,2,28592.03,25,5
OI0010208,O005521,P00779,3,2404.04,15,12
OI0010209,O005521,P00896,4,17745.43,0,12
OI0010211,O005522,P00825,1,24709.0,0,12
OI0010212,O005523,P00639,2,1540.79,0,12
OI0010213,O005523,P00763,1,23521.29,10,18
OI0010214,O005523,P00608,2,18544.57,15,0
OI0010215,O005524,P00457,1,689.11,0,5
OI0010216,O005525,P00491,2,23715.76,5,18
OI0010217,O005526,P00477,2,21941.92,0,12
OI0010218,O005526,P00426,2,15874.22,0,18
OI0010219,O005526,P00472,3,4531.52,5,0
OI0010220,O005527,P00221,1,4933.73,15,18
OI0010221,O005527,P00085,2,3292.8,0,5
OI0010222,O005528,P00604,2,28059.35,0,12
OI0010224,O005529,P00330,2,23885.09,15,12
OI0010225,O005529,P00808,4,18409.77,15,0
OI0010227,O005531,P00939,2,9848.38,15,0
OI0010228,O005531,P00328,2,5784.38,5,18
OI0010229,O005531,P00828,2,7458.95,5,12
OI0010230,O005532,P00969,3,16583.53,25,18
OI0010232,O005533,P00229,2,18631.37,25,18
OI0010233,O005534,P00406,2,28851.34,15,5
OI0010235,O005536,P00874,2,7785.8,0,18
OI0010236,O005537,P00344,1,19970.96,25,5
OI0010237,O005537,P00809,2,7600.22,5,12
OI0010238,O005538,P00604,1,27325.58,10,12
OI0010240,O005539,P00983,1,2882.52,10,12
OI0010241,O005539,P00801,2,2240.52,0,0
OI0010242,O005540,P00228,1,10441.23,20,5
OI0010243,O005540,P00563,2,23659.26,20,12
OI0010244,O005541,P00964,3,18197.65,10,5
OI0010245,O005542,P00368,3,15632.8,10,12
OI0010246,O005543,P00290,2,29369.41,10,5
OI0010247,O005543,P00135,1,29077.3,5,18
OI0010248,O005544,P00996,1,8258.97,10,0
OI0010250,O005544,P00631,2,9838.35,25,5
OI0010251,O005545,P00074,1,24118.02,15,5
OI0010252,O005545,P00403,4,18608.6,0,18
OI0010253,O005546,P00138,2,703.95,15,0
OI0010255,O005547,P00519,1,3754.46,15,5
OI0010256,O005547,P00759,1,18808.05,25,5
OI0010257,O005548,P00915,1,4305.03,20,12
OI0010258,O005548,P00596,2,26491.64,5,12
OI0010260,O005549,P00993,2,14795.25,15,0
OI0010261,O005549,P00032,2,20109.42,0,18
OI0010262,O005550,P00399,1,5317.43,0,5
OI0010263,O005550,P00114,1,11135.96,5,18
OI0010264,O005551,P00435,3,28407.2,0,0
OI0010265,O005551,P00026,1,14483.89,0,18
OI0010266,O005552,P00708,2,3277.32,20,5
OI0010267,O005553,P00881,1,21496.91,0,18
OI0010269,O005554,P00529,1,30427.27,25,12
OI0010270,O005555,P00674,2,10128.56,0,18
OI0010271,O005556,P00772,1,9759.71,0,18
OI0010272,O005557,P00480,1,17396.66,10,18
OI0010273,O005557,P00611,2,4115.74,0,12
OI0010274,O005558,P00624,1,27393.2,20,0
OI0010275,O005558,P00621,3,16963.62,0,18
OI0010276,O005559,P00078,2,13382.45,15,18
OI0010277,O005559,P00708,3,3560.07,25,5
OI0010278,O005559,P00436,1,22260.84,15,12
OI0010279,O005560,P00872,1,4992.68,20,0
OI0010280,O005560,P00528,1,29524.71,25,5
OI0010281,O005560,P00424,3,20951.92,15,5
OI0010282,O005561,P00389,2,4619.97,25,12
OI0010283,O005561,P00330,1,22906.22,0,0
OI0010284,O005562,P00937,3,3168.07,10,12
OI0010285,O005562,P00100,2,17757.99,0,18
OI0010286,O005563,P00826,1,10847.46,0,18
OI0010287,O005564,P00835,5,21052.49,10,5
OI0010288,O005565,P00495,1,18088.4,10,12
OI0010289,O005565,P00679,2,27747.42,5,0
OI0010290,O005565,P00380,2,26325.13,10,18
OI0010291,O005566,P00962,1,17639.58,5,12
OI0010292,O005566,P00988,1,16340.64,0,12
OI0010293,O005567,P00150,1,16761.35,5,18
OI0010294,O005567,P00130,1,24298.18,15,12
OI0010295,O005568,P00700,1,29077.51,0,18
OI0010296,O005568,P00509,2,15016.7,0,0
OI0010297,O005569,P00261,3,18553.15,5,5
OI0010298,O005569,P00540,1,6012.63,10,18
OI0010299,O005570,P00840,1,15891.7,20,5
OI0010300,O005570,P00153,1,24757.86,0,5
OI0010301,O005571,P00870,3,7666.6,5,0
OI0010302,O005571,P00975,2,8288.26,0,0
OI0010303,O005572,P00494,1,10147.93,10,5
OI0010304,O005573,P00726,4,14846.29,15,18
OI0010305,O005573,P00301,1,30185.02,5,18
OI0010306,O005574,P00469,1,3082.01,15,12
OI0010307,O005575,P00291,2,16493.32,25,12
OI0010308,O005576,P00300,1,6022.17,0,18
OI0010309,O005577,P00523,2,21630.82,0,18
OI0010310,O005577,P00426,1,16244.21,10,12
OI0010311,O005578,P00627,4,22056.86,0,5
OI0010312,O005579,P00885,1,1745.4,0,12
OI0010313,O005579,P00126,3,11194.66,0,12
OI0010314,O005580,P00772,2,9839.85,5,12
OI0010316,O005581,P00096,2,20806.62,0,0
OI0010317,O005581,P00746,1,4099.78,25,12
OI0010318,O005582,P00029,1,16852.19,15,18
OI0010319,O005583,P00972,1,20260.03,0,18
OI0010320,O005584,P00706,2,14890.61,0,5
OI0010322,O005584,P00224,1,11016.4,15,12
OI0010323,O005585,P00240,2,14004.36,0,18
OI0010324,O005586,P00038,2,18290.85,15,12
OI0010325,O005586,P00736,2,9828.75,0,12
OI0010326,O005587,P00112,1,28779.23,25,5
OI0010328,O005587,P00787,1,16593.34,0,5
OI0010329,O005588,P00336,1,16564.42,15,12
OI0010330,O005589,P00433,1,695.79,15,0
OI0010331,O005590,P00793,1,17187.71,15,18
OI0010332,O005591,P00641,4,1188.49,0,5
OI0010333,O005591,P00062,2,27388.12,20,0
OI0010334,O005592,P00791,4,1318.04,0,5
OI0010335,O005592,P00317,1,30405.21,15,0
OI0010336,O005592,P00540,1,5619.09,5,0
OI0010337,O005593,P00415,1,8117.82,20,0
OI0010338,O005594,P00035,2,17858.41,15,18
OI0010339,O005594,P00431,2,25788.39,5,18
OI0010340,O005595,P00816,1,837.34,15,5
OI0010342,O005596,P00205,2,18107.46,0,18
OI0010343,O005597,P00056,2,14179.19,25,18
OI0010344,O005597,P00318,1,22331.9,0,5
OI0010346,O005598,P00410,1,1700.14,5,18
OI0010347,O005599,P00034,1,23066.17,25,5
OI0010348,O005599,P00112,1,26597.83,-5,18
OI0010349,O005600,P00883,1,13363.92,25,12
OI0010350,O005601,P00281,1,20047.12,20,12
OI0010351,O005601,P00984,2,7365.66,5,12
OI0010352,O005602,P00995,3,13682.09,15,5
OI0010353,O005603,P00632,2,22474.58,10,18
OI0010354,O005603,P00900,2,23858.48,15,0
OI0010355,O005603,P00454,1,14117.58,25,18
OI0010356,O005604,P00509,2,15849.91,0,12
OI0010357,O005604,P00459,2,24297.5,0,5
OI0010359,O005605,P00712,1,27833.44,20,12
OI0010360,O005606,P00729,1,24236.79,5,12
OI0010361,O005606,P00385,1,21959.0,10,12
OI0010363,O005608,P00241,1,4213.61,25,18
OI0010364,O005608,P00544,4,13957.25,20,18
OI0010365,O005608,P00541,1,17617.99,15,12
OI0010366,O005609,P00443,1,23301.99,0,0
OI0010367,O005610,P00451,4,29588.25,10,0
OI0010368,O005611,P00986,2,17768.01,0,5
OI0010369,O005611,P00075,1,19401.37,0,18
OI0010370,O005612,P00520,2,28358.12,20,12
OI0010371,O005613,P00823,1,7347.08,5,18
OI0010372,O005613,P00727,1,12584.6,0,0
OI0010373,O005614,P00863,1,23537.9,15,0
OI0010374,O005614,P00540,1,5631.23,0,18
OI0010375,O005615,P00488,1,23895.3,0,0
OI0010376,O005615,P00620,1,12701.57,10,5
OI0010377,O005616,P00865,1,24137.28,10,5
OI0010378,O005617,P00669,2,21317.84,10,18
OI0010379,O005617,P00026,2,15199.56,5,0
OI0010380,O005618,P00203,4,25735.94,0,5
OI0010382,O005619,P00472,1,4787.47,0,5
OI0010384,O005620,P00058,1,18336.6,20,12
OI0010385,O005621,P00613,1,10532.36,0,18
OI0010386,O005621,P00339,5,25167.59,0,18
OI0010387,O005622,P00326,2,13616.06,5,12
OI0010388,O005623,P00749,3,1463.78,20,0
OI0010389,O005624,P00065,1,27402.48,0,0
OI0010390,O005625,P00318,2,22341.85,5,0
OI0010391,O005625,P00224,1,11196.78,5,12
OI0010392,O005626,P00996,5,8295.57,0,18
OI0010393,O005627,P00903,1,7658.29,0,0
OI0010394,O005627,P00313,2,5621.25,25,5
OI0010395,O005627,P00455,3,1433.2,10,0
OI0010398,O005628,P00166,1,28978.56,0,5
OI0010399,O005629,P00819,1,9204.31,0,0
OI0010400,O005629,P00652,1,3652.1,15,18
OI0010401,O005630,P00978,1,25609.65,0,0
OI0010402,O005630,P00051,1,15317.05,5,12
OI0010403,O005631,P00788,1,9461.82,10,18
OI0010404,O005632,P00238,1,13899.13,10,12
OI0010405,O005633,P00199,1,19854.33,-5,0
OI0010406,O005634,P00370,1,5115.46,20,18
OI0010407,O005634,P00029,1,15776.44,0,5
OI0010408,O005635,P00159,1,13142.28,10,5
OI0010409,O005636,P00607,2,24821.72,10,18
OI0010410,O005637,P00424,3,20997.54,0,12
OI0010411,O005637,P00844,1,24147.29,0,5
OI0010412,O005637,P00500,3,7737.19,15,0
OI0010413,O005638,P00003,1,9719.15,0,12
OI0010414,O005638,P00063,1,1372.04,10,0
OI0010415,O005639,P00754,1,24562.26,10,12
OI0010416,O005640,P00601,1,20163.5,15,18
OI0010417,O005641,P00406,2,27889.88,5,12
OI0010418,O005641,P00602,2,25933.42,10,5
OI0010419,O005641,P00987,1,23853.47,0,18
OI0010420,O005642,P00035,1,18934.06,-5,0
OI0010421,O005643,P00319,4,22434.58,25,0
OI0010422,O005644,P00250,1,19607.09,5,18
OI0010423,O005644,P00243,1,15147.21,0,5
OI0010424,O005645,P00351,2,1213.97,0,18
OI0010425,O005645,P00726,1,14616.44,0,12
OI0010426,O005645,P00987,1,24602.05,5,0
OI0010428,O005646,P00821,2,19634.14,0,12
OI0010429,O005646,P00707,1,20065.59,10,5
OI0010430,O005647,P00178,1,9781.04,15,5
OI0010431,O005648,P00090,1,18418.78,-5,18
OI0010432,O005648,P00337,1,604.59,20,12
OI0010433,O005649,P00670,2,21755.53,0,0
OI0010435,O005649,P00747,1,27724.77,5,5
OI0010436,O005650,P00885,2,1597.85,20,0
OI0010437,O005651,P00333,1,8275.82,0,12
OI0010438,O005652,P00961,1,12238.25,10,18
OI0010439,O005652,P00875,1,15039.39,0,18
OI0010440,O005652,P00513,2,26312.54,5,18
OI0010441,O005653,P00053,1,21627.21,5,12
OI0010442,O005654,P00131,3,10581.76,0,18
OI0010443,O005655,P00508,1,12588.8,5,0
OI0010444,O005655,P00726,3,13581.25,0,18
OI0010445,O005656,P00435,1,27112.08,15,18
OI0010446,O005657,P00729,1,24199.56,0,18
OI0010447,O005657,P00703,2,9201.18,20,12
OI0010448,O005658,P00658,1,9772.7,10,5
OI0010449,O005659,P00918,2,27573.36,25,18
OI0010450,O005659,P00847,3,21144.09,20,5
OI0010451,O005659,P00691,2,14424.97,0,5
OI0010452,O005660,P00322,3,26935.98,0,0
OI0010453,O005660,P00829,1,12202.7,10,12
OI0010455,O005661,P00265,2,1599.21,25,12
OI0010456,O005662,P00970,2,18133.77,0,12
OI0010457,O005662,P00093,3,4547.07,0,5
OI0010459,O005663,P00460,2,29360.02,0,5
OI0010460,O005664,P00847,2,21551.25,20,18
OI0010461,O005664,P00560,2,16466.52,25,0
OI0010462,O005665,P00730,1,22390.85,10,12
OI0010463,O005666,P00392,2,28074.68,0,5
OI0010464,O005666,P00784,1,8342.65,5,18
OI0010465,O005666,P00383,1,19599.47,25,0
OI0010466,O005667,P00581,3,27316.32,0,0
OI0010467,O005667,P00896,1,17766.54,0,0
OI0010468,O005668,P00400,1,10447.43,20,18
OI0010469,O005668,P00774,2,21009.33,5,12
OI0010470,O005669,P00093,2,4282.08,0,0
OI0010471,O005670,P00896,2,17622.98,0,0
OI0010472,O005670,P00758,1,13360.29,0,12
OI0010473,O005670,P00078,1,13019.71,20,0
OI0010475,O005671,P00329,2,920.69,0,5
OI0010476,O005672,P00659,1,20526.1,-5,18
OI0010477,O005672,P00775,2,17063.73,15,5
OI0010478,O005672,P00697,3,12440.1,25,5
OI0010480,O005673,P00889,1,17068.15,5,18
OI0010481,O005674,P00170,1,20034.11,20,12
OI0010482,O005674,P00661,1,27340.4,20,5
OI0010483,O005675,P00744,1,8056.41,15,12
OI0010484,O005676,P00882,1,19750.68,10,0
OI0010485,O005677,P00276,2,20277.8,0,12
OI0010486,O005678,P00043,2,8483.26,15,12
OI0010487,O005678,P00461,2,15208.3,0,18
OI0010488,O005679,P00460,1,29143.4,25,5
OI0010490,O005680,P00623,1,4808.53,5,18
OI0010491,O005680,P00799,1,25809.16,10,0
OI0010492,O005681,P00440,1,13339.54,25,12
OI0010494,O005682,P00572,1,7393.89,15,5
OI0010495,O005682,P00587,1,19328.01,5,5
OI0010496,O005683,P00919,2,21156.36,15,0
OI0010497,O005683,P00054,1,14744.58,15,12
OI0010498,O005684,P00701,1,1498.53,20,0
OI0010499,O005684,P00543,1,6171.26,25,0
OI0010500,O005685,P00373,3,21076.59,20,12
OI0010501,O005685,P00250,1,19666.57,15,0
OI0010502,O005686,P00108,2,29434.81,5,12
OI0010503,O005687,P00816,1,786.01,25,0
OI0010504,O005687,P00143,1,2949.24,5,18
OI0010505,O005687,P00740,1,11841.98,25,18
OI0010506,O005688,P00430,1,12988.3,0,5
OI0010507,O005688,P00975,1,7941.38,20,5
OI0010508,O005689,P00468,3,24133.25,0,0
OI0010509,O005689,P00676,1,20255.23,0,12
OI0010510,O005690,P00885,1,1590.67,0,18
OI0010511,O005691,P00910,1,19284.15,0,5
OI0010512,O005692,P00738,3,25426.17,5,5
OI0010513,O005692,P00688,3,26480.98,20,0
OI0010514,O005693,P00212,1,15236.18,0,12
OI0010515,O005693,P00795,1,24677.11,10,5
OI0010516,O005693,P00658,1,9874.36,0,0
OI0010517,O005694,P00915,2,4403.02,0,18
OI0010520,O005695,P00195,1,21463.84,10,18
OI0010521,O005696,P00471,2,12476.09,5,12
OI0010522,O005696,P00845,1,6526.83,25,12
OI0010523,O005696,P00927,3,25663.77,0,0
OI0010524,O005697,P00980,1,10622.04,20,0
OI0010525,O005698,P00564,1,20977.24,5,12
OI0010526,O005698,P00095,1,23604.03,0,0
OI0010528,O005700,P00027,1,15563.44,25,5
OI0010529,O005700,P00868,1,9003.23,5,0
OI0010530,O005701,P00965,2,6898.06,15,12
OI0010531,O005701,P00089,1,27178.06,20,0
OI0010532,O005702,P00314,3,4751.86,0,12
OI0010533,O005702,P00276,1,19632.73,0,18
OI0010534,O005703,P00508,1,11618.27,0,18
OI0010535,O005703,P00172,1,24727.12,0,0
OI0010537,O005704,P00087,4,4211.29,20,12
OI0010538,O005705,P00099,1,27038.11,15,12
OI0010539,O005706,P00539,2,13253.24,0,18
OI0010540,O005706,P00223,1,7606.56,10,18
OI0010541,O005706,P00203,4,27182.01,25,12
OI0010543,O005707,P00594,1,14560.97,10,5
OI0010544,O005708,P00797,1,5558.39,10,5
OI0010545,O005708,P00068,1,9452.58,0,0
OI0010546,O005709,P00098,1,18977.4,20,0
OI0010547,O005710,P00535,1,13806.91,5,18
OI0010548,O005711,P00498,2,29327.23,0,18
OI0010549,O005711,P00884,1,10331.18,0,0
OI0010550,O005712,P00122,2,13300.41,25,18
OI0010551,O005712,P00439,1,25180.32,0,18
OI0010552,O005713,P00101,2,15582.24,0,18
OI0010554,O005714,P00959,2,13501.43,0,0
OI0010557,O005716,P00783,2,18212.25,15,18
OI0010558,O005716,P00740,1,11799.29,0,12
OI0010559,O005716,P00385,1,20928.09,20,12
OI0010560,O005717,P00133,4,26069.69,20,5
OI0010561,O005717,P00285,1,13983.2,20,5
OI0010562,O005718,P00535,1,14694.53,15,18
OI0010563,O005719,P00102,1,933.81,-5,5
OI0010564,O005720,P00513,1,28163.65,25,12
OI0010565,O005721,P00031,1,9608.18,20,5
OI0010566,O005721,P00907,1,15503.47,20,18
OI0010567,O005722,P00927,2,26160.18,10,5
OI0010568,O005722,P00490,1,23675.79,20,18
OI0010570,O005724,P00124,1,16176.6,0,12
OI0010571,O005724,P00702,3,901.84,20,18
OI0010572,O005725,P00529,2,30527.99,0,18
OI0010573,O005725,P00378,2,27661.19,0,18
OI0010574,O005726,P00440,3,13162.47,25,18
OI0010575,O005727,P00608,2,19403.31,10,12
OI0010576,O005728,P00928,1,28029.26,15,18
OI0010577,O005728,P00365,1,13050.07,5,12
OI0010578,O005728,P00360,1,3275.1,25,18
OI0010579,O005729,P00622,1,12651.65,20,12
OI0010580,O005729,P00402,2,29423.41,15,0
OI0010581,O005730,P00398,1,1643.96,10,18
OI0010582,O005730,P00717,1,24658.48,20,0
OI0010583,O005731,P00187,1,10597.51,15,18
OI0010584,O005732,P00042,3,27133.11,25,5
OI0010585,O005732,P00909,2,11970.98,10,12
OI0010586,O005732,P00635,2,11532.09,20,18
OI0010587,O005733,P00469,2,2848.67,25,5
OI0010588,O005733,P00389,1,4764.63,20,0
OI0010589,O005734,P00790,1,26621.46,20,18
OI0010591,O005735,P00686,1,24517.65,15,18
OI0010592,O005736,P00463,2,26125.32,5,12
OI0010593,O005737,P00941,2,19532.85,0,12
OI0010594,O005737,P00913,1,2078.88,0,12
OI0010595,O005737,P00478,2,25266.35,20,0
OI0010597,O005738,P00765,1,3482.97,0,12
OI0010598,O005738,P00263,2,23845.3,0,12
OI0010599,O005739,P00143,1,2962.43,15,12
OI0010600,O005739,P00279,4,15974.97,15,0
OI0010601,O005740,P00532,1,13485.13,-5,5
OI0010602,O005741,P00504,1,7478.85,15,0
OI0010603,O005741,P00755,1,15786.86,10,18
OI0010604,O005742,P00538,2,28748.26,15,5
OI0010605,O005742,P00775,1,17283.98,25,5
OI0010606,O005743,P00208,2,6248.98,15,18
OI0010607,O005743,P00930,1,9795.55,15,18
OI0010608,O005743,P00658,2,10313.46,0,18
OI0010609,O005744,P00308,1,25385.01,0,5
OI0010610,O005744,P00807,2,5556.15,10,0
OI0010611,O005745,P00058,1,19055.25,5,5
OI0010612,O005746,P00903,1,7540.03,0,12
OI0010613,O005746,P00953,2,473.09,15,18
OI0010614,O005747,P00433,1,676.59,25,12
OI0010615,O005747,P00234,1,28283.78,0,5
OI0010616,O005748,P00933,1,12484.58,0,12
OI0010619,O005750,P00812,1,3568.4,0,12
OI0010620,O005751,P00059,3,15170.49,25,18
OI0010621,O005751,P00203,1,25802.37,25,5
OI0010622,O005751,P00047,1,29220.76,5,0
OI0010623,O005752,P00923,1,5018.37,5,0
OI0010624,O005752,P00278,1,20515.13,25,5
OI0010625,O005753,P00016,1,11617.82,0,5
OI0010626,O005753,P00215,1,30179.2,10,0
OI0010627,O005754,P00576,1,14325.65,0,18
OI0010629,O005755,P00342,1,25722.25,0,12
OI0010630,O005756,P00789,1,28223.91,20,18
OI0010631,O005756,P00845,1,6741.82,0,18
OI0010632,O005757,P00285,2,14580.83,0,0
OI0010633,O005757,P00323,2,22876.31,0,5
OI0010634,O005758,P00498,3,28488.73,15,12
OI0010636,O005759,P00046,2,12284.98,15,18
OI0010638,O005760,P00473,2,13099.27,0,18
OI0010639,O005760,P00500,3,7465.28,5,0
OI0010640,O005760,P00720,1,9050.46,0,12
OI0010642,O005762,P00204,1,15184.17,25,18
OI0010643,O005762,P00056,2,14159.47,5,12
OI0010644,O005763,P00955,1,25113.24,10,12
OI0010645,O005763,P00660,1,1754.95,20,0
OI0010646,O005764,P00089,1,28132.37,15,5
OI0010647,O005764,P00610,2,5657.79,0,18
OI0010649,O005765,P00723,1,7172.83,0,5
OI0010650,O005765,P00456,3,3458.06,15,5
OI0010651,O005766,P00222,1,1922.12,25,0
OI0010652,O005766,P00745,2,12034.85,20,18
OI0010653,O005767,P00913,1,2052.77,5,0
OI0010654,O005768,P00359,2,27077.19,25,0
OI0010655,O005769,P00101,2,15443.63,10,18
OI0010656,O005769,P00579,1,17381.16,5,5
OI0010657,O005770,P00807,1,5400.77,10,12
OI0010658,O005770,P00946,4,23336.54,5,12
OI0010659,O005770,P00718,1,6394.86,25,12
OI0010660,O005771,P00290,1,29219.18,25,5
OI0010661,O005772,P00715,1,24845.36,0,12
OI0010662,O005772,P00410,2,1670.43,0,18
OI0010663,O005773,P00399,1,5296.7,10,18
OI0010664,O005773,P00782,1,26515.75,5,0
OI0010665,O005774,P00950,2,1521.17,0,0
OI0010666,O005774,P00307,1,30769.17,10,5
OI0010667,O005774,P00407,1,11819.49,10,18
OI0010668,O005775,P00487,2,4351.87,25,12
OI0010669,O005776,P00467,1,21149.96,15,18
OI0010670,O005776,P00895,2,20334.52,0,0
OI0010671,O005777,P00644,2,25973.02,0,12
OI0010672,O005777,P00586,2,11963.45,20,0
OI0010673,O005778,P00702,1,944.17,0,18
OI0010674,O005778,P00378,2,27558.89,10,5
OI0010675,O005779,P00937,3,3249.72,0,5
OI0010676,O005779,P00427,1,23325.2,15,18
OI0010677,O005780,P00362,1,19927.08,10,18
OI0010679,O005781,P00925,1,27395.73,15,18
OI0010680,O005782,P00301,1,28974.71,0,0
OI0010681,O005782,P00796,1,1068.9,5,0
OI0010682,O005783,P00055,1,25105.67,25,0
OI0010684,O005783,P00336,1,15616.43,0,5
OI0010685,O005784,P00379,1,20583.49,0,5
OI0010686,O005784,P00146,1,9379.1,10,5
OI0010687,O005784,P00928,2,27364.63,10,18
OI0010688,O005785,P00458,1,329.09,25,18
OI0010689,O005785,P00892,4,18260.51,0,5
OI0010690,O005785,P00532,1,13007.95,0,5
OI0010691,O005786,P00880,1,16052.01,10,0
OI0010692,O005786,P00752,3,271.12,5,5
OI0010693,O005786,P00699,1,24107.56,20,0
OI0010695,O005787,P00833,1,26038.43,25,12
OI0010696,O005788,P00099,1,27239.61,0,12
OI0010697,O005788,P00195,3,21020.09,10,0
OI0010698,O005788,P00460,2,28177.92,15,0
OI0010699,O005789,P00412,1,6012.73,20,18
OI0010701,O005790,P00008,4,27021.6,20,0
OI0010702,O005791,P00747,1,26958.29,25,5
OI0010703,O005791,P00083,3,963.69,0,18
OI0010704,O005792,P00379,3,19821.72,25,0
OI0010705,O005792,P00317,1,29389.06,25,0
OI0010706,O005793,P00526,2,3505.44,0,5
OI0010708,O005794,P00717,2,23451.52,5,5
OI0010709,O005795,P00068,3,9134.21,25,0
OI0010710,O005795,P00227,1,10125.29,15,0
OI0010711,O005796,P00182,1,1187.95,5,0
OI0010712,O005797,P00153,2,26370.43,0,12
OI0010713,O005797,P00879,2,3321.59,5,12
OI0010714,O005797,P00667,2,21769.41,20,18
OI0010715,O005798,P00979,1,6352.69,25,0
OI0010716,O005799,P00824,1,26779.11,15,12
OI0010718,O005801,P00847,2,21734.86,0,12
OI0010719,O005801,P00871,1,11191.54,25,5
OI0010720,O005801,P00458,1,318.97,0,0
OI0010722,O005803,P00650,1,29622.98,20,12
OI0010723,O005803,P00161,1,24468.16,5,12
OI0010724,O005804,P00145,1,12643.49,0,12
OI0010726,O005805,P00135,2,27884.75,0,12
OI0010727,O005806,P00743,1,19876.01,5,0
OI0010728,O005806,P00929,1,2108.35,5,18
OI0010729,O005807,P00193,2,17064.72,0,18
OI0010731,O005808,P00662,2,7906.84,0,12
OI0010732,O005809,P00282,1,15450.04,25,0
OI0010733,O005809,P00024,1,12231.15,15,5
OI0010734,O005809,P00014,3,16851.56,0,5
OI0010735,O005810,P00945,2,11702.46,0,0
OI0010736,O005810,P00479,2,22264.44,0,5
OI0010738,O005811,P00544,1,14899.21,20,12
OI0010739,O005812,P00693,1,2422.12,20,18
OI0010740,O005812,P00265,1,1523.05,10,18
OI0010741,O005812,P00609,2,9246.81,10,0
OI0010742,O005813,P00562,1,13278.13,0,5
OI0010743,O005814,P00303,1,13001.82,0,5
OI0010744,O005815,P00141,1,17434.98,20,5
OI0010745,O005816,P00831,2,7255.01,10,12
OI0010747,O005817,P00396,2,4361.21,20,18
OI0010748,O005817,P00789,1,29432.23,5,0
OI0010749,O005818,P00741,2,4474.69,0,12
OI0010751,O005819,P00670,2,19692.1,0,0
OI0010752,O005820,P00040,1,14287.21,5,12
OI0010753,O005820,P00251,1,27937.68,5,5
OI0010754,O005821,P00712,1,30023.1,15,5
OI0010756,O005822,P00162,1,25654.11,10,0
OI0010759,O005823,P00961,1,11896.54,0,18
OI0010761,O005824,P00604,1,29211.77,-5,12
OI0010762,O005825,P00139,2,2280.34,25,18
OI0010763,O005825,P00767,2,20030.09,25,12
OI0010764,O005826,P00085,1,3550.61,0,18
OI0010765,O005826,P00322,2,26172.22,0,12
OI0010766,O005827,P00400,1,9693.89,0,0
OI0010767,O005827,P00710,2,19908.51,10,0
OI0010768,O005827,P00157,2,17787.99,5,18
OI0010769,O005828,P00728,1,5150.09,0,0
OI0010770,O005829,P00014,1,15398.66,0,18
OI0010771,O005829,P00243,2,14557.25,0,12
OI0010772,O005830,P00868,1,9774.3,0,0
OI0010773,O005831,P00173,1,2896.61,0,12
OI0010775,O005831,P00346,1,7634.42,25,18
OI0010777,O005832,P00800,1,19336.37,0,5
OI0010778,O005833,P00265,3,1575.38,0,5
OI0010779,O005833,P00512,1,4222.22,0,0
OI0010780,O005834,P00912,3,11742.43,0,5
OI0010781,O005834,P00822,1,16057.46,0,5
OI0010782,O005835,P00884,2,10263.29,0,18
OI0010783,O005835,P00371,1,17361.59,25,5
OI0010784,O005836,P00079,1,17205.2,0,12
OI0010785,O005836,P00854,2,13223.04,0,5
OI0010786,O005836,P00774,2,20252.62,25,12
OI0010787,O005837,P00438,1,13453.94,0,0
OI0010789,O005838,P00509,3,15290.98,10,5
OI0010791,O005839,P00871,1,11615.27,0,12
OI0010792,O005839,P00068,1,8996.74,10,5
OI0010793,O005840,P00793,2,17591.2,0,12
OI0010795,O005841,P00439,1,26076.49,20,0
OI0010796,O005841,P00582,2,14527.72,25,0
OI0010797,O005842,P00369,1,28282.52,-5,5
OI0010798,O005842,P01000,3,23286.31,15,5
OI0010799,O005843,P00485,5,14919.39,10,0
OI0010800,O005843,P00023,1,3227.53,0,5
OI0010801,O005843,P00949,1,29932.85,-5,18
OI0010802,O005844,P00058,1,19092.89,10,12
OI0010803,O005844,P00568,3,7671.81,0,0
OI0010804,O005845,P00484,1,7131.76,25,5
OI0010805,O005846,P00208,2,6274.77,10,18
OI0010807,O005847,P00092,1,21914.24,20,0
OI0010808,O005847,P00570,2,12058.77,25,12
OI0010809,O005848,P00118,1,21735.59,10,0
OI0010810,O005848,P00911,3,10983.13,10,18
OI0010811,O005848,P00241,2,4211.46,25,12
OI0010812,O005849,P00569,1,29323.76,5,18
OI0010813,O005850,P00081,1,13417.84,0,0
OI0010814,O005850,P00519,1,3816.57,10,12
OI0010815,O005851,P00662,1,7539.62,20,5
OI0010816,O005852,P00211,1,675.76,20,18
OI0010819,O005853,P00425,3,15170.59,0,0
OI0010820,O005853,P00813,3,10095.99,0,0
OI0010821,O005853,P00891,1,2008.08,25,12
OI0010822,O005854,P00938,1,10458.17,15,5
OI0010824,O005855,P00350,1,22350.89,20,0
OI0010825,O005856,P00644,1,28627.4,0,18
OI0010826,O005856,P00669,1,21130.88,25,12
OI0010827,O005857,P00885,3,1668.0,10,0
OI0010828,O005858,P00282,2,14809.77,20,12
OI0010830,O005858,P00429,1,688.72,20,12
OI0010831,O005859,P00112,1,28622.62,5,12
OI0010833,O005860,P00485,1,14778.17,25,0
OI0010834,O005861,P00498,1,29178.59,0,5
OI0010835,O005861,P00975,2,7833.33,0,0
OI0010836,O005862,P00127,1,15848.48,0,12
OI0010837,O005862,P00587,2,18912.23,0,0
OI0010839,O005864,P00747,2,26186.7,10,0
OI0010840,O005864,P00292,1,13176.48,0,12
OI0010841,O005865,P00597,1,8061.52,15,12
OI0010842,O005865,P00448,1,20420.49,0,12
OI0010843,O005866,P00071,2,12111.82,0,5
OI0010844,O005866,P00733,2,7388.73,5,18
OI0010845,O005867,P00710,1,19821.09,0,12
OI0010846,O005868,P00396,2,4307.32,0,18
OI0010847,O005868,P00179,3,2933.45,25,5
OI0010848,O005868,P00508,1,12512.86,0,0
OI0010849,O005869,P00224,1,10529.25,25,18
OI0010850,O005870,P00295,4,5153.71,25,12
OI0010851,O005870,P00890,2,22095.18,25,12
OI0010853,O005871,P00556,1,16303.16,20,0
OI0010854,O005872,P00096,2,19914.4,0,0
OI0010855,O005872,P00682,3,15022.67,15,12
OI0010856,O005872,P00676,1,19402.16,20,0
OI0010857,O005873,P00907,3,16283.12,0,5
OI0010858,O005873,P00561,2,26886.07,0,18
OI0010859,O005873,P00542,4,23915.95,15,0
OI0010860,O005874,P00710,1,18931.91,0,18
OI0010861,O005875,P00595,1,22662.68,0,18
OI0010862,O005875,P00820,1,18516.31,0,5
OI0010863,O005876,P00586,2,12029.98,0,5
OI0010864,O005877,P00864,1,13323.76,5,18
OI0010865,O005877,P00722,1,17399.52,5,18
OI0010866,O005878,P00707,5,18983.15,20,5
OI0010867,O005879,P00759,1,18231.63,5,5
OI0010868,O005879,P00676,1,20650.97,0,0
OI0010869,O005880,P00512,2,4078.94,0,12
OI0010870,O005880,P00357,3,12211.08,20,18
OI0010871,O005881,P00644,1,27711.52,10,5
OI0010872,O005882,P00159,2,12355.16,10,18
OI0010873,O005883,P00645,2,26048.24,25,0
OI0010874,O005883,P00542,1,24532.55,20,18
OI0010876,O005884,P00231,2,1241.9,0,12
OI0010877,O005885,P00881,4,19744.59,10,18
OI0010878,O005885,P00469,3,2812.18,20,18
OI0010879,O005886,P00011,2,11641.43,0,5
OI0010880,O005886,P00636,3,7558.86,5,12
OI0010881,O005886,P00149,1,28943.22,25,0
OI0010882,O005887,P00918,2,27756.68,0,12
OI0010883,O005888,P00777,2,22868.12,15,5
OI0010884,O005889,P00904,2,26512.3,15,18
OI0010885,O005890,P00532,4,13517.78,0,18
OI0010886,O005890,P00362,1,21023.18,25,5
OI0010887,O005891,P00856,1,12671.19,25,0
OI0010888,O005892,P00420,1,28971.07,10,18
OI0010889,O005892,P00399,1,5088.64,5,12
OI0010890,O005893,P00131,1,10869.5,0,18
OI0010891,O005893,P00384,1,1815.25,-5,5
OI0010892,O005894,P00980,1,10970.8,15,0
OI0010893,O005895,P00343,1,10819.6,15,5
OI0010895,O005897,P00716,2,6168.36,-5,0
OI0010896,O005897,P00492,4,9140.72,25,18
OI0010897,O005898,P00147,2,29290.07,0,12
OI0010898,O005898,P00488,2,24554.31,25,0
OI0010899,O005898,P00592,2,3946.28,0,18
OI0010900,O005899,P00941,3,20850.32,0,12
OI0010902,O005900,P00227,3,9510.86,0,0
OI0010903,O005901,P00882,2,20311.74,0,5
OI0010904,O005901,P00373,1,22134.11,0,12
OI0010905,O005902,P00658,1,10245.43,15,0
OI0010906,O005902,P00506,1,11209.95,0,5
OI0010907,O005903,P00923,1,5162.54,0,18
OI0010908,O005903,P00718,1,6823.44,0,12
OI0010909,O005904,P00234,1,29093.06,5,0
OI0010910,O005905,P00292,1,12442.8,15,0
OI0010911,O005905,P00549,1,14511.42,10,5
OI0010912,O005906,P00360,4,3174.42,25,12
OI0010913,O005906,P00934,2,26544.99,-5,12
OI0010914,O005907,P00049,1,25313.24,0,0
OI0010915,O005907,P00045,1,26336.17,15,0
OI0010916,O005908,P00573,2,4558.28,0,18
OI0010918,O005909,P00848,1,217.86,0,0
OI0010919,O005909,P00881,3,20206.13,25,18
OI0010920,O005910,P00622,1,12258.65,0,0
OI0010921,O005910,P00421,1,19666.58,0,18
OI0010923,O005912,P00687,4,21557.3,5,12
OI0010924,O005912,P00642,3,26954.44,10,5
OI0010925,O005913,P00170,1,19865.1,10,18
OI0010926,O005913,P00565,1,1072.21,0,18
OI0010927,O005913,P00653,1,3678.7,5,18
OI0010928,O005914,P00642,1,25193.93,10,12
OI0010929,O005914,P00215,1,28933.33,0,0
OI0010930,O005915,P00882,1,20067.46,0,18
OI0010931,O005916,P00921,1,15296.43,10,12
OI0010932,O005917,P00346,1,7564.19,15,0
OI0010933,O005917,P00742,1,14739.56,0,5
OI0010934,O005917,P00256,2,26701.79,10,0
OI0010935,O005918,P00915,1,4159.82,25,5
OI0010936,O005919,P00416,2,7667.35,15,5
OI0010937,O005919,P00330,2,24215.31,25,18
OI0010938,O005920,P00534,1,3190.21,0,18
OI0010939,O005920,P00617,1,11065.42,0,18
OI0010940,O005921,P00690,2,20178.63,0,12
OI0010941,O005921,P00553,2,16408.78,0,5
OI0010942,O005922,P00724,4,16012.54,25,18
OI0010943,O005922,P00479,1,21900.74,0,12
OI0010944,O005922,P00467,1,21011.26,0,5
OI0010945,O005923,P00355,4,22491.31,25,12
OI0010946,O005923,P00762,2,20015.85,5,0
OI0010947,O005924,P00851,1,4922.38,25,12
OI0010948,O005925,P00477,3,22244.46,10,5
OI0010949,O005926,P00063,2,1266.65,10,12
OI0010950,O005927,P00325,1,5708.48,0,0
OI0010951,O005927,P00959,1,13969.04,0,12
OI0010952,O005928,P00354,4,18306.77,25,12
OI0010953,O005928,P00026,3,15624.3,20,18
OI0010954,O005928,P00772,1,9938.42,0,18
OI0010956,O005930,P00867,1,13078.94,5,12
OI0010957,O005930,P00692,2,15523.72,20,18
OI0010958,O005931,P00873,1,26632.22,25,12
OI0010959,O005931,P00838,4,18077.04,20,12
OI0010960,O005932,P00233,1,4724.2,0,0
OI0010961,O005932,P00876,1,8183.85,5,18
OI0010962,O005933,P00106,1,8700.21,5,18
OI0010963,O005933,P00706,1,15101.84,20,0
OI0010964,O005934,P00261,2,18379.56,10,18
OI0010965,O005934,P00541,1,18007.66,0,0
OI0010968,O005935,P00104,1,13153.97,0,12
OI0010969,O005936,P00934,1,24784.93,5,0
OI0010970,O005936,P00386,1,28319.23,20,0
OI0010971,O005937,P00058,1,18069.87,15,5
OI0010972,O005937,P00681,2,30088.05,20,12
OI0010973,O005938,P00899,2,21806.17,0,5
OI0010974,O005939,P00110,2,1066.43,20,5
OI0010975,O005939,P00317,1,31179.94,0,5
OI0010977,O005940,P00237,2,23831.27,0,0
OI0010978,O005940,P00902,3,30201.11,0,12
OI0010979,O005940,P00687,1,23110.49,0,5
OI0010980,O005941,P00038,1,19130.65,0,5
OI0010981,O005941,P00997,2,6419.33,10,12
OI0010982,O005941,P00014,5,16340.57,5,18
OI0010983,O005942,P00137,1,28840.54,0,12
OI0010984,O005942,P00421,1,19137.49,10,18
OI0010985,O005942,P00755,5,15909.53,20,18
OI0010987,O005943,P00160,1,18753.35,20,12
OI0010988,O005943,P00899,1,22380.16,-5,5
OI0010989,O005944,P00736,4,10372.83,0,5
OI0010990,O005945,P00846,2,20118.64,15,18
OI0010991,O005946,P00219,4,15398.66,20,0
OI0010992,O005946,P00453,1,408.44,0,12
OI0010993,O005946,P00412,1,6043.97,0,18
OI0010994,O005947,P00795,2,24816.09,25,18
OI0010995,O005947,P00815,1,25472.01,0,5
OI0010996,O005948,P00876,4,8143.0,0,12
OI0010997,O005948,P00107,1,3541.24,0,12
OI0010998,O005949,P00868,1,9599.69,5,0
OI0011000,O005950,P00531,2,28490.94,0,12
OI0011001,O005951,P00851,5,4806.78,15,12
OI0011002,O005952,P00699,4,24443.35,15,0
OI0011003,O005953,P00801,3,2182.64,25,12
OI0011005,O005954,P00902,2,29256.53,10,12
OI0011007,O005954,P00531,1,28400.34,5,18
OI0011008,O005955,P00070,2,15519.49,15,12
OI0011009,O005955,P00817,1,11117.34,25,0
OI0011010,O005955,P00397,1,11517.01,5,18
OI0011011,O005956,P00950,3,1393.83,25,18
OI0011012,O005956,P00702,1,947.02,0,18
OI0011013,O005957,P00036,1,19664.04,10,18
OI0011014,O005958,P00089,2,27334.28,0,5
OI0011015,O005958,P00051,1,15530.16,5,12
OI0011016,O005959,P00940,2,28538.13,10,5
OI0011018,O005960,P00423,1,4345.9,15,0
OI0011019,O005961,P00859,1,27896.22,10,5
OI0011020,O005962,P00924,2,10990.04,5,18
OI0011021,O005962,P00524,1,12675.41,10,5
OI0011022,O005962,P00990,1,27418.22,0,5
OI0011025,O005964,P00504,2,7267.21,10,5
OI0011026,O005964,P00075,1,18690.72,25,12
OI0011027,O005965,P00611,1,4348.82,20,0
OI0011028,O005966,P00249,1,21899.37,0,0
OI0011029,O005967,P00221,1,5197.9,25,12
OI0011030,O005967,P00283,4,5005.55,10,12
OI0011031,O005968,P00893,2,6139.57,0,12
OI0011032,O005969,P00275,2,10026.03,10,18
OI0011033,O005970,P00862,1,26970.12,0,12
OI0011034,O005971,P00315,3,2107.08,10,5
OI0011035,O005972,P00642,2,26727.11,5,12
OI0011036,O005972,P00748,2,23903.5,0,12
OI0011037,O005972,P00735,1,15721.84,25,5
OI0011038,O005973,P00072,1,6435.54,0,5
OI0011039,O005973,P00715,1,23884.78,0,0
OI0011040,O005973,P00937,1,3385.54,20,18
OI0011041,O005974,P00932,1,9325.28,20,0
OI0011042,O005974,P00338,1,9158.3,25,12
OI0011043,O005974,P00574,1,12717.48,20,12
OI0011044,O005975,P00850,1,22320.93,15,12
OI0011045,O005975,P00107,1,3560.31,10,12
OI0011046,O005976,P00573,1,4569.39,25,5
OI0011048,O005977,P00954,2,22581.84,15,5
OI0011049,O005977,P00280,4,9442.93,5,5
OI0011050,O005978,P00989,3,18289.0,0,5
OI0011051,O005978,P00817,1,11425.76,0,0
OI0011052,O005979,P00364,1,20059.71,0,0
OI0011053,O005979,P00382,1,20806.01,15,0
OI0011055,O005980,P00304,1,22343.91,0,0
OI0011056,O005980,P00356,3,10815.41,5,18
OI0011057,O005981,P00515,4,21457.03,0,5
OI0011058,O005981,P00221,2,5118.86,5,5
OI0011059,O005982,P00746,1,3823.26,20,5
OI0011060,O005982,P00314,1,4852.91,25,18
OI0011061,O005982,P00392,1,27847.5,0,0
OI0011062,O005983,P00088,2,12988.98,15,18
OI0011063,O005984,P00324,2,213.86,5,0
OI0011064,O005985,P00017,2,10665.75,0,12
OI0011065,O005986,P00434,1,8299.13,0,5
OI0011066,O005986,P00321,1,2032.17,0,12
OI0011067,O005987,P00492,1,9032.78,-5,5
OI0011068,O005987,P00851,1,4823.04,0,5
OI0011069,O005988,P00946,1,21638.92,0,5
OI0011070,O005988,P00132,4,5213.32,20,12
OI0011071,O005989,P00117,2,25417.86,15,12
OI0011072,O005989,P00742,2,15448.53,0,5
OI0011073,O005990,P00462,5,17565.15,0,0
OI0011074,O005990,P00423,2,4391.44,25,0
OI0011075,O005991,P00050,2,29379.62,0,12
OI0011076,O005991,P00665,1,29779.99,0,18
OI0011077,O005992,P00264,2,12320.07,10,18
OI0011078,O005993,P00455,2,1345.15,-5,12
OI0011079,O005993,P00185,1,27141.41,10,18
OI0011080,O005994,P00581,2,26227.7,0,0
OI0011081,O005994,P00162,5,25928.63,5,18
OI0011082,O005995,P00947,1,9447.28,20,5
OI0011083,O005995,P00392,1,27335.16,0,0
OI0011085,O005996,P00450,1,30743.97,0,0
OI0011086,O005996,P00573,1,4366.95,0,5
OI0011087,O005997,P00558,1,13224.13,15,0
OI0011088,O005997,P00134,1,25227.88,10,18
OI0011089,O005998,P00527,4,18068.96,25,18
OI0011090,O005999,P00032,2,20728.06,5,0
OI0011091,O005999,P00914,1,26500.73,25,0
OI0011092,O006000,P00886,2,20790.25,15,18
OI0011093,O006001,P00914,1,26372.3,0,12
OI0011095,O006002,P00389,1,5006.5,10,18
OI0011096,O006003,P00112,1,28718.73,5,18
OI0011097,O006004,P00551,2,15732.89,20,0
OI0011098,O006005,P00321,1,2156.16,15,12
OI0011099,O006005,P00761,1,9484.58,20,12
OI0011100,O006006,P00402,1,28373.03,0,12
OI0011101,O006006,P00795,1,26835.95,0,12
OI0011102,O006007,P00501,1,1002.44,5,18
OI0011103,O006007,P00084,2,28798.68,10,12
OI0011104,O006008,P00326,2,12971.82,10,5
OI0011106,O006009,P00027,1,15739.89,0,12
OI0011107,O006009,P00747,1,26882.93,5,0
OI0011108,O006010,P00635,1,11419.94,10,0
OI0011109,O006010,P00583,1,19811.84,5,5
OI0011110,O006011,P00158,1,13043.55,15,18
OI0011111,O006012,P00998,1,29347.96,10,0
OI0011113,O006013,P00426,1,16027.78,0,12
OI0011114,O006014,P00286,1,585.56,25,18
OI0011115,O006015,P00870,1,7836.83,15,12
OI0011116,O006015,P00568,2,7585.41,5,18
OI0011117,O006016,P00679,5,29974.13,0,0
OI0011118,O006016,P00782,1,28868.0,10,5
OI0011119,O006016,P00152,1,5651.55,15,18
OI0011120,O006017,P00929,1,2012.72,5,5
OI0011121,O006017,P00699,1,24924.56,15,5
OI0011122,O006018,P00144,1,8349.79,25,18
OI0011124,O006019,P00167,3,15421.96,15,5
OI0011125,O006019,P00324,1,228.62,0,18
OI0011126,O006020,P00957,1,18290.56,25,18
OI0011127,O006020,P00553,1,16773.77,0,5
OI0011128,O006021,P00272,1,23848.52,5,5
OI0011129,O006021,P00837,1,17920.76,0,18
OI0011130,O006022,P00121,1,6929.22,15,18
OI0011132,O006023,P00005,1,29742.5,0,12
OI0011133,O006023,P00515,1,22764.49,0,18
OI0011134,O006024,P00782,1,27458.92,0,0
OI0011135,O006024,P00106,2,8445.71,20,18
OI0011136,O006025,P00328,2,5845.27,0,0
OI0011137,O006025,P00276,2,20288.43,5,5
OI0011138,O006026,P00160,2,19609.87,0,5
OI0011140,O006027,P00160,1,19484.99,0,0
OI0011141,O006027,P00876,2,8374.29,15,0
OI0011142,O006027,P00618,3,14163.96,-5,0
OI0011143,O006028,P00505,2,18474.17,25,5
OI0011144,O006028,P00751,1,8685.61,10,5
OI0011145,O006029,P00616,3,7385.54,25,18
OI0011146,O006029,P00800,2,19870.25,10,12
OI0011147,O006030,P00061,1,19349.78,0,0
OI0011148,O006031,P00132,1,4803.56,5,5
OI0011149,O006031,P00652,4,3699.35,0,18
OI0011150,O006032,P00046,1,11932.97,25,12
OI0011151,O006033,P00556,2,16273.92,0,12
OI0011153,O006034,P00312,1,26087.6,0,18
OI0011154,O006034,P00030,2,24227.77,0,0
OI0011156,O006035,P00934,1,24589.54,0,5
OI0011157,O006035,P00720,1,9327.34,15,5
OI0011159,O006036,P00253,4,30925.88,25,18
OI0011160,O006037,P00246,2,6624.82,25,12
OI0011161,O006038,P00555,3,26864.52,20,0
OI0011162,O006038,P00436,1,21379.06,0,5
OI0011163,O006039,P00955,1,24861.61,20,5
OI0011164,O006039,P00168,2,15750.21,0,0
OI0011165,O006039,P00402,1,28936.72,10,18
OI0011166,O006040,P00602,3,26120.19,10,5
OI0011168,O006041,P00762,1,19960.03,15,0
OI0011169,O006041,P00040,1,15367.52,25,5
OI0011170,O006042,P00778,5,19030.1,0,18
OI0011171,O006043,P00262,1,8635.68,0,18
OI0011173,O006044,P00965,2,7078.72,5,12
OI0011174,O006044,P00099,1,26035.3,5,12
OI0011176,O006045,P00964,2,18696.46,25,0
OI0011177,O006045,P00536,3,27150.01,0,18
OI0011178,O006046,P00858,2,28850.72,0,12
OI0011179,O006047,P00931,1,4012.12,0,0
OI0011180,O006047,P00355,1,23912.11,25,12
OI0011181,O006047,P00642,1,25375.18,15,12
OI0011182,O006048,P00844,2,25445.44,10,18
OI0011184,O006049,P00288,1,16733.5,25,5
OI0011185,O006049,P00066,4,5839.23,25,0
OI0011186,O006050,P00480,1,17799.39,15,18
OI0011187,O006051,P00218,2,21669.06,0,5
OI0011188,O006052,P00481,1,16477.84,5,5
OI0011189,O006053,P00517,1,29183.62,25,0
OI0011190,O006053,P00511,1,20819.81,0,12
OI0011191,O006054,P00421,2,18315.94,0,5
OI0011192,O006054,P00631,1,9548.6,10,12
OI0011193,O006055,P00657,4,26436.41,0,12
OI0011194,O006055,P00186,1,6925.71,0,5
OI0011195,O006056,P00359,1,26357.96,10,5
OI0011196,O006057,P00654,1,7998.46,15,5
OI0011197,O006058,P00871,2,11540.13,10,0
OI0011198,O006058,P00089,2,29306.37,5,12
OI0011199,O006058,P00923,1,4973.43,15,18
OI0011200,O006059,P00232,1,20908.6,20,5
OI0011201,O006059,P00518,1,21572.91,-5,18
OI0011202,O006060,P00712,1,27993.0,10,5
OI0011203,O006060,P00466,1,834.24,5,12
OI0011204,O006061,P00129,2,7981.84,15,12
OI0011205,O006062,P00263,1,22653.39,-5,18
OI0011206,O006063,P00762,1,19605.26,25,0
OI0011207,O006063,P00748,2,23660.37,20,12
OI0011209,O006064,P00860,1,27557.79,20,18
OI0011210,O006064,P00642,1,26496.59,0,12
OI0011211,O006065,P00164,1,17408.34,15,5
OI0011212,O006065,P00392,2,27824.3,0,18
OI0011213,O006065,P00172,1,24663.27,10,5
OI0011214,O006066,P00791,1,1339.79,25,0
OI0011215,O006067,P00764,1,19199.1,25,18
OI0011216,O006068,P00875,3,15911.63,0,5
OI0011217,O006069,P00171,1,6267.46,0,18
OI0011218,O006070,P00683,2,14689.86,20,0
OI0011219,O006070,P00790,1,25872.0,5,12
OI0011220,O006071,P00091,2,14563.51,10,12
OI0011221,O006072,P00979,3,6524.72,15,0
OI0011222,O006072,P00476,3,16124.36,0,0
OI0011223,O006073,P00848,5,229.56,25,0
OI0011224,O006074,P00410,1,1757.2,5,0
OI0011225,O006074,P00223,2,7824.85,20,18
OI0011226,O006075,P00099,1,26974.84,25,0
OI0011227,O006076,P00019,1,17460.04,15,18
OI0011228,O006076,P00626,2,2359.72,15,12
OI0011229,O006076,P00261,1,19094.51,10,18
OI0011230,O006077,P00506,1,10814.21,0,5
OI0011231,O006078,P00133,1,25248.92,5,18
OI0011232,O006078,P00475,2,24628.36,5,12
OI0011233,O006079,P00885,1,1622.66,5,5
OI0011234,O006079,P00775,2,17351.87,5,12
OI0011236,O006080,P00281,1,20735.49,20,18
OI0011237,O006080,P00773,2,12593.69,20,5
OI0011238,O006081,P00778,1,18335.43,15,12
OI0011239,O006082,P00808,1,18873.63,20,5
OI0011240,O006083,P00096,1,20466.46,20,5
OI0011241,O006084,P00791,1,1290.92,0,18
OI0011242,O006084,P00169,2,4021.37,0,12
OI0011243,O006085,P00915,2,4138.02,0,18
OI0011244,O006085,P00439,1,25889.58,25,0
OI0011245,O006085,P00336,1,16215.39,25,5
OI0011246,O006086,P00238,1,14182.35,10,12
OI0011248,O006087,P00180,1,22467.65,20,5
OI0011249,O006087,P00515,1,20811.42,-5,5
OI0011250,O006088,P00395,3,25010.96,0,5
OI0011251,O006088,P00904,1,26190.73,0,5
OI0011252,O006089,P00260,2,8314.87,20,5
OI0011254,O006090,P00181,1,29813.7,5,0
OI0011255,O006090,P00054,2,14970.07,5,12
OI0011256,O006091,P00024,1,12742.57,25,5
OI0011257,O006091,P00576,1,14147.67,20,12
OI0011258,O006092,P00141,1,17430.43,-5,0
OI0011259,O006092,P00175,1,11126.39,0,5
OI0011260,O006093,P00434,1,8577.95,5,5
OI0011263,O006095,P00500,1,7200.6,0,12
OI0011264,O006096,P00336,1,16180.16,10,5
OI0011265,O006096,P00916,1,2612.25,0,0
OI0011266,O006097,P00656,1,26422.24,0,12
OI0011267,O006097,P00518,1,22337.14,10,18
OI0011268,O006097,P00445,1,10327.28,25,5
OI0011269,O006098,P00814,1,1345.51,10,18
OI0011270,O006098,P00788,5,9807.76,20,5
OI0011271,O006098,P00932,1,9446.85,25,18
OI0011273,O006100,P00032,1,20891.18,10,12
OI0011274,O006100,P00434,1,8565.19,0,12
OI0011275,O006101,P00875,1,16262.28,0,0
OI0011276,O006101,P00031,1,9760.68,15,12
OI0011277,O006102,P00620,2,12388.14,5,18
OI0011278,O006103,P00852,1,21176.57,15,0
OI0011279,O006103,P00697,2,12054.46,-5,12
OI0011280,O006104,P00243,1,14913.73,15,18
OI0011282,O006105,P00316,1,26157.93,5,0
OI0011283,O006106,P00167,3,15068.4,5,0
OI0011284,O006107,P00565,1,992.25,0,12
OI0011286,O006108,P00126,2,11705.01,25,5
OI0011287,O006108,P00530,1,29253.09,10,18
OI0011288,O006108,P00875,2,15850.38,0,18
OI0011289,O006109,P00301,1,28648.33,5,5
OI0011290,O006109,P00622,1,12942.23,25,12
OI0011291,O006110,P00072,1,6921.87,0,5
OI0011292,O006111,P00608,1,18620.29,25,12
OI0011293,O006111,P00834,2,22500.56,0,12
OI0011294,O006111,P00014,1,15573.43,20,12
OI0011295,O006112,P00867,1,12850.47,0,12
OI0011296,O006113,P00940,1,28618.91,15,0
OI0011298,O006114,P00465,1,10885.0,0,5
OI0011299,O006114,P00752,2,279.67,0,0
OI0011300,O006114,P00382,1,22820.29,10,18
OI0011301,O006115,P00724,2,15040.92,25,5
OI0011302,O006116,P00371,5,16953.11,0,12
OI0011305,O006117,P00510,2,4767.98,5,0
OI0011306,O006117,P00589,1,10648.7,25,5
OI0011307,O006118,P00678,3,21520.58,25,12
OI0011308,O006119,P00545,2,17591.8,20,0
OI0011309,O006119,P00846,2,20853.02,0,12
OI0011310,O006120,P00531,3,29265.93,0,18
OI0011312,O006121,P00214,2,1548.33,25,0
OI0011314,O006123,P00738,1,25397.78,20,18
OI0011316,O006123,P00183,1,24956.98,10,0
OI0011317,O006124,P00945,1,12514.25,20,5
OI0011318,O006124,P00974,1,8470.1,0,18
OI0011319,O006124,P00760,2,8170.03,0,12
OI0011320,O006125,P00254,1,30270.85,0,5
OI0011321,O006125,P00860,3,29480.07,0,18
OI0011322,O006126,P00211,3,627.33,0,5
OI0011323,O006126,P00816,1,805.48,0,12
OI0011324,O006127,P00547,1,21581.75,5,12
OI0011325,O006127,P00205,2,18851.92,-5,5
OI0011326,O006128,P00181,4,27988.57,0,18
OI0011327,O006128,P00161,2,24308.46,0,0
OI0011328,O006129,P00203,1,25926.45,15,0
OI0011329,O006129,P00466,1,856.98,0,18
OI0011331,O006130,P00310,1,6460.56,15,12
OI0011332,O006131,P00321,2,1975.04,-5,5
OI0011333,O006132,P00204,1,15891.8,20,0
OI0011334,O006133,P00346,1,7651.14,10,5
OI0011335,O006134,P00303,1,13195.38,5,18
OI0011336,O006134,P00770,5,21946.55,15,5
OI0011337,O006135,P00079,1,17407.18,0,12
OI0011338,O006135,P00585,4,16460.55,15,18
OI0011340,O006136,P00818,1,24359.38,0,0
OI0011341,O006137,P00697,1,12239.47,0,5
OI0011342,O006137,P00878,1,13375.07,25,12
OI0011343,O006137,P00647,1,5442.33,10,5
OI0011344,O006138,P00115,2,27737.77,20,5
OI0011346,O006138,P00654,1,7951.77,25,12
OI0011347,O006139,P00888,1,1353.31,10,12
OI0011348,O006140,P00325,3,5685.12,5,18
OI0011349,O006141,P00039,1,3668.23,-5,12
OI0011350,O006141,P00887,4,22407.84,5,12
OI0011351,O006142,P00868,4,8944.07,15,12
OI0011352,O006142,P00231,3,1165.77,0,5
OI0011353,O006143,P00222,2,1889.49,0,12
OI0011354,O006144,P00466,2,829.03,15,5
OI0011355,O006144,P00647,1,5263.95,0,12
OI0011356,O006144,P00602,1,27044.46,0,0
OI0011357,O006145,P00903,1,7378.16,0,12
OI0011358,O006146,P00784,1,8686.97,0,0
OI0011359,O006146,P00264,1,12401.79,25,5
OI0011360,O006147,P00756,1,13993.03,5,12
OI0011361,O006147,P00106,1,8248.67,0,0
OI0011362,O006148,P00190,1,9913.35,0,5
OI0011365,O006149,P00140,1,29892.92,0,5
OI0011366,O006150,P00703,1,9102.0,20,5
OI0011367,O006150,P00478,1,25115.96,0,18
OI0011368,O006151,P00197,1,29823.25,0,0
OI0011369,O006151,P00088,1,12045.69,20,12
OI0011370,O006152,P00552,4,19216.57,20,0
OI0011371,O006152,P00223,1,7963.63,25,5
OI0011374,O006153,P00632,1,24015.04,0,5
OI0011375,O006154,P00495,2,17960.06,0,5
OI0011376,O006154,P00879,2,3501.41,0,0
OI0011377,O006155,P00278,4,18818.21,0,5
OI0011378,O006156,P00309,2,23126.71,25,0
OI0011379,O006156,P00296,1,20654.75,0,18
OI0011380,O006156,P00781,1,10506.33,15,12
OI0011381,O006157,P00691,1,14747.43,10,0
OI0011382,O006157,P00926,1,23185.28,15,12
OI0011385,O006159,P00414,2,6281.8,0,0
OI0011386,O006160,P00264,1,12438.96,15,0
OI0011387,O006160,P00348,4,7376.79,5,18
OI0011388,O006161,P00717,1,23305.5,5,0
OI0011389,O006161,P00588,1,26512.33,25,5
OI0011390,O006161,P00276,1,20104.29,0,18
OI0011391,O006162,P00619,1,10710.74,5,18
OI0011392,O006163,P00941,1,20332.18,25,12
OI0011393,O006164,P00244,1,2116.53,20,0
OI0011394,O006164,P00881,1,21663.75,10,18
OI0011396,O006165,P00832,1,16256.58,10,0
OI0011397,O006165,P00144,5,7801.79,15,12
OI0011399,O006167,P00520,1,27176.51,5,0
OI0011400,O006168,P00333,5,8878.88,10,0
OI0011401,O006168,P00213,3,14123.38,5,0
OI0011402,O006169,P00146,1,9079.06,5,18
OI0011403,O006169,P00799,2,27726.85,0,18
OI0011404,O006170,P00938,1,10555.19,15,18
OI0011405,O006170,P00282,1,15648.55,15,0
OI0011406,O006170,P00406,4,29052.86,5,0
OI0011407,O006171,P00654,1,8325.89,0,0
OI0011408,O006171,P00024,1,12492.56,0,12
OI0011409,O006172,P00549,4,14598.67,15,0
OI0011410,O006173,P00156,2,29088.86,15,18
OI0011411,O006173,P00976,1,7435.92,0,18
OI0011413,O006174,P00098,1,18300.41,25,0
OI0011414,O006174,P00395,2,25529.92,10,18
OI0011415,O006175,P00474,3,20801.55,5,5
OI0011416,O006175,P00620,1,12959.38,0,18
OI0011417,O006176,P00379,2,19978.79,5,12
OI0011418,O006177,P00436,2,22122.49,0,12
OI0011419,O006178,P00296,1,19715.45,25,12
OI0011420,O006178,P00173,3,2986.32,25,0
OI0011421,O006178,P00075,1,19339.74,25,5
OI0011423,O006179,P00254,2,27498.06,10,12
OI0011424,O006179,P00627,2,22233.69,10,5
OI0011425,O006180,P00948,1,8332.46,5,0
OI0011427,O006181,P00514,2,12963.55,0,5
OI0011428,O006181,P00723,2,7873.45,5,12
OI0011429,O006181,P00469,1,3066.33,15,5
OI0011430,O006182,P00130,1,23825.65,15,5
OI0011431,O006182,P00314,2,4663.72,5,18
OI0011432,O006183,P00344,1,19132.93,25,0
OI0011433,O006183,P00986,2,18482.79,20,12
OI0011434,O006184,P00298,1,5854.79,-5,12
OI0011435,O006184,P00807,2,5495.48,0,18
OI0011437,O006185,P00167,4,14844.66,10,18
OI0011438,O006185,P00815,1,25435.28,15,5
OI0011439,O006186,P00832,1,16509.81,-5,18
OI0011440,O006186,P00509,1,14793.22,15,5
OI0011441,O006187,P00095,1,21700.78,25,18
OI0011442,O006188,P00935,1,7267.53,20,5
OI0011443,O006188,P00419,2,26880.42,5,18
OI0011444,O006189,P00691,1,14516.44,10,12
OI0011445,O006190,P00610,2,5833.88,0,5
OI0011446,O006190,P00001,2,9012.8,25,0
OI0011447,O006191,P00167,1,14355.29,0,5
OI0011449,O006193,P00551,1,15175.29,15,18
OI0011450,O006194,P00442,1,11865.36,0,18
OI0011451,O006194,P00943,5,7197.35,25,0
OI0011452,O006194,P00935,1,7203.11,0,0
OI0011453,O006195,P00441,1,7546.17,0,5
OI0011454,O006196,P00429,3,639.98,15,18
OI0011455,O006196,P00683,1,13788.46,25,0
OI0011456,O006196,P00788,1,10068.54,20,5
OI0011457,O006197,P00842,2,22410.91,0,18
OI0011458,O006197,P00497,1,9029.18,25,0
OI0011459,O006198,P00347,1,27725.62,20,5
OI0011460,O006198,P00994,1,28029.76,0,5
OI0011461,O006199,P00586,1,11985.28,0,0
OI0011462,O006199,P00083,1,952.38,15,12
OI0011463,O006199,P00802,2,6964.78,0,18
OI0011464,O006200,P00466,1,819.13,15,0
OI0011465,O006200,P00880,2,16710.07,0,12
OI0011466,O006201,P00492,1,9472.83,20,5
OI0011467,O006202,P00559,2,23039.67,20,0
OI0011468,O006203,P00955,2,24669.72,0,5
OI0011469,O006204,P00695,1,10456.12,25,5
OI0011470,O006205,P00849,1,4524.78,15,0
OI0011472,O006206,P00487,3,4385.99,15,18
OI0011473,O006206,P00275,1,9942.81,20,12
OI0011475,O006207,P00220,2,4804.53,0,0
OI0011477,O006208,P00319,1,22913.81,10,5
OI0011478,O006209,P00112,2,27103.72,15,12
OI0011479,O006209,P00591,1,13967.54,20,12
OI0011481,O006210,P00132,1,5054.49,-5,5
OI0011482,O006210,P00358,1,4274.17,20,18
OI0011483,O006211,P00002,2,4149.16,25,5
OI0011485,O006213,P00285,1,15168.48,20,18
OI0011487,O006214,P00184,1,12917.52,5,18
OI0011488,O006214,P00855,1,14439.16,5,18
OI0011489,O006215,P00344,1,18664.48,0,18
OI0011490,O006216,P00874,2,7357.39,10,0
OI0011491,O006217,P00697,1,12600.75,5,0
OI0011492,O006217,P00860,2,28650.12,0,0
OI0011493,O006217,P00293,1,8230.58,20,5
OI0011496,O006219,P00282,1,15359.44,0,0
OI0011497,O006220,P00132,1,5205.24,0,5
OI0011498,O006221,P00567,1,28718.06,15,5
OI0011499,O006221,P00879,1,3354.01,0,0
OI0011500,O006221,P00934,1,25320.2,0,5
OI0011501,O006222,P00459,2,24281.63,15,18
OI0011502,O006222,P00385,4,22393.16,5,0
OI0011503,O006223,P00098,1,19553.33,15,0
OI0011504,O006223,P00830,4,5111.75,10,0
OI0011505,O006223,P00269,1,18333.58,10,12
OI0011506,O006224,P00581,1,27245.23,-5,0
OI0011507,O006224,P00948,1,8255.46,0,5
OI0011508,O006224,P00111,1,12027.58,15,0
OI0011509,O006225,P00301,2,30177.64,0,0
OI0011510,O006225,P00139,1,2340.76,5,5
OI0011511,O006226,P00123,1,285.03,10,18
OI0011512,O006226,P00387,1,313.8,20,12
OI0011513,O006227,P00434,2,8456.0,25,12
OI0011514,O006227,P00324,2,223.03,25,12
OI0011515,O006228,P00348,3,6998.33,10,12
OI0011516,O006228,P00908,2,9244.39,0,18
OI0011518,O006229,P00857,2,1326.97,0,0
OI0011519,O006229,P00246,1,6882.21,0,5
OI0011520,O006230,P00582,2,13888.8,0,12
OI0011521,O006230,P00226,2,24063.09,15,18
OI0011522,O006230,P00212,1,14844.41,15,5
OI0011523,O006231,P00790,3,27310.04,0,5
OI0011524,O006231,P00318,1,23882.97,5,0
OI0011525,O006231,P00057,1,12014.58,15,0
OI0011526,O006232,P00869,1,1359.6,25,18
OI0011527,O006233,P00987,1,23625.92,0,12
OI0011528,O006233,P00303,1,13377.44,20,12
OI0011529,O006234,P00286,1,587.51,5,5
OI0011530,O006234,P00228,5,11228.17,15,5
OI0011532,O006235,P00140,1,28520.27,20,12
OI0011533,O006236,P00366,1,11774.05,0,5
OI0011534,O006236,P00570,1,11459.7,20,18
OI0011536,O006237,P00340,2,26823.5,25,0
OI0011538,O006238,P00344,1,19296.67,0,12
OI0011539,O006238,P00844,2,24465.1,15,12
OI0011540,O006239,P00174,1,20639.59,0,5
OI0011541,O006239,P00883,1,12643.8,20,18
OI0011542,O006239,P00347,1,26153.26,0,0
OI0011543,O006240,P00599,2,29327.91,0,5
OI0011545,O006241,P00820,1,18562.98,10,18
OI0011546,O006241,P00990,1,26697.7,10,12
OI0011547,O006242,P00291,1,15774.91,20,5
OI0011548,O006243,P00693,5,2509.3,15,12
OI0011549,O006243,P00327,2,16057.68,20,0
OI0011550,O006244,P00827,1,9014.64,5,12
OI0011551,O006244,P00101,1,15461.38,15,5
OI0011552,O006245,P00622,1,12993.4,0,12
OI0011553,O006245,P00030,1,23394.55,15,5
OI0011554,O006245,P00654,1,8116.96,5,12
OI0011555,O006246,P00843,2,4672.53,15,18
OI0011558,O006248,P00534,2,3120.91,0,0
OI0011559,O006249,P00857,5,1206.4,15,0
OI0011561,O006250,P00319,1,23090.96,0,18
OI0011563,O006252,P00962,1,17560.18,25,12
OI0011565,O006253,P00403,1,18288.79,20,12
OI0011566,O006254,P00998,1,27089.94,0,18
OI0011567,O006254,P00411,1,6100.66,0,18
OI0011568,O006255,P00427,2,23263.66,0,5
OI0011569,O006256,P00344,1,20182.93,0,0
OI0011570,O006256,P00883,2,12767.15,5,12
OI0011571,O006256,P00498,1,28918.77,20,12
OI0011572,O006257,P00191,1,14170.43,5,12
OI0011573,O006257,P00283,1,4919.8,25,0
OI0011574,O006258,P00533,1,2262.59,0,18
OI0011575,O006259,P00759,1,18006.51,15,5
OI0011576,O006259,P01000,2,23747.6,25,0
OI0011577,O006259,P00652,1,3994.16,25,18
OI0011578,O006260,P00928,1,29039.54,0,12
OI0011579,O006261,P00842,1,22761.34,15,18
OI0011580,O006262,P00073,4,29804.83,5,0
OI0011581,O006263,P00001,1,9716.39,20,5
OI0011582,O006264,P00924,1,10777.81,20,12
OI0011583,O006264,P00210,1,4506.54,10,18
OI0011584,O006265,P00786,1,29495.86,5,0
OI0011585,O006266,P00262,3,9023.81,5,0
OI0011586,O006266,P00413,1,3138.56,20,18
OI0011587,O006266,P00949,1,30114.44,10,18
OI0011588,O006267,P00267,1,18036.29,25,0
OI0011589,O006267,P00913,1,1970.31,10,5
OI0011591,O006268,P00123,2,306.01,0,18
OI0011592,O006269,P00672,1,15278.15,0,0
OI0011593,O006269,P00074,1,25299.45,10,0
OI0011595,O006270,P00229,1,17932.49,20,12
OI0011596,O006271,P00298,1,6374.42,0,0
OI0011597,O006271,P00547,3,21757.73,0,0
OI0011598,O006272,P00973,3,28499.79,0,5
OI0011599,O006272,P00349,1,10513.08,15,18
OI0011600,O006272,P00002,5,4309.82,15,5
OI0011601,O006273,P00256,1,26425.29,5,5
OI0011602,O006274,P00822,1,15061.28,0,18
OI0011603,O006275,P00673,1,9477.53,15,18
OI0011604,O006275,P00735,4,16598.53,25,18
OI0011605,O006275,P00285,1,14581.96,20,18
OI0011606,O006276,P00962,3,19226.7,25,0
OI0011607,O006276,P00705,2,24539.43,20,12
OI0011608,O006276,P00633,1,5707.94,25,12
OI0011609,O006277,P00707,1,19242.12,5,0
OI0011610,O006278,P00385,3,20791.8,25,0
OI0011611,O006278,P00323,1,22963.92,10,0
OI0011612,O006279,P00333,2,8312.07,20,5
OI0011613,O006279,P00004,2,14529.05,0,18
OI0011615,O006280,P00767,1,20901.63,25,12
OI0011616,O006280,P00640,1,23424.3,0,18
OI0011617,O006281,P00240,4,15285.43,0,12
OI0011618,O006282,P00961,1,11506.06,20,18
OI0011619,O006282,P00904,1,26525.71,10,18
OI0011620,O006282,P00378,2,27869.25,0,0
OI0011621,O006283,P00367,1,6695.8,15,5
OI0011622,O006283,P00524,1,13425.16,20,5
OI0011623,O006284,P00511,1,20080.41,20,5
OI0011624,O006284,P00143,2,3207.37,20,18
OI0011625,O006284,P00430,1,12902.78,20,0
OI0011626,O006285,P00694,1,21405.96,20,0
OI0011627,O006285,P00146,1,9571.34,0,0
OI0011628,O006285,P00891,1,2011.31,0,18
OI0011629,O006286,P00269,1,18890.91,20,0
OI0011630,O006286,P00080,2,18843.82,0,12
OI0011631,O006287,P00433,5,710.65,25,18
OI0011632,O006288,P00633,1,5991.53,0,18
OI0011633,O006288,P00687,3,21566.25,10,12
OI0011634,O006289,P00285,1,14108.21,5,12
OI0011635,O006289,P00937,1,3406.76,15,0
OI0011636,O006290,P00299,2,26340.64,25,12
OI0011637,O006290,P00421,1,19265.61,0,0
OI0011639,O006292,P00260,1,8254.6,0,12
OI0011640,O006292,P00623,3,4693.3,0,12
OI0011641,O006293,P00666,1,3450.52,10,5
OI0011643,O006293,P00787,1,16528.53,25,12
OI0011644,O006294,P00825,3,24643.25,0,18
OI0011645,O006295,P00810,1,25142.16,0,18
OI0011647,O006296,P00264,2,12101.52,20,18
OI0011648,O006296,P00889,1,16603.16,5,18
OI0011649,O006297,P00374,2,17714.49,10,5
OI0011651,O006298,P00612,2,8250.68,0,18
OI0011652,O006298,P00081,1,13213.45,5,12
OI0011653,O006299,P00007,2,27770.16,0,5
OI0011655,O006300,P00359,3,27413.96,0,0
OI0011656,O006300,P00819,1,9843.21,0,0
OI0011657,O006301,P00484,2,7282.33,20,5
OI0011659,O006302,P00483,3,21691.56,10,0
OI0011660,O006303,P00264,2,12330.6,20,18
OI0011661,O006303,P00438,3,13672.76,0,12
OI0011662,O006303,P00862,1,26500.86,0,12
OI0011663,O006304,P00105,1,16195.07,20,12
OI0011664,O006305,P00805,1,7718.76,5,12
OI0011666,O006306,P00972,2,21006.26,0,0
OI0011667,O006306,P00484,1,7122.49,0,0
OI0011668,O006307,P00727,2,12873.55,20,0
OI0011669,O006308,P00680,3,6432.98,10,18
OI0011670,O006308,P00757,1,5090.95,0,5
OI0011671,O006309,P00330,4,23731.95,0,12
OI0011672,O006309,P00488,1,23699.73,0,12
OI0011673,O006310,P00092,1,21169.63,0,12
OI0011674,O006310,P00240,1,15301.36,10,0
OI0011675,O006311,P00182,5,1257.7,10,0
OI0011676,O006311,P00079,2,16402.67,0,0
OI0011677,O006311,P00469,1,3048.16,15,5
OI0011678,O006312,P00618,5,14176.23,5,0
OI0011679,O006312,P00985,1,17236.94,-5,0
OI0011680,O006312,P00290,1,29130.76,0,12
OI0011681,O006313,P00117,2,26241.0,5,18
OI0011682,O006313,P00124,1,16114.77,0,0
OI0011683,O006314,P00785,1,7236.47,20,12
OI0011684,O006314,P00750,1,10602.81,10,12
OI0011685,O006315,P00060,1,21591.47,0,12
OI0011686,O006315,P00518,3,21677.57,15,0
OI0011687,O006316,P00358,2,4530.79,0,5
OI0011688,O006317,P00295,1,5305.28,0,5
OI0011689,O006317,P00228,1,10679.45,5,5
OI0011690,O006317,P00443,2,23851.09,5,12
OI0011691,O006318,P00742,1,15189.64,0,0
OI0011692,O006318,P00344,1,19644.81,10,18
OI0011694,O006319,P00621,1,16659.1,15,18
OI0011697,O006321,P00475,1,26775.05,0,5
OI0011698,O006322,P00647,1,5367.12,10,12
OI0011699,O006323,P00494,5,9954.52,-5,12
OI0011700,O006323,P00021,2,13195.29,5,0
OI0011702,O006324,P00394,1,5897.18,0,0
OI0011703,O006325,P00832,1,15730.59,0,12
OI0011704,O006325,P00494,2,9901.2,0,12
OI0011706,O006326,P00012,1,11302.67,20,5
OI0011707,O006327,P00080,4,18804.49,5,18
OI0011708,O006327,P00715,1,23626.51,5,5
OI0011709,O006327,P00225,1,9639.71,0,0
OI0011710,O006328,P00711,2,25702.1,20,0
OI0011711,O006329,P00105,1,16011.87,0,12
OI0011712,O006329,P00611,2,4289.87,0,18
OI0011713,O006330,P00677,1,15551.24,0,0
OI0011716,O006331,P00827,1,8433.67,0,18
OI0011717,O006332,P00377,1,25220.5,0,0
OI0011718,O006333,P00052,2,13416.5,10,0
OI0011720,O006334,P00896,1,17823.91,-5,5
OI0011721,O006335,P00973,1,29265.69,0,0
OI0011722,O006335,P00977,1,1551.44,5,12
OI0011724,O006336,P00222,1,2026.64,15,0
OI0011725,O006336,P00915,4,4144.33,15,18
OI0011726,O006337,P00698,1,15021.26,0,5
OI0011727,O006338,P00759,2,18386.13,25,0
OI0011728,O006339,P00941,2,19511.53,25,5
OI0011729,O006339,P00868,1,9052.41,0,18
OI0011730,O006339,P00126,1,11391.66,25,18
OI0011731,O006340,P00278,2,19709.74,15,12
OI0011732,O006341,P00706,3,15579.27,5,0
OI0011733,O006341,P00492,1,9739.0,0,18
OI0011734,O006342,P00122,4,13750.93,0,5
OI0011735,O006342,P00861,3,1654.2,0,5
OI0011736,O006343,P00789,1,29853.91,15,18
OI0011737,O006343,P00683,3,14789.55,0,18
OI0011738,O006344,P00711,1,25028.26,10,12
OI0011739,O006345,P00663,3,26070.05,0,5
OI0011740,O006346,P00980,2,11055.88,20,0
OI0011741,O006346,P00794,1,5024.75,20,5
OI0011742,O006346,P00534,2,3131.47,0,0
OI0011743,O006347,P00195,1,21069.22,15,12
OI0011744,O006348,P00366,2,11492.99,25,18
OI0011745,O006348,P00973,2,28398.99,25,12
OI0011747,O006349,P00777,2,23060.25,10,18
OI0011748,O006349,P00871,1,11436.43,15,12
OI0011749,O006350,P00649,1,10178.0,0,18
OI0011750,O006350,P00268,1,18442.46,0,5
OI0011751,O006350,P00934,1,26460.02,5,18
OI0011752,O006351,P00439,1,26863.36,0,18
OI0011753,O006351,P00938,2,9893.01,10,18
OI0011754,O006352,P00471,4,13250.15,0,12
OI0011756,O006353,P00569,1,27691.24,0,5
OI0011757,O006353,P00663,1,26778.49,25,12
OI0011758,O006353,P00329,1,876.65,10,5
OI0011759,O006354,P00654,1,8038.2,0,18
OI0011760,O006355,P00804,1,10228.62,15,5
OI0011761,O006356,P00603,1,4859.46,0,12
OI0011762,O006356,P00351,3,1220.06,5,18
OI0011763,O006357,P00195,1,21884.59,20,5
OI0011764,O006357,P00127,2,15516.55,0,18
OI0011765,O006357,P00645,1,25183.34,10,5
OI0011766,O006358,P00763,2,23152.57,0,12
OI0011767,O006358,P00854,1,12607.14,0,0
OI0011768,O006358,P00929,1,2005.41,0,18
OI0011769,O006359,P00377,1,23338.66,25,0
OI0011770,O006359,P00970,1,18249.09,20,18
OI0011771,O006360,P00459,3,25218.89,0,12
OI0011772,O006361,P00642,1,26898.31,15,12
OI0011773,O006362,P00289,1,8130.66,5,0
OI0011774,O006363,P00511,1,20701.55,5,0
OI0011776,O006364,P00316,2,26280.26,15,5
OI0011777,O006365,P00604,1,27286.92,20,5
OI0011778,O006365,P00392,1,27575.71,10,18
OI0011779,O006366,P00885,2,1663.55,10,5
OI0011781,O006366,P00858,1,26239.85,5,0
OI0011782,O006367,P00974,1,8942.02,15,5
OI0011783,O006367,P00320,1,2405.25,0,0
OI0011784,O006368,P00009,1,20058.2,25,5
OI0011785,O006368,P00853,2,2899.65,5,0
OI0011786,O006369,P00786,1,28217.23,10,5
OI0011787,O006370,P00374,2,17316.07,0,18
OI0011789,O006371,P00576,2,15040.34,0,5
OI0011790,O006371,P00881,2,21059.32,0,18
OI0011791,O006372,P00133,1,26148.3,5,12
OI0011792,O006372,P00912,2,11419.82,0,12
OI0011793,O006373,P00568,1,7699.82,0,18
OI0011794,O006373,P00616,2,7568.35,0,0
OI0011795,O006374,P00197,2,30031.56,0,18
OI0011796,O006375,P00103,3,12930.09,25,12
OI0011797,O006375,P00839,2,17027.47,15,12
OI0011798,O006376,P00101,1,15279.01,25,12
OI0011799,O006376,P00934,1,24727.33,5,12
OI0011800,O006377,P00328,1,5489.92,0,5
OI0011801,O006377,P00810,2,23590.48,10,0
OI0011803,O006379,P00753,3,29167.68,15,5
OI0011804,O006379,P00795,2,25526.55,20,12
OI0011805,O006380,P00229,2,18030.74,15,5
OI0011806,O006380,P00999,4,9667.35,20,18
OI0011807,O006380,P00337,1,647.7,0,18
OI0011808,O006381,P00478,1,25849.44,20,0
OI0011809,O006381,P00953,1,466.17,15,5
OI0011810,O006382,P00694,1,20402.08,20,12
OI0011811,O006382,P00390,3,25105.16,0,18
OI0011812,O006382,P00863,1,21587.4,25,0
OI0011813,O006383,P00109,3,13854.88,25,12
OI0011814,O006384,P00867,3,12514.21,15,18
OI0011815,O006384,P00813,1,10110.35,0,0
OI0011816,O006384,P00885,2,1647.84,10,5
OI0011817,O006385,P00688,2,26597.89,0,18
OI0011818,O006385,P00194,4,28841.52,20,18
OI0011819,O006385,P00789,2,29574.65,25,12
OI0011820,O006386,P00274,1,1195.85,10,5
OI0011821,O006387,P00198,3,24473.3,0,5
OI0011822,O006388,P00109,1,13885.74,20,5
OI0011823,O006389,P00433,1,725.89,5,5
OI0011824,O006389,P00142,1,17335.83,0,12
OI0011826,O006391,P00747,1,27804.38,0,5
OI0011827,O006392,P00692,5,14564.09,20,5
OI0011828,O006393,P00456,2,3580.36,25,18
OI0011829,O006393,P00015,1,30826.28,5,0
OI0011831,O006394,P00053,3,20401.6,0,0
OI0011832,O006395,P00837,1,17912.66,0,12
OI0011833,O006395,P00002,2,4183.65,15,18
OI0011834,O006396,P00630,1,16222.99,5,12
OI0011835,O006397,P00307,4,28700.49,15,0
OI0011837,O006398,P00771,2,18648.03,0,5
OI0011839,O006399,P00377,1,23793.76,0,12
OI0011840,O006399,P00984,2,7513.08,10,0
OI0011841,O006400,P00172,1,25142.2,25,5
OI0011842,O006400,P00423,3,4503.01,0,18
OI0011843,O006401,P00139,1,2379.01,15,18
OI0011844,O006401,P00341,3,21791.63,15,5
OI0011845,O006402,P00392,2,28949.16,0,5
OI0011846,O006402,P00057,3,12105.8,25,12
OI0011847,O006403,P00820,1,17167.02,15,18
OI0011848,O006404,P00899,1,22053.54,25,12
OI0011849,O006405,P00257,4,25815.31,15,18
OI0011850,O006406,P00553,3,16283.15,0,0
OI0011851,O006406,P00459,1,24067.65,10,5
OI0011852,O006407,P00918,1,27746.69,15,18
OI0011853,O006407,P00697,1,12072.19,25,5
OI0011854,O006407,P00073,1,28944.62,15,5
OI0011855,O006408,P00423,1,4224.25,20,5
OI0011857,O006409,P00243,3,14528.93,25,5
OI0011858,O006410,P00202,3,3514.16,15,18
OI0011859,O006411,P00272,1,26221.61,0,18
OI0011860,O006411,P00693,2,2517.97,0,0
OI0011861,O006412,P00229,1,17560.79,10,18
OI0011862,O006413,P00106,2,8931.65,0,18
OI0011863,O006413,P00788,4,9611.05,0,5
OI0011864,O006414,P00968,1,5889.94,15,18
OI0011865,O006414,P00031,2,10084.24,0,5
OI0011867,O006415,P00707,1,18923.05,0,5
OI0011868,O006416,P00267,2,17255.12,0,5
OI0011869,O006416,P00898,1,3948.35,10,0
OI0011870,O006416,P00311,3,28518.63,15,0
OI0011873,O006418,P00467,1,20820.74,-5,18
OI0011875,O006419,P00240,2,15263.79,15,5
OI0011876,O006419,P00445,2,10540.28,0,12
OI0011877,O006420,P00998,1,27100.02,20,0
OI0011878,O006420,P00665,2,28440.86,5,12
OI0011879,O006421,P00535,1,14586.99,0,18
OI0011880,O006422,P00835,1,21952.07,10,5
OI0011881,O006422,P00819,3,9900.86,25,12
OI0011882,O006423,P00216,1,30751.15,0,12
OI0011883,O006423,P00998,1,28993.72,0,12
OI0011884,O006424,P00639,2,1503.87,0,5
OI0011885,O006424,P00333,1,8554.35,15,0
OI0011886,O006425,P00091,4,13528.1,20,5
OI0011887,O006425,P00035,1,18983.77,0,5
OI0011888,O006426,P00749,2,1420.5,25,18
OI0011889,O006426,P00784,2,8036.58,25,18
OI0011891,O006427,P00957,2,18665.28,20,5
OI0011892,O006428,P00473,1,14330.05,0,0
OI0011893,O006428,P00718,1,6447.1,5,18
OI0011894,O006429,P00116,1,28004.33,0,0
OI0011896,O006430,P00075,1,17899.26,0,12
OI0011897,O006431,P00233,1,4580.58,25,12
OI0011898,O006432,P00739,1,17111.43,25,18
OI0011899,O006432,P00361,1,29249.07,5,12
OI0011900,O006432,P00863,1,23066.2,25,0
OI0011901,O006433,P00409,1,13241.72,0,12
OI0011902,O006434,P00400,1,10400.15,0,5
OI0011903,O006434,P00775,1,18286.91,15,12
OI0011904,O006435,P00418,1,22076.86,0,18
OI0011905,O006436,P00012,1,11284.88,20,18
OI0011906,O006436,P00576,5,15005.1,0,18
OI0011907,O006437,P00208,1,6119.62,0,18
OI0011908,O006437,P00811,1,11751.7,5,12
OI0011909,O006438,P00658,2,9871.6,5,0
OI0011910,O006438,P00432,1,4040.85,0,5
OI0011911,O006439,P00665,3,29290.62,15,5
OI0011912,O006439,P00992,1,7797.36,15,0
OI0011913,O006440,P00387,2,311.13,15,18
OI0011914,O006441,P00870,1,8324.5,25,18
OI0011915,O006441,P00275,3,9905.09,5,18
OI0011916,O006441,P00602,2,26777.04,5,5
OI0011918,O006442,P00305,2,2806.58,10,5
OI0011920,O006443,P00297,1,1190.81,5,12
OI0011921,O006443,P00676,1,19611.65,15,0
OI0011922,O006444,P00047,2,29055.74,0,0
OI0011924,O006445,P00136,1,18502.44,0,0
OI0011925,O006446,P00326,1,12870.37,0,12
OI0011926,O006446,P00098,1,19335.58,0,5
OI0011927,O006447,P00238,1,13355.03,10,12
OI0011928,O006447,P00220,1,4824.6,0,0
OI0011929,O006447,P00015,1,28821.08,20,18
OI0011930,O006448,P00266,1,5115.13,10,12
OI0011931,O006449,P00461,1,15894.49,10,12
OI0011932,O006449,P00430,1,13257.19,5,18
OI0011933,O006450,P00626,1,2360.19,0,18
OI0011934,O006451,P00356,1,11022.47,20,0
OI0011935,O006451,P00799,1,26786.47,5,18
OI0011936,O006452,P00594,1,15022.58,20,18
OI0011937,O006452,P00971,2,7225.91,0,12
OI0011938,O006453,P00428,3,17567.87,5,5
OI0011941,O006455,P00705,2,24988.71,25,5
OI0011942,O006456,P00299,2,25210.52,10,5
OI0011943,O006456,P00352,1,22847.36,0,12
OI0011944,O006457,P00676,2,20473.23,5,5
OI0011945,O006457,P00780,4,23888.78,25,5
OI0011946,O006457,P00820,2,17545.78,25,18
OI0011947,O006458,P00890,1,20849.56,20,0
OI0011948,O006459,P00439,1,26703.07,15,0
OI0011949,O006459,P00930,2,9968.66,0,12
OI0011950,O006460,P00998,1,27511.22,15,18
OI0011951,O006460,P00589,1,11354.0,0,12
OI0011952,O006461,P00350,1,22047.53,10,5
OI0011953,O006461,P00426,4,16100.13,0,5
OI0011954,O006462,P00399,1,5408.56,5,18
OI0011956,O006463,P00972,2,19721.58,0,0
OI0011957,O006463,P00746,1,4079.89,10,18
OI0011958,O006464,P00884,2,10043.98,0,5
OI0011959,O006464,P00064,1,8645.63,10,18
OI0011960,O006465,P00610,2,5639.3,25,5
OI0011961,O006465,P00036,1,20734.59,10,0
OI0011962,O006466,P00330,1,22479.21,0,5
OI0011963,O006467,P00086,2,15875.98,15,18
OI0011964,O006467,P00147,1,29592.99,20,18
OI0011966,O006469,P00126,1,12167.99,25,5
OI0011967,O006469,P00778,1,18616.97,0,0
OI0011968,O006470,P00450,1,31196.06,0,5
OI0011969,O006470,P00855,3,14585.36,15,5
OI0011972,O006471,P00095,1,22471.76,0,0
OI0011973,O006471,P00617,3,10674.87,25,5
OI0011974,O006472,P00837,2,17348.51,-5,18
OI0011975,O006473,P00565,1,1083.42,0,0
OI0011976,O006473,P00757,2,5269.04,5,0
OI0011977,O006474,P00064,2,8572.9,15,18
OI0011978,O006475,P00794,3,5309.93,0,18
OI0011979,O006475,P00610,1,5598.29,5,5
OI0011980,O006475,P01000,1,23291.4,15,18
OI0011981,O006476,P00712,1,28754.89,0,0
OI0011982,O006477,P00498,2,29219.07,20,0
OI0011983,O006478,P00735,3,15475.84,10,12
OI0011984,O006479,P00684,2,20582.74,0,18
OI0011985,O006479,P00672,1,15152.14,0,0
OI0011986,O006479,P00849,2,4416.46,25,0
OI0011987,O006480,P00533,3,2241.98,10,0
OI0011988,O006480,P00258,1,15364.56,25,5
OI0011989,O006481,P00605,2,6374.24,20,12
OI0011990,O006482,P00062,2,27545.55,0,0
OI0011991,O006482,P00314,2,4802.55,10,18
OI0011992,O006482,P00907,4,16893.79,5,0
OI0011993,O006483,P00703,2,9513.97,25,5
OI0011994,O006483,P00096,1,20880.21,10,0
OI0011995,O006483,P00639,2,1504.34,0,5
OI0011996,O006484,P00252,2,12423.06,15,18
OI0011997,O006484,P00092,1,21269.96,0,18
OI0011998,O006485,P00001,3,9151.04,15,5
OI0011999,O006485,P00473,2,13979.2,10,5
OI0012000,O006486,P00373,3,20439.59,0,0
OI0012001,O006487,P00504,1,6922.76,10,12
OI0012002,O006487,P00530,1,28454.39,10,12
OI0012003,O006488,P00517,1,29319.03,25,0
OI0012005,O006488,P00370,3,5565.48,15,18
OI0012006,O006489,P00680,2,6389.29,5,18
OI0012007,O006490,P00517,1,28069.53,20,5
OI0012008,O006490,P00165,1,29276.59,15,5
OI0012009,O006490,P00107,5,3450.33,5,5
OI0012010,O006491,P00484,5,6790.43,0,12
OI0012011,O006492,P00532,1,13342.44,20,12
OI0012012,O006492,P00343,2,11471.84,15,0
OI0012013,O006493,P00455,2,1396.52,0,5
OI0012014,O006494,P00515,1,22396.51,0,0
OI0012015,O006494,P00391,1,24608.48,0,12
OI0012017,O006496,P00107,2,3704.03,0,18
OI0012018,O006496,P00439,1,25882.43,15,5
OI0012019,O006497,P00990,1,27267.34,20,5
OI0012020,O006497,P00558,4,12580.52,0,12
OI0012021,O006498,P00520,1,27675.91,5,0
OI0012022,O006498,P00644,1,27009.56,5,0
OI0012023,O006499,P00595,1,23680.95,0,18
OI0012024,O006499,P00353,1,30354.1,10,5
OI0012025,O006500,P00604,1,27495.25,10,18
OI0012026,O006500,P00593,1,3534.69,20,12
OI0012027,O006501,P00854,1,13682.17,0,18
OI0012028,O006502,P00351,2,1160.04,20,18
OI0012029,O006502,P00168,2,16670.04,0,12
OI0012030,O006503,P00560,2,16569.18,25,5
OI0012031,O006504,P00979,3,6798.88,5,0
OI0012032,O006505,P00054,1,14621.94,20,5
OI0012033,O006506,P00153,2,25217.41,25,5
OI0012034,O006506,P00617,1,10975.66,15,5
OI0012035,O006507,P00200,1,7599.02,0,18
OI0012036,O006508,P00549,1,13429.93,20,12
OI0012037,O006508,P00711,1,23645.69,0,5
OI0012038,O006509,P00974,3,8339.08,15,5
OI0012039,O006509,P00920,1,8582.37,0,5
OI0012042,O006510,P00176,2,4367.86,-5,18
OI0012043,O006511,P00011,5,11808.49,0,5
OI0012045,O006512,P00371,1,18110.2,15,12
OI0012048,O006513,P00728,1,4827.82,0,5
OI0012049,O006514,P00530,2,27985.66,0,18
OI0012050,O006514,P00151,1,19118.3,20,12
OI0012051,O006514,P00162,1,25727.61,10,0
OI0012052,O006515,P00240,3,14404.0,20,12
OI0012053,O006515,P01000,2,24030.38,0,12
OI0012054,O006516,P00292,2,12745.95,15,0
OI0012055,O006516,P00738,1,25040.02,0,18
OI0012056,O006517,P00696,1,21194.55,5,12
OI0012057,O006517,P00227,1,9602.46,25,12
OI0012058,O006518,P00060,2,20488.91,10,18
OI0012059,O006519,P00296,1,20729.36,5,5
OI0012060,O006519,P00346,4,7887.57,10,0
OI0012061,O006519,P00999,2,9626.55,10,12
OI0012062,O006520,P00436,1,21653.44,0,5
OI0012063,O006520,P00778,3,17801.42,20,5
OI0012064,O006521,P00731,5,27939.6,0,0
OI0012065,O006521,P00683,1,14858.07,0,18
OI0012066,O006522,P00067,2,17291.96,25,18
OI0012067,O006522,P00495,1,17683.36,0,12
OI0012068,O006523,P00334,1,19755.78,0,5
OI0012069,O006524,P00517,2,26839.19,25,0
OI0012070,O006525,P00171,2,6425.71,20,18
OI0012071,O006526,P00404,1,9715.78,20,18
OI0012072,O006526,P00943,1,6964.58,25,5
OI0012073,O006526,P00577,1,26348.66,0,5
OI0012074,O006527,P00011,2,12199.64,0,18
OI0012075,O006527,P00751,2,9485.45,0,18
OI0012077,O006528,P00716,1,6132.37,0,18
OI0012078,O006529,P00119,1,17708.22,-5,0
OI0012079,O006530,P00123,1,300.08,5,0
OI0012080,O006530,P00643,1,13741.94,10,5
OI0012082,O006531,P00616,1,7429.68,10,18
OI0012083,O006531,P00925,2,26849.44,15,5
OI0012084,O006532,P00290,1,31320.07,0,12
OI0012085,O006532,P00254,1,28513.52,0,12
OI0012086,O006532,P00677,1,15397.4,15,5
OI0012087,O006533,P00305,1,2947.1,0,0
OI0012089,O006533,P00535,1,14644.28,-5,18
OI0012091,O006534,P00206,5,15527.73,0,12
OI0012093,O006535,P00690,1,20665.78,10,0
OI0012094,O006536,P00945,1,12425.62,10,0
OI0012095,O006536,P00918,1,26290.87,0,12
OI0012096,O006537,P00717,2,24211.33,0,18
OI0012097,O006538,P00758,4,13090.29,10,18
OI0012098,O006539,P00327,1,16299.9,25,0
OI0012099,O006540,P00478,1,23823.38,15,0
OI0012100,O006540,P00284,1,13367.5,10,18
OI0012101,O006541,P00181,2,29368.6,5,5
OI0012102,O006541,P00587,1,18972.15,20,5
OI0012103,O006542,P00225,1,9382.9,15,18
OI0012104,O006543,P00037,1,13627.24,0,0
OI0012105,O006544,P00732,4,17275.32,0,0
OI0012106,O006545,P00281,2,19438.4,25,12
OI0012107,O006546,P00025,1,3121.2,25,5
OI0012108,O006547,P00315,3,2199.11,0,12
OI0012109,O006548,P00079,1,17626.87,15,0
OI0012110,O006548,P00697,1,12505.11,10,5
OI0012111,O006549,P00046,3,11687.59,10,18
OI0012112,O006550,P00287,4,25426.98,20,18
OI0012114,O006551,P00386,2,27133.4,0,5
OI0012115,O006551,P00051,1,14780.87,0,18
OI0012117,O006553,P00681,1,29986.75,15,0
OI0012118,O006553,P00958,2,24673.19,0,0
OI0012119,O006554,P00198,1,23302.29,0,12
OI0012120,O006555,P00143,4,3196.43,0,18
OI0012121,O006555,P00811,2,11402.96,15,12
OI0012122,O006555,P00913,2,2129.9,25,18
OI0012123,O006556,P00199,1,20079.61,25,12
OI0012124,O006556,P00212,2,14741.03,0,0
OI0012125,O006557,P00339,1,25052.05,0,18
OI0012126,O006557,P00717,2,25077.52,5,18
OI0012127,O006558,P00089,1,28410.57,20,12
OI0012128,O006559,P00587,1,19850.63,0,18
OI0012129,O006559,P00260,1,8453.4,0,0
OI0012130,O006559,P00504,1,7557.4,10,0
OI0012131,O006560,P00491,4,24202.6,10,18
OI0012132,O006560,P00835,3,20833.33,10,5
OI0012133,O006561,P00646,2,15422.23,0,12
OI0012134,O006561,P00594,1,14232.87,20,12
OI0012135,O006562,P00448,2,20111.74,25,5
OI0012136,O006562,P00756,1,14483.18,5,12
OI0012137,O006563,P00610,3,5870.39,25,5
OI0012138,O006564,P00005,1,27200.62,0,18
OI0012139,O006564,P00669,2,21713.65,5,18
OI0012140,O006564,P00264,1,12401.11,5,12
OI0012141,O006565,P00243,2,15208.16,0,18
OI0012142,O006566,P00709,1,1893.5,0,18
OI0012143,O006567,P00727,2,12061.67,0,18
OI0012144,O006567,P00491,2,22597.09,15,18
OI0012146,O006569,P00619,4,10329.29,10,5
OI0012147,O006570,P00273,1,10374.45,5,18
OI0012148,O006571,P00810,2,25161.17,20,5
OI0012149,O006572,P00965,1,7040.06,15,5
OI0012151,O006573,P00826,1,10621.8,0,0
OI0012152,O006573,P00496,2,22244.95,0,12
OI0012153,O006574,P00317,1,29165.85,0,0
OI0012154,O006574,P00086,1,15158.72,25,5
OI0012155,O006574,P00480,3,18015.86,0,18
OI0012157,O006575,P00255,4,10612.71,25,0
OI0012158,O006576,P00752,1,283.31,15,12
OI0012159,O006576,P00811,1,11589.67,25,5
OI0012160,O006577,P00825,1,24117.84,25,0
OI0012161,O006578,P00946,1,22441.56,15,12
OI0012163,O006579,P00581,1,27520.25,0,12
OI0012164,O006580,P00876,3,8475.33,20,12
OI0012165,O006581,P00908,1,8972.43,5,0
OI0012166,O006582,P00645,4,25141.67,15,18
OI0012167,O006582,P00057,1,11928.97,10,5
OI0012168,O006582,P00204,1,16149.95,5,0
OI0012170,O006583,P00290,3,31377.72,0,0
OI0012171,O006584,P00159,3,13397.3,25,18
OI0012172,O006584,P00446,2,15768.03,5,12
OI0012173,O006585,P00871,1,12043.15,15,12
OI0012175,O006585,P00775,1,18791.15,20,18
OI0012177,O006587,P00758,4,12886.76,10,0
OI0012178,O006587,P00861,1,1627.1,10,18
OI0012180,O006588,P00546,1,1175.72,5,0
OI0012181,O006588,P00337,1,596.5,25,0
OI0012182,O006589,P00022,1,21505.89,10,5
OI0012185,O006591,P00384,1,1933.83,25,0
OI0012187,O006593,P00520,1,28837.5,0,12
OI0012188,O006594,P00349,1,11248.17,0,0
OI0012189,O006594,P00442,1,11449.05,0,5
OI0012190,O006595,P00784,1,8359.88,20,12
OI0012191,O006595,P00724,2,16085.86,25,5
OI0012192,O006596,P00753,2,27926.23,20,18
OI0012193,O006596,P00884,3,10113.86,25,12
OI0012194,O006597,P00284,4,13586.78,0,18
OI0012195,O006598,P00419,1,25007.88,5,12
OI0012196,O006598,P00009,1,20502.6,20,5
OI0012197,O006599,P00057,1,11500.16,15,12
OI0012199,O006599,P00870,1,8017.67,0,5
OI0012201,O006600,P00748,1,22922.74,0,5
OI0012203,O006601,P00362,2,20803.07,25,5
OI0012204,O006601,P00138,1,685.96,5,0
OI0012205,O006602,P00863,1,21517.0,0,5
OI0012206,O006602,P00227,1,10096.17,15,0
OI0012208,O006603,P00462,1,16329.46,0,0
OI0012210,O006604,P00629,3,15279.01,0,18
OI0012211,O006605,P00078,3,12946.6,5,18
OI0012212,O006605,P00230,1,25118.82,0,5
OI0012213,O006605,P00910,4,20127.41,15,5
OI0012214,O006606,P00678,4,22352.36,0,18
OI0012215,O006607,P00675,1,9550.89,10,18
OI0012216,O006608,P00452,1,18995.54,0,12
OI0012217,O006608,P00416,1,7748.59,0,5
OI0012218,O006608,P00917,4,1208.52,0,18
OI0012219,O006609,P00882,4,20064.34,0,18
OI0012221,O006609,P00397,1,11268.81,10,5
OI0012222,O006610,P00551,1,15700.16,20,12
OI0012223,O006610,P00362,1,20395.97,0,5
OI0012224,O006611,P00246,1,6676.36,25,5
OI0012225,O006612,P00232,3,20150.87,15,12
OI0012226,O006612,P00571,2,9126.82,0,12
OI0012227,O006613,P00168,2,15875.13,0,5
OI0012228,O006613,P00678,3,21380.51,20,12
OI0012229,O006613,P00022,2,21979.74,10,5
OI0012230,O006614,P00845,2,6828.14,15,0
OI0012231,O006614,P00316,2,26010.4,0,18
OI0012232,O006614,P00904,5,25527.97,0,5
OI0012234,O006615,P00410,1,1678.84,20,0
OI0012236,O006617,P00684,3,21363.24,5,18
OI0012238,O006619,P00473,1,13393.01,5,12
OI0012239,O006619,P00621,1,15811.36,25,5
OI0012240,O006620,P00175,1,11444.2,15,18
OI0012241,O006620,P00319,1,22123.82,20,18
OI0012242,O006620,P00674,1,10256.63,5,18
OI0012243,O006621,P00099,1,27900.43,0,0
OI0012244,O006621,P00374,1,17398.65,5,5
OI0012245,O006622,P00144,4,7656.58,25,12
OI0012246,O006622,P00250,1,19572.33,0,5
OI0012247,O006623,P00419,3,26147.53,-5,12
OI0012248,O006623,P00791,1,1294.77,25,5
OI0012249,O006623,P00606,1,28397.81,0,5
OI0012251,O006625,P00479,1,22288.82,0,12
OI0012252,O006625,P00741,1,4508.35,-5,18
OI0012253,O006625,P00496,1,23295.61,0,12
OI0012254,O006626,P00679,2,28767.51,0,18
OI0012256,O006627,P00757,1,5260.07,0,18
OI0012257,O006627,P00652,1,3909.0,25,5
OI0012258,O006628,P00307,1,30727.44,0,12
OI0012260,O006629,P00510,1,4357.46,0,12
OI0012262,O006630,P00911,2,10840.33,10,18
OI0012263,O006631,P00937,2,3187.92,5,0
OI0012264,O006631,P00795,1,24641.8,25,0
OI0012265,O006631,P00651,2,16073.37,10,18
OI0012267,O006632,P00248,1,18941.39,0,18
OI0012268,O006633,P00684,2,20410.61,15,12
OI0012269,O006634,P00425,1,16124.6,5,18
OI0012270,O006634,P00697,1,12500.45,20,5
OI0012271,O006635,P00588,2,26132.21,5,5
OI0012272,O006635,P00134,1,25526.05,15,18
OI0012273,O006636,P00127,2,16355.96,0,12
OI0012274,O006637,P00048,1,4144.39,5,12
OI0012275,O006637,P00549,1,13519.41,5,0
OI0012277,O006638,P00081,2,13195.9,0,0
OI0012278,O006639,P00627,1,24290.15,5,12
OI0012279,O006639,P00920,1,8618.66,10,0
OI0012280,O006640,P00734,1,19191.94,15,5
OI0012281,O006640,P00986,1,18089.62,20,5
OI0012282,O006640,P00076,2,2086.26,25,12
OI0012283,O006641,P00058,2,18385.93,5,5
OI0012284,O006641,P00119,3,18386.32,25,0
OI0012285,O006642,P00978,4,24605.99,10,18
OI0012286,O006642,P00609,1,9614.78,10,18
OI0012287,O006643,P00835,1,21545.44,0,18
OI0012288,O006644,P00856,2,12688.33,15,12
OI0012289,O006644,P00002,1,4503.14,0,18
OI0012291,O006645,P00791,3,1349.64,0,0
OI0012292,O006645,P00009,1,19518.24,0,12
OI0012293,O006646,P00366,2,11592.75,0,18
OI0012294,O006646,P00716,1,6273.72,15,0
OI0012295,O006647,P00803,1,19689.23,20,0
OI0012296,O006647,P00609,1,9249.64,0,18
OI0012297,O006648,P00922,2,26766.01,10,18
OI0012298,O006649,P00822,2,14971.93,20,0
OI0012300,O006649,P00168,1,15917.95,0,5
OI0012301,O006650,P00094,5,10620.78,-5,12
OI0012302,O006650,P00236,1,11596.6,20,5
OI0012303,O006651,P00290,1,28689.31,15,0
OI0012304,O006652,P00755,2,14859.15,20,0
OI0012305,O006653,P00301,1,29054.81,0,0
OI0012306,O006653,P00046,1,11672.79,0,12
OI0012307,O006653,P00099,2,26329.95,25,5
OI0012308,O006654,P00136,3,19689.21,10,0
OI0012309,O006654,P00212,1,14063.3,20,18
OI0012310,O006655,P00262,5,9192.82,0,0
OI0012311,O006655,P00956,2,18594.69,0,0
OI0012312,O006656,P00451,1,30392.66,0,12
OI0012314,O006656,P00132,3,4990.77,10,12
OI0012315,O006657,P00439,1,26351.46,25,12
OI0012316,O006658,P00101,4,15910.06,25,5
OI0012318,O006659,P00549,1,13607.35,0,12
OI0012319,O006659,P00249,2,21699.02,0,5
OI0012320,O006660,P00380,2,27925.83,20,18
OI0012321,O006661,P00238,1,12897.61,-5,5
OI0012322,O006662,P00858,1,27595.04,0,5
OI0012323,O006662,P00433,1,661.25,5,18
OI0012325,O006663,P00392,4,28175.3,0,18
OI0012326,O006664,P00283,2,4661.37,0,0
OI0012327,O006664,P00343,1,11160.56,25,18
OI0012328,O006665,P00443,4,22033.08,20,12
OI0012329,O006665,P00652,1,3690.18,20,18
OI0012332,O006667,P00908,1,8942.43,5,0
OI0012333,O006667,P00497,4,9194.73,20,12
OI0012334,O006668,P00987,1,23478.94,20,0
OI0012335,O006668,P00229,2,19085.75,0,12
OI0012336,O006669,P00808,4,18182.59,20,0
OI0012337,O006669,P00636,1,7741.46,10,5
OI0012340,O006670,P00373,1,22339.04,0,12
OI0012341,O006671,P00005,1,28243.26,15,18
OI0012342,O006671,P00871,2,11913.17,10,0
OI0012344,O006672,P00991,1,5606.78,0,0
OI0012345,O006672,P00293,2,8538.61,0,12
OI0012347,O006673,P00001,1,9731.51,0,5
OI0012348,O006673,P00696,1,22000.64,0,18
OI0012349,O006674,P00698,1,16003.88,15,0
OI0012350,O006675,P00202,1,3620.42,15,0
OI0012351,O006675,P00333,2,8656.13,10,12
OI0012352,O006676,P00894,3,7864.27,10,12
OI0012353,O006676,P00320,2,2397.96,25,5
OI0012354,O006677,P00702,1,978.68,5,5
OI0012355,O006678,P00094,1,10063.39,20,0
OI0012356,O006678,P00443,1,22805.64,0,12
OI0012357,O006679,P00207,1,4688.69,20,12
OI0012358,O006679,P00993,1,14498.81,10,18
OI0012359,O006680,P00347,1,27706.75,5,18
OI0012360,O006681,P00936,1,27854.28,0,12
OI0012361,O006681,P00064,2,8690.53,15,18
OI0012362,O006682,P00085,2,3333.42,10,18
OI0012363,O006683,P00540,1,5734.25,25,5
OI0012364,O006683,P00597,3,7726.94,0,5
OI0012365,O006684,P00981,1,21582.92,0,18
OI0012366,O006685,P00215,4,28318.99,25,18
OI0012367,O006685,P00757,3,5117.92,0,12
OI0012368,O006686,P00130,3,23847.95,20,0
OI0012369,O006687,P00524,2,13374.56,0,5
OI0012370,O006687,P00927,1,24164.79,10,5
OI0012371,O006688,P00506,1,10664.69,0,12
OI0012372,O006689,P00484,2,7110.86,0,0
OI0012373,O006689,P00217,2,17113.86,0,12
OI0012375,O006691,P00823,1,7512.3,5,0
OI0012376,O006691,P00237,1,25255.05,-5,18
OI0012377,O006692,P00947,1,9520.28,20,12
OI0012378,O006693,P00713,3,3003.71,0,5
OI0012379,O006693,P00629,1,14874.95,25,0
OI0012380,O006693,P00524,1,12577.05,25,5
OI0012381,O006694,P00404,3,10232.96,15,5
OI0012382,O006694,P00874,5,7376.63,5,0
OI0012383,O006695,P00108,1,28501.49,0,0
OI0012385,O006696,P00243,1,14955.23,0,0
OI0012386,O006697,P00059,1,16349.23,5,0
OI0012387,O006697,P00564,2,20932.07,5,18
OI0012388,O006698,P00795,2,25447.61,0,5
OI0012389,O006698,P00815,2,25919.97,0,0
OI0012390,O006699,P00098,2,19789.81,20,12
OI0012391,O006699,P00882,1,19936.3,25,18
OI0012392,O006699,P00923,1,5149.43,15,18
OI0012393,O006700,P00982,1,8820.62,15,12
OI0012394,O006700,P00497,1,9563.55,25,12
OI0012396,O006701,P00369,2,28459.82,15,18
OI0012397,O006702,P00146,2,8868.55,0,18
OI0012398,O006702,P00026,1,14501.24,20,5
OI0012399,O006703,P00344,4,19346.91,25,5
OI0012400,O006703,P00092,2,21574.96,0,0
OI0012401,O006704,P00373,1,22249.7,10,0
OI0012402,O006705,P00084,1,29412.63,0,12
OI0012403,O006705,P00886,3,21785.9,10,12
OI0012404,O006705,P00208,2,6063.98,0,5
OI0012405,O006706,P00555,2,26150.95,5,5
OI0012406,O006706,P00252,3,12248.93,10,0
OI0012407,O006707,P00088,1,12675.45,25,5
OI0012408,O006708,P00794,1,5001.55,20,5
OI0012409,O006708,P00181,4,30547.04,0,12
OI0012410,O006709,P00779,1,2268.23,15,18
OI0012411,O006709,P00358,1,4268.12,0,0
OI0012413,O006710,P00260,2,7816.52,0,0
OI0012414,O006710,P00399,2,5414.24,0,18
OI0012415,O006710,P00632,2,22623.67,25,18
OI0012417,O006712,P00175,1,11538.98,25,0
OI0012418,O006713,P00446,2,15994.37,5,18
OI0012420,O006714,P00250,1,20619.78,15,5
OI0012421,O006715,P00329,1,846.09,5,12
OI0012422,O006716,P00219,2,15413.09,0,5
OI0012423,O006716,P00129,4,8414.84,15,18
OI0012424,O006716,P00440,1,13953.42,10,12
OI0012425,O006717,P00863,1,21650.79,25,0
OI0012426,O006718,P00964,1,19255.48,20,12
OI0012427,O006718,P00171,5,6102.27,0,18
OI0012428,O006719,P00081,1,12339.94,25,0
OI0012429,O006719,P00847,4,21045.41,20,18
OI0012430,O006720,P00220,1,5103.9,15,12
OI0012431,O006720,P00247,5,17228.04,10,5
OI0012432,O006720,P00906,2,1725.36,25,12
OI0012433,O006721,P00603,3,5012.6,0,18
OI0012434,O006721,P00021,1,13186.8,25,5
OI0012435,O006722,P00712,1,29679.25,10,12
OI0012436,O006722,P00443,4,23825.35,5,0
OI0012437,O006723,P00671,2,18327.92,0,0
OI0012438,O006724,P00477,2,22624.23,5,18
OI0012439,O006725,P00317,1,28403.73,5,0
OI0012440,O006725,P00703,1,9071.21,25,5
OI0012441,O006725,P00854,1,13785.06,20,12
OI0012442,O006726,P00262,1,8644.75,10,0
OI0012443,O006727,P00451,1,29134.39,0,12
OI0012444,O006728,P00889,1,17093.71,0,12
OI0012445,O006728,P00237,1,25437.46,15,0
OI0012446,O006729,P00293,1,8306.17,0,18
OI0012447,O006729,P00590,1,3330.15,0,12
OI0012448,O006730,P00747,2,25898.77,5,18
OI0012450,O006731,P01000,1,23209.93,25,18
OI0012451,O006732,P00069,1,24378.99,0,0
OI0012452,O006732,P00627,1,22995.83,-5,0
OI0012453,O006733,P00055,2,25960.9,5,5
OI0012454,O006733,P00483,1,20467.04,10,0
OI0012455,O006733,P00447,4,22732.02,0,18
OI0012456,O006734,P00024,1,12707.75,0,5
OI0012457,O006734,P00794,2,5184.51,20,18
OI0012458,O006735,P00322,1,26881.31,15,0
OI0012459,O006735,P00827,1,9131.41,5,5
OI0012460,O006736,P00108,3,31265.78,25,18
OI0012461,O006737,P00672,2,15213.87,15,5
OI0012462,O006737,P00343,1,11167.86,0,12
OI0012463,O006738,P00280,1,8876.64,25,18
OI0012464,O006739,P00484,2,7380.64,15,0
OI0012465,O006740,P00683,1,14784.15,0,18
OI0012466,O006740,P00446,1,16341.88,0,5
OI0012467,O006741,P00087,1,4489.84,5,18
OI0012468,O006742,P00901,4,4114.93,20,18
OI0012470,O006744,P00345,2,6121.43,15,18
OI0012471,O006744,P00484,1,7322.67,25,12
OI0012472,O006745,P00942,5,7897.68,20,0
OI0012473,O006745,P00246,3,6971.02,0,5
OI0012475,O006747,P00657,1,25849.93,0,12
OI0012476,O006747,P00216,1,30083.16,15,5
OI0012477,O006748,P00461,4,15534.16,0,0
OI0012478,O006748,P00211,1,645.67,10,18
OI0012479,O006748,P00244,2,2105.37,25,12
OI0012480,O006749,P00536,1,27735.62,0,18
OI0012481,O006749,P00129,1,7928.67,0,5
OI0012482,O006750,P00422,1,23454.28,5,5
OI0012483,O006751,P00015,1,28873.76,25,12
OI0012484,O006751,P00424,5,20800.8,5,0
OI0012485,O006752,P00312,1,25542.23,15,12
OI0012487,O006753,P00439,4,25654.22,20,5
OI0012488,O006754,P00663,4,25518.26,15,18
OI0012489,O006754,P00079,2,16958.17,10,18
OI0012490,O006755,P00617,2,10652.93,0,12
OI0012491,O006755,P00896,1,17637.36,25,18
OI0012492,O006755,P00526,1,3732.39,20,18
OI0012493,O006756,P00961,3,11920.75,10,5
OI0012494,O006756,P00222,3,1930.61,10,18
OI0012495,O006757,P00256,1,25407.76,25,18
OI0012496,O006757,P00074,2,24561.06,15,0
OI0012497,O006758,P00372,2,19689.1,0,12
OI0012498,O006758,P00481,1,15003.25,0,18
OI0012499,O006759,P00502,1,15070.64,0,12
OI0012500,O006759,P00157,1,17062.27,0,0
OI0012502,O006760,P00067,2,17778.64,20,0
OI0012503,O006760,P00594,1,14536.17,0,18
OI0012504,O006761,P00918,1,27809.12,10,12
OI0012506,O006762,P00529,1,29301.81,15,5
OI0012507,O006763,P00017,1,10788.86,10,0
OI0012508,O006763,P00010,1,12173.39,15,0
OI0012509,O006764,P00179,5,3028.25,0,5
OI0012510,O006765,P00822,1,15695.43,15,18
OI0012511,O006765,P00483,1,20484.74,0,0
OI0012512,O006766,P00678,1,21398.41,0,0
OI0012513,O006766,P00895,1,20976.09,0,5
OI0012514,O006767,P00764,2,20671.77,20,18
OI0012515,O006767,P00655,3,21466.11,0,18
OI0012516,O006768,P00603,2,4864.2,5,0
OI0012517,O006768,P00749,1,1445.02,20,18
OI0012518,O006769,P00682,1,14961.82,5,5
OI0012519,O006769,P00698,1,15937.03,0,5
OI0012520,O006770,P00590,2,3506.0,0,0
OI0012521,O006770,P00356,1,10231.91,0,0
OI0012522,O006770,P00162,3,24872.58,0,12
OI0012523,O006771,P00749,2,1437.59,20,18
OI0012524,O006771,P00768,1,25006.83,5,12
OI0012525,O006772,P00448,1,20680.42,5,0
OI0012526,O006772,P00486,3,23514.56,15,12
OI0012527,O006772,P00789,1,29370.54,0,5
OI0012528,O006773,P00419,1,26910.9,0,12
OI0012529,O006774,P00391,1,24963.45,0,12
OI0012530,O006774,P00748,1,23940.23,20,12
OI0012531,O006775,P00792,2,6335.84,25,0
OI0012532,O006775,P00775,1,18282.16,0,0
OI0012533,O006776,P00984,1,7401.61,20,5
OI0012535,O006778,P00898,1,4016.85,25,5
OI0012536,O006778,P00518,1,22539.71,25,12
OI0012537,O006779,P00221,1,5045.84,10,18
OI0012538,O006779,P00441,2,7451.61,0,12
OI0012539,O006780,P00382,1,22685.76,0,12
OI0012540,O006780,P00532,1,13085.52,10,12
OI0012541,O006781,P00784,3,8203.86,20,12
OI0012542,O006782,P00507,1,29048.77,10,5
OI0012543,O006783,P00953,1,482.41,25,5
OI0012544,O006783,P00444,1,7389.44,25,12
OI0012545,O006783,P00479,1,22849.84,0,18
OI0012546,O006784,P00726,1,13615.71,0,18
OI0012547,O006785,P00305,1,2960.29,15,5
OI0012548,O006786,P00813,1,9931.26,10,0
OI0012549,O006786,P00921,2,15538.18,20,5
OI0012550,O006787,P00366,2,11000.36,10,0
OI0012551,O006787,P00748,2,23280.82,5,0
OI0012552,O006788,P00902,1,29931.04,-5,12
OI0012553,O006788,P00662,2,8015.91,25,12
OI0012554,O006788,P00076,2,2005.0,20,18
OI0012555,O006789,P00679,1,27622.66,0,0
OI0012556,O006789,P00647,1,5697.35,0,12
OI0012557,O006790,P00525,1,1386.79,5,5
OI0012558,O006791,P00662,4,7491.09,25,12
OI0012559,O006791,P00195,1,20955.73,15,5
OI0012560,O006792,P00707,1,19744.03,0,5
OI0012561,O006793,P00102,1,857.17,0,12
OI0012562,O006794,P00079,4,16244.02,10,5
OI0012563,O006794,P00439,4,24714.23,15,18
OI0012564,O006795,P00166,1,29026.95,20,12
OI0012565,O006795,P00415,2,7799.68,15,0
OI0012566,O006796,P00227,1,9947.31,20,0
OI0012567,O006796,P00315,4,2200.38,0,0
OI0012568,O006797,P00075,3,17958.89,20,0
OI0012569,O006798,P00322,3,27992.37,0,18
OI0012570,O006799,P00027,2,15248.56,0,12
OI0012571,O006799,P00240,1,14414.53,25,0
OI0012572,O006799,P00194,1,27354.58,10,12
OI0012573,O006800,P00329,3,850.97,0,0
OI0012574,O006801,P00960,1,23513.17,25,5
OI0012575,O006801,P00501,1,1063.97,-5,12
OI0012576,O006802,P00612,2,8266.25,25,5
OI0012577,O006802,P00985,1,16425.94,25,18
OI0012578,O006803,P00102,1,873.9,0,0
OI0012579,O006803,P00460,1,28479.55,10,18
OI0012580,O006804,P00412,1,6308.59,10,18
OI0012581,O006804,P00025,2,3161.98,10,0
OI0012582,O006804,P00536,2,28122.36,0,18
OI0012584,O006806,P00193,2,16671.16,0,18
OI0012585,O006807,P00662,1,7840.72,25,12
OI0012586,O006807,P00029,1,16607.77,0,18
OI0012587,O006807,P00727,1,12403.33,0,0
OI0012588,O006808,P00596,1,27447.62,0,5
OI0012590,O006809,P00453,1,405.51,20,5
OI0012591,O006810,P00267,1,18523.89,25,18
OI0012592,O006810,P00318,1,22223.75,-5,12
OI0012594,O006811,P00853,2,2955.66,0,18
OI0012595,O006812,P00386,1,29128.55,0,0
OI0012597,O006813,P00721,2,13113.22,25,5
OI0012598,O006813,P00963,3,3996.49,0,12
OI0012599,O006813,P00405,2,2038.73,20,5
OI0012600,O006814,P00466,1,821.65,25,5
OI0012602,O006815,P00022,1,21783.73,0,18
OI0012603,O006816,P00106,1,8497.01,0,18
OI0012604,O006816,P00414,1,6553.9,0,0
OI0012605,O006816,P00538,3,28554.56,0,12
OI0012606,O006817,P00874,1,7380.69,0,0
OI0012607,O006817,P00945,2,11709.5,10,18
OI0012609,O006818,P00810,3,23536.09,25,12
OI0012610,O006819,P00330,1,22397.87,10,0
OI0012611,O006819,P00951,4,28655.04,15,5
OI0012613,O006821,P00481,1,15379.28,15,12
OI0012614,O006821,P00841,1,15925.45,25,0
OI0012615,O006822,P00398,2,1559.85,0,0
OI0012616,O006822,P00396,1,4224.61,5,18
OI0012617,O006823,P00180,5,22846.44,0,5
OI0012618,O006823,P00839,1,18672.43,15,18
OI0012619,O006823,P00001,1,9621.21,10,0
OI0012620,O006824,P00546,1,1159.03,0,12
OI0012621,O006824,P00174,2,20099.87,5,0
OI0012622,O006825,P00508,2,12670.18,25,5
OI0012623,O006826,P00339,4,23467.12,15,18
OI0012624,O006826,P00863,2,22074.11,0,5
OI0012625,O006827,P00484,2,6979.2,5,18
OI0012626,O006828,P00632,1,23886.22,20,0
OI0012627,O006828,P00881,1,20264.18,5,18
OI0012628,O006829,P00109,1,13367.97,15,5
OI0012629,O006830,P00213,1,13949.84,20,18
OI0012630,O006830,P00817,4,11297.58,0,5
OI0012631,O006831,P00647,1,5493.82,20,5
OI0012632,O006831,P00355,1,23533.49,25,18
OI0012633,O006832,P00575,2,17722.39,15,5
OI0012634,O006833,P00154,2,28173.14,20,5
OI0012635,O006833,P00932,1,9480.99,15,18
OI0012636,O006834,P00910,2,20071.39,5,12
OI0012637,O006835,P00707,2,20169.46,10,18
OI0012638,O006836,P00521,1,25419.6,5,5
OI0012639,O006836,P00740,2,11947.22,-5,12
OI0012640,O006836,P00823,1,7760.22,25,5
OI0012642,O006837,P00016,2,12206.2,0,5
OI0012643,O006838,P00506,2,10750.74,0,12
OI0012644,O006838,P00621,1,16414.95,15,12
OI0012645,O006839,P00589,1,11446.38,5,5
OI0012646,O006839,P00893,1,5751.92,5,5
OI0012647,O006839,P00332,2,10278.43,15,12
OI0012649,O006840,P00852,1,20256.21,0,0
OI0012650,O006841,P00225,1,9458.6,5,18
OI0012651,O006841,P00811,1,11236.09,20,0
OI0012654,O006843,P00629,5,14439.59,0,0
OI0012655,O006843,P00675,1,9470.35,0,0
OI0012656,O006844,P00560,2,15243.71,5,0
OI0012657,O006845,P00043,1,8707.67,15,18
OI0012658,O006846,P00237,2,23706.83,0,5
OI0012659,O006846,P00464,1,901.87,25,0
OI0012660,O006847,P00452,1,19168.01,25,12
OI0012661,O006848,P00708,1,3309.16,0,12
OI0012662,O006848,P00583,3,20270.15,0,18
OI0012663,O006849,P00122,2,13727.42,25,18
OI0012664,O006849,P00447,1,22519.58,15,5
OI0012665,O006850,P00457,1,650.28,0,0
OI0012666,O006851,P00992,1,7187.01,5,0
OI0012668,O006851,P00256,4,26004.66,15,5
OI0012669,O006852,P00646,2,15342.94,0,12
OI0012670,O006853,P00938,1,10320.75,25,12
OI0012671,O006853,P00749,1,1396.89,15,18
OI0012672,O006854,P00470,5,1028.84,5,0
OI0012673,O006855,P00782,5,28546.01,15,18
OI0012674,O006856,P00199,1,20189.22,0,18
OI0012675,O006857,P00938,1,10137.73,15,18
OI0012676,O006858,P00779,5,2416.2,20,5
OI0012679,O006859,P00479,2,21786.04,20,5
OI0012680,O006860,P00882,3,20135.38,10,18
OI0012681,O006860,P00021,2,12420.33,0,0
OI0012682,O006860,P00015,2,29000.47,0,18
OI0012683,O006861,P00385,2,21372.72,0,12
OI0012684,O006861,P00664,1,387.03,0,12
OI0012685,O006861,P00765,1,3590.95,10,18
OI0012688,O006862,P00653,1,3675.6,5,18
OI0012690,O006864,P00143,1,3193.92,0,5
OI0012691,O006865,P00063,2,1375.77,20,0
OI0012692,O006865,P00363,3,23013.25,15,0
OI0012693,O006866,P00926,1,23635.68,5,0
OI0012695,O006867,P00903,2,7392.67,5,18
OI0012696,O006868,P00309,2,22364.36,0,5
OI0012697,O006868,P00172,1,25185.03,20,5
OI0012698,O006869,P00138,1,692.09,10,18
OI0012699,O006869,P00533,1,2077.61,0,0
OI0012700,O006870,P00806,3,16825.28,15,0
OI0012701,O006870,P00678,1,21921.2,20,12
OI0012702,O006870,P00838,1,18100.18,25,18
OI0012703,O006871,P00860,1,29294.97,0,0
OI0012704,O006871,P00259,3,24736.91,25,18
OI0012705,O006872,P00502,1,15187.19,0,12
OI0012706,O006872,P00053,1,20803.53,0,5
OI0012707,O006873,P00826,1,10679.79,5,18
OI0012708,O006874,P00799,2,26687.51,15,0
OI0012709,O006874,P00929,1,2092.19,25,18
OI0012710,O006875,P00453,1,401.28,0,5
OI0012711,O006876,P00602,2,26728.72,20,5
OI0012712,O006877,P00101,1,15443.97,0,0
OI0012713,O006877,P00866,2,29632.19,0,12
OI0012715,O006879,P00670,2,21664.76,15,12
OI0012716,O006880,P00804,2,10422.94,0,18
OI0012717,O006881,P00689,1,29143.86,20,0
OI0012718,O006881,P00148,1,9256.47,10,18
OI0012719,O006882,P00172,1,25911.73,20,5
OI0012720,O006883,P00852,1,21388.26,20,5
OI0012721,O006884,P00330,1,23419.45,15,0
OI0012722,O006885,P00279,1,16016.74,-5,12
OI0012723,O006885,P00075,1,18422.06,25,12
OI0012724,O006885,P00959,1,12755.63,20,18
OI0012725,O006886,P00874,2,7434.2,0,0
OI0012726,O006886,P00922,1,25284.03,0,5
OI0012727,O006887,P00037,2,14118.19,25,0
OI0012728,O006888,P00409,5,13735.04,10,12
OI0012729,O006888,P00389,2,4937.72,5,0
OI0012730,O006889,P00494,1,9566.99,0,0
OI0012731,O006889,P00350,2,22458.49,0,12
OI0012732,O006889,P00497,1,9227.66,0,18
OI0012734,O006890,P00665,3,28326.43,0,0
OI0012735,O006891,P00364,1,21500.35,20,12
OI0012736,O006892,P00227,2,9312.35,25,12
OI0012737,O006893,P00838,2,17935.21,0,0
OI0012738,O006893,P00900,1,23842.2,15,5
OI0012739,O006894,P00004,1,14133.25,5,18
OI0012740,O006894,P00030,1,23431.12,10,0
OI0012741,O006895,P00195,2,21921.66,15,18
OI0012742,O006896,P00359,1,27280.12,25,0
OI0012743,O006897,P00377,2,25176.05,0,5
OI0012744,O006897,P00912,4,10737.96,0,18
OI0012745,O006898,P00544,3,14720.72,0,5
OI0012746,O006898,P00839,1,18095.86,0,12
OI0012747,O006899,P00761,1,10365.05,0,12
OI0012748,O006899,P00999,2,9663.25,20,12
OI0012749,O006900,P00853,2,2887.27,0,0
OI0012750,O006900,P00524,2,13308.21,15,5
OI0012751,O006900,P00797,1,5581.25,25,5
OI0012752,O006901,P00421,2,19353.8,25,5
OI0012753,O006901,P00690,3,19973.53,20,0
OI0012754,O006902,P00159,2,12947.97,10,12
OI0012755,O006903,P00428,3,18644.73,0,5
OI0012756,O006903,P00547,3,21584.42,10,0
OI0012757,O006904,P00179,3,2860.11,25,12
OI0012759,O006905,P00935,1,6799.68,0,12
OI0012760,O006905,P00263,1,22118.47,25,12
OI0012761,O006905,P00269,1,17504.39,25,12
OI0012762,O006906,P00465,1,10717.86,0,0
OI0012763,O006906,P00890,1,22006.02,20,5
OI0012765,O006907,P00607,3,24036.28,10,0
OI0012767,O006908,P00993,1,14015.2,20,12
OI0012768,O006908,P00054,2,15050.12,0,12
OI0012769,O006909,P00964,3,18233.84,25,0
OI0012770,O006910,P00873,3,25460.96,20,0
OI0012771,O006910,P00742,1,15152.96,0,18
OI0012774,O006911,P00185,1,28195.36,5,0
OI0012775,O006912,P00908,1,9381.55,15,0
OI0012777,O006912,P00749,2,1441.12,0,0
OI0012778,O006913,P00915,1,4038.24,15,5
OI0012779,O006913,P00713,1,3076.63,5,5
OI0012780,O006914,P00472,3,4562.37,0,12
OI0012781,O006914,P00592,2,3631.0,0,0
OI0012782,O006915,P00399,3,5054.15,0,18
OI0012783,O006916,P00498,1,30349.79,25,5
OI0012784,O006917,P00385,3,22531.99,0,18
OI0012785,O006918,P00178,1,9898.45,0,12
OI0012786,O006918,P00910,1,20584.37,20,5
OI0012787,O006919,P00149,2,30233.47,10,0
OI0012788,O006919,P00243,1,14866.09,15,18
OI0012789,O006920,P00111,3,12895.75,0,5
OI0012790,O006921,P00961,2,12522.25,10,12
OI0012792,O006922,P00424,2,20266.87,0,12
OI0012793,O006922,P00533,5,2181.17,0,5
OI0012794,O006923,P00487,4,4069.52,25,12
OI0012795,O006923,P00665,2,30129.07,0,0
OI0012796,O006924,P00125,1,17185.92,20,5
OI0012797,O006924,P00432,1,4002.5,15,0
OI0012798,O006925,P00404,1,10158.28,5,12
OI0012799,O006925,P00769,1,15697.74,0,12
OI0012800,O006926,P00261,1,18119.75,25,18
OI0012801,O006926,P00781,1,10735.06,0,0
OI0012802,O006927,P00853,1,2723.19,0,0
OI0012803,O006927,P00040,1,15333.52,15,12
OI0012805,O006929,P00757,3,5032.17,0,0
OI0012806,O006930,P00935,1,6981.05,0,12
OI0012807,O006930,P00604,1,29272.92,10,12
OI0012808,O006931,P00480,1,18282.53,10,12
OI0012810,O006932,P00179,1,3072.25,0,5
OI0012811,O006932,P00173,2,2805.87,20,18
OI0012812,O006933,P00149,1,31086.44,0,12
OI0012813,O006933,P00765,3,3509.65,0,12
OI0012814,O006933,P00188,1,16232.42,15,18
OI0012815,O006934,P00489,1,10621.83,25,18
OI0012816,O006934,P00993,4,14914.63,5,12
OI0012817,O006935,P00313,1,5400.07,0,18
OI0012818,O006936,P00537,1,15898.32,5,18
OI0012819,O006937,P00689,1,28070.7,5,18
OI0012821,O006937,P00499,3,20670.05,0,5
OI0012822,O006938,P00487,1,4098.7,15,18
OI0012823,O006939,P00968,1,5970.78,0,0
OI0012824,O006939,P00814,1,1375.59,15,12
OI0012825,O006940,P00814,2,1278.13,20,12
OI0012826,O006941,P00924,3,10991.39,15,0
OI0012827,O006942,P00582,1,14444.97,0,0
OI0012828,O006942,P00124,5,16178.05,15,12
OI0012829,O006943,P00226,4,24802.6,0,0
OI0012830,O006943,P00943,1,6998.56,20,0
OI0012831,O006944,P00192,2,14293.36,5,12
OI0012832,O006945,P00452,2,20598.56,0,5
OI0012833,O006945,P00388,2,14533.92,25,5
OI0012834,O006946,P00838,3,17793.59,10,0
OI0012835,O006946,P00756,5,14350.65,0,0
OI0012837,O006948,P00183,1,24658.06,15,0
OI0012838,O006949,P00078,1,13578.23,10,12
OI0012839,O006949,P00258,1,16714.96,25,0
OI0012840,O006950,P00622,1,12656.35,25,18
OI0012841,O006951,P00192,1,14346.9,0,12
OI0012842,O006952,P00779,1,2401.82,20,12
OI0012843,O006952,P00566,1,14951.28,-5,12
OI0012844,O006953,P00593,2,3453.2,25,18
OI0012845,O006953,P00606,2,28223.78,10,0
OI0012846,O006954,P00984,1,7252.73,15,12
OI0012847,O006955,P00802,1,7024.7,5,5
OI0012848,O006955,P00246,1,6664.54,20,0
OI0012849,O006956,P00646,2,14668.34,20,18
OI0012850,O006956,P00255,1,10527.54,10,0
OI0012851,O006956,P00466,1,858.87,0,0
OI0012852,O006957,P00943,2,6997.44,0,18
OI0012853,O006957,P00333,1,8632.65,0,0
OI0012854,O006957,P00437,1,27307.77,5,12
OI0012855,O006958,P00019,1,18244.59,-5,18
OI0012856,O006958,P00062,3,25618.26,5,18
OI0012857,O006959,P00624,3,27769.56,20,5
OI0012859,O006960,P00901,1,4024.47,0,12
OI0012860,O006961,P00226,1,26191.92,5,12
OI0012861,O006962,P01000,1,24911.6,0,12
OI0012862,O006962,P00356,3,10076.67,20,18
OI0012863,O006962,P00650,1,30680.58,0,12
OI0012864,O006963,P00936,1,25829.76,0,5
OI0012865,O006963,P00443,1,23839.88,5,18
OI0012866,O006964,P00455,1,1377.08,15,18
OI0012867,O006964,P00694,3,20296.46,5,18
OI0012868,O006964,P00835,1,21400.96,0,0
OI0012869,O006965,P00314,1,4621.29,0,5
OI0012870,O006966,P00476,2,15617.27,25,12
OI0012871,O006966,P00907,2,15727.43,0,5
OI0012872,O006967,P00733,2,6824.12,0,5
OI0012873,O006967,P00327,2,16843.44,20,18
OI0012874,O006967,P00636,5,7558.52,15,18
OI0012877,O006969,P00413,1,3129.98,-5,0
OI0012878,O006969,P00724,1,16438.83,15,12
OI0012879,O006970,P00814,1,1315.28,-5,18
OI0012880,O006970,P00199,2,18765.99,0,12
OI0012882,O006972,P00145,1,12478.32,5,18
OI0012883,O006972,P00096,1,21281.3,10,12
OI0012884,O006972,P00004,3,14497.65,0,0
OI0012885,O006973,P00240,3,14539.93,20,0
OI0012886,O006974,P00302,1,12689.23,20,18
OI0012887,O006974,P00419,3,25585.91,20,0
OI0012888,O006975,P00825,1,23616.52,20,5
OI0012889,O006975,P00322,3,28070.15,0,0
OI0012891,O006976,P00253,1,28387.23,0,0
OI0012893,O006977,P00513,2,28082.98,15,0
OI0012894,O006977,P00801,2,2372.52,0,18
OI0012895,O006978,P00360,1,3101.1,0,0
OI0012896,O006979,P00992,1,7824.8,0,18
OI0012897,O006979,P00962,1,18170.17,25,0
OI0012898,O006980,P00833,1,25008.45,25,5
OI0012899,O006981,P00014,3,16328.51,25,18
OI0012900,O006981,P00369,1,27464.01,20,0
OI0012901,O006982,P00834,2,22901.08,0,5
OI0012902,O006983,P00409,2,13504.9,0,5
OI0012903,O006983,P00338,3,9911.37,10,18
OI0012904,O006984,P00947,2,9118.6,0,0
OI0012905,O006984,P00582,1,14468.55,5,0
OI0012906,O006985,P00981,1,21964.56,25,5
OI0012907,O006985,P00281,1,19093.66,20,5
OI0012908,O006985,P00292,2,13241.64,25,5
OI0012909,O006986,P00814,2,1345.64,15,5
OI0012910,O006987,P00923,1,5227.28,15,12
OI0012912,O006988,P00835,1,21909.33,5,0
OI0012913,O006989,P00815,1,25343.5,0,12
OI0012915,O006989,P00864,1,13267.68,10,5
OI0012916,O006990,P00831,2,7117.01,0,0
OI0012917,O006990,P00386,1,29153.44,15,0
OI0012918,O006991,P00328,1,5616.31,15,18
OI0012919,O006991,P00426,3,16897.94,20,12
OI0012920,O006992,P00872,3,4884.93,25,5
OI0012921,O006993,P00267,1,17529.18,5,0
OI0012922,O006994,P00853,1,2863.6,20,18
OI0012923,O006994,P00325,2,5989.51,25,12
OI0012924,O006995,P00327,1,16516.01,25,18
OI0012925,O006995,P00682,1,14071.87,20,0
OI0012926,O006996,P00247,1,16860.94,20,5
OI0012927,O006997,P00687,2,23250.11,0,18
OI0012928,O006997,P00011,1,12268.6,20,0
OI0012929,O006997,P00944,2,9231.26,0,18
OI0012930,O006998,P00401,2,20762.72,0,5
OI0012931,O006998,P00845,4,7118.11,15,0
OI0012932,O006999,P00856,1,12064.63,0,12
OI0012933,O007000,P00552,4,19024.61,5,12
OI0012934,O007000,P00887,1,22332.98,0,0
OI0012935,O007001,P00400,1,10106.07,0,0
OI0012936,O007001,P00841,2,15384.72,0,12
OI0012937,O007002,P00959,2,13709.65,25,0
OI0012938,O007002,P00936,4,26527.04,15,18
OI0012939,O007002,P00138,1,688.56,15,18
OI0012940,O007003,P00764,1,20424.77,0,12
OI0012941,O007003,P00992,1,7240.89,0,0
OI0012943,O007004,P00846,2,20719.01,0,0
OI0012944,O007005,P00631,1,9975.23,10,0
OI0012945,O007006,P00356,1,10064.83,10,0
OI0012946,O007006,P00640,1,23205.48,0,0
OI0012948,O007007,P00167,1,15278.9,10,12
OI0012949,O007008,P00402,2,28497.32,5,12
OI0012950,O007008,P00516,1,15206.36,10,0
OI0012951,O007009,P00915,3,4146.69,0,12
OI0012953,O007010,P00497,2,9565.82,10,18
OI0012954,O007010,P00025,2,2982.21,25,18
OI0012955,O007011,P00406,1,29328.18,25,0
OI0012956,O007012,P00788,1,9920.24,25,18
OI0012957,O007013,P00570,1,11345.8,10,12
OI0012958,O007014,P00935,1,7447.56,15,5
OI0012959,O007014,P00341,1,22051.99,20,5
OI0012960,O007015,P00499,2,20244.19,0,12
OI0012961,O007015,P00493,1,2761.15,10,12
OI0012962,O007015,P00607,1,23381.41,25,0
OI0012963,O007016,P00354,1,17489.9,0,5
OI0012964,O007016,P00845,1,7142.07,5,5
OI0012965,O007017,P00621,3,16448.17,0,18
OI0012966,O007018,P00111,3,12872.77,0,0
OI0012967,O007018,P00626,1,2314.69,15,12
OI0012968,O007019,P00700,2,30330.84,5,0
OI0012969,O007020,P00235,1,9444.37,0,0
OI0012970,O007020,P00238,1,13515.9,0,12
OI0012971,O007020,P00449,1,2435.3,0,0
OI0012972,O007021,P00824,2,26111.68,15,18
OI0012974,O007022,P00064,2,9217.66,20,0
OI0012975,O007023,P00146,1,8939.08,0,18
OI0012977,O007023,P00705,1,25810.84,25,12
OI0012979,O007025,P00989,3,17323.8,15,5
OI0012980,O007025,P00524,1,12563.95,0,18
OI0012981,O007026,P00802,3,7384.65,10,12
OI0012982,O007026,P00936,1,25897.57,0,5
OI0012983,O007027,P00499,1,21042.63,15,18
OI0012984,O007028,P00187,2,10498.46,0,5
OI0012986,O007028,P00111,1,12149.27,0,0
OI0012987,O007029,P00114,3,11131.21,5,12
OI0012989,O007030,P00174,3,20838.12,0,0
OI0012990,O007031,P00750,2,10639.95,10,18
OI0012992,O007032,P00953,1,450.76,0,12
OI0012993,O007032,P00712,1,28912.98,5,5
OI0012994,O007033,P00057,2,12275.57,5,12
OI0012995,O007034,P00406,1,26944.73,10,12
OI0012996,O007034,P00971,4,7102.97,15,5
OI0012997,O007035,P00708,1,3271.37,0,0
OI0012999,O007036,P00253,1,28648.58,0,5
OI0013001,O007038,P00207,2,4498.29,5,0
OI0013002,O007038,P00821,1,18747.35,5,12
OI0013003,O007039,P00518,1,21946.65,0,18
OI0013004,O007039,P00385,1,21784.13,0,12
OI0013005,O007040,P00842,1,23451.32,5,5
OI0013006,O007040,P00806,2,16377.46,15,5
OI0013007,O007041,P00079,1,17351.99,15,12
OI0013008,O007041,P00754,3,26537.26,15,5
OI0013009,O007042,P00197,1,29707.65,15,12
OI0013010,O007043,P00464,1,886.86,0,18
OI0013011,O007043,P00240,1,14008.93,25,0
OI0013012,O007044,P00834,2,24148.97,25,18
OI0013013,O007044,P00146,2,8812.18,-5,18
OI0013015,O007045,P00923,2,5155.17,5,18
OI0013016,O007045,P00066,1,5604.66,15,18
OI0013017,O007046,P00923,1,4782.14,15,18
OI0013018,O007046,P00758,4,13149.54,0,12
OI0013019,O007046,P00728,3,4881.78,0,5
OI0013020,O007047,P00684,1,20778.22,25,5
OI0013021,O007047,P00812,4,3594.21,0,5
OI0013022,O007047,P00101,1,15603.58,0,12
OI0013023,O007048,P00221,1,4988.02,15,5
OI0013024,O007049,P00801,1,2219.37,0,18
OI0013025,O007049,P00763,1,24775.98,15,5
OI0013027,O007051,P00676,1,19544.05,0,18
OI0013028,O007051,P00002,1,4145.87,15,12
OI0013029,O007051,P00699,4,23545.5,25,12
OI0013030,O007052,P00617,3,11020.23,0,12
OI0013031,O007052,P00753,1,30194.61,15,5
OI0013033,O007053,P00761,1,10028.25,0,12
OI0013034,O007054,P00898,1,4213.02,0,5
OI0013035,O007054,P00645,2,25066.74,25,5
OI0013036,O007055,P00143,2,3115.06,25,0
OI0013037,O007055,P00178,1,10223.56,10,12
OI0013038,O007056,P00834,1,23006.8,10,12
OI0013039,O007057,P00946,1,21378.64,15,18
OI0013040,O007057,P00927,1,25866.86,25,12
OI0013041,O007058,P00732,1,18272.64,5,5
OI0013042,O007058,P00559,3,22213.28,20,0
OI0013043,O007058,P00279,3,15922.7,0,0
OI0013044,O007059,P00928,4,28392.65,15,5
OI0013045,O007060,P00394,1,5469.95,0,18
OI0013046,O007060,P00238,1,13834.01,10,12
OI0013048,O007061,P00668,1,4951.83,15,18
OI0013049,O007062,P00723,1,7645.84,5,12
OI0013050,O007062,P00941,5,20102.08,0,18
OI0013051,O007063,P00717,1,24559.26,15,18
OI0013053,O007063,P00653,1,3577.08,20,12
OI0013054,O007064,P00536,1,27482.06,5,12
OI0013055,O007064,P00874,2,7535.33,10,12
OI0013056,O007064,P00319,1,22738.31,20,0
OI0013057,O007065,P00584,1,21623.43,15,18
OI0013059,O007067,P00399,2,5029.63,15,12
OI0013060,O007067,P00407,4,12055.86,0,5
OI0013061,O007068,P00217,1,16297.02,5,0
OI0013062,O007069,P00574,1,13358.24,25,0
OI0013063,O007069,P00706,4,15510.79,5,5
OI0013064,O007070,P00727,2,12848.86,20,0
OI0013065,O007070,P00171,2,6286.11,10,5
OI0013066,O007070,P00881,1,21445.46,5,18
OI0013067,O007071,P00865,3,24011.42,0,0
OI0013069,O007073,P00981,1,22701.59,20,12
OI0013070,O007073,P00841,1,16290.2,15,0
OI0013072,O007074,P00857,5,1318.82,25,12
OI0013073,O007075,P00005,1,28089.92,0,18
OI0013074,O007075,P00733,4,7288.88,0,5
OI0013075,O007075,P00687,4,21593.39,0,5
OI0013076,O007076,P00312,4,26030.75,25,18
OI0013078,O007076,P00744,1,8592.98,5,18
OI0013079,O007077,P00258,1,16246.8,15,5
OI0013080,O007077,P00749,1,1429.21,10,18
OI0013081,O007078,P00902,1,30116.16,25,18
OI0013083,O007079,P00556,2,16355.14,25,12
OI0013084,O007080,P00563,1,23534.32,0,0
OI0013085,O007080,P00232,1,21427.21,0,12
OI0013086,O007081,P00131,1,10693.6,25,12
OI0013087,O007082,P00157,2,17156.52,0,5
OI0013089,O007082,P00832,1,15741.96,10,0
OI0013090,O007083,P00054,1,14890.21,5,0
OI0013091,O007084,P00161,1,24263.67,0,0
OI0013092,O007085,P00745,1,11944.02,15,5
OI0013093,O007085,P00711,1,24329.84,0,12
OI0013094,O007086,P00865,4,23979.06,10,5
OI0013095,O007087,P00120,1,15474.18,0,12
OI0013096,O007088,P00846,3,20100.33,10,0
OI0013097,O007088,P00373,1,21696.71,20,5
OI0013098,O007089,P00067,1,18069.66,20,5
OI0013099,O007089,P00065,1,27253.48,0,0
OI0013100,O007090,P00831,3,7526.67,0,18
OI0013101,O007090,P00126,4,11935.15,25,12
OI0013102,O007090,P00791,1,1298.53,20,12
OI0013103,O007091,P00682,1,14879.34,5,12
OI0013104,O007091,P00241,5,4283.84,15,12
OI0013105,O007091,P00287,2,25049.2,0,12
OI0013106,O007092,P00842,3,22604.71,0,0
OI0013107,O007092,P00224,1,11349.58,-5,12
OI0013108,O007093,P00454,2,13405.29,25,18
OI0013109,O007093,P00444,1,7231.51,0,5
OI0013111,O007094,P00559,1,22714.38,25,18
OI0013112,O007094,P00213,1,13438.62,0,18
OI0013113,O007095,P00501,1,1013.76,5,18
OI0013114,O007095,P00843,4,4710.19,0,18
OI0013115,O007096,P00746,1,4051.98,0,0
OI0013116,O007097,P00405,1,2069.23,20,18
OI0013118,O007098,P00341,1,22265.83,25,12
OI0013119,O007098,P00122,2,13116.93,10,18
OI0013120,O007099,P00790,1,27962.77,10,12
OI0013121,O007099,P00007,1,27962.47,0,5
OI0013123,O007100,P00195,2,22118.91,15,18
OI0013124,O007101,P00184,1,13096.62,20,12
OI0013125,O007101,P00133,1,25681.7,0,5
OI0013127,O007102,P00668,1,4937.11,15,0
OI0013128,O007103,P00508,1,12636.01,10,5
OI0013129,O007104,P00775,1,18390.06,10,12
OI0013130,O007104,P00518,2,21423.03,5,0
OI0013131,O007104,P00364,2,20138.63,25,12
OI0013132,O007105,P00509,1,15554.22,10,12
OI0013133,O007105,P00776,2,18460.86,10,12
OI0013134,O007106,P00866,1,26875.24,20,18
OI0013135,O007106,P00438,1,13813.13,25,18
OI0013136,O007106,P00544,1,14991.04,10,12
OI0013137,O007107,P00182,1,1209.32,20,12
OI0013138,O007107,P00017,1,10335.5,0,18
OI0013139,O007108,P00910,1,20233.0,10,5
OI0013140,O007108,P00407,1,12113.99,10,18
OI0013141,O007108,P00863,1,21673.06,10,5
OI0013142,O007109,P00315,1,2090.06,5,0
OI0013143,O007110,P00143,1,2980.88,15,12
OI0013144,O007110,P00772,1,9606.9,0,18
OI0013145,O007111,P00426,1,15899.68,25,5
OI0013146,O007111,P00867,1,12277.68,5,5
OI0013147,O007112,P00066,1,5790.67,0,0
OI0013148,O007112,P00215,2,28564.53,25,12
OI0013149,O007113,P00629,2,14978.04,5,5
OI0013151,O007114,P00957,3,18446.25,10,18
OI0013152,O007115,P00206,1,14245.73,25,12
OI0013153,O007115,P00798,2,10051.35,0,12
OI0013154,O007116,P00351,1,1216.03,10,18
OI0013155,O007116,P00544,1,13995.55,0,12
OI0013156,O007117,P00966,1,27935.18,15,12
OI0013157,O007118,P00890,3,21233.87,0,12
OI0013158,O007118,P00870,1,8329.07,5,18
OI0013159,O007118,P00525,1,1358.69,15,5
OI0013160,O007119,P00059,4,15215.55,15,5
OI0013161,O007119,P00355,2,23940.34,15,5
OI0013162,O007120,P00065,2,26639.46,25,18
OI0013163,O007121,P00516,5,15755.19,0,5
OI0013164,O007121,P00592,3,3766.6,0,12
OI0013165,O007121,P00598,2,5521.56,15,12
OI0013166,O007122,P00694,1,20503.9,25,12
OI0013167,O007122,P00010,1,12596.16,20,0
OI0013168,O007123,P00594,1,14674.67,0,0
OI0013170,O007124,P00624,2,28111.63,25,5
OI0013171,O007124,P00093,2,4460.69,25,18
OI0013172,O007125,P00884,2,9744.9,5,5
OI0013173,O007126,P00269,2,18428.76,5,12
OI0013174,O007127,P00881,1,19832.1,0,0
OI0013175,O007127,P00677,1,16459.32,0,5
OI0013176,O007128,P00938,2,9994.64,0,12
OI0013177,O007128,P00643,3,13009.81,10,18
OI0013178,O007128,P00614,2,12043.44,5,0
OI0013180,O007130,P00871,1,11868.31,15,18
OI0013181,O007130,P00525,1,1329.28,25,5
OI0013182,O007131,P00967,1,22613.73,20,5
OI0013183,O007131,P00871,1,12039.93,25,5
OI0013184,O007132,P00587,1,19219.87,0,12
OI0013186,O007132,P00385,1,22697.47,25,18
OI0013187,O007133,P00917,2,1202.82,0,12
OI0013188,O007134,P00287,1,25863.94,-5,12
OI0013189,O007134,P00998,3,28774.7,0,18
OI0013190,O007135,P00648,1,17320.73,15,18
OI0013191,O007135,P00507,4,29720.27,20,5
OI0013192,O007136,P00118,3,23011.97,10,18
OI0013194,O007138,P00296,2,19854.11,10,0
OI0013195,O007138,P00888,1,1380.74,0,18
OI0013196,O007139,P00813,2,9284.78,0,18
OI0013197,O007139,P00494,1,10137.88,15,12
OI0013198,O007140,P00640,1,22209.78,0,5
OI0013199,O007141,P00676,2,21003.56,25,12
OI0013200,O007141,P00433,1,706.32,0,5
OI0013201,O007142,P00346,4,7338.85,5,18
OI0013202,O007142,P00028,2,10047.18,15,0
OI0013203,O007142,P00436,3,21688.95,10,18
OI0013204,O007143,P00617,1,11080.07,5,18
OI0013205,O007144,P00117,5,27172.09,15,5
OI0013206,O007144,P00098,3,19584.34,5,5
OI0013207,O007144,P00473,4,13249.22,0,12
OI0013208,O007145,P00646,1,14504.41,20,12
OI0013209,O007145,P00621,1,16132.12,10,12
OI0013210,O007146,P00669,1,21626.93,25,12
OI0013211,O007147,P00415,1,7483.86,5,18
OI0013212,O007147,P00955,3,25355.96,5,18
OI0013213,O007147,P00967,2,23396.25,0,12
OI0013214,O007148,P00102,1,889.63,15,5
OI0013215,O007148,P00559,2,21976.07,15,5
OI0013216,O007149,P00421,1,20097.06,20,0
OI0013218,O007150,P00506,1,11599.54,0,18
OI0013219,O007151,P00682,2,15086.59,10,5
OI0013220,O007151,P00076,2,2027.05,25,12
OI0013221,O007152,P00721,2,13621.85,0,12
OI0013223,O007153,P00648,1,16198.25,10,18
OI0013224,O007154,P00758,2,13014.05,25,12
OI0013226,O007154,P00421,1,18370.19,20,0
OI0013228,O007156,P00562,2,12841.89,25,18
OI0013229,O007156,P00268,1,18441.23,5,18
OI0013230,O007157,P00242,1,1890.86,10,5
OI0013231,O007158,P00849,1,4301.75,20,18
OI0013232,O007158,P00304,1,23678.45,25,12
OI0013233,O007159,P00907,1,16401.47,25,0
OI0013234,O007159,P00004,2,14515.68,5,0
OI0013236,O007161,P00058,1,19361.61,0,12
OI0013237,O007161,P00048,1,4010.55,20,12
OI0013238,O007162,P00913,2,2087.38,-5,18
OI0013239,O007163,P00385,1,21638.56,20,5
OI0013241,O007163,P00837,3,17724.33,5,12
OI0013242,O007164,P00378,5,26996.04,25,5
OI0013243,O007164,P00711,2,25887.05,0,18
OI0013244,O007165,P00471,2,12376.27,10,5
OI0013245,O007165,P00244,4,2284.12,0,5
OI0013247,O007166,P00880,1,15165.87,0,0
OI0013248,O007166,P00434,2,8646.76,10,0
OI0013249,O007166,P00633,1,5683.17,0,5
OI0013250,O007167,P00515,2,22219.69,15,5
OI0013251,O007167,P00248,4,19264.04,20,5
OI0013252,O007168,P00683,2,13818.28,10,5
OI0013253,O007169,P00431,1,25385.25,0,5
OI0013254,O007170,P00085,2,3470.06,20,5
OI0013255,O007170,P00795,2,25879.2,0,18
OI0013256,O007171,P00585,1,16890.95,0,18
OI0013257,O007172,P00364,5,20027.06,10,0
OI0013258,O007172,P00972,1,19318.97,20,0
OI0013260,O007173,P00997,2,6159.48,15,12
OI0013261,O007174,P00886,2,22028.91,0,18
OI0013263,O007175,P00455,1,1343.75,20,12
OI0013264,O007176,P00343,2,11686.93,0,12
OI0013265,O007176,P00535,5,14757.3,25,12
OI0013266,O007177,P00919,1,20853.05,25,18
OI0013267,O007177,P00416,1,7441.34,0,5
OI0013268,O007178,P00149,3,31264.59,20,0
OI0013269,O007178,P00075,1,19112.67,25,5
OI0013270,O007178,P00566,1,14799.77,20,18
OI0013271,O007179,P00891,1,1940.55,20,0
OI0013272,O007179,P00195,1,21238.71,0,0
OI0013273,O007180,P00757,1,5252.44,0,12
OI0013274,O007180,P00700,1,29204.61,0,5
OI0013275,O007180,P00179,1,2980.66,0,18
OI0013276,O007181,P00809,1,7038.48,20,0
OI0013277,O007181,P00856,3,12811.27,0,12
OI0013278,O007181,P00611,1,4095.24,0,12
OI0013279,O007182,P00080,3,18122.14,5,12
OI0013281,O007182,P00024,1,12880.37,0,12
OI0013283,O007183,P00921,1,15180.77,0,18
OI0013284,O007184,P00065,1,27453.8,0,18
OI0013286,O007185,P00331,2,25203.91,0,12
OI0013287,O007186,P00803,2,19568.36,20,12
OI0013288,O007187,P00110,1,1099.21,0,12
OI0013289,O007187,P00196,2,5456.85,0,12
OI0013290,O007188,P00721,2,13505.9,25,12
OI0013291,O007188,P00169,1,4134.57,5,5
OI0013292,O007189,P00541,2,17470.18,0,0
OI0013293,O007189,P00876,1,8389.95,25,12
OI0013294,O007190,P00013,2,4808.4,0,0
OI0013295,O007190,P00379,1,21098.38,-5,0
OI0013296,O007191,P00173,1,2814.44,20,5
OI0013298,O007193,P00976,1,7122.67,25,18
OI0013299,O007193,P00325,1,5681.95,10,18
OI0013300,O007193,P00333,1,8334.81,5,12
OI0013301,O007194,P00008,3,27803.04,0,18
OI0013302,O007194,P00538,1,30143.4,0,5
OI0013303,O007195,P00408,1,24914.49,15,5
OI0013304,O007195,P00357,2,12218.83,0,12
OI0013305,O007196,P00173,2,3028.09,0,12
OI0013306,O007197,P00868,1,8988.42,0,5
OI0013307,O007198,P00386,1,28812.66,0,12
OI0013308,O007198,P00298,2,5998.69,0,5
OI0013309,O007198,P00683,4,14906.78,5,18
OI0013310,O007199,P00030,3,23795.13,0,0
OI0013311,O007200,P00328,1,5818.41,15,12
OI0013312,O007200,P00035,1,18061.4,25,5
OI0013313,O007201,P00346,1,7237.03,5,18
OI0013314,O007202,P00013,2,4679.55,0,12
OI0013315,O007202,P00685,1,263.79,25,5
OI0013316,O007203,P00605,2,6284.13,15,18
OI0013317,O007203,P00156,1,29863.81,5,12
OI0013318,O007204,P00566,2,14825.38,0,0
OI0013319,O007205,P00016,3,11459.49,25,12
OI0013320,O007205,P00246,1,7016.99,0,0
OI0013321,O007206,P00183,2,25377.47,25,5
OI0013322,O007207,P00543,2,6197.21,20,18
OI0013323,O007207,P00109,4,12921.85,20,18
OI0013325,O007209,P00722,1,16529.97,20,12
OI0013326,O007209,P00647,1,5484.02,0,0
OI0013327,O007210,P00241,3,4289.65,10,5
OI0013328,O007210,P00710,3,19906.38,25,12
OI0013329,O007210,P00690,3,21473.04,15,18
OI0013330,O007211,P00972,1,20884.5,0,12
OI0013331,O007212,P00935,1,7086.17,25,12
OI0013332,O007212,P00284,1,13886.52,10,5
OI0013333,O007213,P00504,1,6902.07,15,18
OI0013334,O007214,P00566,1,15113.59,10,5
OI0013335,O007214,P00206,1,14705.25,25,12
OI0013336,O007215,P00733,3,7461.27,10,5
OI0013337,O007215,P00852,1,21673.96,5,5
OI0013338,O007216,P00541,2,17569.88,-5,0
OI0013339,O007216,P00167,2,15477.96,10,18
OI0013340,O007217,P00865,1,23483.59,15,18
OI0013341,O007218,P00985,1,17199.76,0,5
OI0013342,O007218,P00359,1,27939.75,15,18
OI0013343,O007219,P00437,1,26027.16,10,5
OI0013344,O007219,P00018,2,23113.58,-5,18
OI0013345,O007220,P00427,2,21599.69,0,0
OI0013346,O007220,P00215,2,29931.39,25,12
OI0013347,O007221,P00751,2,9254.29,0,0
OI0013348,O007221,P00042,2,29423.45,0,18
OI0013349,O007221,P00101,1,15306.84,15,12
OI0013350,O007222,P00828,1,7585.46,0,12
OI0013352,O007223,P00653,1,3717.43,15,0
OI0013353,O007223,P00293,1,7950.85,15,12
OI0013354,O007224,P00344,1,18440.91,0,12
OI0013355,O007225,P00800,1,20649.86,0,5
OI0013356,O007225,P00074,2,25852.31,0,5
OI0013357,O007225,P00381,2,11680.64,0,5
OI0013358,O007226,P00799,4,26664.28,25,12
OI0013359,O007227,P00475,2,26140.34,10,12
OI0013360,O007228,P00886,2,20975.51,10,12
OI0013361,O007228,P00136,1,18959.84,0,12
OI0013362,O007229,P00958,1,24197.45,10,18
OI0013363,O007230,P00774,1,19793.48,25,12
OI0013364,O007231,P00421,5,19068.38,20,0
OI0013365,O007231,P00768,1,25658.04,5,12
OI0013366,O007232,P00471,4,13316.83,25,5
OI0013367,O007232,P00141,1,18573.92,20,5
OI0013368,O007233,P00663,2,26832.87,0,5
OI0013369,O007233,P00720,1,9314.46,0,18
OI0013370,O007234,P00222,1,1933.01,25,18
OI0013371,O007234,P00462,1,16848.32,15,12
OI0013372,O007235,P00374,4,18662.88,0,18
OI0013373,O007235,P00901,2,4114.63,0,5
OI0013374,O007236,P00173,2,2880.68,25,18
OI0013375,O007236,P00936,1,27081.04,0,18
OI0013376,O007237,P00912,1,11445.34,10,0
OI0013377,O007238,P00115,1,26969.17,25,12
OI0013378,O007238,P00024,1,12218.16,0,12
OI0013379,O007239,P00500,1,7655.62,20,5
OI0013380,O007239,P00630,3,16061.55,0,5
OI0013382,O007240,P00725,2,27594.72,0,5
OI0013383,O007241,P00007,1,26173.41,20,18
OI0013384,O007242,P00704,1,15233.42,25,12
OI0013385,O007242,P00200,1,7885.46,15,18
OI0013386,O007243,P00053,1,20854.71,20,5
OI0013387,O007243,P00216,1,29566.73,10,5
OI0013388,O007243,P00708,1,3478.48,20,5
OI0013389,O007244,P00958,1,23276.91,5,5
OI0013390,O007245,P00702,1,963.72,15,0
OI0013391,O007245,P00845,2,7022.57,0,18
OI0013392,O007246,P00128,1,6185.47,10,12
OI0013393,O007246,P00198,3,23870.93,0,18
OI0013394,O007247,P00192,2,15523.99,0,12
OI0013395,O007247,P00050,2,29231.05,0,18
OI0013397,O007248,P00077,2,3352.6,0,12
OI0013398,O007248,P00869,1,1322.49,25,5
OI0013399,O007249,P00026,1,14666.15,0,18
OI0013401,O007250,P00041,2,1071.4,20,5
OI0013402,O007251,P00297,1,1278.82,5,18
OI0013403,O007252,P00237,1,24072.14,10,12
OI0013405,O007253,P00631,3,9302.96,0,18
OI0013406,O007253,P00572,1,7506.55,0,18
OI0013407,O007254,P00053,4,19815.9,15,5
OI0013409,O007254,P00997,1,6583.96,0,0
OI0013411,O007255,P00274,1,1180.46,15,12
OI0013412,O007255,P00788,2,9810.19,0,5
OI0013413,O007256,P00722,2,16114.05,10,5
OI0013414,O007256,P00848,2,219.5,15,5
OI0013415,O007256,P00464,1,918.78,0,12
OI0013416,O007257,P00193,3,16479.79,0,12
OI0013417,O007258,P00239,1,27491.69,25,0
OI0013419,O007259,P00623,1,4898.64,0,18
OI0013420,O007259,P00820,2,17705.24,25,12
OI0013421,O007260,P00850,2,22797.99,0,18
OI0013422,O007260,P00346,1,7336.79,20,5
OI0013423,O007261,P00324,1,217.19,10,12
OI0013424,O007261,P00683,1,14310.55,25,18
OI0013425,O007261,P00600,1,13784.58,5,18
OI0013426,O007262,P00019,2,17397.52,0,12
OI0013427,O007263,P00531,2,29575.86,10,18
OI0013428,O007263,P00732,1,18231.18,10,18
OI0013431,O007265,P00170,1,19582.21,0,12
OI0013432,O007265,P00500,3,7632.82,0,12
OI0013433,O007266,P00052,1,13643.73,0,18
OI0013434,O007266,P00467,1,21071.81,20,12
OI0013435,O007267,P00819,3,9247.09,0,18
OI0013436,O007268,P00728,1,4950.94,15,5
OI0013437,O007268,P00257,1,24573.27,25,5
OI0013438,O007269,P00629,4,14754.53,0,18
OI0013439,O007269,P00568,2,7568.63,5,18
OI0013440,O007270,P00300,2,6160.09,10,12
OI0013441,O007270,P00361,1,29995.46,0,0
OI0013442,O007271,P00679,3,27588.9,5,18
OI0013443,O007271,P00653,1,3790.34,-5,5
OI0013444,O007271,P00765,2,3751.37,0,5
OI0013445,O007272,P00173,1,2807.09,5,5
OI0013446,O007272,P00676,1,20059.21,0,5
OI0013448,O007273,P00198,2,23156.65,10,12
OI0013449,O007273,P00491,1,24029.62,25,12
OI0013450,O007274,P00581,2,25399.5,20,12
OI0013451,O007274,P00904,1,26601.13,25,0
OI0013452,O007275,P00331,1,25599.72,5,0
OI0013453,O007275,P00553,2,16287.1,0,12
OI0013454,O007276,P00671,3,17988.05,0,5
OI0013455,O007277,P00636,5,8143.22,25,0
OI0013456,O007277,P00801,2,2246.42,15,12
OI0013458,O007278,P00570,1,11917.74,5,0
OI0013459,O007278,P00433,1,688.28,10,0
OI0013460,O007279,P00088,1,12005.77,5,12
OI0013461,O007279,P00443,1,22655.76,20,0
OI0013462,O007279,P00889,3,16819.8,10,12
OI0013463,O007280,P00664,1,388.46,25,5
OI0013464,O007281,P00133,2,24599.88,25,18
OI0013465,O007282,P00340,1,28105.13,20,18
OI0013466,O007282,P00147,1,28416.79,20,0
OI0013467,O007283,P00316,1,25882.45,0,5
OI0013469,O007284,P00571,1,9231.9,25,0
OI0013470,O007285,P00094,3,10524.02,20,18
OI0013471,O007286,P00441,4,7625.18,0,18
OI0013472,O007287,P00493,1,2896.71,25,18
OI0013474,O007287,P00871,1,11475.8,15,12
OI0013475,O007288,P00534,2,3366.2,15,12
OI0013476,O007289,P00260,1,8113.15,15,0
OI0013477,O007290,P00706,2,16354.84,5,0
OI0013478,O007290,P00720,3,9410.2,0,5
OI0013479,O007291,P00088,1,12123.72,15,12
OI0013481,O007293,P00081,1,12551.7,10,5
OI0013483,O007294,P00283,2,4578.41,5,5
OI0013484,O007295,P00803,3,21080.04,15,5
OI0013485,O007295,P00981,2,22280.53,15,0
OI0013486,O007295,P00975,1,7774.2,20,0
OI0013487,O007296,P00846,1,19690.61,5,12
OI0013488,O007296,P00363,1,22976.25,25,18
OI0013489,O007297,P00763,2,22928.5,5,5
OI0013490,O007298,P00920,1,8550.73,0,12
OI0013492,O007299,P00508,1,11933.57,5,0
OI0013493,O007300,P00892,1,17796.24,0,0
OI0013495,O007302,P00356,2,10402.61,0,12
OI0013496,O007302,P00155,1,10848.49,15,18
OI0013497,O007302,P00092,1,22669.12,0,0
OI0013498,O007303,P00013,1,4729.66,0,12
OI0013499,O007303,P00129,1,7931.36,0,12
OI0013500,O007304,P00383,2,18476.12,0,12
OI0013502,O007305,P00141,1,18664.44,10,12
OI0013503,O007305,P00603,1,4987.21,25,5
OI0013505,O007306,P00047,2,27370.32,0,12
OI0013506,O007307,P00507,5,28955.13,5,18
OI0013507,O007307,P00601,2,18669.2,5,12
OI0013509,O007308,P00106,3,8443.1,0,18
OI0013510,O007309,P00668,2,5107.64,25,12
OI0013511,O007310,P00601,2,19568.54,20,12
OI0013512,O007310,P00984,2,7837.39,5,5
OI0013513,O007311,P00356,2,10123.8,10,12
OI0013514,O007312,P00385,2,22320.7,0,5
OI0013515,O007312,P00975,1,8515.36,0,12
OI0013516,O007312,P00777,1,22320.22,25,0
OI0013517,O007313,P00764,1,20349.52,5,18
OI0013518,O007313,P00630,2,15712.83,5,18
OI0013520,O007314,P00727,2,12774.25,15,18
OI0013521,O007315,P00032,1,21517.37,0,18
OI0013522,O007316,P00316,1,25964.55,0,18
OI0013523,O007316,P00322,1,28285.28,25,5
OI0013524,O007317,P00280,2,9246.51,20,0
OI0013525,O007318,P00179,1,2903.71,10,5
OI0013526,O007318,P00418,1,22398.75,25,12
OI0013527,O007319,P00101,4,15901.67,20,5
OI0013528,O007319,P00617,2,10523.95,5,0
OI0013529,O007319,P00603,1,4921.79,0,18
OI0013530,O007320,P00805,1,7636.58,10,12
OI0013531,O007320,P00293,1,8362.49,0,18
OI0013532,O007320,P00486,2,23456.38,15,12
OI0013533,O007321,P00954,5,20913.61,10,5
OI0013534,O007321,P00165,1,28327.85,15,18
OI0013535,O007322,P00621,4,15951.71,15,12
OI0013536,O007323,P00160,4,18972.79,0,12
OI0013537,O007323,P00841,3,16313.85,5,5
OI0013538,O007324,P00061,4,18368.68,10,12
OI0013539,O007324,P00217,1,17339.18,20,0
OI0013540,O007324,P00447,4,22431.29,0,0
OI0013541,O007325,P00274,3,1247.59,0,18
OI0013542,O007326,P00904,1,25775.3,0,0
OI0013543,O007327,P00200,3,7552.39,20,5
OI0013544,O007327,P00478,1,24660.86,25,0
OI0013545,O007328,P00596,1,26636.69,0,12
OI0013547,O007330,P00527,1,18732.2,0,0
OI0013549,O007330,P00704,1,15051.33,10,0
OI0013550,O007331,P00950,1,1490.72,5,18
OI0013552,O007332,P00472,1,4599.69,20,5
OI0013553,O007333,P00810,3,23969.59,0,18
OI0013554,O007333,P00869,1,1321.9,0,12
OI0013555,O007334,P00480,2,18333.77,10,5
OI0013556,O007334,P00603,1,4622.74,20,0
OI0013557,O007335,P00508,2,12310.81,0,18
OI0013558,O007336,P00203,2,26852.08,5,0
OI0013559,O007337,P00436,1,22489.92,25,0
OI0013560,O007337,P00224,3,10519.21,0,12
OI0013561,O007338,P00564,2,20907.03,25,12
OI0013562,O007338,P00760,2,7754.88,0,18
OI0013563,O007339,P00280,2,9338.81,10,5
OI0013564,O007340,P00995,1,13946.04,25,5
OI0013566,O007340,P00802,3,7478.63,0,0
OI0013567,O007341,P00329,1,865.74,0,18
OI0013568,O007341,P00422,1,22884.54,25,18
OI0013570,O007342,P00957,3,18089.4,15,0
OI0013571,O007342,P00226,2,24103.16,20,0
OI0013572,O007343,P00211,1,644.0,0,0
OI0013573,O007344,P00565,1,1014.62,15,5
OI0013574,O007344,P00853,1,2760.73,25,18
OI0013575,O007345,P00014,1,16535.28,5,18
OI0013577,O007346,P00727,1,12728.8,-5,12
OI0013578,O007346,P00020,2,24170.33,10,18
OI0013579,O007347,P00185,1,27467.55,0,0
OI0013580,O007347,P00094,1,9795.3,25,12
OI0013581,O007348,P00170,1,19182.33,25,5
OI0013582,O007349,P00954,1,21089.96,25,0
OI0013583,O007349,P00128,2,5743.68,10,5
OI0013584,O007350,P00730,1,22958.9,5,5
OI0013586,O007351,P00450,1,31028.18,0,18
OI0013587,O007351,P00890,2,20273.63,0,12
OI0013588,O007352,P00809,1,7513.27,0,0
OI0013589,O007352,P00739,3,16952.99,25,12
OI0013590,O007353,P00826,2,10370.94,10,18
OI0013591,O007353,P00261,1,19675.42,0,0
OI0013592,O007353,P00728,1,4956.39,25,12
OI0013593,O007354,P00107,1,3670.82,20,18
OI0013594,O007354,P00559,1,21472.56,0,18
OI0013595,O007354,P00506,1,10800.03,10,12
OI0013596,O007355,P00897,2,6994.14,25,0
OI0013597,O007356,P00991,1,5722.24,5,12
OI0013598,O007357,P00315,1,2113.58,0,12
OI0013600,O007358,P00549,1,14289.34,0,12
OI0013601,O007358,P00736,1,10713.56,25,12
OI0013602,O007359,P00426,1,16318.08,0,12
OI0013603,O007360,P00460,1,28282.25,0,5
OI0013604,O007360,P00667,1,19964.45,15,18
OI0013605,O007361,P00365,1,12946.88,5,0
OI0013607,O007362,P00391,1,23699.32,15,0
OI0013608,O007363,P00314,2,4661.41,0,5
OI0013609,O007363,P00196,4,5333.41,5,12
OI0013610,O007364,P00957,2,18466.17,5,12
OI0013611,O007364,P00536,3,26367.51,25,5
OI0013612,O007364,P00585,2,17292.32,20,12
OI0013614,O007366,P00042,2,29299.7,15,12
OI0013615,O007367,P00419,1,26266.85,25,12
OI0013616,O007367,P00493,1,2842.43,0,0
OI0013617,O007367,P00221,1,5044.74,25,0
OI0013618,O007368,P00759,1,18648.51,5,0
OI0013619,O007369,P00455,2,1315.26,5,5
OI0013620,O007369,P00208,1,6281.33,0,18
OI0013621,O007369,P00918,1,27443.63,0,5
OI0013623,O007370,P00913,1,2106.8,0,0
OI0013625,O007372,P00510,2,4718.96,10,18
OI0013626,O007373,P00610,1,5821.99,5,18
OI0013627,O007374,P00506,1,10635.57,5,5
OI0013628,O007374,P00602,1,27195.14,5,5
OI0013629,O007374,P00258,1,16483.95,25,0
OI0013631,O007375,P00476,1,15813.87,15,18
OI0013632,O007376,P00714,2,27416.48,20,0
OI0013633,O007376,P00662,1,7986.93,10,18
OI0013634,O007377,P00220,3,4878.68,0,0
OI0013635,O007377,P00571,1,9627.0,20,5
OI0013637,O007378,P00910,1,19649.52,25,5
OI0013638,O007379,P00976,1,7497.86,0,18
OI0013639,O007380,P00036,1,20598.95,15,12
OI0013640,O007380,P00075,4,19640.12,0,18
OI0013641,O007381,P00650,1,30694.09,15,5
OI0013642,O007382,P00513,1,28032.77,25,12
OI0013643,O007382,P00888,1,1419.02,20,0
OI0013644,O007383,P00544,1,15249.82,0,5
OI0013645,O007383,P00076,1,1993.48,20,18
OI0013647,O007384,P00153,2,25315.79,25,0
OI0013648,O007384,P00819,2,9497.14,0,5
OI0013649,O007385,P00550,1,5977.6,20,5
OI0013650,O007386,P00545,1,18454.69,15,5
OI0013651,O007387,P00927,1,25477.32,0,5
OI0013652,O007387,P00484,1,6823.27,25,5
OI0013653,O007388,P00200,1,7762.33,25,12
OI0013654,O007388,P00247,1,17907.47,0,12
OI0013655,O007388,P00413,2,3206.44,0,18
OI0013656,O007389,P00678,3,22324.19,25,5
OI0013657,O007389,P00560,1,15744.16,5,18
OI0013658,O007390,P00247,1,18096.86,10,12
OI0013659,O007390,P00735,1,15359.04,25,18
OI0013661,O007391,P00001,4,9835.98,5,5
OI0013662,O007391,P00964,1,19447.75,0,0
OI0013663,O007392,P00776,3,17544.12,5,5
OI0013664,O007392,P00261,1,19750.1,0,18
OI0013665,O007393,P00240,1,14790.12,5,12
OI0013666,O007394,P00547,1,20645.28,0,12
OI0013667,O007395,P00386,1,28210.48,25,18
OI0013668,O007395,P00177,1,10329.88,0,0
OI0013669,O007395,P00727,1,12598.88,0,5
OI0013671,O007397,P00307,2,30840.33,0,18
OI0013672,O007398,P00124,1,16077.07,15,12
OI0013673,O007398,P00090,1,19179.84,20,0
OI0013675,O007399,P00978,3,25147.56,0,12
OI0013676,O007399,P00737,1,23592.47,15,0
OI0013677,O007400,P00862,1,26599.69,25,5
OI0013678,O007400,P00574,1,13727.53,20,5
OI0013679,O007401,P00186,2,7032.06,0,5
OI0013680,O007402,P00049,1,23376.97,10,5
OI0013681,O007403,P00650,2,29650.95,20,12
OI0013682,O007404,P00493,1,2812.44,5,0
OI0013683,O007404,P00700,1,29904.13,20,5
OI0013684,O007404,P00968,2,6031.91,0,18
OI0013685,O007405,P00291,1,16296.83,0,5
OI0013686,O007405,P00153,1,24700.3,0,18
OI0013687,O007406,P00494,1,9286.37,0,5
OI0013688,O007406,P00527,1,18420.24,10,5
OI0013689,O007407,P00642,2,24800.32,25,18
OI0013690,O007407,P00390,3,23980.11,15,18
OI0013691,O007407,P00645,2,25585.27,10,0
OI0013692,O007408,P00238,2,12929.75,25,5
OI0013693,O007408,P00887,3,23189.58,0,18
OI0013694,O007409,P00029,3,16109.83,0,5
OI0013695,O007410,P00198,2,23590.19,-5,5
OI0013696,O007411,P00618,2,14862.9,0,12
OI0013697,O007411,P00987,1,24987.76,20,18
OI0013698,O007412,P00894,2,8617.31,10,18
OI0013699,O007412,P00021,1,12184.59,-5,12
OI0013700,O007413,P00698,4,14891.87,0,0
OI0013701,O007413,P00881,1,20879.47,20,5
OI0013702,O007414,P00579,2,17901.36,0,18
OI0013703,O007414,P00787,3,17144.3,5,12
OI0013705,O007415,P00382,1,21246.89,5,0
OI0013706,O007416,P00255,2,11431.97,0,12
OI0013707,O007416,P00431,2,26456.65,0,12
OI0013708,O007417,P00325,1,5821.73,0,5
OI0013709,O007418,P00774,1,20574.66,15,5
OI0013710,O007418,P00207,2,4679.59,15,12
OI0013711,O007419,P00350,1,22882.75,0,5
OI0013713,O007421,P00829,3,11302.83,0,5
OI0013714,O007421,P00158,1,13137.01,0,18
OI0013715,O007421,P00879,1,3334.4,0,12
OI0013716,O007422,P00728,1,5104.46,10,0
OI0013718,O007423,P00925,2,27730.19,0,12
OI0013720,O007425,P00740,3,12077.57,10,18
OI0013721,O007425,P00271,3,23994.28,20,0
OI0013722,O007425,P00073,1,31010.35,0,12
OI0013723,O007426,P00103,2,12615.3,15,5
OI0013724,O007426,P00775,1,17786.33,20,12
OI0013725,O007427,P00720,1,9526.23,0,5
OI0013726,O007428,P00727,1,12079.1,10,0
OI0013727,O007429,P00763,1,23500.54,15,5
OI0013728,O007430,P00489,1,10785.07,10,12
OI0013729,O007431,P00554,4,4812.3,15,5
OI0013730,O007431,P00872,1,4750.37,0,12
OI0013731,O007432,P00312,2,26158.58,0,0
OI0013732,O007432,P00474,4,21037.26,25,18
OI0013733,O007432,P00779,1,2443.72,5,12
OI0013734,O007433,P00753,1,28105.02,0,18
OI0013735,O007433,P00194,2,27620.93,10,12
OI0013736,O007433,P00503,2,22784.33,0,5
OI0013737,O007434,P00195,1,20507.21,5,5
OI0013739,O007435,P00015,4,29445.94,25,0
OI0013740,O007435,P00441,5,7674.36,5,18
OI0013741,O007436,P00624,1,27038.25,0,12
OI0013742,O007436,P00101,1,15694.43,25,5
OI0013743,O007437,P00306,2,18647.19,10,5
OI0013744,O007437,P00968,1,5875.18,20,18
OI0013745,O007438,P00711,2,23568.1,0,12
OI0013746,O007439,P00101,1,15757.74,25,12
OI0013748,O007440,P00240,1,15162.25,25,5
OI0013749,O007440,P00479,3,21134.92,25,18
OI0013750,O007441,P00581,1,25612.0,0,5
OI0013751,O007441,P00732,1,18322.14,20,18
OI0013752,O007442,P00940,2,29388.89,5,0
OI0013753,O007443,P00817,1,11065.67,10,0
OI0013754,O007443,P00704,1,15261.73,5,12
OI0013755,O007444,P00850,1,21578.35,0,18
OI0013756,O007444,P00780,1,23507.98,0,12
OI0013757,O007445,P00150,3,17528.81,0,0
OI0013758,O007445,P00409,1,13532.2,5,12
OI0013759,O007445,P00237,1,24036.91,25,18
OI0013760,O007446,P00105,1,16772.04,0,0
OI0013762,O007447,P00988,1,16066.85,20,18
OI0013763,O007447,P00262,1,9201.35,5,0
OI0013764,O007448,P00294,1,24498.64,15,18
OI0013765,O007449,P00966,1,28388.72,0,18
OI0013766,O007449,P00961,1,11526.89,0,12
OI0013767,O007449,P00327,4,16078.56,10,5
OI0013768,O007450,P00017,1,10964.48,0,5
OI0013769,O007450,P00651,1,15968.93,15,12
OI0013770,O007451,P00511,3,20412.45,25,5
OI0013771,O007451,P00610,1,5925.05,20,12
OI0013772,O007451,P00364,1,21563.47,15,5
OI0013776,O007454,P00769,1,15244.59,10,0
OI0013777,O007454,P00207,1,4618.37,15,5
OI0013778,O007455,P00699,1,25058.2,15,12
OI0013779,O007455,P00105,2,15305.76,0,0
OI0013780,O007456,P00223,1,7586.41,15,0
OI0013781,O007456,P00895,2,19916.61,0,18
OI0013782,O007456,P00716,1,6057.13,0,0
OI0013783,O007457,P00417,1,12650.56,0,5
OI0013784,O007458,P00053,2,20198.73,0,0
OI0013785,O007458,P00111,2,11967.27,10,12
OI0013786,O007459,P00535,1,13763.45,0,0
OI0013787,O007459,P00327,2,16255.75,5,0
OI0013788,O007460,P00986,1,17778.52,0,5
OI0013789,O007460,P00479,2,21496.84,10,5
OI0013790,O007461,P00764,1,20538.43,0,12
OI0013791,O007461,P00251,1,27763.04,0,0
OI0013792,O007462,P00423,1,4428.74,5,5
OI0013793,O007462,P00153,1,25772.04,20,18
OI0013794,O007463,P00640,3,23306.52,15,5
OI0013795,O007464,P00431,1,25008.33,-5,12
OI0013796,O007464,P00702,1,918.83,10,18
OI0013797,O007465,P00908,1,9164.96,0,5
OI0013798,O007466,P00400,1,10251.54,0,12
OI0013799,O007466,P00604,1,28219.78,20,12
OI0013800,O007467,P00501,4,972.95,0,0
OI0013801,O007468,P00914,3,24713.63,0,5
OI0013802,O007468,P00652,3,3986.45,0,0
OI0013803,O007469,P00783,1,17707.63,0,18
OI0013804,O007469,P00173,1,2832.51,10,0
OI0013805,O007470,P00051,2,15053.91,25,12
OI0013806,O007470,P00967,1,22324.04,0,12
OI0013807,O007470,P00832,4,15803.68,25,5
OI0013810,O007472,P00050,1,28728.08,5,5
OI0013811,O007472,P00374,3,18668.68,25,12
OI0013812,O007472,P00130,3,24724.56,10,12
OI0013813,O007473,P00048,3,4108.25,5,12
OI0013814,O007473,P00727,2,12102.79,-5,0
OI0013815,O007474,P00429,2,646.4,25,12
OI0013816,O007474,P00661,1,28918.44,5,0
OI0013817,O007474,P00719,2,23260.73,15,18
OI0013818,O007475,P00551,1,16381.11,-5,12
OI0013819,O007475,P00642,2,24922.15,0,12
OI0013820,O007476,P00588,3,25405.75,10,12
OI0013821,O007476,P00608,2,19507.56,15,18
OI0013822,O007477,P00404,5,9497.17,5,0
OI0013823,O007478,P00921,2,15032.19,25,12
OI0013824,O007478,P00906,1,1748.29,0,18
OI0013825,O007479,P00539,1,12856.89,10,5
OI0013826,O007479,P00731,1,28164.44,15,12
OI0013827,O007480,P00206,3,15293.85,0,18
OI0013828,O007480,P00783,1,18506.0,5,12
OI0013830,O007482,P00578,1,14075.09,0,12
OI0013831,O007483,P00420,1,29167.74,25,5
OI0013832,O007483,P00622,1,12764.47,-5,18
OI0013834,O007484,P00649,1,10682.42,0,12
OI0013835,O007484,P00530,1,29646.32,20,5
OI0013836,O007485,P00564,1,20426.92,5,12
OI0013837,O007485,P00410,2,1683.47,15,5
OI0013838,O007486,P00786,1,29354.39,25,12
OI0013839,O007486,P00427,1,23023.48,10,12
OI0013840,O007487,P00815,1,24812.56,20,5
OI0013841,O007487,P00489,1,11544.17,10,5
OI0013842,O007487,P00423,2,4242.22,0,0
OI0013843,O007488,P00708,5,3256.14,0,0
OI0013845,O007488,P00044,2,22483.28,15,0
OI0013846,O007489,P00411,3,6218.86,0,5
OI0013847,O007490,P00872,1,4799.31,20,0
OI0013848,O007490,P00741,2,4457.19,5,18
OI0013849,O007490,P00491,1,23022.16,-5,12
OI0013851,O007492,P00391,4,22711.74,0,5
OI0013852,O007493,P00863,2,21711.42,0,18
OI0013853,O007494,P00161,1,23897.25,0,0
OI0013854,O007494,P00843,4,4772.99,0,12
OI0013855,O007495,P00645,5,24443.0,5,0
OI0013856,O007495,P00913,1,2029.22,0,12
OI0013857,O007496,P00766,1,13905.42,5,18
OI0013858,O007496,P00189,3,6163.98,5,5
OI0013859,O007497,P00796,3,1119.49,0,5
OI0013861,O007497,P00129,1,8265.13,5,5
OI0013862,O007498,P00651,1,16196.54,20,5
OI0013863,O007498,P00195,1,21826.31,5,0
OI0013864,O007499,P00036,4,21070.06,0,12
OI0013865,O007499,P00143,1,3165.05,0,5
OI0013866,O007500,P00354,1,17871.04,15,0
OI0013867,O007500,P00638,3,22041.53,5,0
OI0013868,O007501,P00961,5,11560.94,5,5
OI0013869,O007502,P00206,4,14591.44,15,12
OI0013870,O007502,P00333,2,8767.34,0,12
OI0013871,O007503,P00569,1,28551.73,0,12
OI0013872,O007504,P00311,1,27680.53,0,0
OI0013873,O007505,P00296,2,20815.13,5,0
OI0013874,O007505,P00608,1,18967.97,25,0
OI0013875,O007506,P00246,1,6563.63,0,18
OI0013876,O007507,P00101,1,15014.29,20,18
OI0013877,O007507,P00641,3,1203.71,0,0
OI0013879,O007508,P00260,2,8229.87,10,0
OI0013880,O007508,P00648,1,17635.02,0,5
OI0013881,O007509,P00724,1,14993.77,5,12
OI0013882,O007510,P00283,2,4663.42,20,12
OI0013883,O007510,P00347,1,27280.07,10,0
OI0013884,O007511,P00348,1,7086.63,25,18
OI0013885,O007511,P00392,1,29276.54,20,5
OI0013886,O007511,P00031,1,10039.8,15,12
OI0013887,O007512,P00101,2,16284.9,0,0
OI0013888,O007512,P00193,1,16047.11,5,5
OI0013889,O007513,P00888,2,1400.18,0,12
OI0013890,O007514,P00687,1,21759.77,5,0
OI0013891,O007514,P00599,2,28687.74,15,0
OI0013893,O007515,P00220,1,4889.0,15,12
OI0013894,O007516,P00804,2,10655.88,25,18
OI0013895,O007516,P00052,1,14449.86,0,0
OI0013896,O007516,P00979,1,6600.85,5,12
OI0013897,O007517,P00786,1,29484.37,20,12
OI0013898,O007517,P00909,5,11288.19,10,0
OI0013899,O007518,P00658,1,10779.35,10,5
OI0013900,O007519,P00371,1,18107.93,20,5
OI0013901,O007519,P00235,1,10047.43,10,5
OI0013902,O007520,P00187,1,10645.83,5,18
OI0013903,O007520,P00349,1,10611.77,10,0
OI0013904,O007521,P00810,1,24190.8,5,0
OI0013905,O007522,P00262,1,8892.72,0,5
OI0013906,O007522,P00461,3,16410.31,0,0
OI0013907,O007523,P00447,2,23004.7,0,12
OI0013908,O007523,P00149,1,29246.27,5,5
OI0013909,O007523,P00250,4,18970.32,25,0
OI0013910,O007524,P00137,3,28539.32,0,0
OI0013912,O007525,P00917,1,1243.11,0,0
OI0013913,O007525,P00737,1,23228.88,15,5
OI0013915,O007526,P00078,1,13291.5,5,5
OI0013916,O007527,P00166,1,29205.89,20,0
OI0013917,O007527,P00574,1,13897.2,25,0
OI0013921,O007529,P00159,1,12714.09,0,12
OI0013922,O007530,P00519,4,3776.79,15,12
OI0013923,O007531,P00618,1,15475.41,25,12
OI0013925,O007532,P00440,1,13166.57,15,18
OI0013926,O007532,P00476,2,16153.0,20,18
OI0013927,O007533,P00895,1,19565.64,0,0
OI0013928,O007533,P00381,1,11331.36,0,5
OI0013929,O007533,P00703,1,9252.38,0,18
OI0013930,O007534,P00837,1,17270.49,25,12
OI0013933,O007535,P00137,1,27959.7,20,12
OI0013934,O007535,P00106,1,8780.24,15,5
OI0013935,O007536,P00080,1,18155.09,0,18
OI0013936,O007536,P00388,1,14750.84,20,18
OI0013937,O007537,P00056,1,14725.45,20,18
OI0013938,O007537,P00959,1,13842.65,0,5
OI0013939,O007538,P00056,1,13754.35,0,12
OI0013940,O007538,P00498,2,29108.19,5,18
OI0013941,O007539,P00575,1,17644.38,10,12
OI0013942,O007539,P00358,1,4510.37,0,5
OI0013943,O007540,P00134,3,25216.23,25,12
OI0013944,O007541,P00690,1,21162.75,20,0
OI0013946,O007542,P00306,2,17827.91,0,5
OI0013948,O007543,P00410,1,1815.62,20,18
OI0013949,O007543,P00696,4,21747.61,0,18
OI0013951,O007544,P00414,1,6742.51,20,0
OI0013952,O007545,P00078,2,13623.29,25,0
OI0013953,O007546,P00172,1,23985.23,15,0
OI0013954,O007546,P00980,1,10543.45,-5,18
OI0013955,O007547,P00957,2,18979.35,25,5
OI0013956,O007547,P00054,1,15381.08,0,18
OI0013957,O007548,P00705,1,25379.23,25,5
OI0013958,O007548,P00185,2,26590.63,5,0
OI0013959,O007549,P00194,1,29591.6,0,12
OI0013960,O007550,P00075,2,18852.29,0,5
OI0013961,O007551,P00724,1,14946.86,20,12
OI0013962,O007552,P00683,2,14101.48,15,12
OI0013963,O007552,P00827,1,8993.2,20,12
OI0013964,O007553,P00508,1,12589.73,25,12
OI0013967,O007554,P00447,1,23888.17,0,12
OI0013968,O007555,P00141,1,18852.3,10,5
OI0013969,O007556,P00423,1,4548.59,0,5
OI0013970,O007556,P00424,2,20457.98,20,0
OI0013971,O007556,P00641,2,1170.1,20,0
OI0013972,O007557,P00587,1,20086.81,25,12
OI0013973,O007557,P00367,1,6618.29,10,0
OI0013974,O007558,P00446,2,15534.77,0,0
OI0013975,O007559,P00291,1,16196.14,10,0
OI0013977,O007559,P00354,2,18389.66,20,18
OI0013978,O007560,P00745,1,11706.57,15,5
OI0013979,O007560,P00213,2,14171.32,0,18
OI0013980,O007561,P00722,1,17540.88,0,18
OI0013981,O007562,P00027,1,15799.93,25,0
OI0013982,O007563,P00459,2,24837.63,0,0
OI0013983,O007563,P00840,1,16419.94,0,0
OI0013984,O007564,P00770,2,22435.72,20,12
OI0013985,O007564,P00782,3,27382.88,20,12
OI0013986,O007565,P00631,3,9420.14,25,5
OI0013988,O007566,P00696,1,21716.61,5,18
OI0013989,O007566,P00727,2,13067.51,20,18
OI0013990,O007566,P00252,2,12215.8,25,18
OI0013991,O007567,P00253,1,28628.3,20,5
OI0013992,O007568,P00567,3,28930.87,25,18
OI0013994,O007568,P00164,1,15953.89,0,5
OI0013996,O007570,P00495,1,17997.48,10,5
OI0013997,O007571,P00945,1,11425.23,0,12
OI0014000,O007572,P00763,1,23836.24,10,0
OI0014001,O007573,P00244,4,2186.56,0,18
OI0014002,O007573,P00493,1,2857.75,0,0
OI0014003,O007574,P00810,1,23787.63,5,12
OI0014004,O007574,P00552,1,19801.71,0,0
OI0014005,O007574,P00501,1,1043.34,25,0
OI0014006,O007575,P00889,1,16592.39,20,12
OI0014007,O007575,P00878,3,13070.77,25,18
OI0014008,O007576,P00176,1,4129.28,0,5
OI0014009,O007577,P00026,1,14359.14,20,12
OI0014010,O007577,P00565,1,1023.15,5,12
OI0014011,O007577,P00233,3,4675.57,20,18
OI0014012,O007578,P00456,3,3610.67,10,5
OI0014013,O007578,P00912,2,11199.67,10,0
OI0014014,O007579,P00990,3,28717.64,15,5
OI0014015,O007579,P00240,1,14403.6,25,5
OI0014016,O007579,P00166,1,28352.76,5,5
OI0014017,O007580,P00705,1,25737.82,0,0
OI0014018,O007580,P00935,2,6879.45,0,12
OI0014019,O007580,P00848,3,230.96,15,5
OI0014020,O007581,P01000,1,25244.72,5,0
OI0014021,O007581,P00010,1,12752.95,5,18
OI0014022,O007582,P00827,4,9284.86,15,12
OI0014023,O007582,P00624,1,27079.87,0,18
OI0014024,O007582,P00278,1,20729.56,10,5
OI0014025,O007583,P00458,2,324.44,0,0
OI0014027,O007583,P00627,5,23151.86,0,12
OI0014028,O007584,P00974,2,8404.55,0,18
OI0014029,O007584,P00916,1,2657.6,20,0
OI0014030,O007585,P00707,1,18558.86,10,18
OI0014031,O007586,P00459,1,24135.95,25,12
OI0014032,O007587,P00608,2,18101.53,15,0
OI0014033,O007587,P00791,1,1354.71,5,0
OI0014034,O007588,P00871,2,11473.56,15,0
OI0014035,O007589,P00870,1,8315.93,5,0
OI0014036,O007589,P00046,1,12489.93,0,5
OI0014038,O007590,P00325,2,5631.2,15,12
OI0014039,O007591,P00412,3,5847.08,25,5
OI0014041,O007592,P00188,2,16560.67,5,12
OI0014042,O007593,P00801,1,2245.96,5,18
OI0014045,O007595,P00687,3,23054.41,0,12
OI0014046,O007595,P00993,2,14931.22,10,18
OI0014047,O007596,P00973,1,28872.96,0,18
OI0014048,O007597,P00613,1,10886.76,5,0
OI0014049,O007598,P00628,2,1182.8,25,0
OI0014050,O007598,P00653,1,3574.99,10,5
OI0014051,O007599,P00510,2,4554.34,20,5
OI0014054,O007600,P00919,1,20653.72,5,0
OI0014055,O007601,P00353,3,28625.98,15,12
OI0014056,O007602,P00837,1,17093.52,15,0
OI0014058,O007603,P00159,1,13232.34,20,0
OI0014059,O007603,P00961,3,12285.61,10,18
OI0014060,O007604,P00985,3,17027.75,20,0
OI0014062,O007604,P00746,4,3791.53,0,5
OI0014063,O007605,P00832,2,17255.4,0,12
OI0014064,O007606,P00038,1,18825.47,0,18
OI0014065,O007606,P00546,1,1163.0,0,18
OI0014066,O007606,P00612,4,9052.46,25,0
OI0014067,O007607,P00248,2,18699.21,10,0
OI0014068,O007607,P00355,1,24595.82,0,0
OI0014069,O007608,P00435,5,27638.84,20,0
OI0014071,O007608,P00884,1,10333.43,10,0
OI0014072,O007609,P00069,4,24389.24,0,18
OI0014073,O007610,P00085,1,3466.62,5,5
OI0014074,O007610,P00550,2,5811.4,20,5
OI0014075,O007610,P00166,2,27960.1,25,0
OI0014077,O007612,P00104,1,12834.17,0,12
OI0014078,O007613,P00663,3,27057.51,0,5
OI0014079,O007613,P00727,1,12094.76,20,5
OI0014080,O007613,P00453,2,416.33,5,0
OI0014081,O007614,P00655,1,22082.78,5,5
OI0014082,O007614,P00248,3,18858.47,25,12
OI0014085,O007616,P00772,1,9358.01,20,5
OI0014086,O007616,P00260,1,7920.95,0,18
OI0014087,O007617,P00493,3,2642.86,20,12
OI0014088,O007617,P00009,3,20154.48,5,12
OI0014089,O007617,P00726,2,14869.39,0,0
OI0014091,O007618,P00953,1,475.23,0,18
OI0014092,O007619,P00244,3,2241.45,0,12
OI0014093,O007619,P00817,2,10932.63,0,12
OI0014094,O007620,P00234,3,27733.34,0,0
OI0014095,O007621,P00266,1,5014.96,0,18
OI0014096,O007621,P00447,2,23303.99,0,12
OI0014097,O007622,P00134,1,25664.06,20,5
OI0014098,O007622,P00535,1,14396.31,15,5
OI0014100,O007623,P00149,1,29124.44,5,18
OI0014101,O007624,P00721,1,12903.49,10,5
OI0014102,O007624,P00608,1,18481.49,0,12
OI0014103,O007624,P00495,1,18223.72,0,5
OI0014104,O007625,P00667,1,20157.14,15,12
OI0014105,O007625,P00789,2,29408.15,0,5
OI0014106,O007626,P00208,3,6305.19,10,5
OI0014107,O007627,P00988,2,16443.64,0,18
OI0014108,O007627,P00808,1,18568.56,25,0
OI0014109,O007628,P00948,1,8037.83,5,12
OI0014111,O007628,P00835,2,20311.55,15,12
OI0014112,O007629,P00428,2,18404.48,20,12
OI0014113,O007629,P00697,1,11847.99,20,18
OI0014116,O007631,P00876,2,8836.59,0,12
OI0014117,O007631,P00162,1,26396.05,10,12
OI0014118,O007631,P00863,1,23438.79,10,18
OI0014119,O007632,P00207,1,4386.98,5,12
OI0014120,O007632,P00225,1,8955.22,0,18
OI0014121,O007633,P00337,1,639.98,25,18
OI0014122,O007634,P00786,1,26992.92,0,18
OI0014123,O007634,P00549,4,14393.19,0,5
OI0014124,O007634,P00387,3,329.82,15,18
OI0014126,O007635,P00110,2,1028.53,0,0
OI0014127,O007636,P00880,1,16632.56,25,12
OI0014128,O007637,P00909,2,11502.19,5,5
OI0014129,O007637,P00998,1,27838.32,20,12
OI0014130,O007638,P00431,1,25019.98,15,5
OI0014131,O007638,P00911,1,10237.49,-5,18
OI0014132,O007638,P00257,1,25467.81,0,5
OI0014133,O007639,P00078,3,13493.33,10,12
OI0014134,O007639,P00038,2,18656.04,0,18
OI0014135,O007639,P00659,4,20495.56,0,12
OI0014137,O007640,P00126,3,11848.32,10,0
OI0014138,O007640,P00371,1,17838.6,0,18
OI0014139,O007641,P00350,2,24131.79,5,0
OI0014141,O007641,P00735,2,16047.75,25,18
OI0014142,O007642,P00028,1,10502.81,10,0
OI0014143,O007642,P00222,1,1975.42,0,18
OI0014144,O007642,P00987,2,24607.39,15,0
OI0014145,O007643,P00200,1,7713.12,0,5
OI0014146,O007643,P00756,1,14852.15,15,12
OI0014147,O007644,P00738,1,25148.17,0,12
OI0014148,O007645,P00657,1,27666.03,0,5
OI0014149,O007645,P00826,1,10917.66,0,18
OI0014150,O007646,P00608,1,18825.69,0,0
OI0014151,O007646,P00872,3,4922.59,20,18
OI0014152,O007647,P00097,1,1407.45,25,12
OI0014153,O007647,P00222,1,1956.22,15,18
OI0014155,O007648,P00202,2,3634.74,0,18
OI0014156,O007648,P00489,2,10850.06,10,0
OI0014157,O007649,P00981,1,22784.1,0,18
OI0014158,O007649,P00665,1,30274.81,0,0
OI0014159,O007650,P00496,1,21729.64,25,12
OI0014160,O007651,P00719,2,23293.6,-5,0
OI0014161,O007651,P00619,3,10397.35,25,0
OI0014162,O007651,P00001,2,9195.35,5,18
OI0014163,O007652,P00056,1,14250.75,10,5
OI0014164,O007652,P00211,1,638.36,0,18
OI0014165,O007652,P00290,1,29221.25,25,5
OI0014166,O007653,P00340,1,28732.55,0,5
OI0014167,O007653,P00843,2,4737.1,5,18
OI0014168,O007653,P00422,1,22525.0,0,0
OI0014169,O007654,P00959,2,13137.31,0,12
OI0014170,O007654,P00982,2,9471.48,20,5
OI0014171,O007655,P00140,2,29693.39,5,18
OI0014172,O007655,P00744,1,8379.65,15,0
OI0014174,O007656,P00939,1,10721.47,15,5
OI0014175,O007657,P00844,2,25137.17,5,5
OI0014176,O007658,P00687,1,22835.33,20,18
OI0014177,O007659,P00976,1,7332.05,0,18
OI0014178,O007659,P00538,1,29328.19,0,12
OI0014180,O007661,P00498,1,29739.59,15,5
OI0014181,O007661,P00258,4,16743.09,15,0
OI0014182,O007662,P00069,1,22919.65,10,12
OI0014183,O007662,P00362,1,19490.39,10,12
OI0014184,O007663,P00667,2,21682.06,5,18
OI0014185,O007663,P00847,1,21327.6,0,5
OI0014186,O007664,P00009,1,19502.57,25,12
OI0014187,O007664,P00128,3,6104.02,0,5
OI0014188,O007665,P00342,1,25653.29,5,18
OI0014189,O007665,P00259,1,24479.8,10,18
OI0014190,O007665,P00200,1,7989.21,0,18
OI0014191,O007666,P00023,2,3407.75,10,5
OI0014193,O007667,P00003,1,9377.05,0,0
OI0014194,O007668,P00727,4,12324.27,0,0
OI0014195,O007668,P00280,2,8655.96,10,18
OI0014196,O007669,P00566,1,15204.29,0,18
OI0014197,O007669,P00352,1,21662.64,10,18
OI0014198,O007670,P00244,1,2194.43,0,18
OI0014199,O007670,P00568,1,8198.83,0,12
OI0014201,O007671,P00987,5,25730.65,0,5
OI0014202,O007672,P00376,3,26166.17,15,12
OI0014203,O007672,P00800,2,20510.98,0,0
OI0014204,O007673,P00716,3,6193.36,15,5
OI0014205,O007674,P00245,1,15074.22,0,5
OI0014206,O007674,P00553,1,17045.39,0,18
OI0014207,O007675,P00674,2,10359.89,0,18
OI0014209,O007676,P00814,4,1362.07,15,18
OI0014210,O007676,P00526,1,3705.68,5,5
OI0014212,O007677,P00095,1,23295.65,5,18
OI0014213,O007678,P00781,2,11125.75,10,18
OI0014214,O007679,P00033,1,14673.41,0,5
OI0014215,O007680,P00389,1,4903.79,10,5
OI0014217,O007681,P00889,1,16863.27,0,12
OI0014218,O007682,P00258,1,16319.06,5,12
OI0014219,O007683,P00104,4,12871.87,0,5
OI0014220,O007683,P00726,1,14189.99,10,0
OI0014221,O007684,P00849,2,4688.39,15,12
OI0014222,O007684,P00251,3,28490.57,0,18
OI0014223,O007685,P00307,1,29180.61,25,12
OI0014224,O007686,P00732,3,17040.08,20,0
OI0014225,O007686,P00577,1,25233.64,0,12
OI0014226,O007687,P00288,2,17011.46,25,0
OI0014228,O007688,P00435,2,27751.25,20,12
OI0014229,O007689,P00733,1,7418.16,5,18
OI0014230,O007690,P00897,2,6601.58,0,12
OI0014231,O007690,P00823,1,7112.52,0,12
OI0014233,O007692,P00789,1,29682.4,15,5
OI0014234,O007692,P00320,1,2312.2,0,12
OI0014235,O007693,P00536,2,27783.74,20,18
OI0014236,O007693,P00527,1,18878.09,15,12
OI0014237,O007693,P00278,2,19591.59,0,5
OI0014238,O007694,P00864,1,12879.45,0,5
OI0014239,O007694,P00926,3,23633.12,0,0
OI0014240,O007695,P00636,1,8043.57,15,0
OI0014241,O007695,P00650,4,28845.11,20,5
OI0014242,O007696,P00953,1,464.97,0,5
OI0014243,O007696,P00891,1,2033.27,0,18
OI0014245,O007697,P00527,1,19597.33,20,18
OI0014246,O007698,P00120,1,15780.68,25,5
OI0014247,O007698,P00774,1,21273.74,10,18
OI0014248,O007699,P00903,1,7252.74,10,12
OI0014249,O007700,P00210,2,4245.4,20,0
OI0014250,O007700,P00508,2,11893.68,0,12
OI0014251,O007701,P00564,1,19679.33,0,0
OI0014252,O007701,P00971,1,7299.17,0,12
OI0014253,O007702,P00728,1,4862.09,5,5
OI0014254,O007703,P00547,1,22086.0,0,5
OI0014255,O007703,P00593,1,3302.69,0,5
OI0014256,O007704,P00637,1,28611.1,0,5
OI0014257,O007704,P00171,1,5901.38,10,18
OI0014259,O007705,P00395,3,24650.39,25,0
OI0014260,O007706,P00988,2,15771.6,25,0
OI0014261,O007707,P00977,1,1586.59,0,5
OI0014262,O007708,P00203,2,27285.53,5,0
OI0014264,O007709,P00409,4,13339.26,20,18
OI0014265,O007710,P00137,2,29472.77,15,18
OI0014266,O007710,P00697,2,12552.56,15,12
OI0014267,O007711,P00761,1,9523.69,15,5
OI0014268,O007712,P00045,2,25561.48,10,18
OI0014269,O007712,P00077,1,3269.49,0,0
OI0014271,O007713,P00745,2,12294.52,10,12
OI0014272,O007714,P00164,3,15943.82,10,5
OI0014273,O007715,P00157,2,18422.53,0,5
OI0014274,O007716,P00966,2,25968.76,0,0
OI0014275,O007716,P00291,2,16984.91,0,12
OI0014276,O007716,P00868,2,9064.16,15,0
OI0014277,O007717,P00162,1,26120.51,0,0
OI0014279,O007718,P00691,2,14240.64,5,5
OI0014280,O007719,P00082,1,25391.86,5,12
OI0014281,O007719,P00606,1,27737.08,10,18
OI0014282,O007719,P00103,3,12846.01,0,12
OI0014283,O007720,P00528,1,28594.49,5,18
OI0014284,O007720,P00300,3,6022.43,0,5
OI0014285,O007721,P00935,5,6913.48,25,5
OI0014286,O007722,P00061,2,19446.85,0,0
OI0014291,O007725,P00298,5,6173.34,-5,18
OI0014293,O007726,P00662,2,7344.35,20,12
OI0014294,O007726,P00327,1,17316.33,25,0
OI0014295,O007726,P00326,1,14096.78,0,18
OI0014298,O007727,P00309,1,23072.25,15,18
OI0014299,O007728,P00168,1,15711.79,5,18
OI0014300,O007728,P00263,2,22302.79,15,12
OI0014301,O007729,P00553,1,16992.04,25,5
OI0014302,O007729,P00722,1,16510.11,15,5
OI0014303,O007730,P00951,2,26979.63,0,0
OI0014304,O007731,P00706,2,16341.67,15,12
OI0014305,O007731,P00030,1,23713.63,25,0
OI0014306,O007731,P00830,2,5032.12,10,0
OI0014307,O007732,P00561,3,26429.36,0,12
OI0014308,O007732,P00285,1,14834.04,0,18
OI0014311,O007735,P00737,3,23122.83,15,18
OI0014312,O007736,P00495,2,17632.13,25,5
OI0014313,O007736,P00876,1,8124.74,15,5
OI0014314,O007737,P00733,1,7418.88,0,18
OI0014315,O007737,P00015,1,29291.8,25,5
OI0014316,O007738,P00748,1,24197.81,0,18
OI0014317,O007738,P00929,1,2011.09,10,0
OI0014318,O007738,P00505,1,19768.49,0,12
OI0014319,O007739,P00134,1,25285.57,5,0
OI0014320,O007739,P00568,1,8277.61,15,0
OI0014321,O007740,P00580,1,7717.55,0,12
OI0014322,O007741,P00893,1,5692.35,20,0
OI0014323,O007742,P00549,5,14033.54,20,5
OI0014324,O007742,P00257,1,25590.28,15,12
OI0014325,O007743,P00593,1,3316.88,20,18
OI0014326,O007744,P00410,2,1803.01,10,18
OI0014327,O007745,P00361,1,28305.32,0,0
OI0014328,O007745,P00773,1,12122.32,0,0
OI0014329,O007746,P00470,3,970.06,10,12
OI0014330,O007746,P00874,1,7258.2,25,12
OI0014331,O007747,P00853,1,2701.38,20,5
OI0014332,O007748,P00267,1,17649.35,0,12
OI0014333,O007748,P00231,2,1176.72,15,12
OI0014334,O007749,P00121,1,7178.29,5,18
OI0014335,O007749,P00717,2,24536.47,20,0
OI0014336,O007750,P00469,1,3002.98,0,18
OI0014337,O007751,P00874,2,7491.66,0,0
OI0014338,O007751,P00033,1,14629.15,0,18
OI0014339,O007752,P00450,1,30530.3,0,5
OI0014340,O007752,P00481,2,15066.06,0,0
OI0014341,O007752,P00324,2,219.53,25,12
OI0014342,O007753,P00275,1,10234.66,20,5
OI0014343,O007753,P00726,2,14576.4,15,12
OI0014344,O007754,P00646,1,15487.08,25,0
OI0014345,O007754,P00634,1,9022.68,0,18
OI0014346,O007754,P00480,1,18422.78,0,12
OI0014347,O007755,P00927,1,24563.83,20,18
OI0014348,O007755,P00792,2,6458.6,0,18
OI0014349,O007756,P00377,4,25111.56,10,12
OI0014350,O007756,P00681,1,28272.23,15,5
OI0014351,O007757,P00154,3,27972.06,5,18
OI0014352,O007757,P00730,2,23251.14,20,5
OI0014353,O007758,P00790,1,27830.82,20,12
OI0014354,O007758,P00916,1,2486.65,10,18
OI0014355,O007759,P00410,1,1801.73,5,18
OI0014356,O007760,P00410,4,1791.59,0,5
OI0014357,O007760,P00509,3,15607.94,0,0
OI0014358,O007761,P00569,4,26954.26,10,0
OI0014359,O007762,P00625,1,26027.36,5,12
OI0014360,O007763,P00748,1,24515.73,20,5
OI0014361,O007763,P00349,1,11149.12,15,5
OI0014362,O007763,P00784,1,8351.34,20,18
OI0014363,O007764,P00995,1,12854.07,15,12
OI0014364,O007765,P00978,1,24562.49,0,18
OI0014365,O007765,P00083,1,944.28,0,18
OI0014366,O007766,P00711,4,25614.05,20,12
OI0014367,O007767,P00334,4,17890.69,10,12
OI0014368,O007767,P00658,2,10027.9,0,12
OI0014369,O007767,P00905,1,26187.63,0,5
OI0014371,O007769,P00719,1,23855.01,5,0
OI0014372,O007769,P00102,1,866.14,5,5
OI0014373,O007769,P00814,1,1336.46,5,5
OI0014375,O007770,P00683,1,14601.15,0,0
OI0014376,O007770,P00044,2,23568.19,0,12
OI0014377,O007771,P00980,2,10188.14,-5,18
OI0014378,O007771,P00061,1,17979.34,0,5
OI0014379,O007771,P00990,4,29358.19,20,18
OI0014380,O007772,P00007,1,26636.68,5,12
OI0014381,O007773,P00777,2,21769.13,0,12
OI0014382,O007774,P00767,1,20184.22,0,5
OI0014384,O007775,P00591,1,14364.19,25,0
OI0014385,O007775,P00158,1,12128.75,20,12
OI0014386,O007776,P00273,1,10644.65,10,18
OI0014387,O007777,P00521,3,23179.63,20,18
OI0014388,O007777,P00665,1,28155.83,25,0
OI0014390,O007779,P00370,3,5488.09,5,5
OI0014391,O007779,P00237,2,24099.57,10,12
OI0014392,O007780,P00733,1,7066.05,0,12
OI0014393,O007780,P00016,1,11865.57,15,12
OI0014394,O007781,P00475,2,25217.69,15,0
OI0014395,O007781,P00390,1,23407.04,0,12
OI0014396,O007782,P00327,1,16021.63,15,5
OI0014397,O007783,P00439,1,24877.62,10,18
OI0014399,O007784,P00354,2,17739.51,15,12
OI0014400,O007784,P00868,2,9402.29,0,18
OI0014401,O007785,P00809,1,7619.01,0,12
OI0014402,O007786,P00924,1,10302.1,0,18
OI0014403,O007786,P00094,2,10094.13,15,12
OI0014404,O007787,P00438,1,13912.84,5,18
OI0014405,O007787,P00496,2,22708.81,10,0
OI0014406,O007788,P00051,4,15077.93,10,18
OI0014407,O007788,P00185,1,27511.62,5,5
OI0014408,O007788,P00387,2,315.03,0,18
OI0014409,O007789,P00514,1,12139.19,0,18
OI0014410,O007789,P00513,1,26992.59,5,5
OI0014411,O007790,P00447,1,23650.31,15,18
OI0014412,O007790,P00657,1,27575.61,15,12
OI0014413,O007790,P00446,1,15693.98,0,12
OI0014414,O007791,P00581,2,25218.25,0,18
OI0014416,O007792,P00357,1,12369.92,20,12
OI0014417,O007793,P00376,1,26192.79,20,18
OI0014418,O007793,P00223,1,7492.59,0,0
OI0014419,O007793,P00589,1,11084.3,0,18
OI0014420,O007794,P00860,1,27625.75,20,18
OI0014421,O007794,P00755,1,15439.86,25,12
OI0014422,O007795,P00207,1,4537.55,5,0
OI0014425,O007797,P00191,1,15090.91,5,0
OI0014426,O007798,P00393,1,13988.13,20,0
OI0014427,O007799,P00217,2,16279.47,0,0
OI0014428,O007800,P00675,1,9477.35,0,12
OI0014429,O007800,P00623,2,4622.04,5,18
OI0014430,O007800,P00172,3,25471.03,0,12
OI0014432,O007801,P00853,3,2973.67,25,5
OI0014433,O007802,P00108,1,29187.56,10,5
OI0014434,O007802,P00499,1,21117.47,25,12
OI0014436,O007804,P00855,1,14932.59,0,12
OI0014437,O007804,P00431,1,24787.66,25,5
OI0014439,O007805,P00704,1,15256.79,5,18
OI0014440,O007805,P00239,1,27873.07,25,18
OI0014441,O007806,P00522,1,18408.19,15,12
OI0014442,O007806,P00126,3,11260.05,0,0
OI0014443,O007806,P00405,1,1937.84,5,12
OI0014444,O007807,P00644,1,26667.74,5,18
OI0014445,O007807,P00557,2,5086.66,10,18
OI0014446,O007808,P00046,1,11719.19,10,12
OI0014447,O007809,P00106,2,8567.56,20,18
OI0014448,O007809,P00658,1,10416.44,5,18
OI0014449,O007810,P00187,2,9730.26,10,5
OI0014450,O007810,P00882,1,20991.29,5,0
OI0014451,O007811,P00227,4,9782.18,15,12
OI0014453,O007812,P00703,1,9572.5,25,12
OI0014454,O007812,P00670,2,21621.45,25,12
OI0014455,O007813,P00266,1,4991.06,5,18
OI0014456,O007813,P00743,2,18450.96,0,5
OI0014457,O007814,P00076,1,2068.89,20,5
OI0014458,O007814,P00404,1,9906.22,0,12
OI0014459,O007814,P00529,1,28035.17,5,0
OI0014460,O007815,P00289,2,8583.6,10,0
OI0014461,O007815,P00235,1,9365.5,5,18
OI0014462,O007816,P00254,1,29504.81,10,0
OI0014463,O007817,P00617,2,10417.54,10,5
OI0014464,O007817,P00670,2,19864.1,0,12
OI0014465,O007817,P00410,1,1713.03,0,12
OI0014466,O007818,P00440,1,13537.13,15,0
OI0014467,O007818,P00683,1,14982.89,15,0
OI0014468,O007819,P00833,1,25921.85,20,0
OI0014469,O007820,P00400,1,9673.34,15,0
OI0014470,O007820,P00297,5,1214.77,10,5
OI0014471,O007821,P00029,1,16222.26,10,18
OI0014472,O007822,P00344,2,19705.05,25,5
OI0014475,O007824,P00617,3,10855.9,25,18
OI0014476,O007824,P00274,1,1213.8,5,12
OI0014477,O007825,P00415,2,7551.57,25,18
OI0014478,O007825,P00970,4,17410.62,0,12
OI0014479,O007826,P00100,1,19177.78,0,12
OI0014480,O007827,P00086,1,15809.05,15,18
OI0014481,O007827,P00931,1,4216.21,5,5
OI0014482,O007827,P00156,1,29530.67,25,5
OI0014483,O007828,P00918,5,26708.89,15,18
OI0014484,O007829,P00052,1,14030.7,0,18
OI0014486,O007829,P00251,1,29365.63,25,0
OI0014488,O007830,P00016,1,11883.3,0,5
OI0014489,O007831,P00177,1,11345.17,5,0
OI0014491,O007833,P00834,2,23344.65,5,0
OI0014492,O007833,P00816,1,788.62,0,5
OI0014493,O007834,P00564,1,20663.73,0,12
OI0014494,O007834,P00115,1,28441.33,20,0
OI0014495,O007835,P00387,1,331.26,15,12
OI0014496,O007835,P00886,1,21373.47,0,12
OI0014497,O007836,P00524,1,13024.67,15,5
OI0014498,O007837,P00256,1,26420.99,0,18
OI0014499,O007837,P00837,1,16981.9,15,5
OI0014500,O007837,P00873,2,25943.15,15,5
OI0014501,O007838,P00785,2,7148.6,0,18
OI0014502,O007838,P00275,1,10534.43,25,12
OI0014504,O007839,P00770,1,22435.74,10,5
OI0014505,O007840,P00589,4,11562.15,10,5
OI0014506,O007840,P00115,1,26713.56,0,5
OI0014507,O007841,P00958,1,23363.02,0,0
OI0014508,O007841,P00242,2,1946.81,15,5
OI0014509,O007841,P00256,3,25907.01,10,12
OI0014510,O007842,P00167,4,14490.02,25,0
OI0014511,O007843,P00097,2,1309.86,25,5
OI0014512,O007844,P00766,1,13765.8,0,18
OI0014514,O007844,P00868,5,9351.69,0,12
OI0014515,O007845,P00985,1,16311.89,10,0
OI0014516,O007845,P00610,1,5694.85,20,5
OI0014517,O007845,P00705,1,25002.41,20,5
OI0014518,O007846,P00320,3,2253.16,0,12
OI0014519,O007846,P00382,1,22266.35,0,12
OI0014520,O007847,P00953,1,485.68,25,18
OI0014521,O007848,P00042,1,29804.04,15,5
OI0014522,O007848,P00112,1,28138.75,25,0
OI0014523,O007848,P00401,1,19927.95,25,12
OI0014524,O007849,P00283,1,4774.38,0,18
OI0014525,O007849,P00582,1,14340.53,15,18
OI0014526,O007849,P00418,1,23697.3,10,5
OI0014527,O007850,P00946,1,23247.73,15,5
OI0014529,O007851,P00673,1,9220.96,0,18
OI0014530,O007851,P00663,2,25696.28,15,0
OI0014531,O007851,P00555,1,25894.84,0,18
OI0014533,O007852,P00586,2,11817.29,20,12
OI0014534,O007853,P00666,3,3346.49,25,12
OI0014535,O007853,P00891,1,1973.7,0,5
OI0014536,O007854,P00257,2,25403.08,0,0
OI0014539,O007856,P00977,1,1571.02,10,0
OI0014540,O007857,P00681,3,30535.47,0,5
OI0014541,O007857,P00991,4,6037.94,20,0
OI0014543,O007858,P00964,4,17998.36,0,18
OI0014544,O007859,P00184,3,13139.51,0,12
OI0014545,O007859,P00390,4,23702.3,10,5
OI0014546,O007860,P00174,1,20844.94,0,12
OI0014547,O007860,P00752,1,283.44,20,12
OI0014548,O007861,P00357,1,12071.42,10,18
OI0014549,O007861,P00043,2,8359.86,5,5
OI0014550,O007862,P00057,4,11603.88,0,12
OI0014551,O007862,P00798,1,10181.63,0,5
OI0014554,O007864,P00943,2,7078.33,0,12
OI0014555,O007864,P00601,1,19670.06,15,18
OI0014557,O007865,P00049,3,24098.63,20,18
OI0014558,O007866,P00406,1,27353.03,20,0
OI0014559,O007867,P00399,1,5219.18,10,18
OI0014561,O007867,P00924,1,10513.37,15,12
OI0014563,O007868,P00702,2,943.33,10,12
OI0014564,O007868,P00471,2,12815.41,20,5
OI0014565,O007869,P00729,1,23719.93,0,12
OI0014568,O007871,P00684,2,20264.64,15,0
OI0014569,O007871,P00600,1,13557.28,15,12
OI0014570,O007872,P00447,1,23124.5,0,18
OI0014571,O007872,P00981,4,21363.84,20,18
OI0014573,O007873,P00058,1,18247.6,5,18
OI0014574,O007873,P00183,1,24335.29,15,18
OI0014575,O007874,P00378,1,26912.87,10,18
OI0014576,O007875,P00934,1,25539.42,25,18
OI0014577,O007875,P00848,1,212.28,0,18
OI0014578,O007876,P00490,2,22876.37,15,0
OI0014579,O007876,P00151,2,18441.63,10,0
OI0014580,O007877,P00501,1,969.82,25,0
OI0014581,O007878,P00015,1,29452.75,5,12
OI0014582,O007879,P00401,3,21495.01,10,18
OI0014583,O007879,P00988,1,15980.11,25,18
OI0014584,O007879,P00909,1,11451.87,5,12
OI0014585,O007880,P00988,1,16599.39,5,0
OI0014586,O007881,P00795,1,24698.24,10,12
OI0014587,O007881,P00067,3,17349.44,0,5
OI0014588,O007881,P00423,2,4460.76,15,18
OI0014589,O007882,P00702,1,902.3,15,18
OI0014591,O007883,P00152,1,6044.19,5,12
OI0014592,O007884,P00256,1,25754.09,25,12
OI0014593,O007885,P00768,2,26864.51,5,12
OI0014594,O007886,P00632,1,24328.64,15,18
OI0014596,O007887,P00925,1,26848.11,10,5
OI0014598,O007888,P00700,2,29134.08,0,12
OI0014599,O007889,P00083,1,923.8,15,18
OI0014601,O007890,P00585,5,16858.32,25,18
OI0014602,O007891,P00899,2,22070.24,0,0
OI0014603,O007891,P00657,2,26212.79,15,18
OI0014604,O007892,P00537,1,15455.38,25,18
OI0014605,O007893,P00979,2,6763.2,0,12
OI0014606,O007894,P00781,2,10577.15,25,5
OI0014607,O007894,P00990,1,26673.65,5,5
OI0014608,O007895,P00623,2,4562.63,0,12
OI0014609,O007895,P00017,4,10675.38,0,0
OI0014610,O007896,P00312,1,25122.65,25,0
OI0014611,O007897,P00957,2,17421.92,15,5
OI0014612,O007897,P00895,2,19565.06,0,0
OI0014613,O007898,P00736,2,10334.9,5,0
OI0014614,O007899,P00348,1,7639.28,25,5
OI0014615,O007899,P00598,1,5865.54,0,0
OI0014616,O007900,P00991,2,5848.66,0,12
OI0014617,O007900,P00189,4,6168.12,10,5
OI0014618,O007900,P00082,3,25553.74,25,18
OI0014619,O007901,P00568,1,7893.38,15,0
OI0014620,O007902,P00010,1,12665.81,15,18
OI0014621,O007902,P00385,2,21507.08,0,5
OI0014622,O007902,P00978,2,26690.16,20,5
OI0014623,O007903,P00328,2,5791.3,10,12
OI0014624,O007904,P00949,2,29717.43,0,18
OI0014625,O007904,P00234,1,27986.97,0,18
OI0014626,O007904,P00206,2,14892.75,10,12
OI0014627,O007905,P00560,1,15278.24,25,5
OI0014628,O007905,P00842,4,23404.62,20,5
OI0014629,O007906,P00335,1,23362.57,20,5
OI0014630,O007906,P00688,2,27004.71,15,18
OI0014631,O007906,P00018,5,23987.76,15,0
OI0014632,O007907,P00430,1,12726.47,0,5
OI0014633,O007907,P00952,1,8582.56,0,0
OI0014634,O007908,P00324,4,220.05,10,0
OI0014635,O007908,P00497,2,9805.05,0,5
OI0014636,O007908,P00308,1,24878.82,25,12
OI0014637,O007909,P00627,2,22070.63,0,0
OI0014638,O007910,P00082,3,26657.08,0,5
OI0014639,O007911,P00002,2,4432.92,5,12
OI0014640,O007911,P00903,1,7663.64,15,0
OI0014641,O007911,P00579,1,16639.96,0,5
OI0014642,O007912,P00359,2,26098.53,20,5
OI0014643,O007913,P00349,1,11276.1,5,5
OI0014644,O007913,P00335,1,23929.59,0,0
OI0014645,O007914,P00485,3,16042.33,10,5
OI0014646,O007915,P00917,2,1217.19,10,18
OI0014648,O007915,P00951,2,26408.3,0,18
OI0014649,O007916,P00369,2,28880.1,0,12
OI0014650,O007917,P00546,1,1116.97,0,5
OI0014651,O007917,P00616,1,7105.83,10,0
OI0014652,O007917,P00961,3,12244.11,0,18
OI0014653,O007918,P00347,1,27992.6,15,18
OI0014654,O007918,P00923,1,4911.51,15,5
OI0014655,O007919,P00215,2,28878.48,5,18
OI0014656,O007920,P00079,2,17402.24,20,18
OI0014657,O007921,P00347,2,26278.67,0,0
OI0014658,O007921,P00923,1,5184.54,0,5
OI0014659,O007921,P00541,2,19078.23,0,18
OI0014660,O007922,P00667,1,20408.71,20,18
OI0014661,O007922,P00528,1,27296.48,5,0
OI0014662,O007922,P00864,1,13604.81,25,18
OI0014663,O007923,P00435,4,28485.7,10,5
OI0014665,O007923,P00593,2,3330.85,20,12
OI0014666,O007924,P00882,4,20835.84,10,0
OI0014667,O007924,P00912,3,11243.54,5,18
OI0014668,O007925,P00542,2,25016.72,0,0
OI0014669,O007925,P00294,1,24398.42,5,5
OI0014670,O007925,P00683,1,13922.31,10,0
OI0014671,O007926,P00797,3,5413.7,10,12
OI0014672,O007926,P00906,1,1755.79,0,18
OI0014673,O007927,P00359,5,27487.91,20,0
OI0014674,O007927,P00028,2,10827.58,25,0
OI0014675,O007928,P00171,2,6156.73,15,12
OI0014676,O007928,P00093,1,4466.32,0,5
OI0014677,O007928,P00750,1,11220.63,10,12
OI0014678,O007929,P00596,2,26977.35,0,0
OI0014679,O007930,P00809,2,7302.75,0,12
OI0014680,O007930,P00449,1,2397.7,20,0
OI0014681,O007931,P00060,2,21378.65,25,0
OI0014682,O007931,P00015,1,29354.6,5,5
OI0014683,O007932,P00534,1,3358.84,-5,5
OI0014685,O007933,P00690,1,20100.52,0,18
OI0014686,O007934,P00588,1,25963.93,0,5
OI0014688,O007934,P00987,2,23794.77,0,12
OI0014690,O007935,P00615,1,12019.05,15,12
OI0014691,O007935,P00010,1,13168.72,0,5
OI0014692,O007936,P00215,1,30237.27,25,12
OI0014693,O007937,P00274,1,1158.82,10,5
OI0014694,O007937,P00911,1,10484.71,0,18
OI0014695,O007938,P00897,1,6940.38,20,18
OI0014696,O007938,P00298,1,6116.96,0,0
OI0014697,O007938,P00155,2,11352.59,15,18
OI0014698,O007939,P00946,4,23455.08,20,5
OI0014699,O007939,P00471,2,12758.08,20,18
OI0014700,O007940,P00955,2,24324.95,25,0
OI0014701,O007940,P00572,1,7592.3,20,18
OI0014702,O007940,P00038,2,18007.94,0,0
OI0014703,O007941,P00320,1,2434.44,0,18
OI0014704,O007941,P00492,2,9107.02,15,18
OI0014705,O007941,P00909,1,11508.88,0,18
OI0014706,O007942,P00429,1,644.07,5,5
OI0014707,O007943,P00224,1,10679.95,25,5
OI0014708,O007944,P00825,1,25493.27,25,18
OI0014709,O007945,P00636,2,7621.65,0,18
OI0014710,O007945,P00938,2,10767.32,0,5
OI0014711,O007946,P00022,2,21290.02,25,12
OI0014712,O007947,P00966,1,27336.57,5,12
OI0014713,O007947,P00036,3,19501.8,5,12
OI0014714,O007948,P00074,1,25788.59,25,12
OI0014715,O007949,P00738,2,25924.73,10,12
OI0014716,O007949,P00899,3,21650.07,20,0
OI0014718,O007951,P00543,2,6381.06,5,18
OI0014719,O007951,P00713,2,3195.04,25,18
OI0014720,O007952,P00075,3,19626.23,10,18
OI0014721,O007953,P00215,1,29248.5,25,5
OI0014722,O007953,P00043,1,8808.25,25,5
OI0014723,O007954,P00104,4,12887.7,25,5
OI0014724,O007954,P00570,1,11411.93,15,18
OI0014725,O007954,P00050,2,29369.94,0,5
OI0014726,O007955,P00065,1,26627.34,5,0
OI0014727,O007956,P00419,1,25631.57,20,5
OI0014728,O007957,P00218,2,22224.22,25,0
OI0014729,O007958,P00247,1,17315.72,0,5
OI0014730,O007959,P00962,5,19011.45,15,0
OI0014731,O007959,P00008,1,25652.04,0,0
OI0014732,O007959,P00586,1,11406.02,25,12
OI0014733,O007960,P00714,1,27927.4,25,5
OI0014734,O007961,P00922,3,27071.79,0,0
OI0014735,O007961,P00809,2,7248.83,20,0
OI0014736,O007962,P00135,4,26744.73,0,0
OI0014737,O007962,P00128,2,5770.25,20,0
OI0014738,O007963,P00541,1,18900.71,25,18
OI0014739,O007964,P00338,1,9541.54,20,5
OI0014740,O007964,P00034,2,23424.66,10,12
OI0014741,O007965,P00836,1,14488.09,10,12
OI0014742,O007965,P00785,3,7141.21,10,0
OI0014743,O007966,P00705,1,25504.15,0,12
OI0014744,O007966,P00784,4,8102.92,25,5
OI0014745,O007967,P00964,1,19450.8,5,0
OI0014746,O007967,P00016,3,11427.14,5,18
OI0014747,O007967,P00582,1,14343.98,10,12
OI0014748,O007968,P00258,1,16806.6,15,12
OI0014749,O007968,P00839,1,17348.98,0,5
OI0014751,O007969,P00682,1,15160.55,0,12
OI0014752,O007970,P00923,2,4768.98,20,12
OI0014753,O007971,P00436,1,22709.33,15,12
OI0014754,O007972,P00761,2,9701.78,15,18
OI0014755,O007972,P00984,1,7486.26,15,5
OI0014757,O007973,P00683,3,14364.46,25,12
OI0014758,O007974,P00971,1,7006.57,0,18
OI0014759,O007974,P00599,3,28361.71,20,5
OI0014760,O007975,P00232,2,20496.1,15,0
OI0014761,O007976,P00455,3,1400.52,20,18
OI0014762,O007976,P00384,1,1973.33,0,12
OI0014763,O007976,P00598,2,5808.6,0,5
OI0014764,O007977,P00154,1,27658.58,25,18
OI0014765,O007978,P00387,1,339.91,20,18
OI0014766,O007979,P00146,1,9575.3,10,5
OI0014767,O007980,P00573,1,4521.65,0,5
OI0014768,O007980,P00920,1,8327.0,0,5
OI0014769,O007981,P00070,2,14860.74,20,0
OI0014770,O007981,P00100,1,18467.71,10,18
OI0014771,O007982,P00828,3,7815.99,25,0
OI0014772,O007982,P00663,1,27147.55,0,0
OI0014773,O007982,P00171,1,6285.12,10,12
OI0014774,O007983,P00588,2,26289.65,0,18
OI0014775,O007984,P00948,1,8590.35,0,18
OI0014776,O007984,P00870,1,8396.16,10,12
OI0014777,O007984,P00044,1,22426.21,20,12
OI0014778,O007985,P00584,1,20971.37,0,0
OI0014779,O007985,P00993,1,13824.93,10,18
OI0014780,O007986,P00213,1,13025.15,5,0
OI0014781,O007986,P00302,2,13186.54,15,0
OI0014782,O007987,P00390,3,23633.25,25,0
OI0014783,O007987,P00133,2,24714.48,20,12
OI0014784,O007988,P00493,3,2894.56,25,12
OI0014785,O007988,P00028,1,10035.66,20,12
OI0014786,O007989,P00675,2,9584.14,0,12
OI0014787,O007989,P00453,1,394.01,0,5
OI0014788,O007989,P00669,1,22594.73,5,5
OI0014790,O007991,P00681,5,28672.93,15,18
OI0014791,O007991,P00281,1,18831.13,20,18
OI0014792,O007991,P00781,1,10805.03,20,12
OI0014793,O007992,P00365,2,13503.1,15,5
OI0014794,O007992,P00481,1,15303.51,0,12
OI0014795,O007993,P00716,2,6346.13,0,0
OI0014796,O007993,P00166,3,26804.74,0,12
OI0014797,O007993,P00402,2,31071.45,10,5
OI0014798,O007994,P00396,1,4168.71,0,18
OI0014799,O007994,P00994,2,26941.87,20,18
OI0014800,O007994,P00880,2,15175.58,5,18
OI0014801,O007995,P00855,1,14909.97,0,18
OI0014802,O007996,P00535,2,14986.32,0,5
OI0014803,O007996,P00318,1,23573.67,5,18
OI0014804,O007997,P00598,1,5914.43,25,5
OI0014805,O007997,P00727,2,12134.49,25,18
OI0014806,O007998,P00777,3,22111.95,0,5
OI0014807,O007998,P00645,1,25713.1,5,12
OI0014808,O007999,P00155,1,11305.26,20,18
OI0014809,O007999,P00935,1,7405.69,5,18
OI0014810,O007999,P00026,1,14378.54,0,18
OI0014811,O008000,P00869,1,1370.16,5,0
OI0014812,O008000,P00143,1,3124.89,0,0
OI0014813,O008001,P00757,4,5250.9,0,0
OI0014814,O008002,P00593,2,3256.14,0,0
OI0014815,O008002,P00857,1,1224.46,10,0
OI0014816,O008002,P00618,2,14899.6,0,18
OI0014817,O008003,P00495,1,18191.0,5,12
OI0014818,O008004,P00667,2,20716.55,5,5
OI0014820,O008004,P00504,2,7261.11,0,5
OI0014822,O008005,P00657,2,27092.27,0,12
OI0014823,O008006,P00143,1,2963.36,25,5
OI0014824,O008006,P00029,1,16684.58,15,12
OI0014825,O008006,P00935,1,6790.8,5,5
OI0014826,O008007,P00846,1,19838.04,0,0
OI0014827,O008008,P00386,2,27485.67,5,0
OI0014828,O008009,P00964,1,18891.14,25,18
OI0014830,O008010,P00262,1,8598.1,15,5
OI0014831,O008010,P00066,1,5609.07,10,0
OI0014832,O008011,P00011,1,11963.98,25,12
OI0014833,O008011,P00112,1,27190.55,0,0
OI0014834,O008011,P00356,1,10090.84,10,12
OI0014835,O008012,P00345,3,5976.77,0,12
OI0014836,O008012,P00578,2,14224.4,0,12
OI0014837,O008012,P00335,4,22189.23,20,12
OI0014839,O008013,P00178,1,10359.64,0,0
OI0014840,O008013,P00969,2,16380.99,25,12
OI0014841,O008014,P00110,1,1109.22,10,0
OI0014842,O008015,P00024,1,13036.68,25,18
OI0014843,O008015,P00014,3,16908.1,10,0
OI0014844,O008016,P00249,1,20348.12,0,18
OI0014845,O008016,P00297,2,1210.97,20,12
OI0014846,O008017,P00089,3,29664.5,20,0
OI0014848,O008018,P00392,1,28692.0,10,12
OI0014849,O008018,P00577,1,25402.0,15,18
OI0014850,O008019,P00309,2,23046.49,5,12
OI0014851,O008019,P00373,3,21571.45,0,18
OI0014852,O008020,P00211,1,636.84,25,0
OI0014853,O008021,P00442,1,11704.77,0,0
OI0014854,O008021,P00025,1,3201.28,0,5
OI0014855,O008022,P00349,2,11207.15,10,12
OI0014856,O008022,P00539,1,13526.26,5,18
OI0014857,O008023,P00160,1,19527.77,0,0
OI0014858,O008024,P00460,2,30297.73,0,12
OI0014859,O008024,P00040,2,15230.35,0,0
OI0014861,O008025,P00373,1,20591.71,15,18
OI0014862,O008025,P00130,1,22918.92,5,18
OI0014863,O008026,P00209,1,19335.52,15,0
OI0014864,O008027,P00684,1,21330.89,0,5
OI0014865,O008028,P00298,1,6152.36,5,5
OI0014866,O008028,P00901,1,4071.63,0,0
OI0014867,O008029,P00042,2,29917.24,-5,0
OI0014868,O008029,P00059,1,15031.93,0,18
OI0014869,O008030,P00750,2,10894.52,5,0
OI0014870,O008030,P00146,1,8740.86,0,18
OI0014873,O008032,P00753,1,30111.32,0,12
OI0014874,O008032,P00986,5,17567.82,0,0
OI0014875,O008033,P00114,1,11524.57,0,0
OI0014876,O008034,P00045,1,24322.7,5,0
OI0014877,O008035,P00369,1,27124.29,0,0
OI0014878,O008036,P00829,1,11643.5,0,5
OI0014879,O008036,P00613,1,10355.51,25,0
OI0014880,O008037,P00629,2,15436.86,25,12
OI0014881,O008037,P00012,2,10979.24,0,5
OI0014882,O008037,P00150,1,18136.78,5,12
OI0014883,O008038,P00324,2,223.1,0,0
OI0014884,O008038,P00560,1,16823.26,0,12
OI0014885,O008039,P00613,2,11134.74,0,18
OI0014886,O008039,P00268,1,18704.28,5,12
OI0014887,O008040,P00864,1,13287.39,0,5
OI0014888,O008040,P00601,1,20063.99,10,0
OI0014889,O008041,P00269,5,18446.25,20,18
OI0014890,O008041,P00318,2,23448.43,0,5
OI0014891,O008041,P00462,1,17519.45,0,0
OI0014892,O008042,P00908,3,8821.34,0,0
OI0014893,O008043,P00772,2,9129.16,0,12
OI0014894,O008044,P00181,2,28600.48,20,18
OI0014895,O008045,P00284,1,13636.94,20,12
OI0014896,O008045,P00188,3,16670.83,15,18
OI0014897,O008046,P00028,3,10585.91,0,0
OI0014898,O008047,P00788,1,10327.4,0,5
OI0014899,O008048,P00932,1,9957.82,15,12
OI0014901,O008049,P00725,1,26930.22,10,12
OI0014902,O008049,P00757,1,5061.0,15,5
OI0014903,O008050,P00339,1,23943.04,0,0
OI0014904,O008051,P00272,3,25481.39,-5,18
OI0014905,O008052,P00840,5,15207.48,0,0
OI0014906,O008053,P00955,1,25182.04,0,0
OI0014907,O008053,P00478,2,24026.7,10,18
OI0014908,O008053,P00921,1,15168.51,10,5
OI0014909,O008054,P00115,1,26738.01,0,12
OI0014910,O008055,P00344,2,19283.19,0,0
OI0014911,O008056,P00299,1,25712.94,25,5
OI0014912,O008056,P00283,1,4625.35,20,0
OI0014913,O008057,P00664,3,401.73,0,0
OI0014914,O008057,P00916,1,2643.02,25,12
OI0014915,O008058,P00379,2,20786.45,25,18
OI0014916,O008059,P00454,4,14076.76,0,5
OI0014918,O008060,P00890,2,21229.57,10,0
OI0014919,O008061,P00982,1,8829.06,0,0
OI0014920,O008061,P00062,1,26398.91,0,18
OI0014921,O008062,P00705,2,26159.19,0,18
OI0014922,O008062,P00440,1,13546.88,0,0
OI0014923,O008063,P00623,1,4772.61,0,5
OI0014924,O008064,P00423,1,4555.88,15,5
OI0014925,O008065,P00578,3,13918.58,20,18
OI0014926,O008065,P00447,2,21903.07,0,0
OI0014927,O008066,P00586,2,11420.26,0,18
OI0014928,O008066,P00027,1,14634.45,0,12
OI0014929,O008067,P00351,1,1152.48,15,0
OI0014930,O008067,P00003,2,9922.79,0,0
OI0014931,O008068,P00286,1,545.21,15,12
OI0014932,O008068,P00190,1,9603.27,0,18
OI0014933,O008069,P00708,4,3452.64,20,5
OI0014935,O008070,P00378,2,28496.06,0,12
OI0014936,O008070,P00581,4,26100.89,25,5
OI0014937,O008071,P00971,1,6835.94,0,0
OI0014938,O008071,P00766,1,13403.43,20,12
OI0014939,O008071,P00451,1,29710.43,0,0
OI0014940,O008072,P00759,2,18630.17,0,12
OI0014941,O008072,P00524,2,13080.37,15,12
OI0014942,O008073,P00118,1,21784.27,5,5
OI0014943,O008073,P00341,3,22781.82,25,0
OI0014944,O008074,P00893,1,5783.02,0,5
OI0014945,O008074,P00583,2,20329.75,25,18
OI0014946,O008075,P00736,1,10155.69,0,18
OI0014947,O008076,P00635,1,11733.13,25,5
OI0014948,O008076,P00015,1,29395.75,0,0
OI0014950,O008077,P00730,2,24109.32,5,5
OI0014951,O008078,P00803,3,19947.01,0,0
OI0014952,O008078,P00993,1,14081.69,25,5
OI0014953,O008079,P00434,1,8049.31,5,18
OI0014954,O008080,P00984,1,7697.81,5,12
OI0014955,O008080,P00944,1,8928.13,20,0
OI0014956,O008081,P00185,2,28228.91,25,0
OI0014957,O008081,P00362,1,20573.21,0,0
OI0014958,O008082,P00981,1,22623.72,10,18
OI0014959,O008083,P00828,1,7604.92,20,12
OI0014960,O008083,P00024,1,12459.42,0,18
OI0014961,O008084,P00893,3,5973.85,10,0
OI0014962,O008084,P00468,2,25015.83,25,12
OI0014963,O008084,P00424,1,19934.24,15,5
OI0014964,O008085,P00773,1,12496.67,20,12
OI0014965,O008086,P00387,5,316.01,0,18
OI0014966,O008087,P00057,2,11397.99,0,5
OI0014967,O008087,P00431,4,25266.93,0,5
OI0014968,O008088,P00480,1,18148.73,5,12
OI0014969,O008088,P00088,1,12499.58,-5,18
OI0014970,O008088,P00382,2,22447.69,25,0
OI0014971,O008089,P00168,1,15454.83,5,12
OI0014972,O008089,P00035,3,18616.4,5,12
OI0014973,O008090,P00427,1,21535.85,15,18
OI0014974,O008091,P00400,2,10428.89,20,12
OI0014975,O008091,P00111,1,12089.39,0,12
OI0014976,O008092,P00884,2,10629.5,10,5
OI0014977,O008092,P00237,2,24648.52,0,18
OI0014978,O008092,P00949,1,29063.94,25,5
OI0014979,O008093,P00746,4,3913.66,0,12
OI0014980,O008093,P00468,1,23930.78,25,0
OI0014981,O008093,P00147,1,29694.68,10,18
OI0014982,O008094,P00755,1,16186.85,0,12
OI0014983,O008095,P00818,1,23789.57,25,12
OI0014984,O008096,P00686,1,24921.35,25,18
OI0014985,O008096,P00839,1,18338.56,10,12
OI0014986,O008096,P00799,2,25344.27,0,0
OI0014987,O008097,P00462,2,17434.8,5,12
OI0014988,O008098,P00938,1,10483.16,0,0
OI0014989,O008098,P00588,3,26042.66,0,5
OI0014990,O008099,P00964,1,18618.17,0,5
OI0014991,O008099,P00899,1,23252.37,0,5
OI0014992,O008099,P00417,1,12251.55,10,18
OI0014993,O008100,P00505,1,18767.56,0,18
OI0014994,O008101,P00440,5,13849.5,0,0
OI0014995,O008101,P00816,2,828.5,20,18
OI0014996,O008102,P00691,1,13752.36,15,18
OI0014998,O008103,P00640,3,23753.48,0,5
OI0014999,O008103,P00955,1,25012.92,20,5
OI0015000,O008104,P00894,1,8160.26,25,0
OI0015001,O008104,P00357,1,12221.03,0,18
OI0015002,O008105,P00433,1,678.85,5,0
OI0015003,O008106,P00463,2,24160.5,0,5
OI0015004,O008106,P00007,2,25686.93,10,18
OI0015005,O008106,P00183,3,25412.64,0,0
OI0015006,O008107,P00792,2,6254.2,5,12
OI0015007,O008108,P00134,2,24307.0,10,12
OI0015008,O008109,P00854,1,13281.95,0,12
OI0015009,O008109,P00577,1,26692.4,15,5
OI0015010,O008109,P00206,2,15034.58,20,5
OI0015011,O008110,P00543,1,6179.67,0,5
OI0015012,O008110,P00605,1,6251.62,10,18
OI0015013,O008111,P00781,1,11205.99,25,5
OI0015014,O008111,P00345,2,6341.88,15,5
OI0015015,O008111,P00343,1,10698.74,0,0
OI0015016,O008112,P00286,2,570.67,25,18
OI0015017,O008112,P00753,1,28966.51,0,12
OI0015018,O008113,P00463,3,24604.92,10,0
OI0015019,O008114,P00516,1,14711.85,0,5
OI0015020,O008114,P00132,1,4780.74,20,0
OI0015021,O008115,P00239,4,28919.25,10,12
OI0015022,O008116,P00554,2,4957.84,20,0
OI0015023,O008116,P00726,1,14015.91,10,12
OI0015025,O008117,P00700,1,30493.92,-5,0
OI0015026,O008117,P00439,2,26290.98,0,12
OI0015027,O008118,P00137,1,28318.67,15,5
OI0015028,O008118,P00768,2,26347.87,0,5
OI0015029,O008119,P00766,2,14053.59,10,0
OI0015030,O008119,P00718,1,6983.43,20,18
OI0015031,O008120,P00561,1,28764.72,0,18
OI0015032,O008121,P00533,2,2170.06,0,12
OI0015033,O008122,P00596,1,25427.62,0,18
OI0015034,O008122,P00064,1,9191.01,10,18
OI0015036,O008123,P00068,1,8996.93,20,18
OI0015037,O008124,P00127,1,15069.03,20,5
OI0015038,O008124,P00393,1,14132.83,25,0
OI0015039,O008125,P00563,2,24543.23,0,18
OI0015040,O008125,P00555,1,26206.35,20,12
OI0015041,O008126,P00256,1,26125.96,0,12
OI0015042,O008126,P00937,2,3262.97,5,18
OI0015043,O008127,P00364,1,20261.18,20,0
OI0015044,O008127,P00390,1,25408.21,20,12
OI0015045,O008128,P00894,3,8064.98,15,0
OI0015046,O008128,P00083,2,974.01,0,5
OI0015047,O008129,P00090,4,17746.14,0,5
OI0015048,O008129,P00135,1,27177.38,-5,0
OI0015050,O008130,P00216,1,29018.76,20,0
OI0015051,O008131,P00781,1,10310.13,10,5
OI0015052,O008132,P00043,1,8857.68,25,0
OI0015053,O008132,P00892,2,17746.18,10,5
OI0015054,O008133,P00094,5,9974.36,0,18
OI0015055,O008134,P00075,2,18705.63,5,12
OI0015056,O008135,P00049,1,25006.98,0,12
OI0015057,O008136,P00696,1,23080.02,5,12
OI0015058,O008137,P00253,2,28241.47,0,12
OI0015059,O008138,P00435,1,27430.66,15,5
OI0015060,O008138,P00001,1,9695.5,0,12
OI0015061,O008139,P00368,4,15185.75,10,0
OI0015062,O008140,P00857,1,1226.6,20,5
OI0015063,O008140,P00179,5,2882.07,5,12
OI0015064,O008141,P00407,1,11953.85,25,18
OI0015065,O008141,P00524,2,12765.68,0,0
OI0015066,O008142,P00657,1,27156.75,0,18
OI0015067,O008142,P00900,2,24135.37,15,5
OI0015068,O008142,P00504,1,7221.03,25,12
OI0015069,O008143,P00916,1,2434.58,0,5
OI0015072,O008144,P00286,1,589.41,0,18
OI0015073,O008145,P00039,1,4005.5,5,5
OI0015074,O008146,P00999,1,9569.91,5,0
OI0015075,O008146,P00831,1,7522.06,20,12
OI0015076,O008146,P00022,1,21537.49,25,12
OI0015077,O008147,P00897,2,6677.67,10,12
OI0015078,O008147,P00992,1,7349.76,20,5
OI0015080,O008148,P00666,1,3408.75,15,12
OI0015081,O008148,P00110,4,1066.39,10,12
OI0015082,O008149,P00271,1,24406.99,5,5
OI0015083,O008150,P00060,1,21060.94,0,0
OI0015085,O008151,P00393,1,14325.65,20,5
OI0015086,O008152,P01000,4,24637.09,5,5
OI0015087,O008152,P00107,4,3710.81,0,0
OI0015089,O008153,P00072,2,6620.71,20,18
OI0015090,O008153,P00374,1,17421.11,10,0
OI0015091,O008154,P00344,2,19656.85,0,12
OI0015092,O008154,P00874,2,7514.89,15,12
OI0015093,O008155,P00802,1,6997.68,10,12
OI0015094,O008155,P00360,1,3180.39,20,5
OI0015095,O008156,P00497,1,9245.24,20,18
OI0015096,O008156,P00938,4,10146.62,10,0
OI0015098,O008157,P00817,1,11238.37,20,5
OI0015099,O008158,P00736,3,10566.5,15,12
OI0015100,O008158,P00379,2,19334.55,25,0
OI0015101,O008158,P00904,1,25296.17,5,5
OI0015102,O008159,P00862,2,26200.36,20,18
OI0015103,O008160,P00462,1,16975.37,10,0
OI0015104,O008161,P00880,1,16186.03,15,0
OI0015105,O008162,P00029,2,16479.28,5,5
OI0015106,O008162,P00785,1,7620.65,0,18
OI0015108,O008163,P00506,1,11637.62,-5,0
OI0015109,O008163,P00521,1,24817.34,20,12
OI0015110,O008163,P00952,3,9394.05,15,12
OI0015111,O008164,P00742,3,14187.38,10,0
OI0015112,O008165,P00303,1,13613.48,5,18
OI0015113,O008166,P00818,1,24528.71,5,0
OI0015114,O008166,P00525,1,1378.57,0,12
OI0015116,O008167,P00899,3,21757.48,0,0
OI0015117,O008167,P00863,1,22689.56,5,5
OI0015118,O008167,P00510,2,4357.3,0,5
OI0015119,O008168,P00769,1,15387.34,0,0
OI0015120,O008169,P00946,2,22698.38,10,0
OI0015121,O008169,P00521,1,24853.9,15,18
OI0015122,O008170,P00458,1,341.22,5,0
OI0015123,O008170,P00863,1,23048.28,0,0
OI0015124,O008171,P00343,1,11486.39,0,18
OI0015125,O008171,P00520,1,29110.71,0,0
OI0015127,O008172,P00737,1,23751.61,10,0
OI0015128,O008172,P00424,1,19741.3,25,0
OI0015129,O008173,P00048,3,4269.94,25,18
OI0015130,O008173,P00429,1,628.99,10,18
OI0015131,O008174,P00788,1,9726.82,0,0
OI0015132,O008174,P00904,1,24672.99,0,18
OI0015133,O008174,P00585,1,16163.15,0,5
OI0015134,O008175,P00840,1,16262.85,15,18
OI0015135,O008175,P00437,3,25231.42,10,12
OI0015136,O008175,P00797,1,5517.61,10,0
OI0015137,O008176,P00858,3,28091.72,10,0
OI0015138,O008176,P00393,1,15037.96,-5,5
OI0015139,O008176,P00799,1,27521.14,0,5
OI0015140,O008177,P00239,1,29507.83,10,0
OI0015142,O008177,P00241,2,4274.04,10,18
OI0015143,O008178,P00556,1,15664.44,20,0
OI0015144,O008178,P00655,2,23302.87,-5,12
OI0015145,O008179,P00404,1,9916.09,0,0
OI0015146,O008179,P00197,1,28050.11,20,12
OI0015147,O008180,P00394,1,5673.24,0,12
OI0015149,O008181,P00802,1,7259.75,10,5
OI0015151,O008182,P00929,1,1978.31,10,12
OI0015154,O008184,P00245,1,16329.55,0,5
OI0015155,O008185,P00699,3,23775.58,0,18
OI0015156,O008186,P00960,1,23719.22,5,0
OI0015158,O008187,P00008,3,27726.51,0,12
OI0015160,O008188,P00154,2,26862.98,0,5
OI0015161,O008188,P00878,1,13361.46,10,18
OI0015162,O008188,P00366,3,11626.23,0,5
OI0015163,O008189,P00641,2,1194.2,20,0
OI0015164,O008190,P00436,1,22259.81,0,12
OI0015165,O008190,P00494,1,10177.43,0,12
OI0015166,O008191,P00206,1,15155.11,10,18
OI0015167,O008191,P00204,2,16269.81,25,12
OI0015168,O008192,P00981,2,22202.73,5,12
OI0015169,O008192,P00952,1,8564.89,5,0
OI0015170,O008192,P00814,1,1368.92,0,0
OI0015171,O008193,P00305,2,3050.51,5,12
OI0015172,O008194,P00689,1,28701.8,0,18
OI0015173,O008194,P00298,1,5837.37,0,12
OI0015174,O008195,P00570,2,11962.61,0,12
OI0015175,O008195,P00016,2,11466.67,5,18
OI0015176,O008196,P00185,1,27824.14,10,5
OI0015177,O008196,P00131,1,10513.83,15,0
OI0015178,O008197,P00382,1,21705.29,15,12
OI0015179,O008198,P00446,2,15937.15,0,0
OI0015180,O008198,P00159,1,13305.26,5,18
OI0015181,O008199,P00497,1,9771.37,10,5
OI0015182,O008200,P00814,3,1313.96,20,12
OI0015183,O008200,P00450,2,30183.23,0,0
OI0015185,O008201,P00484,1,6802.46,25,0
OI0015186,O008202,P00211,3,641.48,0,0
OI0015187,O008202,P00341,2,23034.04,5,12
OI0015188,O008203,P00349,2,11077.02,25,18
OI0015189,O008203,P00573,1,4372.79,0,18
OI0015190,O008204,P00700,1,30663.97,0,5
OI0015191,O008204,P00245,1,15607.42,20,0
OI0015192,O008205,P00360,1,3371.81,0,5
OI0015193,O008206,P00108,1,30713.36,0,18
OI0015194,O008207,P00859,2,29285.48,0,12
OI0015195,O008208,P00416,1,7550.79,0,18
OI0015196,O008208,P00192,1,14364.03,0,0
OI0015197,O008208,P00810,1,24991.86,25,12
OI0015198,O008209,P00265,3,1554.64,20,18
OI0015199,O008209,P00263,3,22951.91,5,18
OI0015200,O008209,P00454,1,13599.37,0,18
OI0015201,O008210,P00656,1,26154.79,0,12
OI0015202,O008211,P00284,2,14083.94,20,12
OI0015204,O008212,P00898,2,3995.39,5,12
OI0015205,O008212,P00178,4,10044.3,0,5
OI0015206,O008212,P00134,1,24148.56,-5,0
OI0015207,O008213,P00317,2,28414.03,5,18
OI0015208,O008214,P00515,3,22469.36,25,0
OI0015209,O008215,P00120,4,16479.08,5,12
OI0015210,O008216,P00236,1,10927.07,25,18
OI0015211,O008217,P00551,1,15067.18,0,5
OI0015212,O008218,P00588,3,25475.22,25,0
OI0015213,O008218,P00002,2,4141.58,5,0
OI0015214,O008219,P00549,1,14654.3,0,18
OI0015215,O008219,P00992,1,7796.15,25,0
OI0015216,O008220,P00104,1,12920.3,0,18
OI0015217,O008220,P00942,1,8130.04,10,12
OI0015218,O008221,P00668,1,5063.21,0,12
OI0015219,O008221,P00148,1,9296.73,5,5
OI0015220,O008222,P00491,2,24476.43,20,5
OI0015221,O008223,P00569,1,27423.24,0,0
OI0015222,O008223,P00435,1,27423.85,25,0
OI0015224,O008224,P00045,1,24864.21,0,5
OI0015225,O008224,P00152,1,5779.26,25,0
OI0015226,O008224,P00118,1,23191.55,10,5
OI0015227,O008225,P00299,3,24934.0,25,18
OI0015228,O008225,P00477,2,21846.67,0,18
OI0015229,O008226,P00865,1,23294.65,25,5
OI0015231,O008226,P00599,2,27023.13,10,0
OI0015232,O008227,P00001,3,9827.79,0,0
OI0015233,O008227,P00921,1,15559.42,25,5
OI0015234,O008228,P00099,1,25914.55,0,12
OI0015235,O008228,P00177,1,11293.01,0,18
OI0015236,O008228,P00027,1,15347.96,20,0
OI0015237,O008229,P00029,1,15514.94,15,12
OI0015238,O008229,P00327,1,16362.46,25,5
OI0015239,O008230,P00330,1,23310.87,0,0
OI0015240,O008231,P00896,3,17865.35,0,5
OI0015241,O008232,P00946,2,22724.64,0,0
OI0015242,O008232,P00712,1,28169.79,15,12
OI0015243,O008233,P00876,1,8911.25,5,12
OI0015244,O008234,P00734,1,20073.82,15,18
OI0015245,O008234,P00730,1,22343.31,0,18
OI0015246,O008235,P00384,2,1896.12,0,12
OI0015247,O008235,P00398,1,1637.65,0,18
OI0015248,O008236,P00908,1,9189.73,0,18
OI0015249,O008236,P00070,3,15344.54,0,5
OI0015250,O008236,P00350,1,23286.49,20,18
OI0015251,O008237,P00436,2,22504.22,15,18
OI0015253,O008238,P00289,2,8405.32,5,5
OI0015254,O008239,P00359,5,27392.23,15,5
OI0015256,O008240,P00504,1,7120.87,20,5
OI0015257,O008240,P00518,1,23052.1,5,5
OI0015258,O008241,P00365,2,14040.16,20,0
OI0015259,O008241,P00966,1,26489.84,20,0
OI0015260,O008242,P00589,2,10992.56,25,12
OI0015261,O008243,P00061,1,19620.7,0,18
OI0015263,O008244,P00072,1,6441.52,10,12
OI0015264,O008245,P00598,1,5548.19,0,0
OI0015265,O008245,P00919,1,19367.73,0,18
OI0015267,O008246,P00505,3,19307.68,0,5
OI0015268,O008247,P00032,1,19967.55,0,12
OI0015269,O008247,P00348,4,7261.1,25,18
OI0015270,O008247,P00089,2,27601.29,0,5
OI0015271,O008248,P00371,1,18312.39,0,12
OI0015272,O008248,P00783,1,18603.61,10,12
OI0015273,O008248,P00601,1,19398.73,25,0
OI0015274,O008249,P00045,1,25945.86,5,0
OI0015275,O008249,P00614,1,11681.25,0,18
OI0015276,O008249,P00693,2,2429.43,20,0
OI0015277,O008250,P00513,1,27722.18,25,5
OI0015278,O008250,P00686,1,25672.79,5,0
OI0015279,O008251,P00452,1,19577.66,25,0
OI0015280,O008252,P00433,1,661.58,15,12
OI0015281,O008252,P00764,2,19655.46,5,12
OI0015282,O008252,P00457,2,661.77,0,18
OI0015284,O008253,P00542,1,24988.26,0,5
OI0015285,O008254,P00960,1,22179.03,25,18
OI0015286,O008254,P00510,3,4429.42,0,12
OI0015287,O008255,P00964,1,18094.56,0,0
OI0015288,O008255,P00706,1,15936.84,0,5
OI0015289,O008256,P00079,1,17769.29,25,12
OI0015290,O008256,P00720,1,9292.82,5,5
OI0015291,O008257,P00825,1,24504.19,0,5
OI0015292,O008257,P00257,2,24676.7,25,0
OI0015293,O008258,P00400,2,10065.57,-5,0
OI0015294,O008258,P00558,1,12615.32,0,5
OI0015295,O008258,P00172,1,24324.56,5,0
OI0015296,O008259,P00813,3,9897.36,10,12
OI0015297,O008259,P00089,1,28378.59,25,12
OI0015298,O008260,P00444,1,7235.58,0,5
OI0015299,O008260,P00283,1,4636.58,5,5
OI0015300,O008261,P00574,2,13588.61,0,0
OI0015301,O008261,P00426,1,16707.24,20,5
OI0015302,O008262,P00062,4,25900.41,15,18
OI0015303,O008262,P00595,1,22637.4,0,18
OI0015304,O008263,P00694,1,21798.15,25,12
OI0015305,O008264,P00098,1,18209.47,20,5
OI0015307,O008264,P00466,3,845.18,0,12
OI0015308,O008265,P00715,2,25164.67,10,18
OI0015309,O008265,P00396,1,4195.28,15,5
OI0015310,O008266,P00551,1,15941.33,0,12
OI0015311,O008266,P00673,1,9538.8,0,18
OI0015312,O008267,P00626,2,2215.54,0,0
OI0015313,O008268,P00717,1,25227.05,25,0
OI0015315,O008268,P00617,2,11070.78,0,5
OI0015316,O008269,P00833,2,26439.12,15,0
OI0015317,O008270,P00836,1,13817.26,25,0
OI0015319,O008271,P00272,1,24909.6,20,18
OI0015320,O008271,P00918,1,26972.26,5,12
OI0015321,O008272,P00775,1,18431.57,0,18
OI0015322,O008273,P00695,1,10208.57,0,5
OI0015323,O008273,P00983,1,2731.15,25,12
OI0015324,O008274,P00970,1,18405.84,15,18
OI0015325,O008274,P00482,2,28812.16,0,0
OI0015326,O008275,P00969,1,16613.04,25,0
OI0015327,O008275,P00839,3,17231.95,25,5
OI0015328,O008276,P00457,2,669.72,0,0
OI0015330,O008276,P00627,1,23420.6,-5,5
OI0015331,O008277,P00372,1,19408.19,10,18
OI0015332,O008277,P00082,2,25556.39,0,0
OI0015333,O008278,P00914,1,25384.38,20,12
OI0015334,O008278,P00168,1,15543.38,0,12
OI0015335,O008278,P00940,1,28714.98,5,18
OI0015336,O008279,P00560,1,15532.35,20,18
OI0015337,O008280,P00269,1,18915.38,0,18
OI0015338,O008280,P00742,1,14653.89,0,12
OI0015340,O008282,P00533,1,2239.54,20,0
OI0015341,O008282,P00630,2,16566.42,0,18
OI0015342,O008282,P00082,1,24973.48,0,12
OI0015343,O008283,P00300,1,6379.79,0,0
OI0015345,O008284,P00987,1,24441.16,15,12
OI0015346,O008284,P00514,1,12011.77,0,12
OI0015347,O008285,P00818,2,24099.05,5,0
OI0015348,O008285,P00225,2,9025.18,0,12
OI0015349,O008286,P00409,2,12690.03,0,12
OI0015351,O008288,P00328,1,5424.94,0,12
OI0015352,O008288,P00607,1,22565.33,0,0
OI0015353,O008288,P00855,1,15498.34,0,0
OI0015354,O008289,P00013,1,4783.74,0,0
OI0015355,O008289,P00710,2,18466.36,15,5
OI0015356,O008290,P00040,1,14407.44,15,18
OI0015357,O008290,P00028,2,10516.7,5,12
OI0015358,O008290,P00149,1,29458.24,5,5
OI0015360,O008291,P00022,3,22492.41,5,5
OI0015362,O008292,P00051,1,14893.39,0,0
OI0015363,O008293,P00405,2,1982.49,15,12
OI0015364,O008294,P00434,1,8062.68,10,12
OI0015365,O008295,P00125,4,18851.54,-5,18
OI0015366,O008296,P00354,4,18444.93,0,0
OI0015367,O008296,P00447,1,23362.99,0,18
OI0015368,O008296,P00221,1,5102.9,15,18
OI0015370,O008297,P00492,1,9047.46,20,18
OI0015371,O008298,P00952,2,8903.8,10,5
OI0015372,O008299,P00492,2,9307.4,10,12
OI0015373,O008299,P00248,3,18807.61,10,12
OI0015374,O008299,P00537,1,16727.11,15,18
OI0015376,O008300,P00020,4,23445.35,10,5
OI0015377,O008301,P00941,1,20240.13,0,18
OI0015378,O008301,P00243,1,14795.88,0,5
OI0015379,O008302,P00197,4,29104.79,0,0
OI0015381,O008302,P00570,2,11235.34,-5,12
OI0015382,O008303,P00225,1,8996.08,0,12
OI0015383,O008304,P00185,2,28762.01,15,12
OI0015384,O008304,P00146,1,8937.14,25,0
OI0015385,O008305,P00336,1,16356.84,10,12
OI0015387,O008306,P00869,1,1316.09,10,18
OI0015388,O008307,P00097,1,1379.29,0,18
OI0015389,O008307,P00284,1,13744.78,15,0
OI0015390,O008308,P00467,1,22069.06,-5,12
OI0015391,O008308,P00288,1,17130.56,25,5
OI0015392,O008309,P00972,1,20896.24,10,18
OI0015393,O008310,P00565,3,1036.98,5,18
OI0015394,O008310,P00520,1,27187.63,25,12
OI0015395,O008311,P00910,1,20938.58,0,18
OI0015396,O008311,P00924,1,10062.03,15,12
OI0015397,O008312,P00981,1,22141.23,20,18
OI0015398,O008312,P00297,2,1226.11,25,5
OI0015400,O008313,P00266,1,4999.31,25,18
OI0015401,O008314,P00293,5,7814.74,0,5
OI0015402,O008314,P00410,3,1789.84,25,0
OI0015403,O008315,P00993,2,14622.71,5,5
OI0015404,O008315,P00608,2,19153.47,0,18
OI0015405,O008316,P00305,2,3029.08,0,0
OI0015406,O008316,P00653,1,3758.08,10,0
OI0015407,O008317,P00513,1,28902.0,25,12
OI0015408,O008317,P00092,1,21100.22,0,18
OI0015409,O008318,P00306,5,17959.49,0,0
OI0015410,O008319,P00764,1,20671.56,0,12
OI0015411,O008319,P00699,1,23578.06,15,18
OI0015412,O008319,P00462,1,16387.53,25,5
OI0015413,O008320,P00898,2,3906.43,15,12
OI0015414,O008320,P00467,1,21435.95,0,12
OI0015415,O008320,P00994,2,26228.88,20,0
OI0015416,O008321,P00676,4,20841.94,25,18
OI0015417,O008321,P00481,1,15413.07,15,12
OI0015418,O008321,P00238,2,13195.75,15,0
OI0015419,O008322,P00864,1,12581.91,0,12
OI0015420,O008323,P00897,1,6602.4,15,5
OI0015421,O008324,P00187,1,9988.22,10,12
OI0015422,O008325,P00980,1,11062.5,10,18
OI0015424,O008326,P00861,1,1625.82,20,12
OI0015425,O008326,P00477,1,22166.86,25,0
OI0015426,O008327,P00693,1,2366.42,10,12
OI0015427,O008328,P00324,3,212.58,0,18
OI0015428,O008328,P00380,2,26952.1,0,12
OI0015429,O008329,P00650,1,31128.39,20,0
OI0015430,O008330,P00986,2,17754.42,0,18
OI0015431,O008330,P00771,1,19043.45,25,0
OI0015432,O008331,P00688,1,28182.12,15,12
OI0015433,O008332,P00793,2,16246.92,25,18
OI0015435,O008333,P00649,1,9959.48,10,5
OI0015436,O008334,P00883,1,13805.94,0,18
OI0015437,O008334,P00577,1,27156.48,15,5
OI0015438,O008335,P00358,2,4434.82,5,5
OI0015439,O008335,P00655,3,23309.03,25,5
OI0015440,O008336,P00743,1,18627.49,0,18
OI0015441,O008336,P00712,1,28869.2,5,18
OI0015442,O008337,P00422,1,22488.92,5,0
OI0015443,O008337,P00931,3,3933.15,20,12
OI0015444,O008337,P00920,3,8346.54,5,0
OI0015446,O008339,P00026,1,14828.92,0,18
OI0015447,O008339,P00946,2,23105.74,0,18
OI0015448,O008339,P00421,1,19686.76,15,12
OI0015449,O008340,P00613,1,10515.27,5,5
OI0015450,O008341,P00576,1,14793.16,10,0
OI0015451,O008341,P00685,2,263.49,10,18
OI0015452,O008342,P00298,1,6354.8,10,0
OI0015453,O008342,P00981,1,21387.65,5,18
OI0015454,O008342,P00410,1,1808.23,0,12
OI0015455,O008343,P00146,2,8722.27,10,5
OI0015456,O008343,P00026,1,15302.76,0,0
OI0015457,O008344,P00689,2,27870.24,10,0
OI0015458,O008345,P00021,2,12249.75,5,5
OI0015459,O008345,P00482,1,29756.65,15,12
OI0015460,O008345,P00442,1,11515.53,15,12
OI0015461,O008346,P00399,2,5301.68,0,18
OI0015462,O008346,P00983,3,2881.19,-5,18
OI0015463,O008346,P00885,1,1663.03,0,0
OI0015465,O008348,P00311,2,27936.3,5,12
OI0015466,O008349,P00055,3,25731.39,0,5
OI0015467,O008349,P00368,2,15382.02,0,5
OI0015468,O008350,P00298,2,6181.93,0,5
OI0015469,O008350,P00629,2,15209.51,0,5
OI0015470,O008351,P00914,2,25211.18,10,5
OI0015471,O008351,P00375,1,13155.9,20,5
OI0015472,O008352,P00253,1,29268.76,20,5
OI0015473,O008352,P00593,1,3447.1,0,12
OI0015474,O008353,P00516,1,15506.61,5,12
OI0015475,O008353,P00753,3,29283.78,-5,5
OI0015476,O008353,P00775,1,18053.5,5,0
OI0015478,O008354,P00517,1,27973.97,25,12
OI0015479,O008354,P00429,1,651.93,5,18
OI0015480,O008355,P00384,2,1931.13,5,0
OI0015481,O008356,P00687,4,22367.47,15,12
OI0015482,O008357,P00974,1,8756.47,-5,18
OI0015483,O008357,P00222,4,1863.91,25,18
OI0015484,O008358,P00861,1,1777.38,20,18
OI0015485,O008358,P00182,1,1298.93,0,18
OI0015487,O008359,P00110,2,1093.88,0,12
OI0015488,O008359,P00536,1,27515.94,15,12
OI0015489,O008359,P00729,1,23143.24,15,5
OI0015490,O008360,P00856,1,12307.51,0,18
OI0015491,O008361,P00960,1,22950.48,0,5
OI0015492,O008361,P00620,1,12342.79,-5,0
OI0015493,O008362,P00435,4,27732.23,0,12
OI0015494,O008363,P00290,1,31252.33,25,18
OI0015495,O008364,P00964,3,18521.45,25,18
OI0015496,O008364,P00228,2,11361.36,10,18
OI0015497,O008365,P00397,1,11433.71,0,5
OI0015498,O008366,P00241,5,4560.8,10,12
OI0015499,O008366,P00718,5,6664.83,15,5
OI0015500,O008367,P00689,2,28685.56,0,12
OI0015501,O008367,P00197,1,28752.32,0,5
OI0015502,O008368,P00595,1,23937.28,0,0
OI0015503,O008369,P00127,1,15749.63,0,5
OI0015504,O008370,P00374,1,17291.13,0,18
OI0015506,O008371,P00692,3,15072.12,20,18
OI0015507,O008371,P00156,1,27949.82,-5,0
OI0015509,O008372,P00416,3,7506.91,-5,12
OI0015510,O008372,P00968,3,5748.83,20,12
OI0015511,O008373,P00816,1,855.74,0,0
OI0015512,O008374,P00775,4,18183.05,5,18
OI0015514,O008375,P00979,2,6832.99,0,0
OI0015515,O008375,P00774,3,21330.6,15,0
OI0015516,O008375,P00204,2,15616.88,10,0
OI0015517,O008376,P00858,3,27154.77,0,12
OI0015519,O008377,P00753,1,28401.92,25,5
OI0015520,O008378,P00456,1,3696.71,10,0
OI0015522,O008378,P00100,4,19321.25,0,12
OI0015524,O008379,P00048,1,4298.71,25,18
OI0015527,O008380,P00159,1,13541.09,0,5
OI0015528,O008381,P00540,1,5889.07,0,5
OI0015529,O008381,P00134,1,25072.66,5,0
OI0015530,O008382,P00302,3,12075.03,10,12
OI0015531,O008382,P00122,1,13762.39,25,0
OI0015532,O008383,P00933,2,12593.61,25,18
OI0015533,O008384,P00225,2,9418.9,5,18
OI0015534,O008384,P00528,1,27599.61,0,5
OI0015536,O008385,P00814,2,1283.6,20,5
OI0015537,O008386,P00138,3,708.39,5,12
OI0015538,O008387,P00410,1,1768.73,25,0
OI0015539,O008388,P00036,3,20630.28,5,12
OI0015540,O008388,P00953,2,486.02,0,0
OI0015541,O008389,P00726,1,14622.96,25,5
OI0015542,O008389,P00519,1,3800.78,20,5
OI0015543,O008389,P00774,1,20571.85,20,18
OI0015544,O008390,P00798,2,9463.61,10,0
OI0015545,O008390,P00105,2,16386.16,25,5
OI0015546,O008391,P00327,3,16492.79,25,18
OI0015547,O008392,P00248,1,18884.02,20,12
OI0015548,O008393,P00651,1,15935.08,10,12
OI0015549,O008394,P00191,1,14885.77,0,12
OI0015550,O008395,P00240,2,14123.61,5,0
OI0015551,O008396,P00216,1,29442.5,0,5
OI0015552,O008396,P00801,1,2244.41,20,18
OI0015554,O008397,P00216,1,28226.83,5,0
OI0015555,O008398,P00185,1,26678.74,25,5
OI0015556,O008399,P00813,1,9668.08,0,18
OI0015557,O008399,P00334,2,19331.57,5,0
OI0015558,O008400,P00371,1,17795.45,-5,0
OI0015559,O008400,P00451,1,28747.6,5,5
OI0015560,O008401,P00980,1,10799.98,0,18
OI0015561,O008402,P00157,1,18191.3,-5,0
OI0015562,O008403,P00860,1,28516.77,5,5
OI0015565,O008404,P00185,2,27214.45,10,5
OI0015566,O008405,P00608,1,19862.72,0,5
OI0015567,O008405,P00960,1,23115.87,0,0
OI0015568,O008406,P00500,1,7106.12,0,18
OI0015569,O008407,P00617,2,11158.16,0,0
OI0015570,O008407,P00476,1,16089.2,15,0
OI0015571,O008408,P00735,1,16045.22,20,5
OI0015572,O008408,P00472,3,4482.73,0,18
OI0015573,O008409,P00987,1,23904.03,10,0
OI0015574,O008410,P00285,1,15044.34,0,0
OI0015575,O008411,P00309,1,22374.37,15,12
OI0015576,O008412,P00617,1,10773.95,0,5
OI0015577,O008412,P00430,1,12953.0,10,12
OI0015579,O008413,P00311,1,28473.13,0,0
OI0015580,O008413,P00793,5,17018.11,15,5
OI0015581,O008414,P00375,1,13663.07,20,12
OI0015582,O008414,P00813,1,9869.04,20,5
OI0015583,O008414,P00285,1,14583.09,25,12
OI0015584,O008415,P00216,2,28163.65,0,5
OI0015585,O008415,P00289,4,8053.4,5,18
OI0015589,O008418,P00357,3,11724.4,10,12
OI0015590,O008418,P00955,3,23265.54,20,18
OI0015591,O008419,P00384,1,1839.44,20,12
OI0015592,O008419,P00947,2,9354.7,10,18
OI0015593,O008420,P01000,1,23978.84,0,5
OI0015594,O008420,P00564,1,21187.54,0,5
OI0015595,O008421,P00904,1,25207.27,5,5
OI0015596,O008422,P00427,1,23096.9,15,18
OI0015598,O008423,P00741,2,4675.94,20,18
OI0015599,O008423,P00801,1,2157.29,20,12
OI0015600,O008424,P00707,1,19110.12,20,5
OI0015602,O008424,P00835,1,20116.61,0,0
OI0015603,O008425,P00842,1,21728.61,15,0
OI0015604,O008425,P00832,1,16604.86,-5,5
OI0015605,O008426,P00547,1,22321.11,5,0
OI0015606,O008426,P00206,1,15255.68,20,0
OI0015607,O008427,P00286,4,554.38,-5,12
OI0015608,O008428,P00863,2,21753.39,5,5
OI0015609,O008428,P00971,2,7293.2,25,12
OI0015610,O008429,P00298,2,6244.95,25,12
OI0015611,O008430,P00495,2,18866.56,0,5
OI0015612,O008431,P00347,2,27926.87,0,12
OI0015613,O008431,P00616,1,7074.2,-5,12
OI0015614,O008431,P00237,1,25679.55,10,0
OI0015615,O008432,P00007,3,26226.73,25,18
OI0015616,O008432,P00562,1,12083.62,20,18
OI0015617,O008432,P00242,2,2051.61,20,12
OI0015618,O008433,P00123,1,307.54,10,0
OI0015619,O008433,P00075,1,18381.36,5,5
OI0015620,O008433,P00831,3,7205.3,20,5
OI0015621,O008434,P00100,2,17948.41,0,5
OI0015622,O008434,P00722,1,16490.53,10,0
OI0015623,O008435,P00844,3,24385.4,10,18
OI0015624,O008435,P00159,5,12723.45,25,5
OI0015625,O008435,P00223,1,7607.34,0,5
OI0015626,O008436,P00336,2,16937.12,5,12
OI0015627,O008437,P00967,1,22023.81,10,12
OI0015628,O008437,P00050,2,29216.42,20,0
OI0015629,O008437,P00587,1,19791.9,5,12
OI0015630,O008438,P00935,1,6954.85,0,12
OI0015631,O008438,P00688,2,26410.41,20,5
OI0015632,O008439,P00509,1,15658.32,5,0
OI0015633,O008439,P00868,1,9289.94,5,5
OI0015634,O008440,P00120,1,16524.03,0,18
OI0015635,O008440,P00823,1,7117.75,25,5
OI0015638,O008442,P00462,1,16639.94,0,5
OI0015640,O008443,P00353,1,30614.12,25,12
OI0015641,O008444,P00717,3,25268.43,20,0
OI0015642,O008444,P00072,1,6752.12,0,18
OI0015643,O008445,P00535,1,14992.76,25,5
OI0015644,O008445,P00504,2,6990.91,0,0
OI0015645,O008445,P00233,1,4442.64,0,18
OI0015646,O008446,P00092,3,20962.91,0,5
OI0015648,O008447,P00141,1,17630.77,15,18
OI0015649,O008448,P00938,2,10437.96,10,18
OI0015650,O008448,P00953,4,470.1,25,5
OI0015651,O008449,P00494,1,10030.21,15,0
OI0015652,O008449,P00893,2,6007.62,25,0
OI0015653,O008450,P00650,2,30426.51,10,0
OI0015654,O008450,P00649,2,10986.77,10,18
OI0015655,O008451,P00006,3,9431.98,0,18
OI0015656,O008451,P00811,1,11013.57,0,18
OI0015657,O008452,P00991,1,5933.2,20,5
OI0015658,O008453,P00991,2,5722.44,25,5
OI0015659,O008454,P00898,2,4065.28,20,18
OI0015660,O008454,P00115,1,29020.75,5,0
OI0015661,O008455,P00845,1,6598.93,15,12
OI0015662,O008455,P00804,1,11135.1,0,0
OI0015663,O008455,P00117,1,26422.84,10,12
OI0015664,O008456,P00989,4,17273.28,0,0
OI0015665,O008457,P00410,1,1702.04,25,12
OI0015666,O008458,P00185,1,27088.57,10,18
OI0015667,O008458,P00178,1,10000.57,5,5
OI0015668,O008458,P00167,1,14820.2,10,0
OI0015669,O008459,P00545,2,18102.09,10,18
OI0015670,O008459,P00183,1,24194.37,0,12
OI0015671,O008459,P00529,2,30610.98,0,0
OI0015672,O008460,P00945,2,11789.12,10,18
OI0015673,O008460,P00820,2,17055.3,5,5
OI0015674,O008460,P00847,1,21922.63,10,18
OI0015675,O008461,P00164,5,17076.18,20,18
OI0015676,O008462,P00010,3,13063.77,5,12
OI0015677,O008462,P00609,1,10015.03,25,18
OI0015678,O008463,P00210,1,4197.96,0,0
OI0015679,O008463,P00949,1,30622.55,0,12
OI0015681,O008464,P00437,1,27156.14,15,0
OI0015682,O008464,P00698,1,14745.81,0,12
OI0015683,O008465,P00256,1,25809.81,25,12
OI0015684,O008465,P00057,1,11211.87,20,18
OI0015685,O008466,P00452,1,19710.96,15,5
OI0015686,O008466,P00076,1,2141.39,15,0
OI0015687,O008467,P00331,2,25358.29,5,0
OI0015688,O008468,P00710,1,20122.99,15,12
OI0015689,O008468,P00247,1,17156.17,15,0
OI0015690,O008469,P00206,3,15350.97,20,12
OI0015691,O008469,P00078,4,13640.54,20,5
OI0015692,O008470,P00351,2,1159.1,-5,18
OI0015693,O008470,P00674,1,10091.01,25,12
OI0015694,O008470,P00609,3,9463.11,25,5
OI0015695,O008471,P00340,1,28057.16,5,5
OI0015696,O008471,P00501,1,1061.89,20,0
OI0015697,O008472,P00302,2,12766.15,25,5
OI0015698,O008472,P00678,1,21106.62,0,5
OI0015699,O008472,P00101,1,15361.98,0,18
OI0015700,O008473,P00802,2,7497.62,5,18
OI0015701,O008473,P00941,1,19771.16,15,12
OI0015702,O008473,P00434,2,8506.6,25,0
OI0015703,O008474,P00308,1,26288.39,0,12
OI0015704,O008474,P00005,2,29537.22,15,18
OI0015705,O008475,P00302,2,13218.41,0,12
OI0015706,O008476,P00361,1,29397.89,0,0
OI0015707,O008477,P00810,1,23449.03,0,0
OI0015710,O008478,P00591,2,14676.59,10,5
OI0015713,O008479,P00928,1,29062.93,0,18
OI0015714,O008480,P00318,1,23871.41,15,12
OI0015715,O008480,P00678,2,22345.57,0,12
OI0015716,O008481,P00351,1,1181.82,10,18
OI0015717,O008481,P00584,1,22129.98,10,5
OI0015718,O008482,P00117,3,26576.47,20,0
OI0015719,O008482,P00951,3,27545.24,10,0
OI0015720,O008483,P00638,2,21405.35,20,5
OI0015721,O008483,P00914,1,24538.79,25,5
OI0015722,O008483,P00642,1,25518.46,0,18
OI0015723,O008484,P00869,3,1360.35,10,18
OI0015724,O008485,P00235,2,10103.64,0,5
OI0015725,O008486,P00543,4,6478.81,25,0
OI0015726,O008487,P00452,1,18809.17,0,18
OI0015727,O008487,P00252,1,11804.05,20,0
OI0015728,O008488,P00336,1,15461.58,0,5
OI0015730,O008489,P00895,1,20006.29,15,12
OI0015731,O008489,P00458,2,346.59,0,5
OI0015732,O008490,P00916,3,2526.45,10,12
OI0015733,O008490,P00094,2,10118.21,25,18
OI0015734,O008490,P00132,1,4986.11,20,5
OI0015735,O008491,P00407,2,12072.58,25,5
OI0015736,O008492,P00463,1,24938.44,0,12
OI0015737,O008492,P00530,1,27382.61,10,12
OI0015738,O008493,P00392,2,28733.6,25,12
OI0015739,O008493,P00050,5,27545.96,5,12
OI0015740,O008494,P00995,1,13941.18,0,12
OI0015742,O008495,P00324,1,213.56,20,12
OI0015743,O008495,P00494,1,9648.33,0,18
OI0015744,O008495,P00096,1,21229.98,10,5
OI0015745,O008496,P00432,1,4004.17,0,5
OI0015747,O008497,P00994,1,28456.38,10,12
OI0015748,O008497,P00095,1,22762.76,20,5
OI0015749,O008498,P00162,5,25964.26,25,0
OI0015750,O008498,P00516,1,14842.33,-5,18
OI0015751,O008498,P00147,1,29836.58,10,18
OI0015753,O008500,P00748,1,23940.89,0,0
OI0015754,O008500,P00388,2,15019.86,20,18
OI0015755,O008501,P00720,2,9186.49,10,18
OI0015756,O008502,P00751,1,8952.94,25,18
OI0015757,O008502,P00478,1,24054.34,0,18
OI0015758,O008503,P00832,2,16872.32,5,12
OI0015759,O008503,P00929,1,1980.55,25,12
OI0015760,O008504,P00353,4,29476.92,10,0
OI0015761,O008505,P00119,1,18420.6,20,0
OI0015763,O008505,P00284,1,13251.31,0,12
OI0015764,O008506,P00126,2,12102.78,15,0
OI0015765,O008506,P00829,2,12208.95,25,0
OI0015766,O008506,P00165,1,27269.08,10,12
OI0015767,O008507,P00090,2,18810.36,0,18
OI0015768,O008507,P00894,1,7811.17,20,18
OI0015769,O008507,P00876,1,8922.15,0,18
OI0015770,O008508,P00184,1,12522.07,0,12
OI0015772,O008509,P00328,1,5527.06,0,18
OI0015773,O008509,P00123,2,292.18,0,0
OI0015774,O008509,P00183,1,23567.71,0,12
OI0015775,O008510,P00889,1,17741.61,10,0
OI0015777,O008511,P00624,1,28189.36,25,12
OI0015778,O008511,P00803,1,19835.15,0,0
OI0015779,O008512,P00042,2,27719.96,0,18
OI0015780,O008513,P00656,2,26579.69,5,0
OI0015781,O008514,P00562,2,13260.37,20,5
OI0015783,O008515,P00932,1,9373.67,15,18
OI0015784,O008516,P00174,1,21424.2,0,18
OI0015785,O008517,P00228,1,11239.73,0,5
OI0015786,O008517,P00261,2,19596.13,20,5
OI0015787,O008518,P00113,2,17591.47,0,0
OI0015789,O008519,P00922,1,27385.3,15,12
OI0015790,O008519,P00554,2,4983.1,5,0
OI0015791,O008520,P00235,1,9821.92,5,5
OI0015792,O008520,P00830,1,5409.42,0,0
OI0015793,O008520,P00414,1,6438.24,15,12
OI0015794,O008521,P00909,2,11498.21,15,5
OI0015795,O008521,P00181,2,29660.52,0,5
OI0015797,O008523,P00148,1,9417.15,0,12
OI0015798,O008523,P00776,1,17624.26,0,12
OI0015799,O008524,P00221,5,5128.01,20,18
OI0015800,O008524,P00358,1,4508.17,5,5
OI0015801,O008525,P00702,1,950.31,0,0
OI0015802,O008525,P00631,3,9739.54,10,5
OI0015803,O008525,P00832,1,16204.7,15,0
OI0015804,O008526,P00159,1,12680.36,0,0
OI0015805,O008526,P00814,1,1386.91,25,12
OI0015806,O008527,P00370,1,5406.15,25,5
OI0015807,O008527,P00421,2,19851.91,0,5
OI0015808,O008527,P00168,1,15778.93,0,5
OI0015809,O008528,P00198,1,24751.94,0,0
OI0015810,O008528,P00357,1,12719.31,0,12
OI0015811,O008529,P00506,3,10842.75,-5,18
OI0015812,O008529,P00729,2,24274.24,25,5
OI0015813,O008529,P00492,5,9831.04,15,0
OI0015814,O008530,P00858,2,28282.29,10,12
OI0015815,O008530,P00120,1,15494.41,0,0
OI0015816,O008531,P00330,1,23892.25,0,5
OI0015817,O008532,P00048,1,3963.99,0,12
OI0015818,O008532,P00517,5,27679.06,0,12
OI0015819,O008533,P00531,2,29517.94,0,18
OI0015820,O008534,P00533,1,2136.84,20,5
OI0015821,O008534,P00852,4,21587.77,0,5
OI0015822,O008535,P00596,1,26705.52,-5,12
OI0015824,O008536,P00495,3,18207.72,0,18
OI0015825,O008537,P00363,1,22913.88,15,5
OI0015826,O008537,P00598,4,5389.42,20,12
OI0015828,O008538,P00141,1,17482.01,0,0
OI0015829,O008538,P00869,2,1439.64,0,5
OI0015830,O008539,P00803,2,21248.78,25,12
OI0015831,O008539,P00941,1,19508.37,25,0
OI0015832,O008540,P00013,3,5028.84,0,18
OI0015833,O008540,P00163,1,4944.88,0,18
OI0015834,O008541,P00140,1,29951.99,0,18
OI0015835,O008541,P00692,2,15062.17,25,12
OI0015836,O008542,P00195,1,21668.35,15,12
OI0015838,O008543,P00881,2,19839.82,15,18
OI0015839,O008543,P00873,1,27494.29,5,18
OI0015840,O008544,P00703,1,8934.86,0,0
OI0015841,O008545,P00852,1,21662.95,0,5
OI0015842,O008546,P00211,2,625.57,0,18
OI0015843,O008547,P00156,5,30568.88,15,5
OI0015844,O008548,P00711,1,25592.69,0,12
OI0015845,O008548,P00954,1,22476.95,15,12
OI0015846,O008549,P00531,3,27206.38,10,5
OI0015847,O008549,P00616,2,7514.9,5,18
OI0015848,O008550,P00075,3,19008.86,0,18
OI0015849,O008550,P00174,1,19974.6,25,0
OI0015850,O008551,P00497,1,9329.08,25,5
OI0015852,O008552,P00140,1,29483.95,15,5
OI0015853,O008552,P00022,1,22897.82,10,0
OI0015854,O008553,P00991,3,6071.49,0,0
OI0015855,O008553,P00732,2,18343.13,25,0
OI0015856,O008554,P00641,1,1193.93,0,5
OI0015857,O008554,P00586,2,11241.87,10,18
OI0015858,O008555,P00262,2,9094.95,15,18
OI0015859,O008555,P00801,2,2314.21,10,5
OI0015860,O008556,P00473,2,14122.95,0,0
OI0015861,O008556,P00758,2,13180.99,5,18
OI0015862,O008557,P00355,1,23950.94,10,5
OI0015863,O008558,P00105,1,16699.85,20,0
OI0015864,O008558,P00746,2,3960.08,20,5
OI0015865,O008559,P00036,2,20494.3,20,0
OI0015866,O008559,P00261,2,19318.74,25,0
OI0015867,O008560,P00432,1,3739.81,15,12
OI0015868,O008560,P00600,1,13810.23,10,12
OI0015869,O008561,P00695,3,9689.61,25,12
OI0015870,O008561,P00621,1,16011.13,20,0
OI0015871,O008561,P00932,2,10066.5,15,5
OI0015872,O008562,P00766,2,13850.76,15,0
OI0015873,O008562,P00490,2,24542.91,15,18
OI0015874,O008563,P00788,1,10008.41,25,5
OI0015875,O008564,P00810,1,23846.09,0,0
OI0015876,O008564,P00618,2,14524.47,10,18
OI0015878,O008565,P00041,1,1141.63,25,18
OI0015879,O008566,P00727,4,12975.08,5,18
OI0015880,O008566,P00687,1,23287.52,10,5
OI0015881,O008567,P00118,3,22491.5,20,18
OI0015882,O008567,P00107,1,3728.54,25,18
OI0015883,O008568,P00047,2,28853.3,0,12
OI0015885,O008569,P00100,1,18950.7,15,12
OI0015886,O008570,P00710,3,19881.2,25,12
OI0015887,O008571,P00643,1,13965.9,0,18
OI0015888,O008572,P00147,1,29393.21,15,0
OI0015889,O008572,P00518,1,21596.43,5,0
OI0015890,O008573,P00466,1,874.73,0,0
OI0015891,O008573,P00630,3,15844.33,15,18
OI0015892,O008574,P00352,1,23021.55,0,12
OI0015894,O008575,P00610,4,5929.9,0,12
OI0015895,O008575,P00069,1,23303.69,20,12
OI0015896,O008576,P00898,2,4245.57,10,0
OI0015898,O008576,P00346,1,7376.03,5,12
OI0015899,O008577,P00498,2,28337.68,20,5
OI0015900,O008577,P00545,1,17427.71,10,5
OI0015901,O008578,P00507,1,29422.04,0,12
OI0015903,O008579,P00584,1,21377.66,25,5
OI0015904,O008579,P00973,1,28645.67,10,0
OI0015905,O008580,P00185,1,28288.44,25,18
OI0015906,O008580,P00973,1,29230.72,15,0
OI0015907,O008581,P00595,1,23583.95,0,5
OI0015908,O008581,P00569,3,29099.99,0,12
OI0015909,O008582,P00060,3,20620.38,0,12
OI0015910,O008582,P00714,2,28147.93,15,18
OI0015911,O008582,P00756,4,15160.87,0,12
OI0015912,O008583,P00266,2,5016.57,0,0
OI0015913,O008584,P00184,1,12565.73,0,0
OI0015915,O008585,P00997,1,6123.01,0,0
OI0015916,O008585,P00250,1,19816.23,10,12
OI0015917,O008585,P00565,1,1071.46,5,12
OI0015918,O008586,P00695,3,10363.1,10,5
OI0015919,O008587,P00684,1,21253.86,0,18
OI0015920,O008587,P00120,2,16081.11,0,12
OI0015921,O008588,P00322,2,27719.63,0,12
OI0015923,O008589,P00232,1,21351.26,0,12
OI0015924,O008589,P00739,2,17721.96,0,18
OI0015925,O008590,P00758,1,12581.04,15,18
OI0015926,O008590,P00659,1,21625.87,25,18
OI0015927,O008591,P00283,1,4917.14,20,12
OI0015928,O008592,P00114,2,12076.09,15,12
OI0015929,O008592,P00541,1,19100.76,20,5
OI0015930,O008593,P00435,1,27869.69,20,5
OI0015931,O008594,P00890,3,21222.07,5,18
OI0015932,O008595,P00065,5,26268.45,15,5
OI0015933,O008596,P00540,2,5871.03,20,12
OI0015934,O008596,P00792,4,6099.69,10,12
OI0015936,O008597,P00093,2,4427.01,5,0
OI0015937,O008597,P00950,3,1531.0,15,5
OI0015938,O008598,P00575,2,17852.19,0,12
OI0015939,O008598,P00081,3,12595.1,20,0
OI0015940,O008598,P00721,2,12873.31,10,5
OI0015941,O008599,P00814,3,1395.08,25,5
OI0015943,O008600,P00952,1,8661.78,0,12
OI0015944,O008601,P00300,1,6183.91,-5,12
OI0015945,O008601,P00557,1,5374.22,25,0
OI0015947,O008602,P00291,1,16962.95,0,5
OI0015948,O008603,P00900,1,24419.38,0,12
OI0015949,O008603,P00122,1,13506.73,10,12
OI0015950,O008603,P00590,5,3365.84,25,5
OI0015951,O008604,P00521,1,24876.54,0,18
OI0015952,O008605,P00741,3,4590.09,10,0
OI0015953,O008606,P00793,1,17078.1,5,12
OI0015954,O008606,P00203,3,25575.84,25,5
OI0015955,O008607,P00514,1,12352.01,25,18
OI0015956,O008608,P00982,2,9136.38,15,0
OI0015957,O008609,P00037,1,14094.31,10,12
OI0015958,O008609,P00581,1,26335.81,0,0
OI0015959,O008610,P00379,1,19475.35,25,5
OI0015960,O008611,P00084,1,28383.46,20,12
OI0015961,O008611,P00852,1,20622.72,15,18
OI0015962,O008612,P00891,2,1957.8,10,5
OI0015963,O008612,P00219,2,14725.95,0,12
OI0015964,O008613,P00029,2,16610.78,5,5
OI0015965,O008613,P00754,1,25760.34,20,12
OI0015966,O008614,P00967,1,22184.64,10,5
OI0015967,O008614,P00191,1,15268.65,0,18
OI0015968,O008614,P00762,2,19523.32,0,0
OI0015969,O008615,P00913,3,2000.04,20,18
OI0015970,O008615,P00229,5,18184.62,0,5
OI0015971,O008616,P00434,2,8409.89,15,5
OI0015972,O008616,P00210,3,4471.68,0,18
OI0015973,O008616,P00475,2,26358.58,0,18
OI0015974,O008617,P00030,1,23218.72,25,5
OI0015975,O008618,P00163,1,4785.59,15,18
OI0015976,O008619,P00824,2,25892.55,0,5
OI0015977,O008619,P00493,2,2640.87,20,12
OI0015978,O008619,P00205,1,18747.69,0,0
OI0015979,O008620,P00176,2,4363.15,5,18
OI0015981,O008621,P00253,1,29657.34,15,0
OI0015982,O008622,P00742,1,14763.37,15,5
OI0015983,O008623,P00987,1,24244.09,0,12
OI0015984,O008624,P00590,2,3536.17,0,5
OI0015985,O008624,P00056,1,14931.39,25,5
OI0015986,O008624,P00036,3,19618.73,0,0
OI0015987,O008625,P00757,1,5103.76,0,18
OI0015988,O008625,P00255,1,10858.85,5,0
OI0015990,O008627,P00745,2,12723.47,5,0
OI0015992,O008629,P00554,1,4750.5,10,5
OI0015993,O008629,P00212,1,15058.57,0,12
OI0015994,O008629,P00708,1,3299.27,0,5
OI0015995,O008630,P00070,1,15038.55,15,0
OI0015996,O008631,P00605,5,6113.38,0,5
OI0015997,O008631,P00735,1,15686.05,0,18
OI0015999,O008632,P00109,1,13455.65,25,18
OI0016000,O008633,P00909,4,11517.45,25,0
OI0016001,O008633,P00945,1,11495.07,10,12
OI0016004,O008634,P00549,4,13815.9,15,18
OI0016005,O008635,P00557,4,5287.64,10,12
OI0016006,O008635,P00949,1,31242.94,10,12
OI0016007,O008636,P00070,1,15172.1,20,12
OI0016008,O008637,P00211,2,639.3,10,18
OI0016009,O008638,P00183,1,24077.31,25,12
OI0016010,O008639,P00286,1,550.8,25,0
OI0016011,O008639,P00802,1,7036.4,0,0
OI0016012,O008639,P00038,1,18178.86,25,18
OI0016013,O008640,P00182,2,1207.78,0,0
OI0016014,O008640,P00457,1,635.17,0,0
OI0016016,O008642,P00337,2,623.8,5,0
OI0016017,O008642,P00523,1,20680.0,15,12
OI0016018,O008643,P00690,1,20920.6,0,0
OI0016019,O008643,P00463,2,24349.16,0,0
OI0016021,O008644,P00566,1,15073.64,10,12
OI0016022,O008645,P00726,1,14517.86,0,18
OI0016023,O008645,P00434,1,8036.35,15,5
OI0016025,O008646,P00731,1,26548.2,0,0
OI0016026,O008647,P00002,1,4445.36,5,18
OI0016027,O008648,P00405,1,1961.07,-5,18
OI0016028,O008648,P00854,1,12645.34,25,12
OI0016029,O008648,P00596,2,25556.63,5,0
OI0016031,O008649,P00307,1,29413.16,20,5
OI0016032,O008650,P00103,1,12963.73,0,12
OI0016034,O008650,P00573,1,4704.65,15,18
OI0016035,O008651,P00509,1,15672.68,5,5
OI0016037,O008652,P00645,1,24497.35,20,0
OI0016038,O008653,P00741,1,4781.46,5,12
OI0016039,O008653,P00108,1,30864.09,0,18
OI0016040,O008654,P00191,1,14845.9,20,18
OI0016041,O008655,P00175,2,10741.3,0,0
OI0016042,O008655,P00185,1,28649.45,5,5
OI0016043,O008656,P00342,1,25824.88,5,0
OI0016044,O008657,P00341,1,23526.97,25,12
OI0016046,O008658,P00510,1,4395.1,15,5
OI0016047,O008659,P00349,1,10953.07,0,0
OI0016048,O008660,P00240,2,14892.06,20,5
OI0016050,O008662,P00637,3,31219.41,0,18
OI0016051,O008662,P00669,1,22410.62,15,5
OI0016052,O008662,P00681,2,29069.01,0,12
OI0016054,O008663,P00604,1,29243.8,20,0
OI0016055,O008664,P00857,2,1320.77,0,18
OI0016056,O008664,P00726,4,14349.24,20,5
OI0016057,O008664,P00960,1,22491.26,0,18
OI0016058,O008665,P00175,2,11573.35,0,18
OI0016059,O008665,P00297,2,1291.7,0,12
OI0016060,O008666,P00102,1,941.05,0,5
OI0016061,O008666,P00169,1,4030.8,0,5
OI0016062,O008667,P00169,1,4087.19,20,5
OI0016063,O008668,P00533,1,2186.17,20,12
OI0016065,O008669,P00501,2,992.87,5,18
OI0016066,O008669,P00646,1,14411.63,10,0
OI0016067,O008669,P00727,2,12195.3,25,0
OI0016068,O008670,P00213,3,13297.13,-5,0
OI0016069,O008670,P00997,1,6202.29,15,12
OI0016070,O008671,P00834,3,23724.39,25,0
OI0016071,O008671,P00775,1,18307.49,15,18
OI0016072,O008671,P00371,1,16946.62,25,0
OI0016073,O008672,P00235,3,10001.7,0,0
OI0016074,O008672,P00901,1,3939.55,25,18
OI0016075,O008673,P00447,3,23270.4,0,0
OI0016076,O008674,P00782,3,28667.9,20,18
OI0016077,O008674,P00550,2,6212.81,5,12
OI0016079,O008675,P00824,1,25055.58,0,12
OI0016080,O008676,P00142,1,16696.22,0,18
OI0016081,O008676,P00519,3,3732.22,5,12
OI0016082,O008677,P00435,1,29884.41,0,5
OI0016084,O008679,P00174,2,20691.21,15,12
OI0016085,O008679,P00464,1,867.13,0,0
OI0016086,O008680,P00806,2,16536.68,5,12
OI0016089,O008681,P00775,1,17763.79,0,18
OI0016090,O008681,P00904,1,24910.49,0,0
OI0016091,O008682,P00435,2,27294.6,15,18
OI0016092,O008683,P00320,1,2346.02,5,18
OI0016093,O008683,P00966,3,27548.35,0,18
OI0016094,O008683,P00378,1,28491.55,25,12
OI0016095,O008684,P00413,1,3162.84,0,5
OI0016096,O008684,P00031,2,9683.06,5,18
OI0016097,O008684,P00174,4,21820.26,15,12
OI0016098,O008685,P00258,2,15934.81,0,12
OI0016099,O008685,P00153,2,25563.68,5,18
OI0016100,O008686,P00874,1,7409.4,15,12
OI0016102,O008687,P00801,2,2299.72,15,0
OI0016103,O008687,P00006,1,9046.36,20,12
OI0016104,O008688,P00870,1,8100.65,10,12
OI0016105,O008688,P00111,1,12974.43,0,18
OI0016106,O008689,P00027,1,14926.56,15,0
OI0016108,O008690,P00090,2,18523.15,0,18
OI0016109,O008691,P00544,1,14859.22,0,18
OI0016110,O008691,P00040,3,14048.83,20,0
OI0016111,O008691,P00013,1,4746.02,20,12
OI0016112,O008692,P00726,1,14605.32,5,5
OI0016113,O008692,P00883,1,12900.74,10,5
OI0016114,O008693,P00979,2,6284.93,0,12
OI0016115,O008693,P00641,1,1188.6,0,0
OI0016116,O008694,P00003,2,10021.7,20,12
OI0016117,O008695,P00754,1,26755.97,10,0
OI0016118,O008695,P00407,2,12656.75,15,0
OI0016119,O008696,P00628,1,1167.42,0,0
OI0016120,O008696,P00638,1,21096.83,20,0
OI0016121,O008697,P00181,2,28182.75,20,5
OI0016122,O008697,P00053,1,21323.5,15,0
OI0016123,O008698,P00428,1,17339.12,25,18
OI0016124,O008698,P00470,3,944.3,15,0
OI0016125,O008699,P00395,1,25947.55,5,18
OI0016126,O008699,P00305,2,2872.17,5,0
OI0016127,O008700,P00148,1,9306.72,25,0
OI0016129,O008701,P00476,1,14974.83,10,18
OI0016130,O008701,P00902,2,30220.86,0,0
OI0016131,O008702,P00533,2,2132.63,10,5
OI0016132,O008703,P00755,3,15302.23,20,18
OI0016133,O008704,P00670,1,20303.5,10,18
OI0016135,O008705,P00699,1,23446.74,25,12
OI0016136,O008705,P00577,2,26231.15,0,5
OI0016137,O008706,P00639,2,1563.6,25,0
OI0016138,O008706,P00207,1,4425.24,5,5
OI0016139,O008706,P00215,3,29560.3,0,18
OI0016140,O008707,P00158,1,12602.6,0,12
OI0016142,O008707,P00016,1,11789.78,15,5
OI0016143,O008708,P00856,1,12150.17,0,18
OI0016144,O008708,P00340,1,27976.29,-5,18
OI0016145,O008709,P00865,1,24476.98,0,18
OI0016146,O008709,P00397,2,10842.49,0,0
OI0016147,O008710,P00374,1,18104.61,0,0
OI0016148,O008710,P00736,2,10434.61,20,5
OI0016149,O008711,P00475,1,26420.39,5,0
OI0016150,O008711,P00560,2,16381.22,20,0
OI0016151,O008712,P00836,1,13445.71,5,12
OI0016152,O008712,P00050,3,30198.23,5,5
OI0016153,O008713,P00508,3,12622.24,0,18
OI0016154,O008713,P00442,1,12357.04,10,18
OI0016155,O008714,P00596,1,27589.71,25,18
OI0016156,O008714,P00415,1,7841.58,15,0
OI0016157,O008714,P00176,2,4277.18,15,12
OI0016159,O008716,P00526,1,3477.48,25,18
OI0016160,O008716,P00109,1,13072.88,10,12
OI0016161,O008716,P00329,1,874.7,5,12
OI0016162,O008717,P00608,1,18403.97,0,5
OI0016163,O008718,P00186,1,6730.13,0,0
OI0016165,O008719,P00344,1,20168.94,10,18
OI0016166,O008720,P00619,3,10139.15,0,0
OI0016167,O008721,P00231,1,1185.64,0,12
OI0016168,O008721,P00647,1,5357.49,0,5
OI0016169,O008722,P00252,1,12808.48,5,0
OI0016170,O008722,P00443,4,21947.03,15,12
OI0016172,O008723,P00298,2,6200.41,0,0
OI0016173,O008724,P00883,1,13917.91,15,12
OI0016175,O008724,P00210,2,4304.84,15,0
OI0016176,O008725,P00143,2,3073.45,10,0
OI0016177,O008725,P00797,1,5247.07,0,18
OI0016178,O008726,P00058,1,18620.63,15,18
OI0016179,O008726,P00329,3,894.7,25,0
OI0016180,O008727,P00295,1,5102.49,0,18
OI0016181,O008727,P00683,2,13829.42,10,18
OI0016182,O008727,P00858,1,27437.93,5,12
OI0016183,O008728,P00682,1,14330.6,0,5
OI0016184,O008729,P00040,1,14027.82,10,12
OI0016186,O008730,P00964,1,18752.99,15,5
OI0016187,O008731,P00300,1,6154.05,10,12
OI0016188,O008731,P00109,1,13072.11,-5,18
OI0016189,O008732,P00466,1,861.91,10,12
OI0016190,O008732,P00263,3,24081.26,0,18
OI0016191,O008733,P00207,1,4444.71,5,5
OI0016192,O008734,P00954,1,22025.73,20,18
OI0016193,O008734,P00823,1,7555.15,0,12
OI0016194,O008734,P00409,4,13069.78,20,18
OI0016195,O008735,P00462,1,17118.05,25,12
OI0016196,O008735,P00705,2,24280.47,0,5
OI0016197,O008735,P00144,1,8380.46,0,18
OI0016198,O008736,P00383,1,18732.28,10,18
OI0016200,O008737,P00616,4,7488.3,15,5
OI0016201,O008737,P00326,2,13394.33,25,18
OI0016202,O008738,P00104,2,13478.35,10,18
OI0016203,O008739,P00021,1,12179.27,15,0
OI0016204,O008739,P00548,2,23007.45,20,5
OI0016205,O008739,P00620,2,11879.97,0,12
OI0016206,O008740,P00008,1,26387.74,15,18
OI0016207,O008740,P00615,1,12492.29,5,18
OI0016208,O008740,P00108,3,30914.28,5,18
OI0016209,O008741,P00871,2,11287.83,0,12
OI0016210,O008741,P00174,2,20597.46,0,18
OI0016211,O008742,P00561,4,28269.49,25,5
OI0016212,O008742,P00238,2,14020.89,10,12
OI0016213,O008743,P00823,1,7736.26,25,5
OI0016214,O008743,P00550,1,5851.17,0,18
OI0016215,O008743,P00073,1,30048.49,0,0
OI0016216,O008744,P00471,3,12914.56,10,18
OI0016218,O008745,P00636,3,7760.37,20,5
OI0016219,O008746,P00221,2,5041.73,20,18
OI0016220,O008747,P00022,1,22590.65,20,12
OI0016222,O008748,P00931,2,3999.73,0,0
OI0016223,O008748,P00131,1,10234.51,-5,0
OI0016224,O008749,P00572,2,7443.65,15,18
OI0016225,O008750,P00202,1,3461.03,20,12
OI0016226,O008750,P00400,1,10413.9,5,0
OI0016227,O008750,P00677,1,16074.84,25,18
OI0016228,O008751,P00639,1,1539.24,20,0
OI0016229,O008752,P00907,3,17017.39,5,18
OI0016230,O008752,P00172,1,26009.38,0,0
OI0016232,O008753,P00185,1,29088.72,0,5
OI0016233,O008753,P00515,1,21376.29,5,5
OI0016234,O008754,P00757,2,4908.88,10,12
OI0016235,O008754,P00943,1,7655.15,0,5
OI0016236,O008755,P00359,1,27635.97,0,0
OI0016237,O008756,P00834,1,22995.47,10,5
OI0016238,O008756,P00597,1,7787.08,5,0
OI0016239,O008756,P00610,2,6090.33,15,12
OI0016240,O008757,P00723,2,7360.32,0,0
OI0016241,O008757,P00480,3,17652.62,5,18
OI0016243,O008758,P00436,1,21706.1,15,12
OI0016244,O008758,P00255,2,10971.11,15,12
OI0016246,O008759,P00820,3,17730.22,20,0
OI0016247,O008760,P00240,4,14913.23,-5,0
OI0016248,O008761,P00200,1,8209.37,20,5
OI0016249,O008761,P00588,1,24239.6,0,0
OI0016250,O008762,P00397,1,10993.64,20,12
OI0016251,O008763,P00253,1,30806.13,25,5
OI0016252,O008764,P00383,2,18121.44,10,5
OI0016253,O008764,P00950,1,1406.76,0,0
OI0016254,O008765,P00383,1,18171.67,15,0
OI0016255,O008765,P00236,1,11875.46,15,0
OI0016256,O008766,P00063,1,1262.56,-5,12
OI0016257,O008766,P00395,1,25480.35,25,5
OI0016258,O008767,P00700,1,30450.05,20,5
OI0016259,O008767,P00993,1,13999.47,0,12
OI0016260,O008767,P00768,3,26153.86,-5,0
OI0016261,O008768,P00962,1,19039.31,0,0
OI0016262,O008768,P00422,1,21918.01,0,0
OI0016263,O008769,P00091,1,13878.84,0,18
OI0016264,O008769,P00290,2,28634.6,0,12
OI0016265,O008770,P00665,2,28774.24,0,12
OI0016266,O008770,P00812,3,3752.9,5,0
OI0016267,O008770,P00419,2,25547.5,0,5
OI0016268,O008771,P00006,1,9136.46,-5,5
OI0016269,O008772,P00112,1,26933.24,25,18
OI0016270,O008773,P00677,2,16306.08,0,0
OI0016271,O008774,P00584,1,21687.58,5,0
OI0016272,O008774,P00110,1,1048.92,0,12
OI0016273,O008775,P00682,1,15431.28,5,18
OI0016274,O008775,P00827,1,9045.92,20,12
OI0016275,O008776,P00759,2,18605.06,-5,18
OI0016276,O008776,P00177,1,10273.11,0,12
OI0016277,O008776,P00114,1,11406.53,0,12
OI0016278,O008777,P00247,2,17939.43,0,18
OI0016279,O008777,P00878,1,14151.94,-5,18
OI0016280,O008778,P00191,4,14537.88,-5,18
OI0016281,O008779,P00458,2,345.45,25,5
OI0016284,O008780,P00767,1,20897.03,0,5
OI0016285,O008781,P00086,2,14537.86,0,18
OI0016286,O008782,P00210,1,4466.75,20,18
OI0016287,O008782,P00886,1,21771.49,0,12
OI0016288,O008783,P00828,3,7657.52,5,12
OI0016289,O008784,P00222,1,1966.9,15,5
OI0016290,O008785,P00018,2,21990.82,10,0
OI0016291,O008785,P00462,1,16517.23,0,12
OI0016292,O008786,P00155,2,11146.63,0,0
OI0016293,O008786,P00469,1,2989.62,0,12
OI0016294,O008787,P00112,4,27017.31,25,18
OI0016295,O008787,P00627,1,23388.81,0,18
OI0016296,O008788,P00357,4,12611.19,15,5
OI0016297,O008788,P00341,2,23025.03,0,5
OI0016298,O008789,P00122,3,13812.37,0,18
OI0016299,O008789,P00930,1,9694.08,5,18
OI0016300,O008789,P00438,4,13309.61,5,0
OI0016301,O008790,P00496,2,22210.99,20,12
OI0016302,O008790,P00469,1,3040.18,10,5
OI0016303,O008790,P00258,3,15513.85,5,18
OI0016304,O008791,P00261,1,19139.99,0,0
OI0016305,O008791,P00084,1,28269.78,0,5
OI0016306,O008791,P00163,2,4808.93,10,0
OI0016307,O008792,P00206,1,14442.21,20,18
OI0016308,O008792,P00047,1,28970.83,10,12
OI0016309,O008793,P00515,1,22287.76,10,12
OI0016311,O008794,P00216,2,29180.71,0,5
OI0016312,O008794,P00267,1,17499.07,20,18
OI0016314,O008796,P00157,4,17959.93,5,12
OI0016316,O008796,P00323,4,23219.72,10,0
OI0016317,O008797,P00317,2,28605.07,0,5
OI0016318,O008798,P00057,2,11422.9,20,0
OI0016319,O008798,P00924,5,10313.1,5,0
OI0016320,O008799,P00077,1,3177.53,10,18
OI0016321,O008800,P00159,1,13477.5,5,18
OI0016322,O008801,P00667,1,20808.66,20,18
OI0016323,O008801,P00345,1,6361.81,25,18
OI0016324,O008801,P00244,2,2115.69,25,12
OI0016325,O008802,P00774,1,21171.29,0,18
OI0016326,O008803,P00095,1,23008.42,15,18
OI0016327,O008803,P00233,1,4811.26,20,12
OI0016328,O008803,P00350,1,22330.91,15,12
OI0016329,O008804,P00141,1,18199.78,0,18
OI0016330,O008804,P00097,2,1347.12,20,0
OI0016331,O008804,P00045,2,25460.34,25,18
OI0016332,O008805,P00072,1,6569.24,0,18
OI0016333,O008805,P00167,1,15163.78,10,12
OI0016334,O008806,P00005,1,29646.53,0,12
OI0016335,O008806,P00411,1,6329.67,0,5
OI0016338,O008807,P00382,1,22642.65,15,12
OI0016339,O008808,P00840,2,16443.21,25,5
OI0016340,O008809,P00769,1,15535.46,0,0
OI0016341,O008809,P00612,2,8830.4,15,5
OI0016342,O008810,P00988,1,15282.35,0,12
OI0016343,O008810,P00207,4,4532.17,20,0
OI0016344,O008810,P00652,5,3825.98,25,18
OI0016345,O008811,P00768,1,26699.26,10,18
OI0016346,O008812,P00272,2,26003.64,15,0
OI0016347,O008812,P00435,1,28826.06,5,18
OI0016349,O008813,P00647,3,5472.27,0,12
OI0016350,O008813,P00677,1,15505.16,0,18
OI0016351,O008813,P00825,1,23520.78,0,5
OI0016352,O008814,P00076,1,2068.87,10,5
OI0016353,O008814,P00588,2,26428.47,0,5
OI0016355,O008815,P00616,1,7125.27,0,5
OI0016356,O008815,P00146,2,8845.14,0,12
OI0016357,O008816,P00875,1,15043.93,20,18
OI0016358,O008816,P00774,1,20967.0,10,0
OI0016359,O008816,P00882,1,19726.75,0,0
OI0016360,O008817,P00102,2,912.24,25,12
OI0016361,O008817,P00416,1,7697.65,20,5
OI0016362,O008817,P00645,2,25679.94,0,0
OI0016363,O008818,P00714,1,26582.76,0,18
OI0016364,O008818,P00956,3,17770.88,20,18
OI0016366,O008819,P00944,2,8961.24,5,0
OI0016367,O008820,P00636,2,8054.6,20,5
OI0016368,O008821,P00575,1,17824.46,20,0
OI0016369,O008821,P00670,4,21231.44,0,5
OI0016373,O008823,P00584,1,20956.64,10,12
OI0016374,O008824,P00843,2,4890.96,0,18
OI0016375,O008825,P00352,3,23324.06,10,5
OI0016376,O008826,P00395,1,25888.95,20,12
OI0016377,O008827,P00196,1,5277.72,0,18
OI0016380,O008828,P00485,3,16072.19,15,18
OI0016382,O008829,P00445,1,10068.37,0,5
OI0016383,O008830,P00889,2,16608.34,5,5
OI0016384,O008830,P00745,2,12652.6,5,18
OI0016385,O008831,P00026,1,14492.98,15,18
OI0016387,O008832,P00846,1,20108.73,15,0
OI0016388,O008832,P00857,2,1287.02,25,18
OI0016391,O008834,P00830,2,5009.71,5,0
OI0016392,O008834,P00025,3,2973.57,0,18
OI0016393,O008835,P00148,1,9348.18,0,0
OI0016395,O008836,P00635,2,11056.81,0,12
OI0016396,O008837,P00268,2,19439.54,20,18
OI0016397,O008838,P00395,2,25237.44,5,5
OI0016398,O008839,P00459,1,24555.94,10,18
OI0016399,O008839,P00746,2,4094.35,0,18
OI0016400,O008840,P00085,4,3433.84,5,5
OI0016401,O008840,P00463,4,25957.77,10,18
OI0016402,O008840,P00299,1,27301.48,5,18
OI0016403,O008841,P00425,1,15404.13,0,18
OI0016404,O008842,P00792,2,6294.32,10,18
OI0016405,O008842,P00039,1,3849.9,10,12
OI0016408,O008844,P00047,2,27054.4,0,5
OI0016409,O008845,P00948,1,8647.76,10,5
OI0016410,O008846,P00464,2,874.03,20,5
OI0016411,O008847,P00792,1,6282.18,25,0
OI0016412,O008848,P00011,3,12241.33,10,5
OI0016413,O008848,P00193,1,17330.9,20,5
OI0016414,O008848,P00091,1,14383.25,10,12
OI0016415,O008849,P00720,1,8974.19,0,0
OI0016416,O008849,P00466,4,808.6,10,5
OI0016417,O008850,P00894,1,8113.06,20,12
OI0016418,O008850,P00771,2,18692.46,0,12
OI0016419,O008851,P00481,2,16369.43,25,5
OI0016420,O008852,P00700,1,30671.81,20,0
OI0016421,O008852,P00081,1,13188.44,20,0
OI0016422,O008853,P00774,2,20236.22,0,0
OI0016424,O008854,P00483,1,21710.66,0,5
OI0016425,O008855,P00620,2,11973.81,0,12
OI0016426,O008855,P00162,1,26557.4,5,0
OI0016427,O008855,P00543,3,6116.14,20,18
OI0016428,O008856,P00999,1,9755.08,10,12
OI0016429,O008856,P00852,1,21168.15,5,5
OI0016430,O008857,P00952,1,9016.96,5,0
OI0016431,O008858,P00627,1,22889.25,0,18
OI0016432,O008858,P00456,1,3506.99,20,18
OI0016433,O008859,P00263,3,22386.24,5,0
OI0016434,O008860,P00455,1,1372.63,0,5
OI0016435,O008860,P00639,1,1492.89,5,0
OI0016436,O008861,P00102,2,921.13,0,12
OI0016437,O008862,P00066,1,6044.67,15,12
OI0016438,O008863,P00892,1,18246.06,0,18
OI0016440,O008865,P00492,2,9796.19,20,0
OI0016441,O008866,P00515,1,22801.17,0,5
OI0016442,O008867,P00406,4,29302.93,15,18
OI0016443,O008867,P00646,1,15149.44,25,0
OI0016444,O008868,P00638,1,21992.6,25,18
OI0016445,O008869,P00969,1,16962.71,0,0
OI0016446,O008869,P00667,2,21095.78,0,12
OI0016447,O008870,P00499,1,20704.66,10,18
OI0016448,O008870,P00135,2,28936.6,10,12
OI0016450,O008871,P00523,1,21937.43,15,0
OI0016451,O008872,P00577,1,25615.34,25,0
OI0016452,O008872,P00248,2,19370.59,10,5
OI0016453,O008872,P00035,1,19082.37,20,0
OI0016454,O008873,P00148,1,9494.54,5,0
OI0016455,O008874,P00168,2,16570.74,5,5
OI0016456,O008874,P00232,1,19860.12,10,0
OI0016458,O008876,P00051,1,14768.57,5,5
OI0016460,O008877,P00547,1,22250.03,0,5
OI0016461,O008878,P00932,3,9690.15,25,12
OI0016462,O008878,P00423,3,4586.7,0,18
OI0016464,O008879,P00785,1,7161.5,20,0
OI0016465,O008880,P00669,1,21513.02,20,12
OI0016466,O008880,P00448,1,20672.62,10,18
OI0016467,O008881,P00240,2,14026.81,0,18
OI0016468,O008881,P00689,1,27465.89,0,12
OI0016469,O008881,P00440,2,13212.67,0,12
OI0016470,O008882,P00109,1,13576.2,5,18
OI0016471,O008883,P00785,1,6949.61,0,0
OI0016472,O008883,P00378,1,28107.55,5,5
OI0016473,O008883,P00406,2,27966.45,0,0
OI0016474,O008884,P00630,3,15431.08,0,0
OI0016475,O008884,P00475,4,26315.89,15,0
OI0016476,O008884,P00590,1,3455.58,20,5
OI0016477,O008885,P00060,1,21653.76,0,5
OI0016478,O008885,P00223,3,7867.38,-5,12
OI0016480,O008886,P00435,2,27768.97,15,5
OI0016481,O008887,P00427,2,22661.01,0,12
OI0016482,O008888,P00019,1,16989.82,15,18
OI0016484,O008889,P00849,5,4613.86,5,12
OI0016485,O008889,P00768,1,26675.67,15,12
OI0016486,O008890,P00604,3,27505.67,15,12
OI0016487,O008890,P00974,1,8456.52,5,5
OI0016488,O008891,P00257,2,25164.29,0,18
OI0016489,O008892,P00366,1,11222.99,5,0
OI0016491,O008893,P00890,1,21566.03,20,0
OI0016492,O008894,P00564,1,19704.84,15,0
OI0016493,O008894,P00309,2,23103.75,5,0
OI0016494,O008895,P00352,2,22345.55,-5,12
OI0016495,O008896,P00783,1,17796.15,25,18
OI0016496,O008896,P00646,3,15214.19,5,18
OI0016497,O008896,P00090,4,18263.88,0,12
OI0016498,O008897,P00282,3,14583.99,0,0
OI0016499,O008897,P00993,1,14016.42,5,12
OI0016500,O008898,P00222,1,1900.24,10,18
OI0016502,O008898,P00094,4,10325.6,20,0
OI0016503,O008899,P00927,1,26288.55,5,18
OI0016504,O008899,P00667,2,20624.06,10,5
OI0016505,O008900,P00886,1,21183.67,20,5
OI0016506,O008901,P00453,1,428.25,0,0
OI0016507,O008902,P00199,3,19018.31,5,0
OI0016508,O008903,P00549,1,14588.34,25,5
OI0016509,O008903,P00084,1,28311.28,20,18
OI0016511,O008904,P00535,1,14535.24,20,5
OI0016512,O008905,P00509,1,15462.92,15,5
OI0016513,O008906,P00254,4,30012.53,0,5
OI0016514,O008906,P00062,1,26060.58,5,12
OI0016516,O008907,P00484,1,7229.95,20,18
OI0016517,O008908,P00727,2,12743.62,20,5
OI0016519,O008908,P00460,3,28563.06,10,12
OI0016520,O008909,P00184,4,13068.8,20,12
OI0016521,O008909,P00151,1,20208.33,10,18
OI0016523,O008910,P00376,1,25965.41,10,0
OI0016524,O008910,P00528,2,30097.16,15,5
OI0016526,O008911,P00495,1,17986.96,15,12
OI0016527,O008911,P00529,3,30237.13,15,5
OI0016528,O008912,P00520,2,28197.95,5,0
OI0016529,O008912,P00027,2,15682.32,5,5
OI0016530,O008913,P00112,2,28692.97,0,12
OI0016531,O008913,P00056,3,14694.94,0,18
OI0016533,O008915,P00320,2,2375.46,0,12
OI0016534,O008916,P00835,1,20595.93,-5,0
OI0016535,O008917,P00175,1,11307.69,5,18
OI0016536,O008918,P00241,1,4380.41,25,12
OI0016537,O008918,P00600,3,13980.71,15,12
OI0016538,O008919,P00926,3,23021.76,0,18
OI0016540,O008920,P00330,1,22402.06,10,0
OI0016541,O008921,P00784,2,8415.15,15,18
OI0016542,O008921,P00374,4,17821.04,5,5
OI0016544,O008922,P00749,2,1382.67,0,5
OI0016545,O008923,P00321,1,2066.05,25,18
OI0016546,O008924,P00029,1,16058.73,5,0
OI0016547,O008924,P00294,1,25464.75,0,18
OI0016548,O008925,P00209,2,19472.71,0,18
OI0016549,O008926,P00423,1,4240.62,0,12
OI0016550,O008926,P00541,2,18858.09,20,18
OI0016551,O008927,P00536,3,26456.91,10,5
OI0016552,O008928,P00176,4,4320.42,5,12
OI0016553,O008928,P00255,1,11050.31,10,5
OI0016554,O008929,P00099,2,26060.24,20,0
OI0016555,O008930,P00974,1,8963.0,0,0
OI0016556,O008930,P00762,2,20387.57,0,5
OI0016557,O008931,P00410,3,1792.31,0,12
OI0016558,O008931,P00569,1,28055.44,25,12
OI0016559,O008932,P00260,1,7838.22,0,12
OI0016560,O008932,P00017,4,10973.67,20,12
OI0016561,O008932,P00971,1,7022.98,20,12
OI0016562,O008933,P00340,1,26575.42,25,18
OI0016563,O008934,P00815,1,25101.67,0,12
OI0016564,O008934,P00069,2,24052.49,10,0
OI0016565,O008935,P00928,1,27993.96,25,5
OI0016566,O008936,P00798,1,10321.9,10,18
OI0016567,O008936,P00385,1,21804.02,15,5
OI0016568,O008937,P00209,1,19219.34,0,0
OI0016569,O008937,P00324,1,212.82,0,18
OI0016570,O008938,P00138,2,717.14,25,0
OI0016571,O008938,P00562,4,13289.7,0,12
OI0016572,O008939,P00497,1,9786.62,0,5
OI0016573,O008940,P00133,4,25576.46,0,12
OI0016574,O008941,P00943,1,7275.29,0,5
OI0016575,O008942,P00745,2,12328.9,10,5
OI0016576,O008943,P00057,1,12196.43,0,5
OI0016577,O008944,P00348,3,7232.61,15,0
OI0016578,O008944,P00073,1,29907.06,0,0
OI0016579,O008945,P00582,2,14960.36,5,0
OI0016580,O008945,P00389,2,4996.04,0,12
OI0016581,O008946,P00564,1,20969.34,0,12
OI0016582,O008947,P00989,3,17602.33,25,0
OI0016583,O008947,P00756,2,14852.31,0,18
OI0016584,O008948,P00928,1,29507.47,0,0
OI0016585,O008949,P00536,1,26266.08,0,5
OI0016586,O008950,P00238,1,14205.51,20,12
OI0016587,O008951,P00742,1,15006.85,25,18
OI0016588,O008951,P00703,1,9136.0,5,5
OI0016589,O008952,P00920,2,8434.48,25,0
OI0016590,O008952,P00318,2,23507.64,0,0
OI0016591,O008953,P00322,2,26686.96,15,0
OI0016592,O008953,P00552,1,18857.28,0,0
OI0016593,O008954,P00174,1,21671.13,0,5
OI0016594,O008955,P00372,4,20867.66,25,12
OI0016595,O008956,P00167,1,15552.24,20,18
OI0016596,O008956,P00428,1,17452.95,20,12
OI0016597,O008957,P00571,4,9092.12,15,18
OI0016598,O008957,P00769,4,14821.65,15,12
OI0016599,O008958,P00470,3,1021.65,25,18
OI0016600,O008958,P01000,1,24333.5,0,5
OI0016601,O008958,P00551,1,15563.75,10,18
OI0016602,O008959,P00244,2,2213.42,0,5
OI0016603,O008960,P00487,3,4130.63,0,0
OI0016604,O008961,P00008,3,26693.45,25,0
OI0016605,O008962,P00559,5,22169.24,0,18
OI0016606,O008962,P00418,2,21670.12,5,0
OI0016607,O008963,P00033,1,14383.38,0,5
OI0016608,O008963,P00471,2,13007.09,0,12
OI0016612,O008964,P00719,4,23007.91,0,18
OI0016613,O008965,P00794,2,5141.49,5,5
OI0016614,O008966,P00484,1,6992.93,0,12
OI0016615,O008967,P00737,2,23921.8,5,0
OI0016616,O008967,P00861,1,1675.15,0,12
OI0016618,O008968,P00513,1,27558.36,0,5
OI0016619,O008968,P00563,2,23593.95,5,0
OI0016620,O008969,P00594,2,14733.64,15,12
OI0016621,O008969,P00534,1,3301.0,0,5
OI0016622,O008969,P00164,1,16102.14,15,18
OI0016623,O008970,P00305,1,2911.62,10,12
OI0016624,O008970,P00204,1,15066.59,15,0
OI0016625,O008970,P00391,3,23389.16,0,18
OI0016626,O008971,P00069,2,24187.42,15,12
OI0016627,O008971,P00879,1,3518.9,20,12
OI0016628,O008972,P00584,2,20817.8,15,18
OI0016629,O008972,P00310,1,6447.85,20,18
OI0016630,O008972,P00306,4,18427.37,15,5
OI0016631,O008973,P00063,5,1335.25,0,12
OI0016632,O008973,P00204,2,15956.72,25,0
OI0016633,O008974,P00127,1,15587.57,20,0
OI0016635,O008976,P00702,1,933.49,20,5
OI0016636,O008976,P00081,4,12379.04,20,12
OI0016637,O008976,P00944,2,9250.21,15,18
OI0016638,O008977,P00280,3,8918.06,20,0
OI0016639,O008978,P00449,1,2377.07,0,12
OI0016641,O008979,P00520,3,28482.47,20,5
OI0016642,O008979,P00594,1,14291.88,0,5
OI0016643,O008980,P00753,1,27553.87,0,18
OI0016644,O008980,P00962,3,18381.02,15,12
OI0016646,O008981,P00413,1,3239.91,15,18
OI0016648,O008982,P00544,1,14385.51,5,18
OI0016649,O008983,P00056,2,14684.77,15,12
OI0016650,O008984,P00714,1,27592.15,0,18
OI0016651,O008984,P00210,2,4198.21,25,5
OI0016652,O008985,P00291,4,16238.66,25,5
OI0016653,O008985,P00295,1,4972.95,15,5
OI0016655,O008986,P00953,1,449.41,25,12
OI0016656,O008986,P00682,1,14838.26,0,0
OI0016657,O008987,P00553,4,16156.7,10,18
OI0016658,O008988,P00334,2,19754.06,20,18
OI0016659,O008989,P00111,1,12715.98,0,5
OI0016660,O008990,P00500,1,7138.18,10,5
OI0016661,O008991,P00517,2,28202.93,-5,18
OI0016663,O008993,P00827,2,8704.24,5,0
OI0016664,O008994,P00419,4,26531.35,-5,18
OI0016665,O008995,P00929,4,2023.87,25,12
OI0016666,O008995,P00543,1,6677.49,10,5
OI0016667,O008996,P00532,1,13971.21,5,5
OI0016668,O008997,P00284,1,13739.14,25,12
OI0016669,O008997,P00566,1,14135.84,0,5
OI0016671,O008998,P00689,1,29418.59,10,5
OI0016672,O008999,P00175,1,11652.36,0,5
OI0016673,O009000,P00823,1,7599.34,5,18
OI0016674,O009000,P00247,1,17606.63,0,5
OI0016675,O009001,P00504,4,7031.46,20,12
OI0016676,O009001,P00477,3,21628.43,20,18
OI0016677,O009001,P00173,1,2849.31,25,12
OI0016678,O009002,P00350,1,22759.32,0,18
OI0016679,O009002,P00912,3,10929.68,25,5
OI0016680,O009003,P00714,2,27811.33,25,5
OI0016681,O009003,P00847,3,20856.46,5,18
OI0016682,O009004,P00433,2,703.28,15,0
OI0016683,O009004,P00381,1,12201.34,0,5
OI0016684,O009005,P00016,1,11505.5,0,12
OI0016685,O009006,P00374,1,17938.23,0,0
OI0016686,O009006,P00278,1,19921.97,0,0
OI0016687,O009007,P00319,1,21981.28,5,12
OI0016688,O009008,P00428,2,17566.66,20,5
OI0016689,O009008,P00661,2,28696.37,20,5
OI0016690,O009009,P00747,1,27337.19,0,0
OI0016692,O009011,P00880,2,15326.89,10,0
OI0016693,O009011,P00525,1,1374.36,0,0
OI0016694,O009012,P00045,2,25388.94,-5,0
OI0016695,O009012,P00250,1,19366.38,0,5
OI0016696,O009012,P00129,2,8027.5,0,18
OI0016697,O009013,P00966,2,26626.83,0,18
OI0016698,O009014,P00112,1,26702.2,10,0
OI0016699,O009015,P00828,1,8079.85,0,5
OI0016700,O009015,P00992,2,7140.35,0,0
OI0016701,O009015,P00001,1,9450.08,0,5
OI0016703,O009017,P00168,1,16431.6,10,12
OI0016704,O009017,P00279,3,15935.07,0,18
OI0016705,O009017,P00110,1,1075.23,5,18
OI0016706,O009018,P00688,1,25877.76,5,0
OI0016707,O009019,P00577,1,25663.71,20,0
OI0016708,O009020,P00434,2,8826.56,5,5
OI0016709,O009020,P00340,2,27451.58,25,0
OI0016710,O009020,P00328,1,5758.35,15,18
OI0016711,O009021,P00148,1,8846.42,0,0
OI0016712,O009021,P00863,1,22218.88,5,5
OI0016713,O009022,P00574,2,13053.88,15,12
OI0016715,O009023,P00302,2,12353.58,0,0
OI0016716,O009023,P00233,2,4729.18,20,0
OI0016717,O009024,P00588,3,26176.91,25,5
OI0016718,O009024,P00349,3,10759.02,5,12
OI0016719,O009024,P00847,1,22020.32,0,5
OI0016720,O009025,P00941,3,20584.16,25,12
OI0016721,O009026,P00605,1,6087.9,20,0
OI0016722,O009027,P00915,1,4347.39,0,12
OI0016723,O009027,P00257,2,23995.92,0,12
OI0016724,O009028,P00645,1,25506.17,0,5
OI0016727,O009029,P00889,2,17004.64,0,0
OI0016728,O009029,P00903,2,7483.22,20,0
OI0016729,O009030,P00216,1,29588.25,0,5
OI0016731,O009031,P00358,2,4550.92,0,0
OI0016732,O009031,P00893,2,5800.87,0,18
OI0016733,O009032,P00485,1,14738.23,15,18
OI0016734,O009032,P00081,2,12516.87,0,5
OI0016735,O009032,P00691,1,14323.23,0,18
OI0016736,O009033,P00985,3,16181.1,5,5
OI0016737,O009033,P00071,1,13002.59,0,18
OI0016738,O009033,P00388,1,14676.61,5,0
OI0016739,O009034,P00601,1,19969.32,5,12
OI0016740,O009035,P00334,1,19351.21,0,18
OI0016741,O009036,P00275,2,10205.29,5,5
OI0016742,O009037,P00064,1,8644.35,20,0
OI0016743,O009037,P00331,1,26215.19,5,18
OI0016744,O009037,P00105,1,15633.6,15,18
OI0016745,O009038,P00913,2,2120.54,0,5
OI0016746,O009038,P00132,2,4847.19,20,0
OI0016747,O009038,P00363,2,22961.81,0,5
OI0016748,O009039,P00344,1,19316.79,0,12
OI0016751,O009041,P00333,1,8171.92,25,5
OI0016752,O009042,P00700,1,27944.63,20,12
OI0016753,O009043,P00537,3,15260.01,20,12
OI0016754,O009043,P00563,1,24420.62,20,0
OI0016755,O009044,P00650,1,29635.24,20,12
OI0016756,O009045,P00728,5,4763.77,10,18
OI0016757,O009045,P00032,1,20390.05,0,0
OI0016758,O009045,P00777,4,22978.12,10,5
OI0016759,O009046,P00576,2,15414.21,0,5
OI0016760,O009046,P00362,2,20184.24,0,18
OI0016761,O009046,P00809,3,7161.05,0,0
OI0016762,O009047,P00823,2,7173.44,10,18
OI0016763,O009047,P00886,1,21009.88,0,18
OI0016764,O009048,P00809,1,6939.59,5,0
OI0016765,O009048,P00734,2,19405.56,0,5
OI0016766,O009049,P00183,3,24401.72,0,12
OI0016767,O009049,P00123,1,288.7,10,12
OI0016768,O009049,P00981,1,21248.4,0,0
OI0016769,O009050,P00409,2,13579.29,25,12
OI0016770,O009050,P00030,1,23614.75,20,18
OI0016771,O009051,P00633,1,5881.93,-5,18
OI0016772,O009051,P00892,1,17194.67,15,12
OI0016773,O009052,P00935,1,6958.47,5,18
OI0016774,O009052,P00350,2,23092.34,0,0
OI0016776,O009053,P00066,1,5825.75,10,12
OI0016777,O009053,P00847,1,21279.68,5,0
OI0016778,O009054,P00304,2,23493.65,0,5
OI0016779,O009054,P00064,1,9190.86,0,5
OI0016781,O009055,P00794,1,5171.2,10,0
OI0016782,O009056,P00584,2,22646.13,5,12
OI0016783,O009056,P00742,3,14641.63,25,18
OI0016784,O009057,P00406,1,28584.09,25,0
OI0016785,O009057,P00638,4,21296.32,0,12
OI0016786,O009057,P00841,3,16239.47,5,18
OI0016787,O009058,P00311,1,29541.2,10,0
OI0016788,O009058,P00679,1,28757.66,0,12
OI0016789,O009058,P00535,3,14143.69,25,0
OI0016790,O009059,P00481,3,14990.4,0,5
OI0016791,O009060,P00761,1,9645.44,5,5
OI0016792,O009060,P00654,3,8417.23,0,0
OI0016793,O009061,P00093,1,4298.81,0,5
OI0016794,O009061,P00114,1,12043.3,15,18
OI0016795,O009062,P00742,1,15296.43,20,18
OI0016796,O009063,P00876,1,8721.44,0,18
OI0016797,O009063,P00879,1,3602.26,0,0
OI0016798,O009064,P00961,1,12104.19,0,5
OI0016799,O009064,P00307,1,29768.04,10,5
OI0016800,O009065,P00934,1,25885.96,20,12
OI0016801,O009065,P00543,2,6381.59,5,12
OI0016802,O009066,P00262,1,8529.17,25,12
OI0016803,O009066,P00873,1,25673.99,0,18
OI0016804,O009067,P00201,1,29806.38,20,0
OI0016805,O009067,P00926,1,23272.62,20,12
OI0016806,O009067,P00822,1,15057.81,15,5
OI0016807,O009068,P00929,3,2075.89,0,12
OI0016808,O009068,P00700,1,28198.31,0,12
OI0016809,O009069,P00679,1,29171.83,0,18
OI0016810,O009069,P00605,3,6592.05,0,0
OI0016811,O009070,P00608,1,18219.44,0,5
OI0016812,O009070,P00218,1,23074.8,5,18
OI0016813,O009071,P00086,2,15562.31,0,12
OI0016814,O009071,P00075,2,18602.86,0,5
OI0016815,O009071,P00761,1,9747.79,0,0
OI0016816,O009072,P00412,1,6354.45,20,18
OI0016817,O009072,P00321,1,1998.96,10,12
OI0016818,O009073,P00771,3,18559.45,5,0
OI0016819,O009074,P00578,1,14558.66,0,5
OI0016820,O009074,P00052,1,13718.77,5,0
OI0016821,O009075,P00166,1,28521.15,25,12
OI0016822,O009075,P00886,1,21725.91,15,18
OI0016823,O009076,P00910,3,19344.87,5,18
OI0016824,O009076,P00531,1,28671.66,0,5
OI0016825,O009077,P00162,3,26084.71,0,12
OI0016826,O009077,P00681,1,28992.99,0,18
OI0016827,O009077,P00408,1,24687.2,0,0
OI0016828,O009078,P00617,1,11111.18,0,18
OI0016829,O009079,P00642,4,26143.36,0,12
OI0016830,O009079,P00179,1,3030.9,5,0
OI0016831,O009079,P00333,2,8312.57,0,0
OI0016832,O009080,P00015,3,29635.64,0,5
OI0016834,O009081,P00944,2,9696.6,-5,18
OI0016835,O009081,P00391,1,24195.26,5,18
OI0016836,O009082,P00191,1,14318.36,0,5
OI0016837,O009083,P00293,2,7975.23,10,18
OI0016838,O009083,P00922,2,25792.74,25,5
OI0016840,O009084,P00839,1,17949.47,20,5
OI0016841,O009085,P00201,1,30334.24,5,12
OI0016842,O009085,P00115,4,27730.63,10,12
OI0016843,O009086,P00476,2,16117.31,25,0
OI0016844,O009086,P00285,1,14950.44,0,18
OI0016845,O009087,P00112,1,27804.06,0,5
OI0016846,O009087,P00511,1,20708.28,0,0
OI0016847,O009088,P00614,2,12118.19,0,18
OI0016848,O009089,P00517,1,27324.17,5,5
OI0016849,O009090,P00673,2,9690.9,5,18
OI0016850,O009091,P00380,3,26771.19,15,0
OI0016852,O009092,P00075,5,18676.93,5,5
OI0016853,O009092,P00037,1,13981.46,25,5
OI0016854,O009092,P00986,4,17720.97,0,18
OI0016855,O009093,P00260,1,8142.66,15,12
OI0016856,O009093,P00599,1,27403.53,20,0
OI0016857,O009093,P00990,1,26866.17,10,12
OI0016858,O009094,P00143,2,3185.56,0,5
OI0016859,O009094,P00596,2,27137.91,20,5
OI0016860,O009094,P00387,1,320.97,10,12
OI0016861,O009095,P00302,1,12992.25,0,12
OI0016862,O009095,P00755,2,15814.75,0,12
OI0016863,O009096,P00016,2,12306.29,20,18
OI0016864,O009096,P00045,1,25818.93,15,5
OI0016865,O009096,P00123,2,292.8,25,12
OI0016866,O009097,P00672,2,15578.88,25,18
OI0016868,O009098,P00760,5,8514.94,20,5
OI0016869,O009098,P00375,1,13122.12,0,12
OI0016870,O009099,P00528,1,28131.68,25,5
OI0016871,O009099,P00924,1,10276.24,10,0
OI0016872,O009100,P00489,1,11340.33,10,18
OI0016873,O009100,P00366,1,11091.81,0,12
OI0016874,O009101,P00827,1,9170.72,20,18
OI0016875,O009101,P00809,3,7230.31,5,0
OI0016876,O009101,P00454,1,14423.78,20,12
OI0016877,O009102,P00114,1,12115.74,5,12
OI0016878,O009102,P00259,1,24852.34,0,5
OI0016879,O009103,P00405,1,2004.35,15,12
OI0016880,O009103,P00317,1,28617.95,0,18
OI0016881,O009104,P00237,1,23905.83,25,5
OI0016882,O009104,P00985,1,17119.8,0,0
OI0016883,O009104,P00522,1,18693.43,5,0
OI0016884,O009105,P00296,2,20557.18,5,5
OI0016885,O009106,P00809,1,7480.71,20,18
OI0016886,O009106,P00305,1,2936.37,25,18
OI0016887,O009107,P00716,1,6358.39,15,5
OI0016888,O009107,P00373,1,21050.29,0,5
OI0016889,O009107,P00004,1,13863.19,5,12
OI0016890,O009108,P00170,3,19210.56,0,0
OI0016891,O009108,P00637,4,30559.87,0,0
OI0016892,O009109,P00051,1,14993.97,5,12
OI0016893,O009110,P00789,1,29567.52,25,0
OI0016894,O009110,P00557,1,5107.8,10,5
OI0016895,O009111,P00766,1,14359.4,0,0
OI0016896,O009111,P00486,1,23150.48,0,12
OI0016898,O009112,P00277,2,2410.27,0,18
OI0016900,O009113,P00378,2,26295.55,0,12
OI0016901,O009114,P00567,3,29822.69,0,12
OI0016902,O009115,P00305,1,2820.54,20,5
OI0016903,O009115,P00606,2,28580.08,0,5
OI0016904,O009115,P00991,1,5809.94,0,0
OI0016905,O009116,P00009,1,19518.6,15,12
OI0016907,O009116,P00404,4,9812.09,15,12
OI0016909,O009118,P00345,1,6001.01,20,18
OI0016910,O009118,P00630,1,16603.75,25,18
OI0016911,O009119,P00857,1,1309.41,5,0
OI0016912,O009119,P00965,5,7430.46,20,5
OI0016913,O009120,P00770,2,21904.49,0,5
OI0016914,O009120,P00194,1,28705.07,0,18
OI0016915,O009121,P00991,2,6004.19,0,0
OI0016916,O009121,P00332,2,9614.3,0,18
OI0016917,O009122,P00894,1,8400.33,20,12
OI0016918,O009122,P00172,2,25283.32,20,0
OI0016919,O009123,P00442,1,12174.79,15,18
OI0016920,O009124,P00064,2,8872.57,0,5
OI0016923,O009125,P00932,1,9496.14,10,12
OI0016924,O009126,P00455,1,1386.59,5,5
OI0016925,O009126,P00300,1,6318.72,0,12
OI0016926,O009127,P00641,1,1236.96,0,12
OI0016927,O009127,P00111,1,12862.17,25,18
OI0016928,O009127,P00662,2,7850.26,15,18
OI0016929,O009128,P00797,2,5270.53,0,5
OI0016930,O009129,P00401,1,19936.18,15,5
OI0016931,O009130,P00063,3,1366.45,0,5
OI0016932,O009130,P00089,1,28667.79,15,18
OI0016933,O009130,P00484,3,6982.14,5,18
OI0016934,O009131,P00852,1,21498.98,5,5
OI0016935,O009131,P00045,3,25224.52,0,5
OI0016936,O009131,P00757,1,5370.7,0,5
OI0016937,O009132,P00612,1,8899.57,15,18
OI0016938,O009132,P00866,3,28030.27,20,18
OI0016939,O009133,P00939,1,10444.19,10,12
OI0016940,O009133,P00169,3,4080.54,10,12
OI0016942,O009135,P00653,2,3606.31,0,18
OI0016943,O009136,P00898,1,4257.97,15,12
OI0016945,O009137,P00590,2,3317.43,0,5
OI0016946,O009137,P00719,1,22873.59,0,18
OI0016947,O009138,P00005,1,29846.02,0,0
OI0016948,O009138,P00963,4,3939.64,20,0
OI0016949,O009139,P00939,1,10121.41,25,0
OI0016950,O009139,P00876,1,8434.53,0,0
OI0016951,O009140,P00424,1,21141.28,25,18
OI0016952,O009141,P00799,1,27171.77,10,18
OI0016953,O009142,P00908,1,9135.35,0,18
OI0016954,O009142,P00546,5,1086.28,20,0
OI0016955,O009143,P00567,1,30134.7,15,0
OI0016957,O009144,P00531,3,27474.55,5,12
OI0016958,O009145,P00354,1,18022.53,0,0
OI0016961,O009147,P00229,1,19246.45,5,5
OI0016962,O009147,P00634,1,9603.54,5,18
OI0016963,O009148,P00137,1,27680.4,0,0
OI0016964,O009148,P00595,1,23352.87,0,18
OI0016967,O009150,P00117,2,27190.49,5,18
OI0016969,O009151,P00531,1,27448.95,20,0
OI0016970,O009151,P00732,1,16942.14,5,18
OI0016971,O009152,P00931,1,4168.7,5,18
OI0016972,O009152,P00797,1,5110.57,20,5
OI0016973,O009153,P00948,1,8792.49,5,0
OI0016974,O009153,P00787,1,16959.63,0,18
OI0016975,O009154,P00033,1,15271.64,10,18
OI0016976,O009154,P00876,1,8502.91,0,12
OI0016977,O009155,P00870,1,8249.92,0,12
OI0016979,O009156,P00989,1,18565.59,0,18
OI0016980,O009156,P00336,2,16684.75,5,5
OI0016981,O009157,P00356,1,10962.76,25,5
OI0016982,O009158,P00581,1,25139.12,15,5
OI0016983,O009158,P00048,4,4041.95,10,0
OI0016984,O009158,P00396,1,4328.32,0,0
OI0016986,O009160,P00457,3,634.9,20,5
OI0016987,O009160,P00060,3,20134.38,-5,5
OI0016988,O009161,P00524,1,13270.04,5,0
OI0016989,O009162,P00672,4,15937.41,0,18
OI0016990,O009163,P00866,5,28737.88,15,12
OI0016992,O009164,P00680,4,6693.56,0,0
OI0016993,O009165,P00857,4,1249.84,0,18
OI0016994,O009165,P00989,2,18692.21,0,0
OI0016995,O009166,P00763,2,22974.1,25,18
OI0016996,O009166,P00079,1,17212.86,20,18
OI0016997,O009166,P00543,1,6676.75,0,0
OI0016998,O009167,P00950,3,1497.05,25,0
OI0016999,O009167,P00451,1,28188.32,10,5
OI0017000,O009167,P00999,2,10149.87,0,0
OI0017001,O009168,P00141,3,17707.03,25,18
OI0017002,O009169,P00189,1,6472.61,-5,12
OI0017003,O009169,P00425,1,15403.53,25,18
OI0017004,O009169,P00239,2,27334.6,5,18
OI0017005,O009170,P00139,1,2478.62,0,5
OI0017006,O009171,P00749,1,1383.69,0,18
OI0017007,O009172,P00724,1,15619.87,0,18
OI0017008,O009172,P00046,1,12356.82,15,0
OI0017009,O009172,P00377,4,25257.61,10,12
OI0017010,O009173,P00676,1,20726.06,0,18
OI0017011,O009173,P00723,2,7630.19,25,12
OI0017012,O009174,P00135,1,26367.82,20,12
OI0017013,O009174,P00045,1,25074.97,0,5
OI0017014,O009174,P00841,1,15917.66,10,0
OI0017017,O009176,P00909,1,11890.15,0,0
OI0017018,O009176,P00310,1,6582.25,0,12
OI0017021,O009177,P00570,1,11601.86,10,18
OI0017022,O009178,P00626,4,2354.04,10,18
OI0017024,O009179,P00790,2,26605.4,0,18
OI0017025,O009180,P00949,2,30620.41,0,5
OI0017026,O009180,P00689,1,27947.49,5,0
OI0017027,O009181,P00210,1,4574.71,5,0
OI0017028,O009181,P00452,2,20120.25,0,12
OI0017029,O009182,P00684,1,21481.33,5,12
OI0017032,O009184,P00744,1,8056.79,0,18
OI0017033,O009185,P00227,1,9582.88,15,18
OI0017034,O009185,P00167,1,15072.55,0,12
OI0017035,O009186,P00255,1,10516.47,0,12
OI0017036,O009186,P00025,1,3276.17,20,0
OI0017037,O009187,P00866,1,28721.45,0,0
OI0017038,O009187,P00191,3,14897.94,15,0
OI0017039,O009188,P00231,1,1159.24,0,5
OI0017040,O009188,P00806,1,15737.68,0,0
OI0017041,O009189,P00681,1,28204.23,5,0
OI0017042,O009190,P00243,2,15182.24,10,0
OI0017043,O009191,P00781,2,10665.76,5,12
OI0017045,O009192,P00411,1,6087.23,10,5
OI0017046,O009192,P00966,1,26393.09,25,12
OI0017047,O009192,P00155,1,11570.33,20,5
OI0017049,O009194,P00672,1,16396.13,0,18
OI0017050,O009194,P00239,1,28524.44,0,12
OI0017051,O009194,P00271,2,23448.08,25,18
OI0017052,O009195,P00717,4,25352.86,25,12
OI0017053,O009195,P00199,1,19464.87,0,18
OI0017054,O009195,P00129,3,8583.23,15,0
OI0017055,O009196,P00472,2,4506.13,15,12
OI0017057,O009196,P00242,2,2057.4,10,12
OI0017058,O009197,P00287,3,26923.24,0,18
OI0017059,O009198,P00878,2,13189.2,0,12
OI0017060,O009198,P00280,1,9224.88,0,5
OI0017061,O009199,P00558,1,12632.33,5,0
OI0017062,O009200,P00023,1,3279.69,5,5
OI0017063,O009200,P00833,1,26607.69,5,0
OI0017064,O009201,P00348,5,7548.66,0,12
OI0017065,O009201,P00908,1,9061.06,0,0
OI0017066,O009201,P00517,4,27727.61,15,5
OI0017067,O009202,P00865,1,22953.47,5,5
OI0017068,O009202,P00923,1,4809.76,0,5
OI0017069,O009203,P00316,3,24494.36,25,0
OI0017072,O009204,P00233,1,4490.14,25,5
OI0017075,O009205,P00739,3,16760.12,20,5
OI0017076,O009205,P00831,2,7428.07,20,5
OI0017077,O009206,P00147,1,30939.54,25,12
OI0017078,O009206,P00316,1,24513.94,0,0
OI0017079,O009207,P00989,2,18411.9,-5,0
OI0017080,O009207,P00248,3,18650.84,5,12
OI0017081,O009207,P00685,1,260.72,20,18
OI0017084,O009208,P00867,1,12312.47,20,5
OI0017085,O009209,P00066,3,6016.97,0,5
OI0017086,O009209,P00284,1,13307.88,10,12
OI0017087,O009209,P00633,3,6148.86,0,18
OI0017089,O009210,P00734,2,20541.01,0,12
OI0017090,O009211,P00718,4,6561.62,20,18
OI0017091,O009212,P00876,1,8484.37,25,12
OI0017093,O009213,P00957,3,17645.24,10,18
OI0017094,O009213,P00992,1,7565.49,5,18
OI0017095,O009213,P00029,1,17007.9,0,5
OI0017096,O009214,P00319,1,22330.51,5,0
OI0017097,O009214,P00827,1,8816.68,0,12
OI0017098,O009215,P00013,1,5055.14,15,18
OI0017099,O009215,P00665,1,29192.69,0,0
OI0017100,O009216,P01000,1,25067.82,0,0
OI0017103,O009217,P00786,1,29731.62,0,0
OI0017104,O009218,P00055,5,26164.28,0,5
OI0017105,O009218,P00209,1,20314.42,0,5
OI0017106,O009219,P00052,1,13851.95,0,12
OI0017107,O009219,P00570,2,11572.42,10,5
OI0017108,O009220,P00101,2,16295.46,0,12
OI0017109,O009220,P00433,1,661.19,0,5
OI0017110,O009220,P00725,2,26295.89,10,5
OI0017111,O009221,P00854,2,12677.79,15,12
OI0017112,O009222,P00694,1,21602.02,0,12
OI0017113,O009223,P00691,2,14278.7,10,12
OI0017114,O009223,P00752,1,264.4,5,12
OI0017115,O009224,P00752,5,288.87,-5,18
OI0017116,O009224,P00583,1,19784.43,-5,12
OI0017117,O009225,P00539,3,13396.31,15,12
OI0017118,O009225,P00213,1,14227.61,25,0
OI0017119,O009226,P00096,4,19690.01,20,5
OI0017120,O009227,P00350,1,22272.31,20,18
OI0017121,O009228,P00713,2,3036.69,0,12
OI0017122,O009229,P00738,2,25409.78,5,0
OI0017123,O009229,P00027,1,15550.12,10,0
OI0017124,O009229,P00954,2,22646.17,0,0
OI0017125,O009230,P00502,1,15170.75,25,12
OI0017126,O009230,P00982,4,9355.74,0,18
OI0017127,O009231,P00040,1,14180.6,15,0
OI0017128,O009231,P00711,2,24652.55,20,12
OI0017129,O009232,P00869,3,1338.77,20,0
OI0017130,O009233,P00329,1,892.62,0,12
OI0017131,O009233,P00077,3,3318.37,5,12
OI0017132,O009234,P00478,3,25801.54,25,12
OI0017133,O009235,P00729,4,24374.59,5,18
OI0017134,O009235,P00531,1,29239.17,0,5
OI0017135,O009235,P00078,1,13429.6,25,5
OI0017136,O009236,P00167,2,14391.36,5,18
OI0017137,O009236,P00671,3,17267.81,0,18
OI0017138,O009237,P00807,1,5366.03,20,18
OI0017139,O009238,P00124,1,16563.31,5,18
OI0017140,O009239,P00516,1,14879.57,5,5
OI0017141,O009239,P00956,1,17067.57,10,0
OI0017142,O009240,P00676,5,19621.88,0,0
OI0017143,O009240,P00618,1,15358.79,0,18
OI0017144,O009241,P00784,1,8308.25,0,12
OI0017146,O009242,P00591,1,14762.02,10,18
OI0017147,O009243,P00045,1,24970.9,-5,5
OI0017148,O009243,P00139,1,2321.38,20,12
OI0017149,O009244,P00878,3,13553.44,15,12
OI0017150,O009244,P00149,2,30881.33,0,12
OI0017151,O009245,P00317,1,28620.72,0,0
OI0017152,O009245,P00529,1,29936.94,20,0
OI0017153,O009245,P00652,2,3985.86,25,12
OI0017156,O009247,P00482,1,28939.97,0,5
OI0017157,O009248,P00826,1,11062.8,0,12
OI0017158,O009248,P00066,1,5879.75,5,0
OI0017159,O009249,P00735,4,16481.26,0,12
OI0017161,O009249,P00165,1,28466.77,-5,5
OI0017162,O009250,P00490,1,24129.73,0,5
OI0017164,O009252,P00857,1,1203.67,25,12
OI0017165,O009252,P00560,2,16218.12,15,0
OI0017166,O009253,P00958,1,24010.43,10,5
OI0017167,O009253,P00898,1,4253.35,25,18
OI0017168,O009253,P00044,1,22249.88,0,12
OI0017169,O009254,P00716,4,6316.8,0,0
OI0017170,O009255,P00430,3,12979.22,25,0
OI0017171,O009255,P00763,1,24683.55,10,5
OI0017172,O009255,P00881,1,20809.38,5,12
OI0017173,O009256,P00478,1,24797.49,0,5
OI0017174,O009256,P00279,4,15511.46,20,12
OI0017175,O009256,P00480,1,17096.66,0,5
OI0017177,O009257,P00232,1,20211.23,5,18
OI0017178,O009257,P00254,1,27848.76,0,0
OI0017179,O009258,P00972,1,19661.73,0,5
OI0017180,O009258,P00692,2,15143.71,0,5
OI0017181,O009259,P00527,1,19248.24,20,12
OI0017182,O009259,P00118,1,21369.39,5,18
OI0017183,O009260,P00658,1,9937.91,15,18
OI0017184,O009261,P00390,1,23748.55,25,0
OI0017185,O009261,P00727,1,12636.85,15,5
OI0017186,O009262,P00809,1,7045.47,0,5
OI0017187,O009263,P00435,1,28023.48,15,12
OI0017188,O009263,P00289,2,7900.65,10,12
OI0017189,O009264,P00026,1,15559.86,0,0
OI0017190,O009264,P00594,1,15274.54,10,0
OI0017191,O009264,P00643,1,13849.95,0,12
OI0017192,O009265,P00535,1,14633.41,15,5
OI0017193,O009265,P00493,3,2894.59,10,12
OI0017194,O009265,P00809,4,7271.5,15,5
OI0017195,O009266,P00575,1,17764.24,0,5
OI0017196,O009267,P00820,3,18518.25,15,18
OI0017197,O009268,P00930,1,9827.28,0,0
OI0017198,O009268,P00211,2,626.17,20,5
OI0017199,O009268,P00674,1,9538.32,0,0
OI0017200,O009269,P00863,2,23303.22,10,0
OI0017201,O009270,P00430,3,12977.17,25,5
OI0017202,O009270,P00390,1,25102.57,0,0
OI0017203,O009271,P00603,2,4868.2,0,5
OI0017204,O009271,P00957,1,17913.04,0,5
OI0017205,O009271,P00254,2,27481.61,0,0
OI0017206,O009272,P00196,1,5341.76,20,12
OI0017207,O009272,P00445,2,10332.28,5,18
OI0017208,O009273,P00361,2,29152.55,15,18
OI0017211,O009276,P00987,1,23814.34,15,0
OI0017212,O009276,P00324,1,227.09,0,0
OI0017213,O009276,P00366,1,11885.16,0,5
OI0017214,O009277,P00283,1,4837.56,5,12
OI0017216,O009278,P00954,2,22287.95,20,18
OI0017218,O009279,P00825,1,24585.91,0,18
OI0017219,O009279,P00158,2,12263.49,0,5
OI0017220,O009280,P00940,1,29945.54,0,12
OI0017221,O009281,P00164,1,17395.57,-5,5
OI0017222,O009281,P00541,1,18133.62,-5,5
OI0017223,O009281,P00738,1,25406.66,10,0
OI0017224,O009282,P00468,2,24945.5,0,12
OI0017225,O009283,P00269,1,17997.09,0,12
OI0017226,O009283,P00801,1,2163.45,15,0
OI0017227,O009284,P00071,3,12815.75,0,5
OI0017228,O009285,P00188,2,17440.55,20,18
OI0017229,O009286,P00952,1,8785.03,0,12
OI0017230,O009287,P00407,2,12026.86,20,18
OI0017231,O009287,P00193,1,17111.5,0,12
OI0017232,O009287,P00953,1,467.07,10,0
OI0017233,O009288,P00219,3,14667.77,5,0
OI0017234,O009289,P00930,1,10066.55,10,18
OI0017235,O009289,P00935,1,7024.84,25,0
OI0017236,O009289,P00307,1,30796.86,0,0
OI0017237,O009290,P00114,1,11473.26,25,18
OI0017238,O009290,P00365,3,12920.69,5,12
OI0017239,O009291,P00928,1,28850.26,5,5
OI0017240,O009291,P00802,4,7233.65,-5,18
OI0017241,O009292,P00748,2,24431.88,0,0
OI0017242,O009292,P00557,1,4948.5,20,5
OI0017243,O009292,P00987,1,24194.52,5,18
OI0017244,O009293,P00181,1,30645.15,0,12
OI0017245,O009293,P00906,1,1700.47,5,5
OI0017246,O009294,P00124,2,16174.69,0,12
OI0017247,O009294,P00205,1,17566.99,0,12
OI0017249,O009296,P00745,1,12713.09,5,18
OI0017250,O009296,P00648,2,17559.82,0,0
OI0017251,O009297,P00316,1,26430.17,0,5
OI0017253,O009298,P00143,1,3053.86,20,0
OI0017254,O009298,P00154,1,27381.44,0,5
OI0017255,O009299,P00286,1,550.81,0,18
OI0017256,O009300,P00273,1,10143.25,5,18
OI0017257,O009300,P00716,1,6076.57,15,18
OI0017258,O009300,P00663,1,26947.08,-5,5
OI0017260,O009301,P00635,1,11402.09,0,12
OI0017262,O009302,P00974,1,8497.87,20,18
OI0017264,O009303,P00541,1,18999.39,15,12
OI0017265,O009304,P00710,5,20092.56,15,0
OI0017266,O009304,P00596,1,25367.47,0,5
OI0017267,O009305,P00798,1,10216.13,10,5
OI0017268,O009305,P00376,1,25781.38,0,18
OI0017269,O009306,P00936,1,28479.58,10,12
OI0017270,O009307,P00329,3,904.77,5,12
OI0017271,O009307,P00349,2,11099.32,20,0
OI0017272,O009308,P00225,1,9680.1,10,18
OI0017273,O009308,P00209,2,18977.37,5,0
OI0017274,O009309,P00321,2,2050.68,0,5
OI0017275,O009310,P00813,2,9755.43,5,18
OI0017277,O009311,P00118,2,21468.35,15,5
OI0017278,O009312,P00621,1,15878.43,15,12
OI0017279,O009312,P00326,1,14123.3,10,18
OI0017280,O009313,P00157,2,17713.31,0,18
OI0017281,O009313,P00735,3,15963.82,0,12
OI0017282,O009314,P00897,2,6691.59,15,5
OI0017283,O009315,P00798,1,10097.75,15,12
OI0017284,O009316,P00050,1,27395.37,0,0
OI0017285,O009316,P00833,1,26321.5,10,0
OI0017286,O009316,P00260,1,8392.61,0,5
OI0017287,O009317,P00391,1,24794.05,25,5
OI0017288,O009317,P00305,1,2840.29,0,5
OI0017289,O009317,P00058,2,18095.37,5,12
OI0017291,O009318,P00087,1,4102.64,20,0
OI0017292,O009319,P00533,1,2192.76,0,5
OI0017293,O009319,P00938,1,10250.48,0,12
OI0017294,O009320,P00768,1,25827.72,5,12
OI0017295,O009321,P00763,3,23884.07,0,0
OI0017296,O009321,P00293,2,8068.39,0,12
OI0017297,O009321,P00632,1,22681.94,10,0
OI0017298,O009322,P00553,2,16813.69,25,0
OI0017299,O009323,P00808,1,18798.27,0,5
OI0017300,O009324,P00474,1,21673.07,15,5
OI0017301,O009325,P00996,1,8247.88,0,18
OI0017304,O009326,P00618,3,14897.07,0,0
OI0017306,O009327,P00238,2,12969.1,0,0
OI0017307,O009328,P00873,4,25388.64,0,12
OI0017308,O009328,P00766,2,13369.24,0,18
OI0017310,O009329,P00586,1,11707.23,25,12
OI0017311,O009330,P00584,1,21013.03,20,0
OI0017312,O009330,P00333,1,8144.08,5,18
OI0017314,O009331,P00157,3,17960.63,5,5
OI0017315,O009332,P00734,3,20142.06,5,18
OI0017316,O009332,P00320,1,2421.69,25,18
OI0017317,O009333,P00853,1,2788.96,5,5
OI0017319,O009333,P00845,3,6747.64,5,0
OI0017320,O009334,P00267,1,18987.41,25,12
OI0017322,O009334,P00955,2,24699.91,15,12
OI0017323,O009335,P00792,3,6160.31,15,5
OI0017324,O009335,P00983,1,2827.86,0,12
OI0017325,O009335,P00009,2,20140.0,20,18
OI0017326,O009336,P00342,2,25167.59,0,5
OI0017327,O009336,P00673,2,10139.08,5,0
OI0017329,O009337,P00357,1,12651.33,20,0
OI0017330,O009337,P00611,2,3986.9,15,5
OI0017331,O009337,P00101,3,16030.07,10,0
OI0017332,O009338,P00260,1,8185.1,0,0
OI0017333,O009339,P00468,3,25380.2,0,5
OI0017334,O009339,P00779,1,2461.98,20,5
OI0017336,O009340,P00070,2,14781.42,0,5
OI0017337,O009340,P00144,1,8372.43,10,0
OI0017340,O009341,P00763,1,23925.86,5,5
OI0017342,O009342,P00289,1,8462.8,0,0
OI0017343,O009343,P00116,3,28118.27,25,12
OI0017345,O009344,P00496,2,21264.34,10,5
OI0017346,O009345,P00444,1,7500.34,0,0
OI0017347,O009345,P00988,2,16126.08,-5,0
OI0017349,O009346,P00219,1,15651.63,5,18
OI0017350,O009346,P00566,1,14711.42,0,0
OI0017352,O009347,P00195,3,20281.33,20,5
OI0017353,O009347,P00288,1,16433.8,0,5
OI0017354,O009348,P00783,3,17861.56,10,5
OI0017355,O009349,P00182,1,1229.37,0,5
OI0017356,O009350,P00556,3,16241.33,0,12
OI0017357,O009350,P00195,1,20722.02,10,0
OI0017358,O009351,P00344,2,18798.73,0,12
OI0017359,O009351,P00555,1,26706.11,0,5
OI0017360,O009352,P00330,1,24478.44,15,18
OI0017361,O009353,P00161,3,25378.25,20,0
OI0017362,O009354,P00835,1,21854.55,0,0
OI0017363,O009354,P00091,2,14004.7,5,12
OI0017364,O009354,P00842,1,23018.57,5,5
OI0017366,O009355,P00138,1,671.35,0,5
OI0017367,O009356,P00539,1,13338.68,15,18
OI0017368,O009357,P00086,2,15874.47,0,18
OI0017370,O009358,P00537,2,16095.41,5,18
OI0017372,O009359,P00094,5,10295.21,25,12
OI0017373,O009359,P00144,2,7737.39,15,0
OI0017374,O009360,P00510,1,4563.18,20,5
OI0017375,O009360,P00870,1,8240.87,25,5
OI0017376,O009361,P00053,2,19986.41,20,5
OI0017377,O009361,P00934,1,25215.5,15,0
OI0017378,O009361,P00745,1,12419.8,10,5
OI0017379,O009362,P00070,3,15700.61,0,0
OI0017380,O009362,P00668,1,5226.62,10,0
OI0017381,O009362,P00296,2,20555.75,10,5
OI0017382,O009363,P00127,1,15741.24,10,5
OI0017383,O009363,P00016,1,11414.72,5,5
OI0017384,O009364,P00321,1,1983.95,0,18
OI0017385,O009364,P00267,2,17905.3,10,5
OI0017386,O009364,P00033,1,14928.33,20,12
OI0017387,O009365,P00773,2,12883.72,0,12
OI0017388,O009366,P00214,2,1546.44,10,0
OI0017389,O009366,P00062,4,26093.68,10,5
OI0017390,O009366,P00113,2,17350.05,5,18
OI0017391,O009367,P00391,1,24451.42,5,18
OI0017392,O009368,P00473,2,13423.35,20,12
OI0017393,O009369,P00641,1,1243.19,25,18
OI0017394,O009369,P00223,2,7443.64,5,18
OI0017395,O009370,P00169,1,3914.52,5,12
OI0017396,O009371,P00461,1,15448.95,25,5
OI0017398,O009372,P00721,1,13054.73,20,0
OI0017399,O009373,P00265,3,1538.37,5,5
OI0017400,O009373,P00405,1,1956.81,0,0
OI0017401,O009374,P00692,2,15079.25,10,18
OI0017402,O009375,P00458,3,333.04,15,0
OI0017403,O009375,P00672,1,15116.35,0,0
OI0017404,O009376,P00277,2,2424.34,0,18
OI0017405,O009377,P00742,3,15424.66,0,12
OI0017406,O009378,P00140,1,28772.95,10,0
OI0017407,O009379,P00115,2,28536.33,15,18
OI0017408,O009380,P00417,1,12739.74,0,0
OI0017409,O009380,P00852,1,19918.4,0,18
OI0017410,O009381,P00803,1,21162.43,10,5
OI0017411,O009381,P00392,1,28267.87,10,18
OI0017412,O009382,P00717,1,25496.54,5,0
OI0017414,O009383,P00663,1,25938.59,0,5
OI0017415,O009383,P00347,1,28108.35,0,0
OI0017416,O009384,P00557,1,5321.1,0,12
OI0017417,O009384,P00307,2,29360.2,-5,5
OI0017418,O009385,P00523,1,20817.55,20,18
OI0017419,O009385,P00400,5,9658.51,10,12
OI0017420,O009386,P00992,1,7838.03,0,18
OI0017421,O009387,P00289,2,7909.7,10,12
OI0017423,O009388,P00712,1,28924.2,0,0
OI0017424,O009389,P00335,3,24270.99,20,18
OI0017426,O009389,P00726,1,13523.47,5,0
OI0017427,O009390,P00829,1,12048.32,10,12
OI0017428,O009391,P00847,2,21448.97,25,18
OI0017429,O009391,P00645,3,24301.69,25,12
OI0017431,O009393,P00505,1,19139.91,0,18
OI0017432,O009393,P00935,4,7480.63,20,12
OI0017434,O009395,P00195,1,21444.74,0,0
OI0017436,O009396,P00639,1,1515.34,5,0
OI0017437,O009396,P00612,1,8496.9,10,5
OI0017438,O009397,P00817,1,10896.41,25,5
OI0017439,O009398,P00578,1,13615.44,15,12
OI0017440,O009399,P00899,1,23276.69,5,18
OI0017441,O009400,P00091,4,13672.31,25,5
OI0017442,O009401,P00754,1,24953.14,15,0
OI0017443,O009401,P00744,2,8632.4,0,0
OI0017444,O009402,P00618,2,15538.6,10,5
OI0017445,O009403,P00614,1,11134.22,15,0
OI0017446,O009403,P00663,1,26131.17,15,12
OI0017447,O009404,P00516,2,14544.64,5,12
OI0017449,O009405,P00912,1,11662.56,25,0
OI0017452,O009407,P00752,1,273.0,20,12
OI0017453,O009407,P00151,1,19912.64,0,5
OI0017455,O009409,P00542,2,25205.82,0,18
OI0017456,O009409,P00535,1,14316.56,25,18
OI0017458,O009410,P00322,1,27952.19,0,12
OI0017459,O009411,P00319,1,21652.93,10,0
OI0017460,O009411,P00982,1,8833.11,5,5
OI0017461,O009412,P00469,5,2818.77,20,18
OI0017463,O009413,P00244,2,2249.8,20,0
OI0017464,O009414,P00982,1,8868.6,25,5
OI0017465,O009415,P00582,2,13636.42,0,0
OI0017466,O009415,P00421,2,19822.18,5,12
OI0017467,O009415,P00743,1,19023.09,25,18
OI0017468,O009416,P00159,1,13454.2,15,0
OI0017469,O009416,P00860,1,27829.37,0,5
OI0017470,O009416,P00136,3,19657.47,15,0
OI0017471,O009417,P00343,3,11214.94,0,18
OI0017472,O009418,P00275,2,9930.89,25,0
OI0017473,O009419,P00521,2,24703.78,0,5
OI0017474,O009419,P00001,1,9437.19,20,18
OI0017475,O009420,P00432,2,3727.03,0,12
OI0017476,O009421,P00848,1,211.75,20,12
OI0017477,O009421,P00779,1,2385.06,15,5
OI0017478,O009422,P00096,3,20832.52,5,0
OI0017479,O009423,P00212,3,14999.44,25,5
OI0017480,O009423,P00326,2,13768.79,0,12
OI0017481,O009424,P00320,1,2233.47,15,0
OI0017482,O009424,P00839,3,17664.52,5,0
OI0017484,O009425,P00507,1,28204.6,0,5
OI0017486,O009425,P00523,1,21733.81,-5,5
OI0017487,O009426,P00080,1,19479.3,0,12
OI0017488,O009427,P00131,2,9979.5,10,12
OI0017489,O009428,P00995,2,13276.62,0,0
OI0017490,O009428,P00411,1,5881.54,5,5
OI0017491,O009429,P00171,2,5949.6,25,0
OI0017492,O009429,P00100,2,18090.73,0,18
OI0017493,O009430,P00956,1,18485.17,15,18
OI0017494,O009430,P00306,1,17556.58,25,5
OI0017495,O009431,P00150,2,17559.14,20,18
OI0017496,O009432,P00295,1,5335.56,0,12
OI0017497,O009432,P00523,2,21789.7,10,18
OI0017498,O009433,P00692,1,15025.37,0,5
OI0017499,O009433,P00307,1,31445.96,0,18
OI0017500,O009433,P00010,1,12919.75,0,0
OI0017501,O009434,P00703,2,8862.21,0,0
OI0017502,O009435,P00523,1,20299.84,0,0
OI0017503,O009435,P00052,5,13651.67,0,12
OI0017504,O009436,P00127,1,14826.48,0,0
OI0017505,O009436,P00878,1,13834.51,0,18
OI0017506,O009437,P00857,2,1294.37,0,12
OI0017508,O009438,P00596,1,25863.5,5,18
OI0017510,O009440,P00305,1,2774.34,5,0
OI0017511,O009441,P00889,4,16891.9,-5,18
OI0017512,O009442,P00470,2,1018.44,0,18
OI0017513,O009443,P00399,1,5278.17,0,12
OI0017514,O009443,P00547,1,21135.41,20,12
OI0017515,O009444,P00866,2,29047.51,5,12
OI0017516,O009444,P00454,2,14237.93,20,18
OI0017517,O009445,P00772,2,9455.7,20,12
OI0017518,O009445,P00879,1,3321.8,0,0
OI0017519,O009446,P00631,1,9636.1,15,18
OI0017520,O009446,P00784,2,8301.24,10,5
OI0017522,O009447,P00273,1,10816.05,0,5
OI0017523,O009448,P00422,1,23671.28,20,5
OI0017524,O009449,P00610,1,5834.72,5,18
OI0017525,O009449,P00839,1,17121.84,0,18
OI0017526,O009449,P00236,1,11087.42,25,12
OI0017527,O009450,P00120,1,15896.1,5,18
OI0017528,O009450,P00658,1,10418.72,0,5
OI0017529,O009451,P00727,1,12278.42,20,5
OI0017530,O009451,P00703,2,9391.68,5,12
OI0017531,O009452,P00981,1,22790.32,20,12
OI0017532,O009452,P00298,5,5922.54,25,5
OI0017534,O009453,P00609,2,9318.9,20,5
OI0017535,O009453,P00499,3,20881.84,25,18
OI0017536,O009454,P00225,3,9116.0,20,5
OI0017537,O009454,P00553,2,17063.74,15,18
OI0017538,O009455,P00394,3,5744.78,0,5
OI0017539,O009456,P00103,1,13020.0,5,18
OI0017540,O009456,P00312,1,24409.73,10,5
OI0017541,O009456,P00537,2,15372.61,0,0
OI0017542,O009457,P00311,4,29413.32,10,5
OI0017543,O009457,P00357,1,12783.86,10,12
OI0017544,O009458,P00079,1,17823.22,15,0
OI0017545,O009459,P00633,2,5873.67,20,0
OI0017546,O009459,P00448,1,20512.75,5,0
OI0017547,O009460,P00839,2,17981.7,0,5
OI0017548,O009460,P00929,4,2123.08,10,0
OI0017549,O009461,P00938,2,10457.27,0,0
OI0017550,O009461,P00592,1,3919.19,20,5
OI0017551,O009462,P00026,1,14997.83,15,18
OI0017552,O009462,P00678,1,21277.44,20,5
OI0017553,O009463,P00907,2,15735.62,15,12
OI0017554,O009463,P00001,1,9411.48,25,0
OI0017555,O009464,P00734,1,19368.78,10,0
OI0017556,O009464,P00841,2,16600.96,25,0
OI0017557,O009465,P00154,1,26417.81,0,12
OI0017558,O009465,P00804,1,10930.02,5,5
OI0017559,O009466,P00701,1,1504.77,0,0
OI0017560,O009467,P00536,1,26591.02,20,5
OI0017561,O009467,P00275,1,10193.15,5,0
OI0017562,O009468,P00083,1,969.58,0,5
OI0017563,O009469,P00080,2,19090.97,0,12
OI0017565,O009469,P00595,1,23272.48,0,0
OI0017566,O009470,P00187,1,10504.76,0,18
OI0017567,O009471,P00883,1,13041.11,10,0
OI0017568,O009471,P00538,1,30276.09,0,18
OI0017570,O009472,P00940,2,29245.8,15,18
OI0017571,O009472,P00544,2,14547.06,0,18
OI0017572,O009473,P00811,1,10850.78,15,12
OI0017573,O009474,P00388,1,15094.92,15,18
OI0017574,O009475,P00545,1,17629.01,5,5
OI0017575,O009475,P00572,4,7150.42,10,18
OI0017577,O009476,P00469,4,2998.73,10,12
OI0017578,O009477,P00803,1,20196.8,0,0
OI0017579,O009477,P00248,1,19637.31,-5,5
OI0017580,O009478,P00439,5,25858.09,15,12
OI0017581,O009478,P00797,2,5453.73,25,18
OI0017582,O009479,P00946,1,22608.13,20,0
OI0017584,O009480,P00934,1,24273.01,0,18
OI0017585,O009480,P00482,1,27664.16,-5,18
OI0017586,O009481,P00254,1,29413.19,15,0
OI0017588,O009482,P00638,2,22762.8,0,18
OI0017589,O009483,P00652,2,3632.8,10,0
OI0017591,O009484,P00793,1,17031.9,0,5
OI0017592,O009484,P00692,1,15427.88,0,12
OI0017593,O009485,P00079,1,16642.42,15,0
OI0017594,O009485,P00593,2,3481.3,0,0
OI0017595,O009485,P00208,1,6017.45,0,12
OI0017596,O009486,P00336,2,15855.2,15,0
OI0017597,O009486,P00850,1,20934.5,0,5
OI0017598,O009487,P00548,2,22818.41,10,5
OI0017599,O009487,P00570,1,11955.13,0,0
OI0017600,O009488,P00911,1,10156.36,20,5
OI0017601,O009488,P00950,4,1532.67,10,18
OI0017602,O009488,P00226,1,25926.64,5,0
OI0017604,O009489,P00060,1,19922.55,10,18
OI0017605,O009490,P00153,1,25981.57,20,18
OI0017606,O009491,P00833,2,26436.81,10,0
OI0017607,O009492,P00426,2,16607.37,25,5
OI0017608,O009492,P00443,1,22432.17,0,12
OI0017609,O009493,P00994,1,26729.9,0,5
OI0017610,O009494,P00134,2,24180.71,0,5
OI0017611,O009495,P00042,1,27466.11,20,0
OI0017612,O009496,P00707,1,19612.98,0,0
OI0017613,O009496,P00365,1,13984.02,15,0
OI0017614,O009496,P00607,2,22896.34,5,12
OI0017615,O009497,P00283,2,4793.18,0,0
OI0017616,O009497,P00658,2,10381.92,20,12
OI0017617,O009498,P00887,1,22871.92,5,18
OI0017618,O009498,P00085,1,3602.04,25,18
OI0017619,O009499,P00669,1,23081.89,10,12
OI0017620,O009500,P00084,1,29270.93,0,12
OI0017621,O009500,P00125,1,17474.04,20,12
OI0017622,O009501,P00143,2,3012.25,0,5
OI0017623,O009501,P00022,1,23228.73,0,18
OI0017624,O009502,P00577,3,26365.74,0,12
OI0017625,O009502,P00238,1,13809.31,0,12
OI0017627,O009503,P00688,1,26746.15,0,12
OI0017628,O009503,P00115,1,28352.25,0,5
OI0017629,O009504,P00690,3,21869.53,0,5
OI0017630,O009505,P00396,1,4362.92,0,12
OI0017632,O009506,P00456,3,3601.06,25,18
OI0017633,O009506,P00958,1,24302.33,0,5
OI0017635,O009507,P00828,3,8109.46,15,18
OI0017636,O009508,P00186,3,6689.42,5,18
OI0017637,O009508,P00014,1,15886.9,10,5
OI0017638,O009509,P00308,1,24347.11,20,5
OI0017639,O009510,P00957,3,18808.91,0,5
OI0017640,O009510,P00088,1,12644.3,15,12
OI0017642,O009511,P00867,2,11992.79,25,0
OI0017643,O009512,P00674,1,10084.6,0,18
OI0017644,O009513,P00763,1,24737.23,10,0
OI0017645,O009513,P00691,2,15026.18,0,5
OI0017646,O009514,P00925,2,28195.35,10,0
OI0017647,O009514,P00643,3,13859.91,5,5
OI0017648,O009514,P00696,2,22138.02,0,12
OI0017649,O009515,P00947,1,9520.1,20,12
OI0017652,O009516,P00356,1,10064.59,10,5
OI0017653,O009516,P00040,2,14055.16,0,5
OI0017654,O009517,P00898,3,4037.5,10,5
OI0017655,O009517,P00673,2,10019.97,0,5
OI0017656,O009517,P00574,1,13441.81,5,12
OI0017657,O009518,P00174,2,20268.61,10,12
OI0017658,O009518,P00775,2,17168.59,0,0
OI0017660,O009520,P00671,1,17847.21,5,0
OI0017662,O009521,P00492,2,8998.97,0,5
OI0017663,O009522,P00867,1,12240.27,0,5
OI0017664,O009522,P00543,3,6354.48,15,5
OI0017665,O009523,P00838,1,17270.39,20,18
OI0017666,O009523,P00232,1,20401.54,25,5
OI0017667,O009524,P00162,1,25481.12,0,12
OI0017668,O009524,P00246,2,6428.71,25,18
OI0017669,O009524,P00437,1,25808.25,0,5
OI0017670,O009525,P00164,1,16552.8,20,0
OI0017671,O009526,P00733,2,6909.78,0,0
OI0017672,O009527,P00455,1,1403.0,0,0
OI0017673,O009528,P00434,2,8153.11,20,18
OI0017674,O009529,P00386,1,27061.71,0,5
OI0017677,O009530,P00363,1,24088.46,20,12
OI0017678,O009530,P00859,2,29484.49,0,12
OI0017679,O009531,P00695,1,9964.77,10,5
OI0017680,O009532,P00303,1,13229.58,20,18
OI0017682,O009533,P00628,2,1201.78,20,0
OI0017683,O009534,P00667,2,21727.85,15,5
OI0017684,O009534,P00346,1,7564.73,15,5
OI0017685,O009534,P00360,2,3343.74,0,18
OI0017687,O009535,P00051,1,14677.14,10,5
OI0017688,O009536,P00677,1,16769.95,10,5
OI0017689,O009537,P00332,1,9582.39,0,12
OI0017690,O009537,P00930,1,10403.69,25,5
OI0017691,O009538,P00817,2,10673.61,20,0
OI0017692,O009538,P00345,2,6016.68,0,0
OI0017694,O009539,P00327,1,16447.14,0,5
OI0017695,O009540,P00406,1,27589.13,20,12
OI0017696,O009541,P00674,1,9790.99,10,12
OI0017697,O009541,P00518,1,22676.14,0,0
OI0017698,O009542,P00855,2,14213.34,15,0
OI0017699,O009542,P00594,2,15216.83,0,5
OI0017700,O009543,P00414,2,6742.02,0,18
OI0017701,O009544,P00061,2,18829.86,25,5
OI0017702,O009544,P00419,2,26509.1,0,12
OI0017703,O009545,P00998,1,28447.48,0,0
OI0017704,O009545,P00311,1,28377.85,0,0
OI0017705,O009546,P00484,1,7366.51,25,0
OI0017706,O009547,P00204,1,15384.36,5,5
OI0017707,O009547,P00202,1,3559.42,5,12
OI0017708,O009548,P00420,1,27396.74,25,0
OI0017709,O009548,P00023,1,3180.59,15,5
OI0017710,O009549,P00273,1,10179.09,5,18
OI0017711,O009550,P00554,1,4841.87,5,12
OI0017712,O009550,P00576,1,15601.05,15,5
OI0017713,O009550,P00507,1,29720.38,20,5
OI0017714,O009551,P00930,1,9608.42,5,12
OI0017715,O009552,P00177,1,10545.3,5,0
OI0017717,O009552,P00333,4,8788.03,0,18
OI0017719,O009553,P00745,1,11996.26,0,18
OI0017720,O009554,P00359,3,27724.21,0,5
OI0017721,O009555,P00475,1,24712.5,0,0
OI0017722,O009556,P00749,1,1475.41,0,12
OI0017723,O009556,P00972,2,20815.49,0,18
OI0017724,O009556,P00711,2,25224.82,15,12
OI0017725,O009557,P00606,1,26948.54,20,5
OI0017726,O009557,P00823,1,7448.39,20,5
OI0017727,O009558,P00915,3,4392.68,0,0
OI0017729,O009558,P00232,1,21795.16,10,12
OI0017730,O009559,P00726,1,14277.38,0,0
OI0017731,O009560,P00444,2,7639.15,0,18
OI0017732,O009561,P00244,2,2178.84,0,12
OI0017733,O009562,P00476,1,15230.62,0,12
OI0017734,O009563,P00947,2,9527.12,25,18
OI0017735,O009563,P00207,5,4597.08,20,5
OI0017736,O009563,P00249,1,20312.57,25,12
OI0017737,O009564,P00545,1,18043.96,20,18
OI0017738,O009565,P00042,1,28738.4,25,18
OI0017739,O009565,P00056,1,14510.52,20,5
OI0017740,O009566,P00504,4,7478.95,10,0
OI0017741,O009567,P00461,1,16091.2,0,5
OI0017742,O009567,P00572,1,7650.19,5,0
OI0017743,O009568,P00203,2,26101.77,5,18
OI0017744,O009569,P00723,1,7860.23,0,0
OI0017745,O009569,P00050,1,29725.72,15,12
OI0017746,O009570,P00464,1,884.53,20,12
OI0017747,O009570,P00272,1,24318.0,5,0
OI0017748,O009571,P00250,1,19668.0,0,12
OI0017749,O009571,P00340,1,28225.89,0,12
OI0017751,O009572,P00215,1,29665.02,0,12
OI0017752,O009572,P00043,2,8779.4,5,5
OI0017753,O009573,P00921,1,16156.66,15,5
OI0017754,O009573,P00985,2,15733.48,0,12
OI0017755,O009574,P00510,2,4538.66,5,5
OI0017756,O009575,P00556,1,16174.38,0,18
OI0017757,O009575,P00141,3,18826.56,0,18
OI0017758,O009576,P00086,1,15793.2,25,0
OI0017759,O009576,P00914,1,24471.27,0,12
OI0017760,O009577,P00371,1,18471.47,5,18
OI0017761,O009577,P00601,1,20111.5,0,0
OI0017762,O009578,P00096,1,19839.04,10,5
OI0017763,O009579,P00444,1,7602.41,15,12
OI0017764,O009579,P00703,3,9626.53,15,18
OI0017766,O009581,P00727,3,12462.48,20,12
OI0017767,O009582,P00929,1,2154.59,20,18
OI0017768,O009583,P00896,2,18746.04,10,12
OI0017769,O009583,P00145,2,13093.26,0,18
OI0017770,O009584,P00290,2,29569.63,0,5
OI0017776,O009588,P00508,2,12646.86,25,0
OI0017777,O009589,P00331,2,26607.72,5,12
OI0017778,O009590,P00875,1,15366.98,20,12
OI0017780,O009592,P00052,5,13280.97,10,18
OI0017781,O009593,P00160,1,19622.56,5,18
OI0017782,O009594,P00388,2,14848.48,25,18
OI0017783,O009594,P00294,2,24683.14,25,18
OI0017784,O009595,P00399,1,5418.3,25,5
OI0017785,O009596,P00793,4,16458.21,25,18
OI0017786,O009597,P00606,1,27455.6,10,0
OI0017787,O009597,P00496,1,21742.71,0,5
OI0017788,O009597,P00097,5,1332.35,5,5
OI0017789,O009598,P00863,2,23418.49,25,5
OI0017790,O009599,P00927,1,25281.23,-5,12
OI0017791,O009600,P00547,4,21282.11,25,0
OI0017792,O009600,P00974,1,8710.3,0,0
OI0017793,O009600,P00331,3,26410.26,5,5
OI0017794,O009601,P00152,2,5849.51,20,18
OI0017795,O009601,P00134,1,24384.77,5,5
OI0017796,O009602,P00550,1,5909.18,0,12
OI0017797,O009602,P00477,4,21536.68,15,0
OI0017798,O009603,P00029,2,15759.43,5,18
OI0017799,O009603,P00098,1,19932.23,0,5
OI0017800,O009604,P00407,1,12173.9,0,18
OI0017801,O009604,P00492,1,9344.28,0,5
OI0017802,O009605,P00263,4,23418.83,5,0
OI0017803,O009606,P00151,1,18843.68,20,18
OI0017804,O009606,P00961,1,12515.74,0,0
OI0017805,O009606,P00024,1,13137.7,20,18
OI0017806,O009607,P00195,1,21523.81,25,0
OI0017807,O009607,P00564,1,19777.35,0,18
OI0017808,O009607,P00605,2,6401.65,15,12
OI0017809,O009608,P00785,2,6968.43,5,5
OI0017810,O009609,P00251,1,30161.16,-5,18
OI0017811,O009610,P00787,1,17487.6,5,5
OI0017812,O009610,P00358,1,4407.96,-5,18
OI0017813,O009611,P00065,2,28757.56,0,5
OI0017814,O009611,P00163,2,5180.89,15,0
OI0017815,O009612,P00514,3,12960.28,20,5
OI0017816,O009612,P00378,1,26805.37,10,5
OI0017817,O009612,P00952,1,9411.84,10,5
OI0017818,O009613,P00059,1,15037.68,20,18
OI0017819,O009613,P00115,2,27150.63,0,12
OI0017820,O009614,P00423,1,4208.17,5,5
OI0017821,O009615,P00179,1,3074.63,20,12
OI0017822,O009615,P00098,5,19650.38,0,5
OI0017823,O009616,P00483,2,21913.96,25,12
OI0017824,O009616,P00752,1,266.77,10,5
OI0017826,O009617,P00177,2,11262.66,20,12
OI0017828,O009618,P00887,1,22853.2,-5,12
OI0017829,O009619,P00260,1,8598.26,25,5
OI0017830,O009620,P00457,1,686.84,0,5
OI0017831,O009620,P00815,1,25011.04,25,0
OI0017832,O009620,P00402,1,30184.35,20,5
OI0017833,O009621,P00224,4,10965.81,0,5
OI0017835,O009622,P00707,2,20017.38,10,18
OI0017836,O009622,P00531,3,27873.36,25,0
OI0017837,O009623,P00781,2,10810.11,10,12
OI0017838,O009623,P00852,1,21605.11,0,18
OI0017839,O009623,P00803,2,20487.78,0,0
OI0017840,O009624,P00045,1,24430.2,20,5
OI0017841,O009625,P00250,1,20331.9,25,12
OI0017842,O009626,P00590,2,3455.88,0,18
OI0017843,O009626,P00318,1,23016.29,20,0
OI0017844,O009626,P00833,3,25059.78,5,12
OI0017846,O009627,P00961,1,12196.02,15,0
OI0017847,O009628,P00547,1,22127.16,0,0
OI0017848,O009629,P00140,1,27387.21,20,5
OI0017849,O009629,P00484,1,6807.72,25,12
OI0017850,O009629,P00472,4,4856.23,5,5
OI0017852,O009630,P00798,1,10204.45,25,12
OI0017853,O009631,P00876,3,8403.64,0,12
OI0017854,O009631,P00889,2,17871.16,15,12
OI0017855,O009632,P00586,2,12191.05,0,18
OI0017856,O009632,P00266,2,5006.43,0,5
OI0017857,O009633,P00489,2,11012.17,0,0
OI0017858,O009633,P00645,3,26444.91,25,5
OI0017859,O009634,P00159,1,13408.32,10,5
OI0017860,O009634,P00226,2,25736.48,5,0
OI0017861,O009634,P00522,2,17608.2,0,0
OI0017862,O009635,P00437,3,27370.51,0,5
OI0017863,O009635,P00466,1,820.82,20,12
OI0017864,O009636,P00603,1,4667.62,10,12
OI0017865,O009636,P00629,1,14407.35,0,5
OI0017866,O009636,P00517,1,26954.78,0,18
OI0017867,O009637,P00859,3,27138.37,0,5
OI0017868,O009638,P00081,1,13178.87,15,12
OI0017870,O009638,P00179,5,3041.39,25,12
OI0017871,O009639,P00709,1,1993.93,0,5
OI0017872,O009639,P00010,1,12481.45,20,5
OI0017873,O009640,P00751,1,9250.78,0,5
OI0017874,O009640,P00356,1,10047.68,0,0
OI0017875,O009641,P00584,1,22093.82,25,5
OI0017876,O009641,P00305,3,3055.03,0,0
OI0017877,O009642,P00418,3,23454.51,5,18
OI0017878,O009643,P00176,1,4223.29,0,18
OI0017879,O009643,P00331,1,25852.31,15,0
OI0017881,O009645,P00079,3,16314.36,0,18
OI0017882,O009645,P00306,2,17234.75,15,12
OI0017883,O009646,P00106,4,9061.82,15,18
OI0017884,O009646,P00404,2,10204.48,0,18
OI0017885,O009646,P00467,2,22466.02,0,12
OI0017886,O009647,P00718,2,6707.71,5,12
OI0017887,O009648,P00204,2,15769.25,25,0
OI0017888,O009648,P00534,1,3116.55,5,12
OI0017889,O009648,P00105,1,16336.46,-5,12
OI0017890,O009649,P00502,2,14419.02,10,12
OI0017891,O009649,P00156,2,29570.66,0,5
OI0017892,O009650,P00922,1,26655.24,20,12
OI0017893,O009650,P00027,1,15986.48,15,18
OI0017894,O009651,P00123,1,283.97,0,18
OI0017895,O009651,P00721,1,12981.91,5,0
OI0017896,O009652,P00679,1,29361.75,0,18
OI0017897,O009652,P00161,3,25363.91,20,5
OI0017898,O009652,P00259,1,25561.67,0,12
OI0017899,O009653,P00612,2,8804.11,5,0
OI0017900,O009653,P00514,1,12817.69,0,0
OI0017901,O009654,P00934,1,24954.28,15,12
OI0017902,O009654,P00975,1,8524.98,15,18
OI0017903,O009654,P00838,1,17609.84,15,5
OI0017904,O009655,P00976,1,6874.51,0,12
OI0017905,O009655,P00022,2,23150.28,15,18
OI0017907,O009657,P00842,3,21604.7,10,5
OI0017908,O009658,P00024,1,13204.3,0,5
OI0017909,O009659,P00501,2,979.17,25,18
OI0017911,O009661,P00912,1,11067.14,0,12
OI0017912,O009662,P00459,1,24449.08,0,5
OI0017914,O009663,P00968,1,5854.97,0,18
OI0017915,O009663,P00058,4,19391.65,20,5
OI0017916,O009663,P00895,2,20227.85,-5,18
OI0017917,O009664,P00921,2,16242.65,0,12
OI0017918,O009664,P00228,1,10823.97,0,12
OI0017919,O009665,P00968,1,5843.77,15,18
OI0017920,O009665,P00339,1,24355.32,0,5
OI0017921,O009666,P00571,1,9078.32,20,18
OI0017922,O009667,P00181,1,30665.29,0,5
OI0017923,O009667,P00240,3,14652.09,5,12
OI0017924,O009668,P00727,4,12304.3,0,0
OI0017926,O009668,P00403,1,17683.25,0,18
OI0017927,O009669,P00680,2,6753.44,0,12
OI0017928,O009669,P00021,2,12367.26,25,0
OI0017929,O009669,P00693,2,2309.54,20,0
OI0017930,O009670,P00039,1,4016.41,0,0
OI0017931,O009670,P00867,1,11954.32,20,5
OI0017932,O009671,P00044,2,22558.27,10,18
OI0017933,O009671,P00947,1,9384.53,20,12
OI0017934,O009671,P00573,1,4364.35,10,0
OI0017935,O009672,P00058,4,18135.68,0,18
OI0017936,O009672,P00762,2,20711.56,5,5
OI0017937,O009673,P00113,1,17175.67,0,18
OI0017938,O009673,P00719,1,24046.26,15,12
OI0017939,O009673,P00161,2,24247.52,0,0
OI0017941,O009674,P00022,1,22938.4,0,0
OI0017942,O009674,P00135,1,28380.14,10,0
OI0017943,O009675,P00514,1,12347.33,10,0
OI0017944,O009675,P00079,1,17252.92,5,12
OI0017945,O009676,P00425,1,16189.81,10,5
OI0017946,O009677,P00138,1,699.22,25,5
OI0017947,O009677,P00683,1,14502.34,0,0
OI0017948,O009677,P00977,2,1559.08,20,0
OI0017949,O009678,P00880,3,15862.9,25,5
OI0017950,O009678,P00886,2,20387.64,0,18
OI0017951,O009679,P00747,1,25413.95,15,0
OI0017952,O009679,P00235,3,9766.53,0,5
OI0017953,O009680,P00256,1,24820.51,0,5
OI0017954,O009680,P00229,2,18134.71,15,18
OI0017955,O009680,P00753,2,28733.62,10,0
OI0017957,O009681,P00601,3,19243.15,0,5
OI0017958,O009681,P00144,2,7823.11,20,0
OI0017959,O009682,P00684,2,20166.98,0,12
OI0017960,O009683,P00933,1,12636.34,15,18
OI0017961,O009683,P00836,1,13388.51,10,0
OI0017962,O009683,P00588,1,25677.6,0,12
OI0017963,O009684,P00117,2,25307.62,0,18
OI0017964,O009684,P00116,1,25715.29,25,12
OI0017965,O009684,P00879,5,3377.16,0,0
OI0017966,O009685,P00808,1,19535.32,5,12
OI0017967,O009685,P00010,2,12240.34,0,0
OI0017968,O009685,P00874,1,7498.98,0,18
OI0017969,O009686,P00892,2,17129.75,0,5
OI0017970,O009686,P00300,2,6346.87,0,18
OI0017971,O009686,P00127,2,15079.17,0,12
OI0017972,O009687,P00863,1,21620.24,25,12
OI0017973,O009687,P00940,1,29663.4,5,0
OI0017974,O009688,P00154,2,27296.89,5,18
OI0017975,O009688,P00641,3,1184.39,0,0
OI0017976,O009689,P00914,1,24354.55,0,18
OI0017977,O009690,P00294,1,23944.64,20,5
OI0017978,O009691,P00657,4,26485.03,20,12
OI0017979,O009691,P00241,1,4414.8,10,18
OI0017980,O009692,P00501,2,1031.01,15,5
OI0017981,O009693,P00219,1,15264.72,10,18
OI0017982,O009693,P00622,2,12289.88,25,12
OI0017983,O009694,P00562,1,13150.25,10,18
OI0017984,O009695,P00594,1,14348.46,10,18
OI0017985,O009696,P00795,1,26639.53,0,18
OI0017986,O009696,P00549,1,13630.69,0,12
OI0017987,O009697,P00987,2,24145.13,10,12
OI0017988,O009698,P00684,1,20262.28,0,18
OI0017990,O009699,P00228,2,11130.56,0,18
OI0017991,O009700,P00664,1,403.86,25,18
OI0017992,O009700,P00841,1,16806.37,0,18
OI0017993,O009700,P00172,4,23851.8,20,0
OI0017994,O009701,P00264,1,12243.44,0,5
OI0017995,O009701,P00141,1,17989.97,0,12
OI0017996,O009702,P00122,1,12682.42,25,12
OI0017997,O009703,P00595,2,22269.99,20,5
OI0017998,O009703,P00371,2,18573.95,0,5
OI0017999,O009703,P00908,1,8569.15,15,18
OI0018000,O009704,P00428,1,17984.9,10,5
OI0018001,O009704,P00853,1,2906.48,25,18
OI0018002,O009704,P00285,4,14714.76,15,0
OI0018003,O009705,P00722,2,16121.67,15,5
OI0018004,O009705,P00734,3,19002.09,20,5
OI0018005,O009705,P00060,1,20914.43,5,0
OI0018006,O009706,P00118,1,22073.13,15,18
OI0018007,O009707,P00637,1,29670.92,0,18
OI0018008,O009708,P00745,3,11565.09,10,12
OI0018009,O009708,P00123,3,302.97,5,12
OI0018010,O009709,P00711,1,25446.35,15,12
OI0018011,O009710,P00092,1,21830.82,20,12
OI0018012,O009711,P00708,2,3282.43,0,0
OI0018013,O009711,P00482,2,28738.8,0,18
OI0018014,O009712,P00360,3,3180.5,15,5
OI0018015,O009712,P00933,5,12048.96,15,0
OI0018016,O009713,P00321,5,2007.51,0,0
OI0018017,O009713,P00977,2,1596.16,0,18
OI0018019,O009714,P00910,2,20079.73,5,5
OI0018020,O009715,P00411,3,5987.6,20,0
OI0018021,O009716,P00986,1,18388.95,0,12
OI0018022,O009716,P00151,1,20102.79,0,0
OI0018023,O009717,P00232,1,20185.63,20,0
OI0018026,O009719,P00809,1,7436.37,0,0
OI0018027,O009719,P00855,2,15490.92,25,18
OI0018028,O009720,P00065,1,27009.37,20,12
OI0018029,O009720,P00269,2,17430.7,0,0
OI0018030,O009721,P00884,2,9949.01,20,18
OI0018032,O009722,P00008,1,28114.7,0,12
OI0018034,O009722,P00011,1,11876.23,0,5
OI0018035,O009723,P00340,2,26271.54,25,18
OI0018036,O009723,P00180,2,23101.39,0,12
OI0018037,O009723,P00874,1,7317.44,10,0
OI0018039,O009724,P00348,2,7151.47,25,0
OI0018040,O009725,P00919,1,21049.13,0,12
OI0018041,O009726,P00389,1,4665.67,25,12
OI0018042,O009726,P00096,1,20557.11,20,5
OI0018043,O009727,P00488,1,24893.58,25,5
OI0018044,O009728,P00941,3,20186.92,0,12
OI0018045,O009728,P00681,2,28119.55,0,12
OI0018046,O009729,P00621,1,16505.08,0,12
OI0018047,O009730,P00742,1,14991.26,0,5
OI0018050,O009731,P00419,1,25714.98,5,18
OI0018051,O009731,P00823,1,7101.44,5,18
OI0018052,O009732,P00310,3,6419.12,0,18
OI0018054,O009732,P00406,1,28981.3,0,0
OI0018055,O009733,P00092,3,22588.03,15,18
OI0018056,O009733,P00625,1,26842.17,25,0
OI0018057,O009734,P00471,1,12232.81,5,12
OI0018058,O009734,P00143,1,3077.35,5,18
OI0018059,O009735,P00151,2,19536.06,20,0
OI0018060,O009735,P00955,1,24102.71,0,5
OI0018061,O009735,P00200,1,7784.99,15,5
OI0018062,O009736,P00569,1,28435.54,20,5
OI0018063,O009736,P00261,3,18864.21,0,18
OI0018064,O009737,P00070,5,14593.28,0,18
OI0018065,O009737,P00732,2,16777.89,25,0
OI0018066,O009738,P00497,1,9655.57,5,0
OI0018067,O009739,P00963,4,3886.54,10,12
OI0018068,O009739,P00719,2,24421.21,20,0
OI0018069,O009740,P00070,2,14612.9,5,5
OI0018070,O009741,P00490,3,24669.64,20,0
OI0018073,O009742,P00237,1,25256.82,0,18
OI0018075,O009743,P00842,1,22001.89,0,0
OI0018076,O009743,P00155,2,10769.91,0,5
OI0018077,O009744,P00603,1,4698.12,0,18
OI0018079,O009745,P00810,2,24667.57,0,5
OI0018080,O009745,P00535,1,14602.81,20,12
OI0018081,O009746,P00748,2,23885.15,5,18
OI0018082,O009747,P00323,1,23590.91,0,5
OI0018083,O009747,P00091,4,14768.56,15,5
OI0018084,O009748,P00874,2,7096.23,15,5
OI0018085,O009748,P00880,1,15634.66,5,12
OI0018086,O009749,P00496,4,21262.45,20,18
OI0018087,O009749,P00916,1,2501.78,0,5
OI0018088,O009750,P00527,2,18642.19,0,0
OI0018090,O009751,P00538,1,30351.92,0,5
OI0018091,O009751,P00693,1,2496.7,0,0
OI0018093,O009753,P00319,1,23580.3,0,5
OI0018095,O009753,P00950,1,1478.54,0,18
OI0018096,O009754,P00780,1,22554.19,25,18
OI0018098,O009754,P00431,4,26248.73,10,12
OI0018099,O009755,P00155,1,10884.73,0,5
OI0018100,O009755,P00013,1,4842.52,0,5
OI0018101,O009756,P00546,1,1186.48,25,12
OI0018102,O009756,P00758,2,13318.11,20,12
OI0018103,O009757,P00139,1,2480.01,20,5
OI0018104,O009758,P00021,3,13032.1,0,5
OI0018105,O009758,P00925,1,28865.28,10,5
OI0018106,O009759,P00157,1,17755.41,10,5
OI0018107,O009760,P00370,1,5260.01,0,5
OI0018108,O009761,P00288,2,16754.68,0,18
OI0018109,O009761,P00237,1,23625.83,10,0
OI0018110,O009762,P00408,1,25586.51,0,12
OI0018111,O009762,P00404,1,9878.2,5,5
OI0018112,O009763,P00483,1,20171.9,25,5
OI0018113,O009763,P00279,2,15985.51,25,18
OI0018114,O009764,P00303,2,13052.0,0,5
OI0018115,O009765,P00384,2,1881.66,5,0
OI0018116,O009765,P00863,1,22088.46,0,12
OI0018117,O009766,P00564,1,19813.67,25,18
OI0018119,O009767,P00073,3,29402.05,0,5
OI0018120,O009768,P00482,1,30064.33,5,5
OI0018121,O009769,P00261,1,17904.4,0,12
OI0018122,O009770,P00096,1,20125.75,20,0
OI0018123,O009770,P00864,1,13527.03,0,0
OI0018124,O009771,P00447,1,22987.68,25,0
OI0018125,O009772,P00312,2,25064.31,10,12
OI0018126,O009772,P00868,1,9581.89,0,5
OI0018127,O009773,P00598,3,5484.09,5,5
OI0018128,O009773,P00341,3,21554.11,20,18
OI0018129,O009774,P00726,1,14874.57,20,12
OI0018130,O009775,P00459,2,24142.15,15,12
OI0018131,O009775,P00865,1,23430.65,15,12
OI0018132,O009776,P00720,1,9103.24,0,18
OI0018133,O009776,P00099,1,26450.76,0,18
OI0018134,O009777,P00251,1,29931.44,0,0
OI0018135,O009777,P00068,1,8974.97,15,5
OI0018136,O009777,P00140,1,29442.41,25,5
OI0018137,O009778,P00160,2,19034.6,0,5
OI0018138,O009778,P00493,1,2767.62,25,18
OI0018139,O009779,P00267,2,17479.51,25,0
OI0018140,O009780,P00817,1,10631.44,20,0
OI0018141,O009780,P00777,1,22953.67,0,18
OI0018143,O009781,P00674,2,10172.29,20,12
OI0018144,O009781,P00546,1,1160.78,0,5
OI0018145,O009782,P00615,4,12085.59,10,5
OI0018146,O009783,P00306,1,17804.56,20,0
OI0018147,O009783,P00825,1,24590.89,0,5
OI0018148,O009783,P00975,1,8110.49,25,0
OI0018149,O009784,P00689,1,28142.15,0,0
OI0018150,O009784,P00268,2,19609.3,0,18
OI0018151,O009784,P00989,1,18742.13,10,12
OI0018152,O009785,P00191,1,15080.85,0,18
OI0018153,O009786,P00498,4,29945.72,25,18
OI0018154,O009786,P00146,2,9471.32,15,5
OI0018155,O009786,P00594,1,15488.6,25,5
OI0018157,O009787,P00612,3,9036.5,5,12
OI0018158,O009787,P00230,4,25072.9,0,18
OI0018159,O009788,P00579,1,16948.65,10,0
OI0018160,O009788,P00368,1,14588.87,0,18
OI0018161,O009788,P00677,2,15903.82,25,12
OI0018162,O009789,P00025,1,3146.14,15,12
OI0018163,O009789,P00558,1,12961.67,0,0
OI0018164,O009789,P00844,1,24818.62,0,0
OI0018165,O009790,P00080,1,18359.07,5,18
OI0018166,O009790,P00324,1,215.54,15,0
OI0018167,O009790,P00278,1,19085.04,0,0
OI0018168,O009791,P00886,1,21228.77,0,0
OI0018169,O009792,P00892,1,17366.15,5,18
OI0018170,O009792,P00462,3,16959.29,0,18
OI0018171,O009793,P00310,4,6358.26,15,18
OI0018172,O009793,P00647,1,5321.49,10,0
OI0018173,O009793,P00023,2,3327.35,0,12
OI0018174,O009794,P00596,4,27125.26,0,18
OI0018175,O009794,P00308,1,24058.55,15,0
OI0018176,O009794,P00428,1,17470.16,5,0
OI0018177,O009795,P00713,1,3170.39,20,5
OI0018178,O009795,P00267,1,17862.45,0,5
OI0018179,O009795,P00445,1,10263.42,0,0
OI0018180,O009796,P00045,1,25096.39,20,5
OI0018182,O009797,P00436,2,21549.64,10,5
OI0018183,O009797,P00580,1,7418.74,20,5
OI0018184,O009798,P00228,2,11383.43,0,12
OI0018185,O009798,P00364,3,20963.53,25,0
OI0018186,O009798,P00007,1,25915.05,0,18
OI0018187,O009799,P00112,1,26259.92,15,12
OI0018188,O009799,P00982,1,9571.18,15,12
OI0018190,O009800,P00508,1,11650.19,0,0
OI0018191,O009801,P00380,2,27440.85,5,12
OI0018192,O009801,P00775,1,17294.68,0,0
OI0018193,O009801,P00662,1,8042.41,20,12
OI0018194,O009802,P00749,1,1477.22,-5,5
OI0018195,O009802,P00174,1,20111.73,10,5
OI0018196,O009803,P00780,1,24081.53,25,5
OI0018197,O009803,P00767,1,20307.14,0,12
OI0018198,O009804,P00533,1,2139.0,0,12
OI0018199,O009804,P00027,1,15552.36,0,0
OI0018200,O009805,P00026,1,15623.83,5,5
OI0018201,O009805,P00265,1,1512.1,15,12
OI0018202,O009806,P00852,2,21751.78,20,5
OI0018203,O009806,P00868,1,9602.49,15,12
OI0018204,O009806,P00942,2,8168.05,0,18
OI0018205,O009807,P00737,2,23933.95,0,0
OI0018206,O009807,P00675,2,9600.34,-5,18
OI0018207,O009808,P00567,1,28560.41,15,18
OI0018209,O009808,P00069,2,24181.45,0,0
OI0018210,O009809,P00837,3,17490.63,15,5
OI0018211,O009809,P00645,1,25538.61,20,12
OI0018213,O009810,P00812,3,3699.34,0,18
OI0018214,O009811,P00553,1,16455.3,20,5
OI0018215,O009811,P00939,1,10428.36,0,5
OI0018216,O009811,P00522,1,18434.34,25,0
OI0018217,O009812,P00189,4,6305.95,25,0
OI0018218,O009812,P00536,3,27770.77,25,12
OI0018219,O009813,P00732,1,17044.27,20,12
OI0018220,O009813,P00714,2,27632.52,15,5
OI0018221,O009813,P00320,2,2314.0,25,12
OI0018222,O009814,P00776,1,18596.04,25,18
OI0018224,O009815,P00678,1,20674.67,0,5
OI0018225,O009815,P00310,1,6092.06,0,0
OI0018227,O009816,P00687,2,22728.13,0,12
OI0018229,O009818,P00365,2,14099.92,10,5
OI0018230,O009818,P00477,2,22939.76,20,5
OI0018231,O009819,P00720,1,8972.15,20,12
OI0018232,O009819,P00229,1,17944.36,15,0
OI0018233,O009820,P00665,1,29306.59,25,5
OI0018234,O009821,P00217,1,16942.17,10,12
OI0018235,O009822,P00061,1,18250.26,0,12
OI0018236,O009823,P00240,5,14201.65,15,12
OI0018237,O009824,P00078,1,13393.93,0,12
OI0018239,O009825,P00874,1,7583.47,15,0
OI0018240,O009826,P00446,1,15713.38,20,0
OI0018241,O009826,P00993,1,14242.18,15,12
OI0018242,O009826,P00879,3,3371.28,25,18
OI0018243,O009827,P00194,1,28749.83,15,5
OI0018244,O009827,P00244,2,2146.48,10,5
OI0018245,O009828,P00472,4,4529.14,0,0
OI0018246,O009828,P00165,1,27044.79,0,5
OI0018247,O009828,P00109,2,13501.31,5,18
OI0018248,O009829,P00627,1,22777.41,25,12
OI0018249,O009830,P00862,1,25748.09,-5,18
OI0018251,O009831,P00058,3,19256.44,10,18
OI0018252,O009831,P00997,3,6414.69,20,18
OI0018253,O009831,P00205,1,18741.24,0,5
OI0018254,O009832,P00021,1,13255.08,0,5
OI0018255,O009832,P00882,1,19796.89,20,5
OI0018256,O009833,P00047,4,27807.32,0,18
OI0018257,O009834,P00806,2,16105.27,10,5
OI0018258,O009834,P00842,3,21705.48,15,18
OI0018259,O009834,P00574,3,12648.47,10,0
OI0018261,O009835,P00819,4,9525.34,5,5
OI0018262,O009836,P00219,1,15151.33,0,0
OI0018263,O009836,P00066,3,5774.94,5,0
OI0018264,O009837,P00002,4,4319.92,0,0
OI0018265,O009837,P00122,1,12695.34,20,5
OI0018266,O009838,P00620,3,12044.55,10,12
OI0018267,O009838,P00865,2,23894.08,25,18
OI0018268,O009838,P00365,1,14117.1,0,5
OI0018270,O009839,P00320,1,2348.09,15,0
OI0018271,O009840,P00160,1,19209.71,15,0
OI0018273,O009841,P00815,5,25116.32,15,12
OI0018274,O009842,P00303,1,12952.03,5,5
OI0018275,O009842,P00738,5,26360.56,0,0
OI0018276,O009843,P00037,1,14663.11,0,0
OI0018277,O009843,P00311,4,27612.08,0,0
OI0018278,O009843,P00327,1,16167.86,5,0
OI0018279,O009844,P00677,1,15682.62,0,5
OI0018281,O009845,P00309,3,21463.51,0,5
OI0018282,O009845,P00649,1,10795.65,0,18
OI0018283,O009845,P00358,1,4539.52,10,18
OI0018284,O009846,P00760,2,7730.86,0,12
OI0018286,O009847,P00176,2,4254.69,10,0
OI0018287,O009847,P00044,1,22634.13,25,18
OI0018288,O009848,P00978,2,25760.61,0,18
OI0018289,O009848,P00163,3,5147.33,15,18
OI0018290,O009849,P00416,2,7373.62,25,18
OI0018292,O009850,P00349,3,10999.74,10,18
OI0018293,O009850,P00998,1,29424.52,15,0
OI0018294,O009851,P00508,1,12212.31,10,5
OI0018295,O009851,P00708,3,3547.41,0,0
OI0018296,O009851,P00234,1,27661.47,15,5
OI0018297,O009852,P00664,2,395.99,10,12
OI0018299,O009853,P00604,1,28151.31,0,0
OI0018300,O009854,P00197,1,28361.77,25,0
OI0018301,O009855,P00274,1,1233.16,20,5
OI0018302,O009855,P00753,2,27473.48,5,0
OI0018303,O009856,P00650,4,28936.41,25,0
OI0018304,O009856,P00827,3,9105.0,-5,12
OI0018305,O009857,P00684,1,20323.02,0,18
OI0018306,O009857,P00634,2,9516.51,0,0
OI0018307,O009858,P00170,1,19072.61,15,12
OI0018308,O009859,P00059,1,16236.82,20,0
OI0018309,O009859,P00180,1,21941.55,0,12
OI0018311,O009860,P00132,1,4947.43,15,0
OI0018313,O009861,P00397,2,10753.64,0,5
OI0018315,O009862,P00933,3,11661.29,20,5
OI0018316,O009863,P00873,2,25981.62,15,18
OI0018317,O009863,P00883,4,12797.75,10,5
OI0018318,O009864,P00573,3,4756.43,15,5
OI0018319,O009865,P00417,1,12504.7,0,0
OI0018320,O009865,P00457,2,668.86,0,18
OI0018321,O009866,P00594,1,15550.4,20,18
OI0018322,O009867,P00412,2,5871.31,10,18
OI0018323,O009868,P00755,1,16387.79,0,0
OI0018324,O009868,P00448,1,20834.72,10,5
OI0018325,O009869,P00993,1,15066.65,10,5
OI0018326,O009869,P00344,1,18978.42,25,18
OI0018327,O009870,P00990,1,27613.23,0,18
OI0018328,O009870,P00773,1,12767.38,0,0
OI0018329,O009871,P00946,1,22353.77,10,18
OI0018330,O009871,P00142,1,17144.56,0,12
OI0018331,O009871,P00711,5,24025.54,0,12
OI0018332,O009872,P00178,2,10307.69,0,5
OI0018333,O009873,P00975,2,8342.37,0,18
OI0018335,O009873,P00883,1,13647.36,25,5
OI0018336,O009874,P00567,1,29630.14,0,5
OI0018337,O009874,P00836,1,13532.75,0,18
OI0018338,O009875,P00655,1,23351.49,0,0
OI0018339,O009876,P00239,2,27323.6,0,12
OI0018340,O009876,P00067,1,18240.32,15,5
OI0018341,O009877,P00949,2,29209.6,0,5
OI0018342,O009878,P00386,2,29022.33,10,12
OI0018343,O009878,P00331,3,26191.64,15,18
OI0018346,O009881,P00755,1,14864.52,0,18
OI0018347,O009882,P00481,3,15496.97,20,0
OI0018348,O009882,P00267,1,18788.5,5,18
OI0018349,O009883,P00218,1,23482.56,20,0
OI0018350,O009883,P00186,2,6777.81,25,12
OI0018351,O009883,P00600,2,13317.35,15,18
OI0018352,O009884,P00302,1,12458.35,0,18
OI0018353,O009884,P00655,2,22068.87,0,5
OI0018354,O009885,P00728,3,5139.38,0,0
OI0018355,O009885,P00197,2,30625.0,10,5
OI0018356,O009886,P00986,2,18347.81,0,18
OI0018357,O009887,P00739,2,16594.74,20,5
OI0018358,O009887,P00160,2,20483.54,20,18
OI0018359,O009888,P00140,4,27926.92,10,12
OI0018360,O009888,P00627,2,23561.12,10,5
OI0018362,O009889,P00727,1,12277.89,25,18
OI0018363,O009890,P00066,3,5729.85,0,5
OI0018364,O009891,P00734,1,18880.61,5,18
OI0018365,O009891,P00638,2,22082.28,0,0
OI0018366,O009891,P00431,2,25368.06,10,12
OI0018367,O009892,P00828,1,7508.15,20,5
OI0018368,O009893,P00207,2,4314.17,25,12
OI0018369,O009893,P00018,1,23170.7,0,5
OI0018370,O009894,P00645,2,25566.31,10,18
OI0018371,O009894,P00577,3,25239.09,0,0
OI0018372,O009895,P00919,1,20577.22,15,18
OI0018373,O009895,P00623,2,4665.47,15,18
OI0018374,O009896,P00879,1,3574.35,0,0
OI0018375,O009896,P00916,1,2493.19,10,12
OI0018376,O009897,P00975,2,8169.63,15,18
OI0018377,O009897,P00341,1,23070.06,0,12
OI0018378,O009897,P00043,1,8148.56,5,18
OI0018380,O009899,P00273,1,9960.46,0,5
OI0018381,O009899,P00012,1,11216.03,0,5
OI0018383,O009901,P00353,2,28353.05,25,18
OI0018384,O009901,P00582,4,14591.85,10,5
OI0018386,O009902,P00941,3,20476.15,15,0
OI0018387,O009903,P00815,1,25098.27,0,0
OI0018388,O009904,P00283,1,4895.87,15,5
OI0018389,O009904,P00838,3,17378.01,0,12
OI0018390,O009904,P00666,2,3582.42,15,18
OI0018391,O009905,P00003,1,9567.17,10,12
OI0018392,O009905,P00804,1,10254.63,10,18
OI0018393,O009905,P00963,1,3772.27,0,5
OI0018394,O009906,P00239,1,28077.88,5,5
OI0018396,O009907,P00890,4,20416.37,0,18
OI0018397,O009907,P00265,1,1533.88,0,12
OI0018398,O009908,P00799,1,26314.36,15,18
OI0018399,O009909,P00265,2,1590.99,0,0
OI0018400,O009910,P00775,1,17402.06,25,18
OI0018401,O009911,P00444,2,7136.36,5,5
OI0018402,O009912,P00425,1,15185.7,25,5
OI0018403,O009912,P00863,2,22016.26,5,0
OI0018404,O009913,P00365,1,12887.65,25,18
OI0018405,O009914,P00925,2,26754.95,25,18
OI0018406,O009914,P00627,3,24198.17,15,12
OI0018407,O009915,P00888,3,1419.88,0,0
OI0018408,O009915,P00745,1,12156.19,15,12
OI0018409,O009916,P00623,1,4803.72,5,18
OI0018410,O009917,P00956,1,18191.79,15,12
OI0018412,O009919,P00039,1,3870.62,20,12
OI0018413,O009919,P00568,2,7871.47,0,0
OI0018414,O009920,P00959,1,13036.37,20,18
OI0018415,O009920,P00369,2,27853.13,0,5
OI0018416,O009921,P00618,2,14340.94,5,0
OI0018418,O009922,P00114,1,12161.0,0,0
OI0018419,O009923,P00929,1,2007.42,25,18
OI0018420,O009924,P00420,3,29500.76,25,5
OI0018421,O009924,P00590,1,3291.84,15,12
OI0018422,O009925,P00556,2,15948.08,25,12
OI0018423,O009926,P00122,1,13394.58,0,12
OI0018424,O009926,P00067,5,17229.97,10,12
OI0018425,O009926,P00971,3,7146.25,5,12
OI0018426,O009927,P00839,1,17297.24,-5,18
OI0018427,O009927,P00682,1,15264.29,0,18
OI0018430,O009930,P00540,3,5952.01,15,12
OI0018431,O009930,P00139,2,2424.52,10,12
OI0018433,O009931,P00373,1,21341.13,10,0
OI0018434,O009932,P00056,1,14003.19,20,0
OI0018435,O009932,P00839,1,18412.55,0,5
OI0018437,O009934,P00874,2,7348.6,25,5
OI0018438,O009934,P00343,1,11310.81,20,18
OI0018439,O009935,P00147,1,30046.08,5,5
OI0018440,O009936,P00035,1,17357.41,10,0
OI0018442,O009937,P00595,1,23197.61,0,5
OI0018443,O009938,P00575,1,17578.49,0,12
OI0018444,O009939,P00105,1,15391.87,0,0
OI0018446,O009939,P00578,1,13686.08,15,12
OI0018448,O009940,P00344,1,19878.98,25,5
OI0018449,O009940,P00343,1,11169.07,0,5
OI0018452,O009942,P00906,1,1696.61,10,5
OI0018453,O009942,P00635,1,11731.44,20,18
OI0018454,O009943,P00085,3,3292.02,25,5
OI0018455,O009943,P00896,3,18881.12,25,5
OI0018456,O009943,P00976,1,7084.99,0,5
OI0018457,O009944,P00959,1,13685.24,15,5
OI0018458,O009944,P00933,1,11748.23,20,5
OI0018460,O009946,P00728,2,4834.72,0,18
OI0018461,O009946,P00768,1,26428.99,0,5
OI0018462,O009947,P00392,1,27762.85,0,12
OI0018463,O009948,P00506,1,11368.13,10,0
OI0018464,O009948,P00751,1,8812.53,20,12
OI0018465,O009949,P00864,1,13546.57,0,18
OI0018466,O009949,P00295,1,5230.87,0,5
OI0018467,O009950,P00174,1,20688.84,10,18
OI0018468,O009950,P00500,1,7223.34,20,12
OI0018469,O009951,P00132,1,5032.04,0,5
OI0018470,O009951,P00560,1,16682.89,10,18
OI0018471,O009952,P00138,2,699.07,15,5
OI0018472,O009952,P00624,1,28184.56,10,18
OI0018473,O009953,P00944,2,9394.57,5,18
OI0018474,O009954,P00389,1,4968.62,15,0
OI0018475,O009954,P00948,2,8788.54,10,0
OI0018476,O009954,P00477,2,23365.94,5,18
OI0018477,O009955,P00095,1,21438.01,5,18
OI0018478,O009955,P00148,1,9179.99,20,0
OI0018479,O009956,P00456,2,3379.69,5,5
OI0018480,O009956,P00251,1,29440.53,20,0
OI0018481,O009957,P00072,2,6550.77,0,18
OI0018482,O009957,P00080,2,18313.78,15,12
OI0018483,O009958,P00300,1,6499.84,0,0
OI0018484,O009958,P00253,1,30389.37,25,0
OI0018485,O009959,P00590,2,3464.55,0,5
OI0018486,O009959,P00509,3,15134.52,10,12
OI0018487,O009960,P00318,1,23041.67,10,0
OI0018488,O009961,P00164,2,15974.06,0,0
OI0018489,O009962,P00673,1,9602.96,0,18
OI0018490,O009962,P00802,1,7028.89,5,18
OI0018491,O009963,P00228,2,11277.68,0,5
OI0018492,O009963,P00348,1,7275.02,10,18
OI0018493,O009964,P00361,1,28652.01,25,12
OI0018494,O009964,P00052,1,14289.06,25,0
OI0018495,O009965,P00700,4,30609.08,10,0
OI0018496,O009965,P00400,2,10368.03,5,0
OI0018497,O009966,P00079,1,16937.84,0,18
OI0018498,O009967,P00667,2,21009.47,10,18
OI0018499,O009967,P00251,3,29695.21,15,18
OI0018500,O009968,P00607,1,23843.86,0,18
OI0018501,O009968,P00013,1,4723.24,0,5
OI0018502,O009969,P00838,1,18804.56,0,5
OI0018503,O009969,P00160,4,18917.18,0,12
OI0018504,O009969,P00826,2,10795.03,0,18
OI0018505,O009970,P00153,1,27168.86,15,18
OI0018506,O009971,P00597,1,8388.08,20,12
OI0018507,O009971,P00875,1,15323.9,5,12
OI0018508,O009972,P00674,4,9501.99,15,0
OI0018509,O009972,P00530,1,28420.88,5,0
OI0018511,O009973,P00223,1,7835.64,20,18
OI0018512,O009974,P00680,1,6701.33,5,18
OI0018513,O009974,P00891,2,1909.96,25,18
OI0018514,O009975,P00034,1,24038.34,15,5
OI0018515,O009976,P00949,1,30416.51,0,18
OI0018516,O009976,P00113,1,16377.72,0,5
OI0018517,O009976,P00229,1,19229.67,15,0
OI0018518,O009977,P00985,1,16112.01,15,5
OI0018519,O009977,P00472,2,4719.79,15,0
OI0018520,O009977,P00102,1,909.19,0,12
OI0018522,O009978,P00848,1,227.57,0,18
OI0018523,O009979,P00383,1,18743.07,0,18
OI0018524,O009980,P00468,1,23324.52,0,5
OI0018525,O009980,P00658,1,10465.52,25,5
OI0018527,O009981,P00650,1,28754.86,0,0
OI0018528,O009981,P00375,1,13552.36,15,18
OI0018529,O009982,P00423,1,4176.46,25,12
OI0018530,O009983,P00990,1,27538.83,25,18
OI0018531,O009984,P00196,2,5214.26,0,0
OI0018532,O009985,P00218,3,23234.68,10,18
OI0018533,O009985,P00179,2,3035.17,0,5
OI0018534,O009986,P00377,1,25025.78,10,12
OI0018535,O009986,P00742,4,14625.71,0,0
OI0018536,O009987,P00075,1,18725.19,0,5
OI0018537,O009987,P00910,1,20421.22,15,0
OI0018538,O009988,P00735,1,15624.7,20,18
OI0018539,O009989,P00776,1,17525.34,15,12
OI0018540,O009989,P00799,3,26110.38,0,12
OI0018542,O009990,P00782,1,28766.64,15,5
OI0018543,O009991,P00977,1,1641.29,15,5
OI0018544,O009991,P00668,2,5138.0,5,5
OI0018546,O009992,P00422,2,22444.1,0,12
OI0018548,O009993,P00418,2,23093.28,0,12
OI0018549,O009993,P00822,1,16269.17,10,5
OI0018550,O009994,P00780,2,24097.98,20,5
OI0018551,O009995,P00297,3,1231.37,-5,0
OI0018552,O009995,P00141,3,17573.99,25,5
OI0018553,O009996,P00328,1,5644.41,15,0
OI0018554,O009996,P00644,1,27569.07,0,18
OI0018555,O009997,P00908,1,8649.25,15,5
OI0018557,O009998,P00399,1,5063.37,10,18
OI0018558,O009999,P00174,1,21305.52,10,0
OI0018559,O009999,P00435,3,28306.79,25,0
OI0018560,O010000,P00606,1,26113.71,5,12
OI0018561,O010000,P00165,1,28572.51,25,5
OI0018562,O010001,P00040,2,14457.34,0,12
OI0018563,O010002,P00773,1,12109.87,25,0
OI0018564,O010002,P00243,3,14604.77,25,5
OI0018566,O010003,P00242,1,2074.85,10,18
OI0018567,O010004,P00133,2,24163.34,-5,12
OI0018568,O010004,P00742,2,15511.0,0,12
OI0018569,O010005,P00953,3,455.05,25,18
OI0018570,O010005,P00888,1,1417.61,0,0
OI0018571,O010006,P00969,1,16988.9,0,18
OI0018572,O010006,P00073,1,29178.74,15,12
OI0018573,O010007,P00346,1,7597.8,10,0
OI0018574,O010007,P00005,1,29425.01,5,5
OI0018576,O010008,P00099,2,26687.54,0,18
OI0018577,O010009,P00869,1,1408.75,0,18
OI0018578,O010010,P00636,1,7972.93,5,0
OI0018579,O010011,P00741,1,4630.27,25,5
OI0018580,O010012,P00173,1,2963.57,0,5
OI0018581,O010012,P00749,5,1475.45,15,0
OI0018582,O010012,P00549,1,14541.78,0,18
OI0018583,O010013,P00492,1,9149.77,0,12
OI0018584,O010013,P00138,1,672.21,0,0
OI0018585,O010014,P00493,2,2799.3,25,12
OI0018586,O010014,P00537,1,16682.83,10,5
OI0018587,O010015,P00912,5,11212.29,25,18
OI0018591,O010019,P00214,1,1507.11,15,0
OI0018592,O010019,P00475,1,25337.73,25,5
OI0018593,O010020,P00928,2,28883.71,20,18
OI0018594,O010020,P00676,3,20395.12,0,0
OI0018595,O010020,P00700,2,29392.98,0,18
OI0018596,O010021,P00176,2,4444.18,5,0
OI0018597,O010022,P00651,2,15840.88,15,12
OI0018598,O010022,P00977,1,1688.42,15,0
OI0018599,O010022,P00487,1,4003.42,20,18
OI0018600,O010023,P00362,1,20340.86,15,12
OI0018601,O010023,P00980,3,10177.89,15,0
OI0018602,O010023,P00675,4,9710.4,0,0
OI0018603,O010024,P00089,1,28572.33,5,0
OI0018604,O010024,P00919,1,19397.19,5,12
OI0018605,O010025,P00993,1,15274.42,0,0
OI0018606,O010026,P00393,1,15254.8,15,0
OI0018607,O010026,P00906,2,1865.14,5,12
OI0018608,O010026,P00777,3,23169.87,0,12
OI0018609,O010027,P00905,1,25458.47,0,5
OI0018610,O010027,P00613,1,10458.69,20,5
OI0018611,O010027,P00777,3,21413.83,10,12
OI0018612,O010028,P00706,5,15691.91,0,12
OI0018613,O010029,P00078,3,13782.39,5,12
OI0018614,O010029,P00236,1,11502.54,-5,5
OI0018615,O010030,P00891,4,1971.03,5,12
OI0018616,O010031,P00425,1,15960.19,10,5
OI0018617,O010031,P00374,4,17448.4,25,5
OI0018618,O010031,P00020,1,24512.06,5,0
OI0018619,O010032,P00311,1,29095.55,5,5
OI0018620,O010033,P00410,1,1651.72,0,5
OI0018621,O010033,P00433,2,675.13,10,12
OI0018622,O010033,P00561,2,26653.06,25,5
OI0018623,O010034,P00222,1,1929.21,0,0
OI0018624,O010034,P00090,1,17490.19,20,0
OI0018625,O010035,P00710,1,18920.16,20,5
OI0018626,O010035,P00785,2,7531.55,20,12
OI0018627,O010036,P00249,4,20879.08,15,5
OI0018628,O010037,P00830,1,5142.28,15,0
OI0018629,O010037,P00331,2,27125.09,20,5
OI0018630,O010038,P00082,1,26964.29,10,5
OI0018631,O010038,P00450,1,28770.44,10,0
OI0018633,O010039,P00990,4,28289.89,0,18
OI0018634,O010039,P00846,1,20560.14,0,5
OI0018635,O010040,P00546,2,1180.85,25,0
OI0018636,O010041,P00162,2,25204.42,20,12
OI0018637,O010041,P00563,4,23150.9,10,12
OI0018638,O010042,P00083,3,951.96,0,0
OI0018639,O010042,P00160,1,20486.57,15,0
OI0018641,O010043,P00163,1,4914.28,5,0
OI0018642,O010043,P00041,1,1064.31,5,12
OI0018643,O010043,P00443,5,21711.06,10,18
OI0018644,O010044,P00497,1,9617.87,0,0
OI0018645,O010045,P00195,1,21881.1,0,5
OI0018646,O010045,P00560,1,15640.09,20,5
OI0018647,O010045,P00527,1,18304.61,5,0
OI0018648,O010046,P00327,1,16647.67,5,18
OI0018649,O010046,P00530,1,29116.51,20,0
OI0018651,O010047,P00608,1,18792.44,15,5
OI0018652,O010048,P00601,1,19861.12,0,0
OI0018653,O010048,P00349,1,10547.19,0,0
OI0018654,O010049,P00015,2,28668.47,15,0
OI0018655,O010049,P00688,1,26926.95,0,0
OI0018656,O010050,P00784,1,8184.51,5,5
OI0018657,O010051,P00107,4,3478.27,25,5
OI0018658,O010052,P00347,2,28493.91,0,0
OI0018659,O010053,P00232,1,21773.45,0,12
OI0018660,O010053,P00618,1,14179.15,5,18
OI0018661,O010054,P00617,1,10775.93,0,5
OI0018662,O010055,P00413,1,3133.98,25,5
OI0018663,O010055,P00221,2,5030.68,20,0
OI0018665,O010057,P00870,1,7772.81,0,0
OI0018666,O010057,P00104,3,12741.12,20,5
OI0018667,O010058,P00916,3,2454.15,0,5
OI0018668,O010058,P00149,1,31278.74,-5,12
OI0018669,O010059,P00616,1,7074.55,0,18
OI0018670,O010059,P00750,2,10571.92,0,0
OI0018671,O010059,P00787,1,16853.77,0,12
OI0018672,O010060,P00768,5,26722.26,20,18
OI0018673,O010060,P00917,1,1233.42,25,5
OI0018674,O010061,P00037,5,14315.45,25,5
OI0018675,O010061,P00001,1,9559.89,0,5
OI0018676,O010061,P00212,1,14841.12,25,5
OI0018677,O010062,P00029,2,15867.91,10,5
OI0018679,O010063,P00114,2,11977.48,15,18
OI0018680,O010063,P00666,1,3393.48,20,0
OI0018681,O010064,P00033,2,14480.09,25,0
OI0018683,O010065,P00356,1,10333.79,20,0
OI0018684,O010065,P00591,1,13527.17,0,0
OI0018685,O010066,P00123,2,282.54,20,0
OI0018686,O010066,P00985,1,16617.15,5,0
OI0018687,O010067,P00797,2,5291.57,0,5
OI0018688,O010067,P00311,1,28097.5,15,12
OI0018689,O010067,P00272,1,25034.29,20,12
OI0018690,O010068,P00794,1,5445.33,0,5
OI0018691,O010068,P00577,1,25805.47,0,12
OI0018692,O010069,P00655,1,21586.88,25,12
OI0018693,O010070,P00124,1,15610.74,0,18
OI0018694,O010070,P00361,1,29604.46,0,5
OI0018695,O010071,P00060,1,20000.83,0,0
OI0018696,O010072,P00894,1,8462.33,25,18
OI0018697,O010072,P00367,1,6503.89,15,5
OI0018698,O010072,P00672,2,15061.75,5,18
OI0018699,O010073,P00477,1,23367.53,25,5
OI0018700,O010073,P00770,1,23298.65,10,5
OI0018701,O010073,P00552,1,19002.11,0,0
OI0018702,O010074,P00921,1,15446.37,0,12
OI0018703,O010074,P00564,2,21573.79,0,12
OI0018704,O010075,P00553,2,17038.67,5,5
OI0018705,O010075,P00287,2,26100.79,25,5
OI0018706,O010076,P00528,1,28724.05,15,12
OI0018708,O010077,P00354,2,18163.42,10,5
OI0018709,O010077,P00711,1,25834.16,0,0
OI0018710,O010077,P00930,1,10040.23,25,12
OI0018711,O010078,P00343,1,11178.78,0,12
OI0018713,O010079,P00978,1,25139.49,0,5
OI0018714,O010079,P00012,1,10991.98,0,0
OI0018715,O010079,P00977,2,1605.04,0,0
OI0018716,O010080,P00233,2,4816.86,15,0
OI0018717,O010080,P00620,1,12403.82,25,18
OI0018718,O010080,P00032,1,21438.82,0,0
OI0018719,O010081,P00903,3,6984.44,20,18
OI0018720,O010082,P00265,2,1570.5,0,5
OI0018721,O010082,P00088,1,12322.33,5,12
OI0018722,O010083,P00637,5,29654.55,25,12
OI0018723,O010084,P00728,4,4960.86,20,0
OI0018724,O010084,P00529,2,27892.2,0,0
OI0018725,O010085,P00662,3,7994.81,0,0
OI0018726,O010085,P00947,1,9599.15,0,12
OI0018727,O010085,P00132,1,5125.25,0,0
OI0018728,O010086,P00190,4,9423.79,0,12
OI0018729,O010086,P00930,3,9762.59,20,0
OI0018730,O010087,P00449,1,2415.91,5,5
OI0018731,O010087,P00946,1,22742.52,20,5
OI0018732,O010087,P00018,3,22059.44,10,12
OI0018733,O010088,P00222,1,1928.35,25,12
OI0018735,O010089,P00437,2,25262.23,10,18
OI0018736,O010089,P00302,1,13255.21,5,12
OI0018737,O010090,P00391,2,22880.9,10,18
OI0018738,O010091,P00936,3,26936.07,10,5
OI0018739,O010091,P00058,3,18773.58,0,18
OI0018741,O010092,P00792,2,6349.38,15,0
OI0018742,O010092,P00474,4,20949.87,0,5
OI0018743,O010092,P00378,1,26706.44,0,12
OI0018745,O010093,P00635,4,11616.25,10,0
OI0018746,O010094,P00947,1,9776.59,0,5
OI0018747,O010095,P00819,1,9673.79,0,0
OI0018748,O010096,P00713,2,3033.69,20,5
OI0018749,O010097,P00923,1,5222.43,15,18
OI0018750,O010098,P00199,1,19451.96,25,12
OI0018751,O010098,P00802,1,6874.76,15,0
OI0018752,O010098,P00771,2,18080.01,0,18
OI0018754,O010100,P00757,2,4981.84,5,18
OI0018755,O010100,P00217,1,16800.96,0,0
OI0018757,O010101,P00234,1,28663.6,0,12
OI0018758,O010102,P00695,1,10584.7,15,18
OI0018759,O010103,P00149,2,30595.6,0,0
OI0018760,O010103,P00014,1,16298.71,15,12
OI0018761,O010103,P00796,1,1073.12,0,5
OI0018762,O010104,P00934,2,25921.67,0,5
OI0018763,O010105,P00082,2,27526.62,10,0
OI0018764,O010105,P00719,1,24126.53,10,0
OI0018765,O010106,P00360,5,3194.88,15,12
OI0018766,O010106,P00900,1,23668.92,0,0
OI0018767,O010106,P00081,1,12378.46,0,5
OI0018769,O010107,P00469,5,2960.01,15,18
OI0018770,O010108,P00135,2,28301.47,0,12
OI0018771,O010108,P00369,1,28718.33,15,0
OI0018772,O010108,P00931,1,4130.58,0,5
OI0018773,O010109,P00858,3,27688.51,25,12
OI0018774,O010109,P00102,2,883.25,15,12
OI0018775,O010110,P00722,3,16708.11,20,0
OI0018776,O010110,P00898,2,4115.55,15,12
OI0018777,O010110,P00328,1,5397.75,10,0
OI0018779,O010111,P00239,1,28186.63,20,12
OI0018780,O010111,P00949,3,30212.86,0,12
OI0018781,O010112,P00352,2,22646.98,0,5
OI0018782,O010113,P00137,2,30362.62,0,12
OI0018783,O010113,P00392,2,27639.6,15,12
OI0018784,O010113,P00491,1,24454.1,25,5
OI0018785,O010114,P00165,2,29055.99,25,12
OI0018786,O010115,P00693,1,2299.32,15,0
OI0018787,O010115,P00678,1,21080.3,0,18
OI0018789,O010116,P00264,4,12632.0,0,0
OI0018790,O010116,P00604,1,28580.82,5,18
OI0018791,O010117,P00869,2,1335.28,10,12
OI0018792,O010117,P00400,1,10413.48,15,0
OI0018794,O010119,P00045,1,26461.55,0,18
OI0018795,O010119,P00291,2,16206.5,0,5
OI0018796,O010119,P00493,1,2746.41,10,0
OI0018797,O010120,P00288,1,17262.72,0,5
OI0018798,O010120,P00305,1,2797.26,10,18
OI0018799,O010121,P00944,2,8847.19,5,5
OI0018800,O010122,P00492,2,9867.46,10,5
OI0018801,O010123,P00261,1,18324.92,0,18
OI0018802,O010123,P00823,1,7491.94,25,18
OI0018803,O010123,P00741,1,4480.44,15,5
OI0018805,O010124,P00978,1,24971.9,25,18
OI0018806,O010124,P00319,1,21725.75,10,0
OI0018807,O010125,P00780,3,22351.51,25,5
OI0018808,O010125,P00802,1,7037.16,25,0
OI0018809,O010125,P00817,2,11495.63,0,5
OI0018810,O010126,P00580,1,7396.57,25,12
OI0018811,O010127,P00651,1,15830.77,10,5
OI0018812,O010128,P00404,1,10150.6,0,18
OI0018813,O010129,P00618,1,15094.71,10,5
OI0018814,O010129,P00080,1,18927.79,0,0
OI0018815,O010130,P00801,5,2248.85,25,18
OI0018816,O010130,P00205,3,18652.11,25,5
OI0018817,O010131,P00973,1,28739.99,20,12
OI0018818,O010131,P00388,1,14434.22,15,0
OI0018819,O010131,P00681,1,30951.44,10,0
OI0018820,O010132,P00164,1,17307.65,20,12
OI0018821,O010133,P00836,1,13975.07,25,12
OI0018822,O010134,P00484,1,7065.15,5,12
OI0018823,O010135,P00683,1,14868.1,0,18
OI0018824,O010135,P00159,1,13553.83,0,18
OI0018825,O010136,P00731,1,27862.24,10,12
OI0018826,O010136,P00399,3,5241.81,10,0
OI0018827,O010137,P00883,2,13057.56,15,18
OI0018828,O010137,P00760,2,7905.1,25,0
OI0018829,O010137,P00061,1,18793.76,0,5
OI0018830,O010138,P00403,2,19308.94,15,5
OI0018831,O010138,P00800,2,19374.6,10,18
OI0018832,O010139,P00546,1,1089.19,15,0
OI0018833,O010140,P00470,1,971.8,25,0
OI0018834,O010140,P00810,3,23529.62,0,5
OI0018835,O010141,P00696,2,22060.62,10,0
OI0018836,O010142,P00491,2,24282.99,0,18
OI0018837,O010142,P00937,1,3458.81,15,12
OI0018838,O010143,P00652,2,3778.84,0,18
OI0018839,O010144,P00476,1,15911.12,25,18
OI0018840,O010144,P00605,2,6259.59,0,5
OI0018841,O010145,P00064,1,9184.56,15,0
OI0018842,O010145,P00795,1,26025.89,15,5
OI0018843,O010146,P00475,2,26398.88,10,5
OI0018844,O010146,P00456,1,3653.56,5,0
OI0018846,O010147,P00772,1,9988.5,0,0
OI0018847,O010148,P00929,1,2045.53,5,12
OI0018848,O010148,P00815,1,24880.1,5,5
OI0018849,O010149,P00457,1,666.94,5,0
OI0018850,O010149,P00934,1,26033.83,25,12
OI0018852,O010150,P00560,1,16591.67,15,12
OI0018853,O010150,P00696,2,21583.92,0,5
OI0018854,O010151,P00390,1,23552.9,0,18
OI0018855,O010151,P00168,1,16779.89,0,12
OI0018856,O010151,P00102,1,923.09,15,0
OI0018857,O010152,P00903,2,7132.95,0,18
OI0018858,O010152,P00645,3,24810.68,10,0
OI0018859,O010152,P00557,2,5047.67,10,0
OI0018860,O010153,P00282,1,14494.82,25,0
OI0018861,O010153,P00476,3,15334.79,-5,0
OI0018862,O010153,P00540,1,5772.37,10,18
OI0018863,O010154,P00195,1,20494.83,-5,12
OI0018864,O010155,P00593,1,3295.53,15,5
OI0018865,O010155,P00472,1,4653.47,0,5
OI0018866,O010156,P00492,1,9477.0,25,18
OI0018867,O010157,P00556,3,16204.14,20,18
OI0018868,O010158,P00120,3,16092.83,15,5
OI0018869,O010158,P00754,4,26408.97,20,18
OI0018870,O010159,P00839,3,16942.72,0,5
OI0018871,O010160,P00599,1,27563.42,20,18
OI0018872,O010161,P00300,1,6261.54,25,0
OI0018873,O010161,P00412,3,5893.91,25,18
OI0018874,O010161,P00501,2,968.53,20,0
OI0018875,O010162,P00921,1,15904.85,5,12
OI0018876,O010162,P00706,3,16305.13,20,0
OI0018877,O010163,P00715,1,25210.79,0,18
OI0018879,O010163,P00026,1,14458.83,10,0
OI0018880,O010164,P00187,1,10645.5,25,18
OI0018882,O010164,P00558,1,12544.4,25,12
OI0018883,O010165,P00590,1,3329.4,10,0
OI0018884,O010165,P00089,1,29579.54,25,0
OI0018885,O010166,P00874,1,7260.43,0,0
OI0018886,O010166,P00064,4,9131.73,15,12
OI0018887,O010167,P00909,3,12250.79,0,18
OI0018888,O010167,P00119,2,17376.93,25,18
OI0018890,O010169,P00191,2,14459.84,0,18
OI0018891,O010169,P00351,1,1134.09,0,12
OI0018892,O010169,P00587,1,19100.29,20,5
OI0018893,O010170,P00437,1,26508.13,15,18
OI0018894,O010170,P00159,1,13235.56,5,0
OI0018895,O010170,P00617,1,10205.85,0,18
OI0018897,O010171,P00297,1,1260.72,15,12
OI0018898,O010172,P00282,1,15230.7,-5,18
OI0018899,O010173,P00792,2,5995.62,0,18
OI0018900,O010174,P00535,3,14134.89,10,5
OI0018901,O010174,P00885,1,1658.65,15,12
OI0018902,O010174,P00955,4,24209.77,5,12
OI0018903,O010175,P00783,1,18661.59,5,12
OI0018904,O010175,P00486,2,21805.8,0,18
OI0018905,O010176,P00382,2,22233.65,25,5
OI0018906,O010176,P00906,1,1817.38,0,5
OI0018907,O010176,P00062,5,26832.65,25,0
OI0018908,O010177,P00745,1,11899.14,20,12
OI0018909,O010177,P00845,2,6711.76,10,0
OI0018910,O010178,P00821,1,18817.81,25,18
OI0018911,O010178,P00220,4,5002.5,10,5
OI0018912,O010179,P00955,1,25507.79,0,12
OI0018913,O010179,P00457,4,682.28,20,5
OI0018915,O010180,P00751,1,9190.74,5,0
OI0018916,O010181,P00693,2,2478.64,15,18
OI0018917,O010181,P00769,1,15274.29,0,5
OI0018918,O010182,P00190,4,9922.33,0,0
OI0018919,O010182,P00295,3,5236.81,15,5
OI0018920,O010183,P00523,1,21673.32,0,0
OI0018921,O010183,P00004,1,13956.81,-5,0
OI0018922,O010184,P00786,1,27814.14,5,18
OI0018924,O010184,P00274,1,1244.7,25,12
OI0018925,O010185,P00143,2,2979.86,0,0
OI0018927,O010186,P00640,1,22749.44,15,12
OI0018928,O010187,P00475,1,24736.55,15,12
OI0018929,O010187,P00216,1,29360.7,25,12
OI0018930,O010187,P00417,1,12535.22,5,12
OI0018931,O010188,P00924,1,10973.41,-5,12
OI0018933,O010189,P00970,1,19116.88,0,0
OI0018934,O010190,P00407,1,12204.8,0,5
OI0018935,O010190,P00989,1,18198.56,0,18
OI0018937,O010191,P00689,4,27074.92,20,5
OI0018938,O010192,P00314,1,4698.34,20,0
OI0018939,O010192,P00608,1,19940.76,10,5
OI0018940,O010193,P00700,5,28628.51,0,0
OI0018941,O010193,P00092,1,21635.92,0,18
OI0018942,O010194,P00042,1,28186.78,10,5
OI0018944,O010195,P00491,4,23923.57,15,5
OI0018946,O010195,P00985,2,15671.1,0,12
OI0018947,O010196,P00803,1,20011.62,15,5
OI0018948,O010196,P00536,1,27545.52,5,0
OI0018949,O010197,P00292,4,12481.97,10,18
OI0018950,O010197,P00124,3,17067.69,0,0
OI0018951,O010198,P00286,1,576.22,0,5
OI0018952,O010198,P00632,1,22717.08,0,5
OI0018953,O010199,P00189,1,5947.44,0,5
OI0018954,O010199,P00309,2,22826.85,5,5
OI0018955,O010200,P00947,1,9670.56,15,0
OI0018956,O010200,P00100,1,18535.22,25,18
OI0018957,O010201,P00160,1,18672.6,15,5
OI0018958,O010201,P00531,1,27713.33,15,5
OI0018959,O010202,P00224,1,10792.07,0,12
OI0018960,O010203,P00044,1,22283.86,0,0
OI0018961,O010203,P00622,1,12645.18,5,12
OI0018962,O010204,P00704,2,14544.14,0,0
OI0018963,O010204,P00318,2,22291.23,0,5
OI0018964,O010205,P00614,2,11596.14,0,12
OI0018965,O010205,P00526,2,3702.35,0,12
OI0018966,O010205,P00900,1,24724.09,25,18
OI0018967,O010206,P00482,3,29646.42,0,12
OI0018968,O010207,P00439,2,26683.6,10,12
OI0018969,O010207,P00014,1,15399.04,20,5
OI0018970,O010207,P00053,1,21676.61,20,5
OI0018971,O010208,P00228,2,10550.58,5,5
OI0018972,O010209,P00843,1,4760.79,10,12
OI0018973,O010209,P00741,1,4627.69,25,12
OI0018974,O010210,P00129,2,8037.15,0,18
OI0018975,O010211,P00053,1,21674.26,20,12
OI0018976,O010211,P00064,1,8762.25,0,5
OI0018977,O010212,P00362,1,20629.6,0,5
OI0018979,O010213,P00468,1,24609.54,0,5
OI0018980,O010213,P00931,2,4036.9,0,5
OI0018981,O010214,P00507,2,29531.92,15,5
OI0018982,O010214,P00399,1,5275.42,0,12
OI0018983,O010215,P00960,2,23155.91,20,0
OI0018984,O010215,P00719,2,24495.55,0,5
OI0018985,O010215,P00480,1,16897.32,0,18
OI0018986,O010216,P00929,1,1992.89,20,5
OI0018987,O010217,P00187,3,10608.25,0,12
OI0018988,O010217,P00837,2,17811.53,0,0
OI0018990,O010218,P00356,1,11012.18,25,18
OI0018991,O010218,P00854,3,13525.68,15,0
OI0018992,O010218,P00229,1,18315.16,20,12
OI0018993,O010219,P00142,2,16984.99,25,18
OI0018994,O010219,P00315,2,2251.72,5,12
OI0018996,O010221,P00839,4,17579.76,5,18
OI0018997,O010222,P00702,3,980.96,10,0
OI0018998,O010223,P00338,1,9117.5,0,12
OI0018999,O010223,P00426,1,15520.2,10,5
OI0019000,O010224,P00663,4,26409.59,20,0
OI0019001,O010224,P00151,1,18952.37,5,18
OI0019002,O010225,P00240,2,13975.25,20,18
OI0019003,O010225,P00171,1,6025.68,5,18
OI0019004,O010226,P00468,2,23863.9,25,18
OI0019005,O010226,P00951,3,27424.48,10,5
OI0019006,O010226,P00980,1,10199.33,25,18
OI0019007,O010227,P00908,1,8879.93,10,5
OI0019008,O010227,P00529,1,29550.66,25,18
OI0019009,O010228,P00400,1,9962.91,0,0
OI0019010,O010229,P00140,1,29865.04,5,5
OI0019011,O010230,P00365,2,13635.7,0,12
OI0019012,O010231,P00221,2,5054.98,5,5
OI0019013,O010232,P00208,1,6420.55,25,0
OI0019014,O010232,P00074,2,24392.34,10,0
OI0019015,O010233,P00184,1,12493.13,20,5
OI0019016,O010233,P00213,1,12952.75,5,0
OI0019017,O010234,P00654,1,8544.97,10,0
OI0019018,O010235,P00425,2,15033.82,5,5
OI0019021,O010236,P00812,1,3811.25,15,12
OI0019022,O010237,P00069,1,23212.62,0,12
OI0019023,O010237,P00672,1,15467.84,0,12
OI0019024,O010238,P00348,1,7438.4,0,0
OI0019025,O010238,P00252,1,12369.36,0,18
OI0019026,O010238,P00293,2,8256.74,20,18
OI0019027,O010239,P00495,1,18336.74,10,0
OI0019028,O010239,P00404,5,9635.4,0,18
OI0019029,O010240,P00712,1,29520.82,20,18
OI0019031,O010241,P00682,1,15180.37,0,12
OI0019032,O010241,P00540,1,5625.57,0,5
OI0019033,O010242,P00519,2,3582.34,0,5
OI0019035,O010244,P00844,1,25141.42,0,5
OI0019036,O010244,P00769,3,14915.1,20,0
OI0019037,O010244,P00695,3,10152.07,25,18
OI0019038,O010245,P00911,1,10343.84,0,12
OI0019039,O010245,P00699,1,23326.44,0,5
OI0019040,O010246,P00377,3,24578.64,0,18
OI0019041,O010247,P00436,2,22716.79,0,12
OI0019042,O010247,P00435,1,28995.3,0,5
OI0019043,O010247,P00250,1,19072.7,0,12
OI0019044,O010248,P00679,1,28670.94,10,5
OI0019045,O010248,P00522,2,18445.57,25,18
OI0019046,O010248,P00028,1,10206.32,0,18
OI0019047,O010249,P00127,2,15826.38,15,12
OI0019048,O010249,P00782,1,28467.1,0,18
OI0019049,O010250,P00106,2,8312.61,20,12
OI0019050,O010250,P00313,1,5351.9,10,18
OI0019051,O010251,P00587,1,19241.52,25,18
OI0019052,O010251,P00136,2,20267.41,0,12
OI0019053,O010252,P00043,2,8758.56,0,18
OI0019054,O010253,P00371,4,17889.28,25,5
OI0019055,O010253,P00990,1,28286.16,10,12
OI0019056,O010254,P00078,1,12954.17,10,5
OI0019058,O010255,P00465,1,10538.56,10,0
OI0019059,O010255,P00770,2,23698.06,10,12
OI0019060,O010255,P00315,2,2193.39,0,12
OI0019061,O010256,P00304,2,22935.56,15,5
OI0019062,O010257,P00634,1,9156.31,0,18
OI0019063,O010257,P00893,1,5846.97,0,12
OI0019065,O010258,P00458,1,335.22,0,18
OI0019067,O010259,P00481,1,16431.2,20,12
OI0019068,O010259,P00832,1,16034.87,10,12
OI0019069,O010260,P00569,1,28921.87,5,0
OI0019070,O010261,P00714,1,28557.9,0,0
OI0019071,O010261,P00158,4,12656.29,15,0
OI0019072,O010262,P00716,2,6244.02,0,18
OI0019073,O010263,P00947,3,9567.34,-5,18
OI0019074,O010264,P00124,1,16404.51,20,5
OI0019075,O010264,P00147,1,29693.8,10,0
OI0019076,O010265,P00424,1,20862.32,0,18
OI0019077,O010265,P00155,1,10582.83,25,18
OI0019078,O010266,P00056,3,14963.68,5,0
OI0019079,O010267,P00230,2,25818.21,20,12
OI0019080,O010267,P00152,3,5949.28,0,12
OI0019081,O010268,P00329,1,888.62,0,5
OI0019082,O010269,P00594,4,15007.71,25,5
OI0019083,O010269,P00243,1,14411.19,0,18
OI0019084,O010270,P00791,1,1398.41,25,0
OI0019085,O010270,P00432,1,3986.98,0,18
OI0019086,O010271,P00084,1,28773.44,0,18
OI0019087,O010271,P00491,5,22440.72,5,5
OI0019089,O010273,P00749,1,1369.8,20,0
OI0019090,O010273,P00441,1,7517.28,0,18
OI0019091,O010274,P00837,2,17500.32,10,0
OI0019092,O010274,P00296,1,20589.06,0,18
OI0019094,O010276,P00326,1,13858.31,15,5
OI0019095,O010276,P00158,1,12944.86,5,0
OI0019096,O010276,P00427,2,22991.33,0,0
OI0019099,O010278,P00876,1,8367.85,0,5
OI0019100,O010279,P00717,1,24509.77,0,5
OI0019101,O010280,P00377,1,24441.37,25,18
OI0019102,O010281,P00591,2,13567.22,15,18
OI0019103,O010281,P00244,3,2096.93,0,18
OI0019105,O010283,P00241,1,4372.21,5,0
OI0019106,O010283,P00622,1,12631.04,0,0
OI0019107,O010284,P00005,1,28887.86,10,0
OI0019108,O010284,P00681,1,29739.57,0,12
OI0019109,O010285,P00897,1,6781.14,25,12
OI0019110,O010285,P00034,1,22236.54,10,18
OI0019111,O010285,P00387,1,340.19,5,5
OI0019112,O010286,P00966,1,26092.42,0,5
OI0019113,O010287,P00527,1,17816.36,0,12
OI0019114,O010287,P00547,1,21799.8,15,5
OI0019115,O010288,P00719,4,22717.81,0,18
OI0019117,O010289,P00348,2,7269.3,5,12
OI0019120,O010292,P00768,1,25333.51,20,0
OI0019122,O010293,P00271,2,24674.23,0,0
OI0019123,O010293,P00482,1,28630.68,10,0
OI0019126,O010295,P00987,1,23519.32,25,0
OI0019127,O010295,P00611,2,4052.22,-5,5
OI0019128,O010296,P00529,1,28132.68,10,18
OI0019131,O010298,P00175,1,11075.38,5,18
OI0019132,O010298,P00636,2,8180.23,15,12
OI0019133,O010298,P00258,2,16492.7,5,18
OI0019134,O010299,P00392,3,26844.57,20,0
OI0019135,O010300,P00995,3,13790.79,10,5
OI0019136,O010300,P00018,1,23464.37,5,18
OI0019138,O010301,P00533,2,2194.88,15,12
OI0019139,O010302,P00929,2,2114.64,10,0
OI0019140,O010302,P00401,1,20460.15,10,12
OI0019141,O010302,P00044,1,22102.28,0,12
OI0019142,O010303,P00813,1,10099.24,0,0
OI0019143,O010304,P00069,3,24960.3,25,18
OI0019144,O010304,P00488,1,23196.31,0,12
OI0019145,O010304,P00263,2,22353.49,15,5
OI0019146,O010305,P00835,1,21178.09,15,5
OI0019147,O010305,P00363,2,22782.46,0,5
OI0019148,O010306,P00308,2,25078.6,20,12
OI0019149,O010307,P00628,1,1127.7,0,5
OI0019150,O010308,P00987,1,25395.98,0,12
OI0019151,O010308,P00940,2,28574.9,5,18
OI0019152,O010308,P00582,1,14982.53,20,5
OI0019154,O010309,P00025,1,3245.37,5,18
OI0019155,O010310,P00853,2,2883.94,0,12
OI0019156,O010311,P00559,1,23382.8,20,0
OI0019158,O010312,P00540,1,5810.19,25,5
OI0019159,O010313,P00417,4,13096.98,20,12
OI0019160,O010313,P00285,1,15059.02,20,0
OI0019161,O010314,P00053,1,19897.31,5,18
OI0019162,O010315,P00835,2,21020.28,10,0
OI0019163,O010315,P00114,2,11481.45,5,5
OI0019164,O010316,P00238,1,13655.01,0,12
OI0019165,O010316,P00792,1,6548.5,5,5
OI0019166,O010316,P00428,3,17035.95,20,5
OI0019168,O010318,P00131,2,10694.38,20,0
OI0019169,O010318,P00171,1,5911.13,10,5
OI0019172,O010320,P00986,1,18634.37,25,18
OI0019173,O010321,P00061,1,18161.61,0,18
OI0019174,O010321,P00076,1,1983.83,0,18
OI0019176,O010322,P00633,1,5895.9,0,5
OI0019177,O010323,P00650,1,30995.05,25,12
OI0019178,O010324,P00485,3,14999.41,0,0
OI0019179,O010324,P00380,1,25655.0,20,0
OI0019180,O010325,P00579,2,17026.57,10,18
OI0019181,O010326,P00902,3,30876.97,20,12
OI0019183,O010327,P00280,2,9397.2,0,12
OI0019184,O010327,P00709,1,2006.56,0,0
OI0019185,O010327,P00959,1,13825.01,20,12
OI0019186,O010328,P00114,1,12007.11,25,5
OI0019187,O010328,P00578,1,14071.04,5,0
OI0019188,O010329,P00797,1,5160.14,0,12
OI0019189,O010329,P00391,3,22950.02,0,0
OI0019190,O010330,P00637,1,30349.94,5,0
OI0019192,O010330,P00279,1,15614.34,0,5
OI0019193,O010331,P00981,3,21850.44,25,5
OI0019194,O010331,P00428,1,17992.93,0,18
OI0019196,O010332,P00244,4,2290.9,0,18
OI0019197,O010333,P00332,1,9701.58,0,12
OI0019198,O010333,P00632,1,22904.49,0,5
OI0019200,O010334,P00771,1,19033.78,0,0
OI0019201,O010334,P00530,1,28759.39,20,5
OI0019203,O010335,P00533,5,2142.59,20,5
OI0019204,O010335,P00660,1,1639.9,-5,12
OI0019205,O010336,P00108,1,28955.19,-5,18
OI0019206,O010337,P00681,1,28423.53,10,0
OI0019207,O010338,P00192,1,15221.79,0,12
OI0019208,O010339,P00811,2,10757.52,0,5
OI0019210,O010340,P00150,1,17400.01,0,12
OI0019211,O010340,P00975,2,8299.31,0,5
OI0019212,O010341,P00084,3,29615.31,10,18
OI0019213,O010341,P00672,1,15561.47,0,18
OI0019214,O010342,P00099,3,27828.12,0,0
OI0019215,O010342,P00375,1,13594.53,5,18
OI0019216,O010342,P00840,1,15944.48,0,18
OI0019218,O010343,P00237,2,23556.64,0,0
OI0019219,O010344,P00775,1,17361.91,15,12
OI0019220,O010345,P00228,2,11401.46,0,12
OI0019221,O010345,P00411,1,6210.32,5,12
OI0019222,O010346,P00115,1,28685.5,20,12
OI0019225,O010347,P00039,1,3895.21,25,5
OI0019226,O010347,P00081,1,12476.2,0,18
OI0019227,O010348,P00429,2,641.28,25,0
OI0019228,O010348,P00536,3,26522.22,20,18
OI0019229,O010349,P00526,1,3391.93,0,18
OI0019230,O010349,P00033,5,15008.33,0,18
OI0019231,O010350,P00519,1,3688.45,25,5
OI0019232,O010350,P00080,1,18192.87,10,0
OI0019233,O010351,P00223,2,7680.38,15,5
OI0019234,O010352,P00121,2,7274.8,20,18
OI0019235,O010352,P00955,2,25126.67,0,0
OI0019236,O010352,P00572,1,7581.71,0,0
OI0019237,O010353,P00883,1,12758.86,20,5
OI0019238,O010354,P00112,1,27756.73,5,12
OI0019239,O010354,P00785,1,7473.83,15,12
OI0019240,O010354,P00811,1,11444.79,10,0
OI0019241,O010355,P00477,1,23224.5,10,5
OI0019242,O010355,P00576,1,15076.55,10,0
OI0019243,O010356,P00476,1,15115.54,-5,5
OI0019244,O010357,P00847,3,21338.16,0,0
OI0019245,O010358,P00234,4,28557.05,20,5
OI0019246,O010358,P00913,1,1937.47,20,12
OI0019247,O010358,P00964,1,17806.26,0,5
OI0019248,O010359,P00555,1,26795.89,15,12
OI0019249,O010360,P00494,2,9595.25,5,0
OI0019250,O010361,P00302,2,12533.88,15,0
OI0019252,O010361,P00735,2,15924.5,20,0
OI0019253,O010362,P00882,2,21564.78,20,12
OI0019254,O010362,P00930,1,9704.79,10,18
OI0019255,O010362,P00542,1,25258.33,15,12
OI0019258,O010364,P00917,1,1188.72,25,0
OI0019259,O010364,P00932,1,9209.14,10,0
OI0019260,O010365,P00589,1,10929.76,5,5
OI0019261,O010366,P00616,4,7251.87,0,18
OI0019262,O010367,P00801,1,2302.56,0,12
OI0019264,O010367,P00584,1,20955.01,0,5
OI0019265,O010368,P00214,1,1496.77,-5,5
OI0019266,O010369,P00509,2,16160.62,20,12
OI0019267,O010370,P00913,2,2087.71,0,5
OI0019268,O010371,P00388,2,15491.36,10,18
OI0019269,O010371,P00530,2,27001.51,0,5
OI0019270,O010372,P00168,2,15426.28,25,5
OI0019271,O010372,P00818,1,24329.61,15,12
OI0019272,O010372,P00585,1,16654.37,0,12
OI0019273,O010373,P00025,1,3109.5,5,0
OI0019274,O010374,P00339,1,24690.02,25,0
OI0019275,O010375,P00136,3,18480.89,20,5
OI0019276,O010375,P00249,1,20471.29,25,0
OI0019277,O010376,P00842,1,22052.44,15,12
OI0019278,O010376,P00337,1,650.19,0,18
OI0019279,O010377,P00259,5,23962.56,15,18
OI0019280,O010378,P00746,2,3980.09,0,12
OI0019282,O010379,P00636,4,7692.87,0,12
OI0019284,O010379,P00627,1,23690.3,5,0
OI0019285,O010380,P00954,1,22012.6,0,0
OI0019286,O010381,P00812,1,3880.89,15,5
OI0019287,O010381,P00961,4,12611.26,0,18
OI0019288,O010382,P00952,2,9285.54,0,0
OI0019289,O010383,P00055,1,24489.28,-5,18
OI0019290,O010384,P00069,3,23942.59,0,0
OI0019291,O010384,P00382,3,22187.19,0,12
OI0019292,O010385,P00874,1,7291.56,25,5
OI0019293,O010385,P00993,3,14064.62,0,5
OI0019294,O010385,P00370,3,5374.48,0,12
OI0019295,O010386,P00708,2,3439.57,0,5
OI0019296,O010386,P00233,2,4580.9,10,0
OI0019297,O010386,P00319,1,23053.4,0,18
OI0019298,O010387,P00784,2,8593.2,15,5
OI0019299,O010387,P00599,1,26970.04,0,18
OI0019300,O010387,P00724,3,15775.85,5,12
OI0019301,O010388,P00880,2,15580.11,0,5
OI0019302,O010388,P00510,2,4663.8,20,12
OI0019303,O010389,P00354,2,18689.72,5,5
OI0019304,O010390,P00993,1,15066.97,25,18
OI0019305,O010390,P00956,2,17337.43,10,18
OI0019306,O010391,P00727,2,12778.59,5,5
OI0019307,O010391,P00984,1,7608.06,10,0
OI0019309,O010392,P00628,1,1188.92,0,12
OI0019310,O010392,P00775,1,18098.78,0,0
OI0019311,O010392,P00822,1,14910.23,10,0
OI0019312,O010393,P00886,2,21424.96,25,5
OI0019313,O010393,P00597,2,8219.3,20,5
OI0019314,O010393,P00591,1,14292.52,15,5
OI0019315,O010394,P00960,2,21915.49,0,5
OI0019317,O010395,P00158,1,12488.28,0,0
OI0019318,O010395,P00339,3,24864.83,15,12
OI0019319,O010396,P00281,2,20757.37,5,0
OI0019320,O010396,P00902,1,30153.26,25,0
OI0019321,O010396,P00431,3,25735.2,0,18
OI0019322,O010397,P00415,1,8197.57,15,18
OI0019323,O010397,P00043,4,8392.27,25,12
OI0019324,O010398,P00646,1,14959.87,15,12
OI0019325,O010398,P00761,2,9743.1,0,12
OI0019326,O010399,P00991,1,5730.83,0,0
OI0019327,O010399,P00415,1,8029.14,0,0
OI0019328,O010400,P00053,1,21418.22,15,5
OI0019329,O010400,P00643,1,13791.55,-5,12
OI0019330,O010400,P00953,2,481.17,0,5
OI0019332,O010401,P00762,1,20680.79,0,5
OI0019333,O010402,P00558,2,13326.88,5,5
OI0019334,O010402,P00381,2,11500.77,0,18
OI0019336,O010403,P00678,3,20616.9,25,18
OI0019337,O010403,P00031,4,9514.53,0,5
OI0019338,O010404,P00094,1,10080.0,5,5
OI0019339,O010404,P00993,1,14539.21,0,0
OI0019340,O010404,P00347,2,28178.87,0,12
OI0019341,O010405,P00362,2,20836.04,20,18
OI0019342,O010406,P00113,2,16977.29,25,18
OI0019344,O010407,P00707,1,18488.75,-5,12
OI0019345,O010408,P00244,1,2163.55,20,12
OI0019346,O010408,P00255,2,10913.44,25,5
OI0019347,O010408,P00708,1,3521.86,25,0
OI0019348,O010409,P00278,4,19673.54,25,12
OI0019349,O010409,P00456,2,3418.82,25,5
OI0019350,O010409,P00425,1,15863.82,-5,5
OI0019351,O010410,P00379,3,20950.96,5,18
OI0019352,O010410,P00248,2,18629.38,0,5
OI0019353,O010411,P00793,1,16193.32,10,0
OI0019354,O010411,P00623,1,5004.67,15,5
OI0019355,O010411,P00916,3,2627.55,15,5
OI0019356,O010412,P00682,1,14441.89,0,0
OI0019357,O010413,P00911,5,10742.98,5,0
OI0019358,O010413,P00340,1,26081.57,10,5
OI0019359,O010414,P00815,2,24464.62,20,0
OI0019360,O010414,P00140,1,29972.73,0,18
OI0019362,O010415,P00100,1,18181.52,5,0
OI0019365,O010416,P00414,1,6543.58,0,18
OI0019366,O010417,P00358,1,4422.8,0,18
OI0019367,O010417,P00807,2,5520.47,25,18
OI0019368,O010418,P00283,1,4848.38,5,0
OI0019369,O010418,P00442,1,11632.99,10,0
OI0019370,O010419,P00199,2,18771.41,5,0
OI0019371,O010420,P00346,4,7646.09,0,18
OI0019372,O010420,P00945,1,12262.88,0,12
OI0019373,O010420,P00579,1,16392.85,0,5
OI0019374,O010421,P00127,1,15161.25,10,12
OI0019375,O010422,P00595,2,22044.89,0,18
OI0019376,O010422,P00616,2,7511.58,0,12
OI0019377,O010423,P00886,3,20207.56,0,18
OI0019378,O010423,P00647,1,5560.06,5,0
OI0019379,O010424,P00006,1,8719.49,15,5
OI0019380,O010424,P00292,1,12742.25,15,0
OI0019381,O010424,P00485,1,15604.35,5,12
OI0019382,O010425,P00554,1,4774.09,20,0
OI0019383,O010425,P00488,1,23712.01,5,5
OI0019384,O010425,P00990,1,27918.09,0,18
OI0019385,O010426,P00915,2,4061.03,5,5
OI0019386,O010426,P00007,1,26049.0,25,12
OI0019387,O010427,P00211,3,653.96,5,0
OI0019388,O010428,P00802,4,7144.09,0,12
OI0019389,O010428,P00571,1,9003.36,25,12
OI0019390,O010428,P00347,2,26583.39,0,12
OI0019391,O010429,P00677,1,16197.17,0,12
OI0019392,O010430,P00788,1,9785.16,0,18
OI0019393,O010431,P00986,1,18081.95,5,5
OI0019395,O010432,P00961,1,12285.94,0,18
OI0019396,O010433,P00845,2,6580.32,0,0
OI0019397,O010434,P00826,2,11107.46,20,5
OI0019398,O010434,P00509,2,14886.43,10,0
OI0019399,O010435,P00905,1,25979.41,0,0
OI0019400,O010435,P00709,1,1986.11,20,18
OI0019401,O010436,P00991,3,5848.83,5,0
OI0019402,O010436,P00507,4,28942.26,0,12
OI0019403,O010437,P00946,1,22380.36,10,5
OI0019404,O010438,P00412,1,6037.96,0,12
OI0019405,O010438,P00709,2,1952.26,15,5
OI0019406,O010439,P00036,1,20851.1,10,0
OI0019407,O010439,P00277,1,2234.72,15,5
OI0019408,O010440,P00367,4,6643.06,0,0
OI0019409,O010440,P00415,1,8008.7,0,12
OI0019410,O010441,P00437,1,27587.54,0,0
OI0019411,O010441,P00539,1,12680.79,20,0
OI0019412,O010442,P00094,2,10344.17,15,12
OI0019413,O010443,P00252,1,11998.68,5,0
OI0019414,O010443,P00903,1,7329.49,25,18
OI0019416,O010444,P00973,1,27502.97,20,0
OI0019417,O010444,P00490,1,23405.19,5,5
OI0019418,O010445,P00727,1,12781.58,0,12
OI0019419,O010445,P00705,1,25003.38,0,18
OI0019420,O010446,P00654,1,8098.61,25,5
OI0019422,O010447,P00115,4,27047.97,10,0
OI0019423,O010448,P00803,1,21065.95,0,0
OI0019424,O010448,P00421,1,19427.85,10,0
OI0019425,O010449,P00796,2,1072.52,5,18
OI0019426,O010449,P00920,4,8339.77,10,0
OI0019428,O010450,P00005,1,28268.34,5,0
OI0019429,O010450,P00845,2,6611.01,5,12
OI0019430,O010451,P00982,4,9251.63,20,12
OI0019431,O010451,P00324,1,212.33,0,18
OI0019432,O010452,P00618,2,15178.33,0,5
OI0019433,O010452,P00777,1,21506.28,20,5
OI0019434,O010452,P00941,1,20528.2,25,5
OI0019435,O010453,P00221,1,5069.07,5,18
OI0019436,O010453,P00216,2,29680.56,10,18
OI0019437,O010454,P00102,2,862.91,5,12
OI0019438,O010454,P00959,2,13167.71,0,12
OI0019439,O010454,P00272,2,23872.77,15,12
OI0019440,O010455,P00996,1,8670.31,0,12
OI0019442,O010456,P00210,1,4522.33,25,5
OI0019443,O010457,P00494,1,10034.54,5,12
OI0019444,O010458,P00135,5,27303.73,5,0
OI0019445,O010459,P00843,1,4866.29,0,5
OI0019446,O010460,P00875,2,15513.58,0,18
OI0019447,O010461,P00138,2,705.85,15,18
OI0019448,O010461,P00384,2,1800.44,0,12
OI0019449,O010462,P00761,1,9713.04,5,5
OI0019450,O010463,P00152,1,5761.44,25,0
OI0019451,O010463,P00290,1,30535.42,5,5
OI0019452,O010463,P00002,2,4141.6,15,5
OI0019453,O010464,P00593,2,3248.65,20,0
OI0019454,O010465,P00236,1,11216.42,10,0
OI0019455,O010466,P00591,4,14861.55,15,18
OI0019456,O010467,P00358,2,4195.38,5,18
OI0019459,O010469,P00063,1,1266.94,20,18
OI0019460,O010470,P00362,5,20054.62,10,18
OI0019461,O010470,P00273,1,10156.02,0,0
OI0019462,O010470,P00474,2,21304.12,15,0
OI0019463,O010471,P00542,2,23749.34,0,18
OI0019464,O010471,P00831,1,7002.3,0,0
OI0019465,O010471,P00079,3,17308.98,0,0
OI0019467,O010473,P00868,1,9812.54,15,12
OI0019468,O010473,P00235,1,9486.34,20,0
OI0019469,O010474,P00889,4,16670.37,5,18
OI0019470,O010474,P00087,5,4123.16,0,12
OI0019471,O010475,P00428,3,18430.45,10,0
OI0019472,O010475,P00036,3,19793.96,5,5
OI0019473,O010475,P00703,3,9156.85,0,5
OI0019474,O010476,P00713,1,3219.17,25,0
OI0019475,O010476,P00631,3,9371.03,0,0
OI0019476,O010476,P00750,2,10984.96,0,5
OI0019477,O010477,P00902,1,28816.43,20,5
OI0019478,O010477,P00856,2,12642.95,0,0
OI0019479,O010477,P00233,3,4399.47,-5,18
OI0019480,O010478,P00751,2,8728.7,25,18
OI0019481,O010479,P00191,1,14625.77,20,0
OI0019483,O010479,P00670,2,20824.77,20,12
OI0019485,O010480,P00224,1,11382.68,0,5
OI0019486,O010480,P00299,2,25736.19,0,12
OI0019487,O010481,P00430,1,12738.2,0,0
OI0019488,O010482,P00045,2,26126.72,15,12
OI0019490,O010483,P00631,1,9732.1,0,18
OI0019491,O010484,P00085,4,3313.71,5,5
OI0019492,O010484,P00909,2,11313.42,10,12
OI0019494,O010486,P00250,1,20595.24,0,12
OI0019495,O010487,P00938,2,10846.46,0,18
OI0019496,O010487,P00017,1,10279.79,15,0
OI0019497,O010488,P00968,1,5765.08,0,0
OI0019498,O010488,P00121,3,7414.57,25,0
OI0019499,O010489,P00714,1,26855.83,25,12
OI0019500,O010489,P00862,1,26275.4,20,18
OI0019501,O010490,P00594,2,14372.46,0,0
OI0019503,O010491,P00116,2,26062.21,25,18
OI0019504,O010491,P00341,1,21352.97,5,5
OI0019505,O010492,P00109,1,13228.45,25,5
OI0019506,O010492,P00661,2,26645.74,20,18
OI0019507,O010493,P00785,1,7519.37,5,0
OI0019508,O010493,P00996,2,8282.48,0,18
OI0019510,O010494,P00802,2,7025.47,20,0
OI0019511,O010495,P00724,1,16129.09,0,0
OI0019512,O010496,P00212,2,13808.62,0,5
OI0019513,O010497,P00231,3,1184.31,10,12
OI0019514,O010498,P00986,3,17580.27,15,5
OI0019515,O010499,P00030,3,23600.26,20,5
OI0019516,O010500,P00151,2,20291.12,15,18
OI0019517,O010501,P00511,1,20110.9,0,5
OI0019518,O010501,P00082,3,26714.38,5,5
OI0019519,O010501,P00025,1,3143.75,0,5
OI0019520,O010502,P00978,3,26012.66,0,5
OI0019521,O010502,P00840,1,15257.27,15,5
OI0019522,O010503,P00558,1,12307.72,5,12
OI0019524,O010504,P00404,1,9620.3,10,12
OI0019525,O010505,P00784,3,8210.25,20,5
OI0019526,O010506,P00066,1,5634.73,0,0
OI0019527,O010507,P00987,2,23566.38,25,5
OI0019528,O010507,P00310,2,6146.16,15,12
OI0019530,O010508,P00352,1,22669.32,0,12
OI0019531,O010508,P00244,4,2284.06,0,18
OI0019533,O010509,P00053,1,20509.23,0,18
OI0019534,O010510,P00016,1,11203.77,10,5
OI0019535,O010511,P00495,1,18339.7,0,12
OI0019536,O010512,P00641,3,1279.14,0,5
OI0019537,O010512,P00649,2,10657.68,0,12
OI0019538,O010513,P00379,1,19627.34,15,0
OI0019539,O010513,P00967,3,22437.45,0,18
OI0019541,O010514,P00428,1,18125.71,15,18
OI0019543,O010515,P00627,1,24255.28,20,12
OI0019544,O010516,P00502,1,14688.03,20,5
OI0019545,O010516,P00687,3,22475.11,25,5
OI0019546,O010516,P00860,1,29173.97,5,18
OI0019547,O010517,P00072,1,6749.68,10,0
OI0019548,O010517,P00045,1,25617.86,25,18
OI0019549,O010518,P00039,3,3923.51,15,0
OI0019550,O010518,P00132,2,5080.88,5,5
OI0019551,O010519,P00551,1,16451.25,20,18
OI0019552,O010519,P00681,4,30328.06,10,12
OI0019553,O010520,P00491,1,24719.81,5,5
OI0019554,O010520,P00346,1,7303.64,25,18
OI0019556,O010522,P00262,5,9227.4,25,5
OI0019557,O010522,P00862,1,25091.98,0,12
OI0019558,O010523,P00701,2,1503.63,5,0
OI0019560,O010524,P00745,1,11858.08,0,0
OI0019561,O010525,P00229,1,18830.69,15,5
OI0019563,O010525,P00041,3,1106.74,10,18
OI0019565,O010526,P00290,1,31242.91,10,12
OI0019566,O010526,P00262,1,9184.21,10,0
OI0019567,O010527,P00899,1,22444.21,10,12
OI0019568,O010528,P00034,2,22387.8,25,5
OI0019569,O010528,P00498,1,29338.13,10,12
OI0019570,O010529,P00833,3,24526.49,0,5
OI0019571,O010529,P00939,2,10054.31,20,18
OI0019572,O010529,P00258,1,15976.56,0,0
OI0019573,O010530,P00491,1,24026.62,15,5
OI0019574,O010531,P00309,3,22652.31,0,18
OI0019575,O010532,P00160,4,18787.99,20,5
OI0019576,O010532,P00910,2,20837.24,5,18
OI0019578,O010533,P00594,1,14601.89,25,12
OI0019579,O010534,P00713,3,2974.12,20,18
OI0019580,O010534,P00375,1,13276.21,20,0
OI0019581,O010534,P00835,2,20331.1,5,18
OI0019582,O010535,P00942,2,7907.59,10,0
OI0019583,O010535,P00438,1,13861.12,25,0
OI0019584,O010535,P00576,2,15062.15,0,18
OI0019585,O010536,P00619,2,10625.14,0,0
OI0019586,O010537,P00766,1,14281.24,0,5
OI0019587,O010538,P00862,1,25677.08,0,0
OI0019588,O010539,P00004,1,13823.93,20,12
OI0019589,O010539,P00234,1,27312.17,5,0
OI0019590,O010540,P00060,2,21434.61,15,5
OI0019591,O010540,P00787,1,16776.07,15,18
OI0019592,O010541,P00015,1,30346.83,25,5
OI0019593,O010541,P00810,1,23626.37,0,18
OI0019594,O010542,P00959,2,13066.01,15,0
OI0019595,O010542,P00403,1,18639.21,0,18
OI0019596,O010543,P00495,1,18783.24,5,5
OI0019597,O010543,P00312,1,24165.0,0,12
OI0019598,O010544,P00056,1,13876.95,0,5
OI0019599,O010545,P00442,1,11822.39,0,0
OI0019600,O010545,P00406,2,26810.83,15,0
OI0019601,O010546,P00837,5,16435.25,20,0
OI0019602,O010547,P00287,1,25183.21,0,0
OI0019603,O010547,P00710,1,19568.28,20,12
OI0019604,O010548,P00546,1,1080.0,0,5
OI0019605,O010548,P00239,1,27462.36,0,5
OI0019606,O010549,P00731,1,27069.13,0,12
OI0019607,O010550,P00674,1,9595.48,15,12
OI0019609,O010551,P00168,1,16545.95,0,5
OI0019610,O010551,P00796,1,1144.52,10,18
OI0019611,O010552,P00170,1,20512.91,0,5
OI0019612,O010552,P00456,1,3669.18,20,5
OI0019613,O010553,P00640,2,23509.72,0,5
OI0019614,O010553,P00359,1,25597.71,10,12
OI0019616,O010554,P00739,2,17898.75,0,12
OI0019617,O010555,P00042,4,29443.37,15,18
OI0019618,O010555,P00886,1,20184.71,25,12
OI0019619,O010556,P00554,1,5017.77,0,0
OI0019620,O010556,P00179,2,2926.07,0,18
OI0019621,O010557,P00943,1,7491.02,15,12
OI0019622,O010557,P00221,2,5157.3,15,12
OI0019623,O010558,P00527,1,18689.24,0,0
OI0019625,O010559,P00639,2,1466.01,15,18
OI0019628,O010561,P00601,2,19771.46,10,5
OI0019629,O010561,P00856,1,12220.7,0,0
OI0019630,O010561,P00686,1,23628.08,5,5
OI0019631,O010562,P00971,1,7427.63,15,0
OI0019632,O010563,P00408,2,24307.1,10,12
OI0019633,O010564,P00684,1,21993.9,0,0
OI0019634,O010565,P00320,1,2452.56,20,18
OI0019635,O010565,P00844,2,24294.88,0,0
OI0019636,O010566,P00509,2,15903.2,0,12
OI0019637,O010567,P00818,1,24169.9,15,12
OI0019638,O010567,P00596,2,25359.31,5,5
OI0019639,O010568,P00403,1,18741.16,20,12
OI0019640,O010568,P00233,4,4653.2,0,18
OI0019641,O010569,P00483,3,20502.66,0,18
OI0019642,O010570,P00862,4,27157.91,0,0
OI0019643,O010570,P00022,1,22806.99,5,5
OI0019644,O010571,P00207,3,4676.43,25,12
OI0019645,O010571,P00514,2,12005.07,0,12
OI0019646,O010572,P00202,1,3466.94,0,5
OI0019647,O010573,P00966,1,26497.34,0,0
OI0019648,O010574,P00559,1,23410.7,0,5
OI0019649,O010575,P00083,2,1007.19,0,12
OI0019650,O010575,P00741,1,4769.8,15,18
OI0019651,O010576,P00765,1,3685.47,15,0
OI0019652,O010576,P00697,3,12584.26,5,0
OI0019653,O010576,P00044,1,23442.86,0,18
OI0019654,O010577,P00714,1,26909.13,10,18
OI0019655,O010577,P00333,1,8197.5,20,5
OI0019657,O010578,P00466,3,809.77,-5,0
OI0019658,O010579,P00687,1,23253.41,15,18
OI0019659,O010579,P00506,1,11513.83,0,18
OI0019660,O010579,P00193,2,17090.12,5,12
OI0019661,O010580,P00647,2,5266.21,5,12
OI0019662,O010580,P00175,4,10862.37,-5,5
OI0019663,O010581,P00312,2,24605.23,0,5
OI0019664,O010581,P00111,2,12240.46,-5,12
OI0019665,O010582,P00610,2,5981.45,0,5
OI0019666,O010582,P00156,4,30163.03,10,5
OI0019667,O010583,P00760,1,8204.79,15,12
OI0019668,O010583,P00907,1,16947.58,20,0
OI0019669,O010583,P00571,1,8840.12,0,5
OI0019670,O010584,P00570,1,11702.79,15,0
OI0019671,O010584,P00799,1,26133.4,20,5
OI0019672,O010585,P00316,2,26587.06,10,18
OI0019673,O010585,P00032,1,20469.46,15,5
OI0019674,O010586,P00850,1,20995.48,5,5
OI0019675,O010586,P00596,1,25384.77,5,12
OI0019677,O010588,P00824,2,24654.87,15,12
OI0019678,O010589,P00616,2,6968.98,0,5
OI0019679,O010590,P00338,2,9301.63,0,12
OI0019680,O010591,P00230,2,25062.21,10,12
OI0019681,O010591,P00767,1,19963.55,0,18
OI0019682,O010591,P00280,1,9219.43,0,18
OI0019683,O010592,P00467,1,21998.56,25,12
OI0019684,O010592,P00869,1,1342.72,10,0
OI0019685,O010593,P00739,1,17061.7,0,18
OI0019686,O010594,P00459,2,23944.93,5,12
OI0019688,O010595,P00820,1,16911.54,20,5
OI0019689,O010595,P00512,1,3944.13,10,18
OI0019690,O010596,P00209,1,20867.47,0,18
OI0019691,O010596,P00304,4,23905.51,10,5
OI0019692,O010596,P00866,1,29075.09,15,0
OI0019693,O010597,P00345,2,5872.22,5,0
OI0019694,O010597,P00082,1,25257.27,0,12
OI0019696,O010599,P00136,1,18719.7,20,5
OI0019697,O010599,P00210,2,4222.78,20,0
OI0019698,O010600,P00091,1,14322.68,20,18
OI0019699,O010600,P00167,2,14665.53,0,5
OI0019700,O010601,P00329,4,899.11,0,0
OI0019701,O010601,P00949,1,31175.91,-5,18
OI0019702,O010602,P00934,2,25439.37,20,5
OI0019703,O010603,P00669,2,21213.74,0,0
OI0019704,O010604,P00847,1,22155.05,15,18
OI0019705,O010604,P00654,2,8436.52,0,0
OI0019706,O010605,P00756,1,14018.06,10,0
OI0019707,O010605,P00162,2,24847.36,25,5
OI0019708,O010605,P00975,1,8374.91,15,5
OI0019710,O010606,P00873,1,25416.71,0,5
OI0019711,O010607,P00513,1,28995.73,0,12
OI0019713,O010608,P00817,1,10923.94,15,18
OI0019714,O010608,P00632,1,24332.85,10,12
OI0019715,O010609,P00168,1,15592.25,25,12
OI0019717,O010609,P00307,1,28628.46,25,18
OI0019718,O010610,P00062,1,25162.14,15,0
OI0019719,O010610,P00609,1,10011.52,25,18
OI0019721,O010611,P00069,2,23920.9,5,12
OI0019722,O010612,P00802,5,7125.77,0,0
OI0019723,O010613,P00157,5,18077.89,0,12
OI0019724,O010613,P00521,1,25342.36,10,12
OI0019725,O010614,P00414,1,6154.7,0,18
OI0019726,O010615,P00750,2,10412.27,-5,0
OI0019727,O010615,P00574,1,13118.66,0,18
OI0019728,O010616,P00850,3,21571.89,0,5
OI0019729,O010616,P00331,2,25338.63,15,0
OI0019731,O010617,P00014,1,15968.01,5,18
OI0019732,O010617,P00395,1,24937.4,15,0
OI0019733,O010618,P00422,1,22828.14,0,0
OI0019734,O010618,P00679,1,27923.42,5,5
OI0019735,O010618,P00767,2,20262.33,0,5
OI0019736,O010619,P00650,4,29608.83,0,0
OI0019737,O010619,P00207,1,4539.71,0,12
OI0019738,O010620,P00682,1,14331.75,5,0
OI0019740,O010621,P00480,4,17486.02,0,18
OI0019741,O010621,P00875,1,15303.55,0,18
OI0019742,O010622,P00743,2,19541.58,0,5
OI0019743,O010622,P00219,1,15815.59,0,5
OI0019744,O010623,P00662,1,7762.66,0,0
OI0019745,O010623,P00034,4,24207.86,10,12
OI0019746,O010624,P00026,1,15339.76,10,18
OI0019747,O010624,P00143,1,3089.9,5,12
OI0019748,O010624,P00669,4,21619.33,5,0
OI0019749,O010625,P00194,2,27884.45,25,0
OI0019750,O010625,P00477,1,21350.66,25,12
OI0019751,O010625,P00554,1,5066.32,20,0
OI0019752,O010626,P00358,1,4348.01,0,0
OI0019753,O010626,P00439,1,25676.56,10,12
OI0019754,O010627,P00503,3,22268.19,0,5
OI0019755,O010627,P00896,2,18746.43,5,12
OI0019756,O010628,P00461,1,14944.63,0,0
OI0019757,O010629,P00349,1,11338.75,0,0
OI0019758,O010629,P00103,2,13051.7,0,12
OI0019760,O010630,P00355,1,24687.54,15,18
OI0019762,O010631,P00149,2,30527.24,20,12
OI0019763,O010632,P00576,2,15051.48,0,0
OI0019764,O010632,P00195,1,22171.46,0,18
OI0019765,O010633,P00415,1,7679.6,20,18
OI0019766,O010633,P00485,3,15217.83,0,18
OI0019767,O010634,P00672,1,15570.08,10,0
OI0019768,O010635,P00380,2,25773.88,5,0
OI0019769,O010636,P00328,1,5651.3,15,0
OI0019771,O010638,P00880,2,16392.57,10,5
OI0019772,O010638,P00141,2,18103.58,0,0
OI0019773,O010638,P00671,2,16901.94,0,0
OI0019774,O010639,P00574,1,13669.42,0,5
OI0019775,O010639,P00121,1,6955.6,20,5
OI0019776,O010639,P00414,1,6251.88,15,0
OI0019777,O010640,P00213,1,13502.63,0,5
OI0019778,O010640,P00275,1,10175.45,20,0
OI0019780,O010641,P00451,2,28545.6,15,12
OI0019781,O010641,P00647,1,5336.97,0,18
OI0019782,O010641,P00587,1,20180.73,0,18
OI0019783,O010642,P00162,3,24981.14,10,12
OI0019784,O010643,P00713,1,3257.86,0,5
OI0019785,O010643,P00673,3,9334.91,10,0
OI0019786,O010643,P00951,1,26452.15,0,0
OI0019787,O010644,P00795,1,26265.18,0,12
OI0019788,O010644,P00942,1,8203.83,20,0
OI0019789,O010645,P00219,2,15875.94,10,12
OI0019790,O010645,P00009,1,19865.88,0,0
OI0019791,O010646,P00445,1,9995.15,20,18
OI0019792,O010646,P00874,1,7715.69,5,12
OI0019793,O010646,P00624,1,28336.41,0,18
OI0019794,O010647,P00147,1,28716.41,20,5
OI0019795,O010648,P00095,3,23519.7,15,18
OI0019796,O010648,P00363,1,22969.23,10,0
OI0019797,O010649,P00714,1,28592.73,15,0
OI0019798,O010649,P00136,5,19692.72,25,12
OI0019799,O010650,P00847,2,21843.34,0,5
OI0019800,O010650,P00591,1,13977.54,25,5
OI0019801,O010650,P00147,2,28412.01,0,5
OI0019802,O010651,P00718,2,6550.42,0,12
OI0019803,O010651,P00340,1,27145.87,0,18
OI0019804,O010651,P00350,1,23121.71,25,18
OI0019805,O010652,P00366,3,11639.01,0,0
OI0019806,O010652,P00143,2,3110.7,25,5
OI0019807,O010653,P00981,1,22234.81,10,12
OI0019808,O010653,P00526,1,3597.2,10,18
OI0019809,O010654,P00503,1,23022.05,25,5
OI0019810,O010654,P00815,3,24784.16,5,12
OI0019811,O010655,P00748,1,23578.26,20,12
OI0019813,O010656,P00444,1,7067.04,5,5
OI0019814,O010656,P00015,1,30764.64,5,12
OI0019815,O010657,P00775,2,17720.78,0,5
OI0019816,O010658,P00255,1,11486.83,0,5
OI0019818,O010659,P00441,2,7169.75,0,12
OI0019819,O010660,P00068,2,8830.66,0,12
OI0019820,O010660,P00222,1,1995.85,0,18
OI0019821,O010660,P00032,1,20595.84,20,5
OI0019822,O010661,P00409,2,12838.72,0,5
OI0019823,O010661,P00677,1,16677.48,25,18
OI0019824,O010662,P00240,2,15050.24,20,18
OI0019825,O010663,P00692,1,15641.36,0,18
OI0019826,O010663,P00026,5,14887.33,0,5
OI0019827,O010663,P00048,1,4319.88,15,0
OI0019828,O010664,P00360,3,3256.5,0,0
OI0019829,O010664,P00654,1,7933.29,10,0
OI0019830,O010665,P00238,1,13091.2,0,0
OI0019832,O010666,P00172,1,23746.33,10,12
OI0019833,O010667,P00588,3,25130.63,20,0
OI0019834,O010667,P00340,2,27259.78,10,0
OI0019835,O010668,P00974,3,8962.03,20,0
OI0019837,O010669,P00937,3,3365.44,20,5
OI0019838,O010670,P00309,3,23449.17,0,0
OI0019839,O010670,P00944,5,9548.12,5,12
OI0019840,O010671,P00193,1,16524.02,0,18
OI0019841,O010672,P00074,1,26219.91,25,18
OI0019842,O010672,P00845,3,6972.12,15,5
OI0019843,O010673,P00258,3,16531.38,5,0
OI0019844,O010673,P00376,4,25653.08,25,12
OI0019845,O010673,P00598,2,5715.73,0,12
OI0019846,O010674,P00439,1,24477.71,0,5
OI0019848,O010675,P00559,5,22732.84,15,18
OI0019849,O010676,P00748,1,23003.2,15,18
OI0019850,O010677,P00813,2,9675.62,0,5
OI0019852,O010678,P00385,3,21981.4,0,12
OI0019853,O010678,P00636,2,7633.8,0,12
OI0019854,O010679,P00840,1,15703.57,20,5
OI0019855,O010680,P00947,1,9283.32,5,12
OI0019856,O010680,P00492,5,9681.3,20,0
OI0019858,O010681,P00331,1,26118.24,0,12
OI0019859,O010682,P00805,3,7688.84,0,18
OI0019860,O010682,P00206,1,14843.56,0,0
OI0019861,O010683,P00492,1,9879.5,5,12
OI0019862,O010683,P00037,2,14764.59,15,12
OI0019863,O010683,P00704,1,14824.69,20,5
OI0019864,O010684,P00177,2,10845.22,20,5
OI0019865,O010684,P00805,2,7807.33,25,5
OI0019866,O010685,P00820,1,18598.8,5,5
OI0019867,O010685,P00035,3,17505.34,0,5
OI0019868,O010686,P00213,1,13420.02,10,0
OI0019869,O010687,P00315,3,2168.22,15,12
OI0019870,O010688,P00226,1,24155.9,0,12
OI0019872,O010690,P00868,2,9761.68,20,5
OI0019873,O010690,P00326,2,13711.16,15,12
OI0019875,O010691,P00807,2,5772.54,15,12
OI0019876,O010692,P00474,4,22782.25,25,0
OI0019877,O010693,P00125,1,17964.42,20,5
OI0019879,O010693,P00166,1,27350.86,10,18
OI0019880,O010694,P00906,3,1784.85,20,5
OI0019882,O010695,P00282,2,14252.53,0,0
OI0019883,O010696,P00335,2,23500.52,0,0
OI0019884,O010696,P00245,1,15772.26,25,12
OI0019885,O010697,P00196,1,5359.9,10,5
OI0019886,O010698,P00019,1,18011.13,0,5
OI0019887,O010698,P00670,1,19790.86,0,12
OI0019888,O010698,P00388,2,14897.36,0,0
OI0019889,O010699,P00470,1,964.73,25,5
OI0019890,O010699,P00217,1,16591.58,0,0
OI0019891,O010700,P00734,1,20833.8,5,18
OI0019893,O010700,P00089,1,27957.27,25,5
OI0019894,O010701,P00172,3,24801.18,25,0
OI0019897,O010702,P00317,1,30388.12,5,5
OI0019898,O010702,P00574,1,12810.87,0,18
OI0019899,O010703,P00118,1,22100.89,25,18
OI0019900,O010704,P00616,2,7481.47,0,0
OI0019901,O010704,P00038,1,19101.23,20,0
OI0019903,O010705,P00251,1,28601.02,20,5
OI0019904,O010706,P00050,2,28649.39,0,5
OI0019905,O010706,P00225,1,9290.49,0,12
OI0019906,O010707,P00820,3,18298.02,20,5
OI0019907,O010708,P00083,1,981.72,0,12
OI0019908,O010708,P00822,1,15511.52,10,0
OI0019909,O010709,P00062,1,26997.45,0,18
OI0019910,O010709,P00696,1,22261.31,0,5
OI0019911,O010710,P00423,3,4452.74,5,5
OI0019912,O010710,P00236,1,11534.66,10,5
OI0019913,O010711,P00924,1,10370.84,10,5
OI0019914,O010712,P00225,2,8848.73,0,18
OI0019917,O010714,P00828,2,7500.42,15,18
OI0019918,O010715,P00070,2,14332.12,20,12
OI0019919,O010715,P00010,1,13063.75,10,5
OI0019920,O010715,P00174,2,20185.72,15,5
OI0019921,O010716,P00644,2,25997.01,20,5
OI0019923,O010717,P00819,1,9286.45,25,12
OI0019924,O010717,P00404,1,9621.58,0,0
OI0019925,O010718,P00052,1,13198.48,5,12
OI0019926,O010718,P00723,2,7330.16,15,18
OI0019927,O010718,P00203,1,26733.71,0,12
OI0019928,O010719,P00889,1,16959.97,0,12
OI0019929,O010719,P00110,1,1094.16,10,0
OI0019930,O010720,P00363,1,23004.38,5,18
OI0019931,O010720,P00915,1,4396.83,5,0
OI0019932,O010720,P00865,2,22383.74,15,0
OI0019933,O010721,P00784,1,8023.69,0,18
OI0019935,O010722,P00902,2,29283.12,20,0
OI0019936,O010722,P00169,1,4075.18,20,18
OI0019937,O010723,P00847,1,20172.51,10,5
OI0019938,O010723,P00950,3,1398.14,25,0
OI0019939,O010723,P00677,1,16366.25,10,12
OI0019940,O010724,P00066,4,5542.22,0,0
OI0019941,O010724,P00627,2,23745.94,0,5
OI0019942,O010725,P00242,1,2023.56,0,5
OI0019943,O010725,P00940,2,31188.86,15,0
OI0019944,O010726,P00359,3,25562.07,5,12
OI0019945,O010726,P00603,1,4720.82,15,18
OI0019947,O010727,P00078,1,13378.89,10,0
OI0019948,O010727,P00765,3,3430.77,0,0
OI0019949,O010728,P00519,4,3784.08,0,5
OI0019950,O010729,P00906,1,1810.04,10,12
OI0019951,O010730,P00224,1,10997.72,20,18
OI0019952,O010730,P00216,1,28205.03,20,12
OI0019953,O010731,P00627,3,23334.07,0,0
OI0019954,O010731,P00950,1,1488.41,0,18
OI0019955,O010732,P00624,1,26999.58,20,5
OI0019956,O010733,P00878,3,13815.56,0,12
OI0019958,O010734,P00701,2,1422.57,10,18
OI0019959,O010734,P00564,1,21340.95,5,5
OI0019960,O010735,P00365,1,13682.82,0,0
OI0019961,O010735,P00477,1,22735.04,25,18
OI0019962,O010736,P00871,1,11421.11,25,0
OI0019963,O010736,P00535,2,14248.18,5,12
OI0019965,O010738,P00090,1,18316.2,5,18
OI0019967,O010740,P00175,1,11319.15,0,18
OI0019968,O010741,P00700,4,29919.2,20,18
OI0019970,O010741,P00881,1,19614.51,15,0
OI0019971,O010742,P00321,1,2094.59,5,18
OI0019972,O010743,P00946,2,22190.76,0,12
OI0019973,O010744,P00740,1,11650.68,10,12
OI0019974,O010744,P00202,2,3433.8,15,18
OI0019975,O010744,P00521,2,24787.17,5,18
OI0019977,O010745,P00164,1,16682.77,20,12
OI0019978,O010746,P00505,1,19857.61,15,0
OI0019980,O010746,P00504,1,7258.74,25,0
OI0019981,O010747,P00555,1,27716.26,5,0
OI0019982,O010747,P00152,1,5747.12,5,12
OI0019984,O010748,P00713,1,3059.88,5,5
OI0019985,O010748,P00111,3,12351.59,0,5
OI0019986,O010749,P00729,1,23013.4,10,18
OI0019987,O010749,P00406,1,27367.79,5,18
OI0019988,O010749,P00529,1,28471.01,0,0
OI0019989,O010750,P00598,3,5491.21,20,5
OI0019990,O010751,P00487,2,4080.65,10,12
OI0019991,O010752,P00834,1,23542.34,0,0
OI0019992,O010752,P00913,1,2113.92,5,12
OI0019993,O010752,P00929,1,2156.03,15,18
OI0019994,O010753,P00821,2,19802.23,10,5
OI0019996,O010754,P00623,2,4726.3,15,5
OI0019997,O010755,P00889,2,18184.17,25,18
OI0019998,O010755,P00964,1,18236.65,15,0
OI0019999,O010756,P00628,1,1130.75,5,18
OI0020000,O010756,P00032,2,21601.38,15,0
OI0020001,O010757,P00160,1,19931.05,0,5
OI0020002,O010758,P00655,1,21945.36,10,12
OI0020003,O010758,P00625,1,25508.23,25,0
OI0020004,O010759,P00519,1,3945.44,15,0
OI0020005,O010759,P00561,1,28586.73,5,18
OI0020006,O010759,P00502,4,14517.62,10,5
OI0020007,O010760,P00443,2,22068.38,25,12
OI0020008,O010760,P00115,1,28927.77,15,0
OI0020009,O010761,P00913,1,2133.79,10,0
OI0020010,O010762,P00988,2,15853.2,10,12
OI0020011,O010762,P00790,1,25536.63,15,18
OI0020012,O010763,P00111,1,12353.91,-5,18
OI0020013,O010763,P00055,2,26607.33,25,5
OI0020014,O010764,P00724,1,15403.01,10,0
OI0020015,O010765,P00510,2,4421.02,5,18
OI0020016,O010765,P00026,1,15487.17,25,12
OI0020017,O010765,P00569,2,27788.96,0,5
OI0020019,O010767,P00951,2,26983.15,0,12
OI0020020,O010767,P00453,2,410.76,15,5
OI0020022,O010768,P00770,3,23766.71,0,18
OI0020024,O010769,P00252,2,12018.42,15,18
OI0020025,O010770,P00180,4,22547.8,-5,5
OI0020026,O010770,P00285,1,14596.06,0,12
OI0020027,O010770,P00190,1,9810.72,0,18
OI0020028,O010771,P00286,3,542.84,0,12
OI0020030,O010772,P00758,3,12397.49,15,12
OI0020031,O010773,P00502,3,15538.33,25,5
OI0020032,O010773,P00656,1,27411.92,25,12
OI0020033,O010774,P00013,1,5060.49,10,18
OI0020034,O010775,P00232,3,19908.08,10,5
OI0020035,O010775,P00180,4,22922.77,5,12
OI0020036,O010775,P00678,3,21251.18,15,18
OI0020037,O010776,P00771,1,17647.36,5,5
OI0020038,O010776,P00731,1,28134.21,20,5
OI0020039,O010777,P00992,1,7379.61,25,5
OI0020040,O010778,P00185,1,27441.5,0,5
OI0020041,O010778,P00267,1,17950.48,15,0
OI0020042,O010779,P00475,2,24884.0,25,5
OI0020043,O010780,P00367,2,6478.41,25,0
OI0020044,O010780,P00926,1,23645.32,0,12
OI0020045,O010780,P00077,2,3424.77,5,5
OI0020046,O010781,P00742,1,14727.06,0,12
OI0020047,O010781,P00278,1,19719.45,10,12
OI0020048,O010782,P00236,2,11516.47,20,0
OI0020049,O010782,P00722,2,17445.01,10,12
OI0020051,O010783,P00065,1,27115.23,0,18
OI0020052,O010784,P00531,1,29183.68,0,12
OI0020053,O010785,P00112,1,26357.21,0,5
OI0020054,O010785,P00682,4,14249.86,0,5
OI0020055,O010785,P00946,1,22724.34,0,18
OI0020056,O010786,P00847,1,20212.07,15,18
OI0020058,O010787,P00944,4,8895.73,20,5
OI0020059,O010787,P00911,4,11146.32,0,12
OI0020061,O010788,P00983,2,2780.59,0,12
OI0020062,O010789,P00826,2,10827.93,25,18
OI0020063,O010789,P00520,1,27719.44,0,5
OI0020064,O010789,P00022,3,23096.39,15,12
OI0020065,O010790,P00899,1,22625.33,0,0
OI0020066,O010790,P00851,2,4744.69,20,0
OI0020067,O010790,P00908,2,9028.0,5,0
OI0020068,O010791,P00422,2,22197.02,25,12
OI0020069,O010791,P00284,1,13499.03,0,5
OI0020070,O010792,P00254,1,28409.56,0,0
OI0020071,O010793,P00034,2,24250.17,20,18
OI0020072,O010794,P00149,2,29572.81,5,12
OI0020073,O010794,P00981,1,22664.62,5,0
OI0020074,O010794,P00865,1,23097.23,20,5
OI0020075,O010795,P00471,4,12672.04,5,12
OI0020076,O010795,P00269,1,18572.25,0,0
OI0020077,O010796,P00465,5,11218.25,5,5
OI0020078,O010796,P00429,1,649.5,0,5
OI0020079,O010796,P00409,1,13031.92,20,0
OI0020082,O010798,P00732,2,16803.76,0,12
OI0020083,O010798,P00618,4,14508.79,5,5
OI0020084,O010798,P00650,1,29526.49,0,0
OI0020085,O010799,P00580,1,7380.9,25,18
OI0020087,O010800,P00813,1,9821.91,10,12
OI0020088,O010801,P00673,4,9456.4,0,12
OI0020089,O010801,P00484,2,7226.5,0,18
OI0020090,O010802,P00322,1,27458.22,10,5
OI0020091,O010803,P00609,1,9480.69,0,5
OI0020092,O010803,P00968,1,5527.19,5,0
OI0020093,O010803,P00188,1,16538.51,0,5
OI0020094,O010804,P00427,1,21808.44,-5,18
OI0020095,O010804,P00048,2,4011.01,5,0
OI0020096,O010805,P00436,2,21813.72,20,5
OI0020097,O010805,P00307,1,29841.28,25,5
OI0020098,O010806,P00661,3,28622.35,0,0
OI0020100,O010807,P00324,1,212.54,0,5
OI0020101,O010808,P00665,2,28069.7,0,12
OI0020102,O010809,P00536,1,27078.47,0,12
OI0020103,O010809,P00812,1,3875.08,0,5
OI0020105,O010810,P00191,1,15103.33,5,0
OI0020106,O010810,P00679,2,28405.52,0,0
OI0020107,O010811,P00762,2,19970.88,20,0
OI0020108,O010812,P00808,1,18469.23,-5,12
OI0020109,O010812,P00480,1,18207.38,5,5
OI0020111,O010814,P00917,1,1240.66,0,12
OI0020112,O010815,P00447,3,23753.36,0,12
OI0020113,O010815,P00644,1,25950.88,15,5
OI0020114,O010816,P00716,1,5876.83,15,18
OI0020115,O010817,P00651,2,15750.64,-5,5
OI0020116,O010817,P00833,2,25315.48,5,18
OI0020117,O010818,P00047,1,27959.56,15,5
OI0020118,O010818,P00379,3,19906.07,0,18
OI0020119,O010819,P00490,2,25206.04,0,12
OI0020121,O010820,P00422,3,23716.33,5,12
OI0020122,O010821,P00305,2,2826.26,5,18
OI0020123,O010822,P00448,1,20098.84,20,18
OI0020124,O010823,P00974,1,8287.4,5,12
OI0020125,O010823,P00756,1,14863.35,15,0
OI0020126,O010824,P00342,2,25230.23,25,18
OI0020127,O010824,P00036,1,20717.84,15,18
OI0020128,O010824,P00174,4,20007.23,0,5
OI0020130,O010826,P00909,2,11433.98,10,18
OI0020131,O010826,P00455,1,1428.25,5,5
OI0020133,O010828,P00976,1,7087.25,20,18
OI0020134,O010828,P00720,1,9559.41,10,12
OI0020135,O010828,P00094,1,10324.59,0,0
OI0020136,O010829,P00727,1,12124.1,0,0
OI0020137,O010830,P00813,1,9794.04,0,18
OI0020138,O010831,P00739,1,16920.75,15,5
OI0020139,O010831,P00291,4,17153.2,0,0
OI0020140,O010832,P00165,2,27348.21,15,12
OI0020141,O010832,P00780,1,23479.51,0,18
OI0020142,O010833,P00906,1,1812.28,0,12
OI0020143,O010833,P00538,1,27627.72,25,18
OI0020144,O010834,P00865,1,23776.69,20,12
OI0020146,O010835,P00376,2,25788.4,0,18
OI0020147,O010836,P00218,4,22839.14,0,0
OI0020149,O010837,P00738,1,24620.75,5,0
OI0020150,O010838,P00168,3,16009.74,5,0
OI0020152,O010839,P00990,1,27944.94,5,0
OI0020153,O010840,P00997,1,6368.07,25,12
OI0020155,O010841,P00919,2,20025.78,20,0
OI0020156,O010841,P00567,1,28696.39,25,12
OI0020157,O010841,P00674,1,9809.7,20,12
OI0020158,O010842,P00986,3,18944.72,20,0
OI0020159,O010842,P00649,1,10908.1,0,18
OI0020161,O010844,P00114,1,11484.65,15,5
OI0020162,O010844,P00972,2,19520.18,20,18
OI0020164,O010845,P00714,2,28725.36,5,5
OI0020165,O010846,P00639,3,1523.35,0,12
OI0020166,O010846,P00898,3,3904.85,0,12
OI0020167,O010847,P00047,2,27865.48,0,5
OI0020168,O010848,P00150,1,17977.84,15,0
OI0020169,O010849,P00944,1,9223.97,25,0
OI0020170,O010849,P00184,2,12450.67,15,5
OI0020171,O010850,P00931,1,3951.6,25,18
OI0020172,O010850,P00005,2,29436.49,20,12
OI0020174,O010851,P00485,4,15157.11,10,0
OI0020175,O010851,P00306,1,18797.88,25,18
OI0020176,O010852,P00517,1,29139.92,5,0
OI0020177,O010853,P00475,1,24998.16,25,12
OI0020178,O010853,P00290,2,29696.77,5,18
OI0020179,O010854,P00168,2,15936.32,20,12
OI0020180,O010855,P00634,2,8877.76,0,18
OI0020181,O010855,P00848,1,227.66,10,12
OI0020182,O010855,P00516,3,14925.78,0,5
OI0020183,O010856,P00956,2,18074.03,15,5
OI0020184,O010857,P00695,2,9836.73,0,12
OI0020185,O010857,P00623,2,4824.08,25,18
OI0020186,O010858,P00498,1,30367.67,15,5
OI0020187,O010858,P00922,1,26392.01,15,5
OI0020188,O010858,P00395,3,26268.49,0,0
OI0020189,O010859,P00947,1,9951.98,0,12
OI0020190,O010859,P00109,4,13513.35,0,12
OI0020191,O010860,P00532,1,13985.87,15,18
OI0020192,O010860,P00234,2,27305.46,15,5
OI0020193,O010861,P00098,1,18888.24,25,18
OI0020194,O010861,P00909,1,11615.09,15,0
OI0020195,O010862,P00996,2,8472.1,20,5
OI0020196,O010862,P00671,2,17266.8,15,5
OI0020197,O010862,P00639,2,1536.86,0,0
OI0020198,O010863,P00123,2,303.06,15,18
OI0020199,O010863,P00338,1,9806.1,15,0
OI0020200,O010864,P00016,1,12194.29,0,5
OI0020201,O010865,P00427,1,22949.77,25,12
OI0020202,O010865,P00508,2,11676.92,25,18
OI0020203,O010865,P00763,1,23017.44,0,12
OI0020204,O010866,P00447,1,23167.12,0,0
OI0020205,O010867,P00805,1,7768.42,10,0
OI0020206,O010868,P00923,1,4807.19,10,0
OI0020207,O010868,P00613,1,10876.41,15,0
OI0020208,O010868,P00963,1,3702.89,0,18
OI0020209,O010869,P00780,1,23596.25,20,5
OI0020210,O010870,P00058,1,19303.43,5,18
OI0020211,O010871,P00192,2,15296.46,20,5
OI0020212,O010871,P00805,1,7754.47,10,0
OI0020214,O010872,P00405,1,1905.75,0,12
OI0020215,O010872,P00249,1,21724.58,15,5
OI0020216,O010873,P00072,1,6945.96,10,18
OI0020217,O010873,P00392,1,28269.23,10,18
OI0020218,O010873,P00413,2,3024.71,25,18
OI0020219,O010874,P00290,1,29070.72,5,18
OI0020220,O010874,P00850,1,21168.08,0,12
OI0020221,O010875,P00248,1,18528.6,10,0
OI0020222,O010876,P00764,1,20933.09,25,5
OI0020223,O010876,P00655,1,23212.92,10,18
OI0020226,O010878,P00452,2,20266.05,20,18
OI0020227,O010879,P00240,1,14511.95,5,5
OI0020229,O010880,P00186,1,6560.14,25,5
OI0020231,O010880,P00593,2,3396.78,20,18
OI0020232,O010881,P00094,1,9822.46,0,0
OI0020233,O010881,P00938,2,10125.54,25,0
OI0020234,O010882,P00810,3,25288.52,0,5
OI0020236,O010883,P00154,1,26496.76,25,12
OI0020237,O010884,P00537,1,16269.88,0,18
OI0020238,O010884,P00269,1,18461.95,0,0
OI0020240,O010885,P00795,1,26662.46,25,18
OI0020241,O010886,P00701,2,1515.24,5,0
OI0020242,O010887,P00765,5,3399.77,0,0
OI0020243,O010887,P00748,3,23146.29,-5,5
OI0020244,O010888,P00388,2,15286.28,0,0
OI0020245,O010888,P00127,1,16358.79,25,5
OI0020246,O010889,P00354,2,18907.9,0,5
OI0020247,O010890,P00923,1,5168.74,10,0
OI0020248,O010890,P00690,1,20506.01,10,5
OI0020249,O010891,P00624,1,28563.53,0,0
OI0020250,O010891,P00392,1,26659.27,25,18
OI0020251,O010891,P00638,3,22622.31,25,0
OI0020252,O010892,P00783,3,19078.41,20,18
OI0020253,O010893,P00173,1,2838.98,0,5
OI0020254,O010894,P00960,1,22673.0,0,12
OI0020255,O010895,P00067,2,18272.03,25,18
OI0020256,O010896,P00869,1,1346.74,5,0
OI0020257,O010896,P00147,1,30657.56,-5,12
OI0020258,O010897,P00007,2,25459.7,0,5
OI0020260,O010898,P00878,2,13128.99,10,12
OI0020262,O010899,P00341,1,22304.99,0,12
OI0020263,O010899,P00124,1,17063.82,0,0
OI0020264,O010900,P00793,1,16760.19,0,5
OI0020265,O010901,P00586,1,12132.18,20,0
OI0020266,O010901,P00738,2,24577.44,5,0
OI0020267,O010902,P00876,1,8426.31,0,18
OI0020268,O010902,P00704,3,14954.31,10,0
OI0020269,O010903,P00283,1,4728.5,15,0
OI0020270,O010904,P00241,1,4336.41,20,12
OI0020271,O010904,P00382,2,22510.18,-5,5
OI0020272,O010905,P00452,1,19849.75,15,12
OI0020273,O010905,P00673,1,9556.05,-5,12
OI0020274,O010906,P00961,2,12510.71,20,0
OI0020275,O010906,P00036,3,20545.09,5,12
OI0020276,O010907,P00510,1,4413.06,20,5
OI0020277,O010907,P00483,1,20004.36,10,0
OI0020278,O010908,P00590,1,3535.68,15,12
OI0020279,O010908,P00381,1,11947.24,0,18
OI0020280,O010909,P00743,1,18517.87,25,5
OI0020281,O010910,P00067,2,17181.8,20,5
OI0020283,O010912,P00953,2,476.58,25,18
OI0020284,O010912,P00817,1,10989.74,0,5
OI0020285,O010912,P00137,2,28163.3,15,18
OI0020286,O010913,P00019,2,16733.09,10,18
OI0020287,O010913,P00872,2,4994.47,20,18
OI0020288,O010914,P00176,1,4137.18,0,18
OI0020289,O010915,P00828,1,7552.49,-5,0
OI0020290,O010916,P00667,1,21703.31,0,0
OI0020291,O010917,P00338,1,9852.31,0,5
OI0020292,O010917,P00719,1,23934.49,20,18
OI0020293,O010918,P00045,2,25445.63,0,5
OI0020294,O010919,P00406,1,29249.06,0,0
OI0020295,O010919,P00201,1,28033.5,10,0
OI0020296,O010920,P00633,1,5703.59,0,0
OI0020297,O010920,P00161,1,24647.78,0,12
OI0020298,O010921,P00435,2,27278.64,0,12
OI0020299,O010921,P00970,1,19032.09,20,5
OI0020300,O010922,P00006,1,8675.73,0,5
OI0020301,O010923,P00686,2,25588.58,5,18
OI0020302,O010923,P00065,2,26932.72,20,0
OI0020303,O010924,P00468,4,24315.03,20,5
OI0020304,O010925,P00815,2,25303.45,5,12
OI0020306,O010925,P00786,1,26933.33,15,18
OI0020307,O010926,P00141,3,18802.95,0,18
OI0020308,O010926,P00172,1,24795.87,25,5
OI0020309,O010927,P00308,3,25054.41,20,12
OI0020312,O010928,P00639,1,1556.31,25,12
OI0020313,O010929,P00016,1,12051.22,0,5
OI0020314,O010929,P00800,1,19639.06,10,12
OI0020316,O010930,P00966,1,28154.42,5,5
OI0020317,O010931,P00073,1,28357.54,10,0
OI0020318,O010931,P00771,1,18434.68,20,18
OI0020319,O010931,P00600,2,13104.31,0,0
OI0020320,O010932,P00744,1,8143.78,25,12
OI0020321,O010933,P00126,1,11987.11,15,5
OI0020322,O010933,P00961,4,11650.83,0,18
OI0020323,O010933,P00691,1,14051.42,5,12
OI0020324,O010934,P00877,2,28508.49,10,0
OI0020325,O010934,P00357,3,12780.12,25,18
OI0020326,O010934,P00457,1,651.49,0,12
OI0020327,O010935,P00277,1,2237.76,0,12
OI0020328,O010935,P00067,2,17580.13,0,0
OI0020329,O010936,P00324,1,212.88,25,12
OI0020330,O010936,P00496,1,21627.38,20,0
OI0020331,O010936,P00335,1,24073.5,0,12
OI0020332,O010937,P00904,2,24718.72,20,0
OI0020333,O010937,P00087,1,4417.41,5,0
OI0020334,O010938,P00705,1,25653.29,15,12
OI0020335,O010939,P00264,1,12753.07,0,5
OI0020336,O010940,P00337,1,593.13,25,12
OI0020337,O010940,P00186,2,6670.82,5,18
OI0020339,O010941,P00737,2,22315.48,20,18
OI0020340,O010941,P00740,1,11745.47,0,5
OI0020341,O010942,P00609,1,9835.36,0,0
OI0020342,O010942,P00511,1,20530.51,5,12
OI0020343,O010943,P00372,1,19578.06,0,18
OI0020344,O010944,P00837,2,17927.16,0,12
OI0020345,O010945,P00857,2,1324.22,25,12
OI0020346,O010945,P00048,4,4036.36,15,5
OI0020347,O010946,P00059,3,15409.27,5,12
OI0020348,O010946,P00322,1,26349.43,0,12
OI0020349,O010947,P00219,1,15567.28,5,18
OI0020350,O010948,P00495,3,18692.99,0,12
OI0020351,O010948,P00950,1,1424.58,25,5
OI0020352,O010948,P00700,1,28197.7,5,0
OI0020353,O010949,P00513,1,28423.13,15,12
OI0020354,O010949,P00474,2,22047.65,20,0
OI0020355,O010950,P00212,1,14173.9,20,12
OI0020356,O010950,P00464,3,915.86,20,5
OI0020357,O010951,P00875,1,15060.13,15,0
OI0020358,O010952,P00690,1,20164.94,10,18
OI0020360,O010953,P00540,2,5848.28,15,5
OI0020361,O010953,P00350,1,23438.57,0,18
OI0020362,O010953,P00152,2,5989.25,10,0
OI0020363,O010954,P00435,1,29243.7,0,0
OI0020364,O010954,P00650,2,30805.12,0,12
OI0020365,O010955,P00364,2,20733.2,0,5
OI0020366,O010956,P00117,2,27501.94,10,0
OI0020367,O010956,P00488,1,23327.82,20,0
OI0020368,O010956,P00975,2,8245.95,10,0
OI0020369,O010957,P00285,2,13928.89,5,0
OI0020370,O010957,P00797,2,5602.48,25,0
OI0020371,O010957,P00925,1,26591.37,5,0
OI0020372,O010958,P00922,1,24855.82,20,12
OI0020373,O010958,P00287,1,24964.03,20,18
OI0020374,O010959,P00656,1,27919.4,10,0
OI0020375,O010959,P00990,2,27685.06,20,5
OI0020376,O010960,P00594,3,15082.23,0,0
OI0020377,O010960,P00371,1,18474.61,0,5
OI0020379,O010962,P00581,1,25501.82,10,18
OI0020380,O010963,P00537,2,15985.58,20,0
OI0020381,O010963,P00592,3,3659.8,25,12
OI0020382,O010963,P00599,3,28972.08,25,18
OI0020383,O010964,P00127,3,15622.7,5,5
OI0020384,O010964,P00027,2,14944.36,15,5
OI0020386,O010965,P00737,1,23478.88,0,12
OI0020387,O010966,P00859,3,29499.73,0,12
OI0020388,O010966,P00494,2,9638.58,0,5
OI0020389,O010966,P00549,1,14523.17,10,12
OI0020390,O010967,P00717,2,23394.94,0,18
OI0020391,O010967,P00900,1,24747.0,0,5
OI0020392,O010968,P00150,1,17694.48,25,18
OI0020393,O010969,P00080,3,18335.24,5,0
OI0020394,O010969,P00539,1,13573.25,10,12
OI0020395,O010970,P00971,1,7090.16,15,18
OI0020396,O010970,P00723,2,7449.89,5,0
OI0020397,O010971,P00853,1,2905.48,5,12
OI0020398,O010971,P00556,1,16145.44,0,5
OI0020399,O010972,P00556,3,15879.1,0,18
OI0020400,O010972,P00588,2,24716.18,20,12
OI0020401,O010973,P00228,1,10660.48,10,0
OI0020402,O010973,P00548,3,22740.96,-5,5
OI0020403,O010974,P00223,1,7626.59,15,18
OI0020404,O010975,P00169,2,4146.0,15,0
OI0020405,O010975,P00168,1,16203.03,15,0
OI0020407,O010976,P00516,2,14563.98,10,5
OI0020408,O010977,P00102,3,889.01,0,18
OI0020409,O010977,P00554,3,4840.77,0,0
OI0020410,O010978,P00279,1,15188.52,20,12
OI0020411,O010979,P00095,1,22233.39,20,0
OI0020412,O010980,P00300,1,6429.63,20,0
OI0020413,O010981,P00623,1,4607.29,10,0
OI0020414,O010981,P00902,4,30013.96,0,5
OI0020415,O010982,P00716,4,6349.27,15,12
OI0020416,O010983,P00853,1,2966.14,5,18
OI0020417,O010983,P00027,2,14862.5,0,12
OI0020419,O010984,P00533,1,2170.12,0,12
OI0020420,O010985,P00290,3,30354.85,15,12
OI0020423,O010986,P00642,1,27135.88,0,5
OI0020424,O010986,P00209,1,19473.22,25,5
OI0020425,O010987,P00258,1,16459.2,15,0
OI0020426,O010988,P00810,1,24797.2,0,5
OI0020427,O010988,P00528,2,27766.84,20,0
OI0020428,O010989,P00874,2,7401.7,10,0
OI0020429,O010989,P00250,1,19983.53,5,18
OI0020430,O010990,P00168,1,16628.07,0,12
OI0020431,O010990,P00476,1,16037.58,20,18
OI0020432,O010991,P00415,1,7451.77,0,18
OI0020433,O010992,P00781,2,10758.59,5,5
OI0020434,O010992,P00323,1,24082.67,20,18
OI0020435,O010993,P00611,1,4307.15,25,12
OI0020436,O010993,P00071,1,12478.42,25,5
OI0020437,O010994,P00374,1,17816.71,10,12
OI0020438,O010995,P00352,1,22970.54,10,18
OI0020439,O010996,P00537,1,16128.12,0,5
OI0020440,O010996,P00338,1,9422.9,20,5
OI0020441,O010997,P00319,1,22216.27,0,5
OI0020442,O010997,P00846,1,20002.52,0,18
OI0020443,O010997,P00097,1,1282.92,15,12
OI0020444,O010998,P00870,3,8008.84,15,12
OI0020445,O010999,P00590,1,3280.52,0,18
OI0020447,O011000,P00277,1,2220.48,15,12
OI0020448,O011000,P00584,1,22387.85,0,12
OI0020449,O011001,P00810,1,24011.15,25,0
OI0020450,O011001,P00622,1,12030.31,0,0
OI0020451,O011002,P00893,2,6030.63,5,0
OI0020452,O011002,P00861,1,1751.33,5,0
OI0020453,O011003,P00798,1,10292.8,0,12
OI0020454,O011004,P00544,3,14723.33,0,12
OI0020456,O011005,P00277,3,2307.67,10,18
OI0020457,O011005,P00204,1,16103.64,0,5
OI0020458,O011005,P00781,1,10699.53,15,5
OI0020459,O011006,P00317,1,29220.96,25,12
OI0020460,O011006,P00994,1,27951.18,-5,0
OI0020461,O011007,P00612,1,8924.1,0,12
OI0020462,O011007,P00413,1,3095.66,-5,12
OI0020463,O011008,P00672,1,15577.43,0,0
OI0020465,O011010,P00010,3,13011.94,0,0
OI0020466,O011011,P00846,5,19596.6,10,12
OI0020467,O011011,P00576,1,15153.01,0,18
OI0020468,O011012,P00518,1,22636.65,0,12
OI0020469,O011012,P00080,1,19380.79,10,12
OI0020470,O011013,P00218,4,22635.98,25,12
OI0020471,O011014,P00686,1,25814.83,5,18
OI0020472,O011014,P00409,1,13470.99,0,12
OI0020473,O011015,P00727,1,12695.79,20,0
OI0020474,O011015,P00109,1,13066.77,25,0
OI0020475,O011015,P00880,1,16653.29,20,5
OI0020476,O011016,P00110,2,1062.18,10,0
OI0020477,O011017,P00500,2,7686.56,10,5
OI0020478,O011018,P00439,1,25139.85,0,5
OI0020479,O011018,P00256,1,25113.46,15,5
OI0020480,O011019,P00104,1,13556.44,5,18
OI0020481,O011019,P00419,2,26679.13,5,12
OI0020482,O011020,P00636,1,8004.78,0,0
OI0020483,O011020,P00038,1,17951.94,0,12
OI0020484,O011021,P00408,2,24860.8,20,18
OI0020485,O011021,P00233,1,4422.58,5,5
OI0020486,O011022,P00705,1,24730.43,10,5
OI0020487,O011022,P00933,1,11761.93,15,5
OI0020488,O011022,P00126,1,11698.72,5,18
OI0020489,O011023,P00176,1,4132.98,0,5
OI0020490,O011023,P00967,2,22886.87,25,18
OI0020491,O011023,P00863,1,22873.27,0,0
OI0020493,O011025,P00137,1,28187.12,0,12
OI0020494,O011025,P00130,1,23093.91,0,18
OI0020495,O011026,P00877,1,29246.48,10,0
OI0020496,O011026,P00343,3,11158.49,0,0
OI0020497,O011026,P00948,1,8445.81,10,5
OI0020498,O011027,P00351,1,1224.76,25,12
OI0020499,O011027,P00718,1,6932.53,15,0
OI0020500,O011028,P00346,2,7531.34,15,0
OI0020502,O011029,P00810,2,23095.56,20,12
OI0020503,O011030,P00191,2,14344.04,0,12
OI0020504,O011030,P00586,1,11442.6,10,5
OI0020505,O011031,P00180,4,22391.32,20,12
OI0020506,O011032,P00949,1,29849.02,5,0
OI0020507,O011032,P00062,4,27268.62,25,5
OI0020508,O011033,P00463,2,25419.26,0,5
OI0020510,O011034,P00487,1,4254.48,15,5
OI0020511,O011034,P00506,2,11304.54,0,0
OI0020512,O011035,P00464,1,887.39,5,0
OI0020513,O011036,P00608,1,19191.44,25,18
OI0020514,O011037,P00706,2,16042.86,25,0
OI0020515,O011038,P00834,3,23310.93,20,0
OI0020516,O011039,P00384,1,1807.64,-5,0
OI0020517,O011039,P00921,1,16262.29,5,5
OI0020518,O011039,P00878,1,13828.34,15,5
OI0020519,O011040,P00180,3,23352.58,0,12
OI0020520,O011040,P00454,1,14100.36,0,18
OI0020521,O011040,P00970,1,17750.48,10,5
OI0020522,O011041,P00362,2,20792.05,25,0
OI0020523,O011041,P00194,3,28001.91,0,18
OI0020524,O011041,P00079,2,17277.19,0,0
OI0020525,O011042,P00056,2,14088.65,5,5
OI0020526,O011043,P00711,4,24365.33,0,12
OI0020527,O011044,P00562,1,12193.89,0,12
OI0020529,O011046,P00589,1,11577.46,5,0
OI0020530,O011046,P00048,2,4256.28,20,12
OI0020532,O011047,P00788,1,9754.7,0,12
OI0020533,O011047,P00633,1,5628.8,10,0
OI0020534,O011048,P00689,1,27327.46,15,12
OI0020536,O011049,P00191,2,15291.09,10,5
OI0020537,O011050,P00887,4,22613.1,0,18
OI0020538,O011050,P00131,1,10312.17,15,0
OI0020539,O011050,P00993,3,14854.62,25,5
OI0020540,O011051,P00242,1,2025.12,0,0
OI0020541,O011051,P00764,1,20594.78,20,18
OI0020542,O011052,P00343,2,10583.25,10,12
OI0020543,O011053,P00615,1,11569.28,0,18
OI0020544,O011053,P00073,1,30297.68,15,18
OI0020545,O011053,P00347,1,26898.7,15,12
OI0020546,O011054,P00404,1,9646.77,15,5
OI0020547,O011054,P00702,2,898.3,0,12
OI0020548,O011055,P00151,1,18522.89,0,0
OI0020549,O011055,P00497,1,9553.02,0,18
OI0020550,O011056,P00741,3,4698.17,10,12
OI0020551,O011057,P00892,3,17639.15,0,0
OI0020552,O011057,P00902,1,30754.31,0,5
OI0020553,O011058,P00172,1,25151.4,0,5
OI0020554,O011059,P00978,1,26012.76,5,5
OI0020555,O011060,P00501,1,1055.98,0,18
OI0020556,O011060,P00661,1,29145.74,10,12
OI0020557,O011061,P00820,2,16993.17,15,0
OI0020558,O011062,P00462,4,16573.0,5,5
OI0020559,O011062,P00821,1,18939.49,15,5
OI0020561,O011063,P00451,2,29575.09,20,18
OI0020565,O011065,P00896,2,18920.34,5,5
OI0020566,O011066,P00334,3,18171.07,10,5
OI0020567,O011066,P00014,2,16524.73,-5,5
OI0020569,O011068,P00512,1,4140.62,25,12
OI0020570,O011068,P00220,1,5199.26,0,5
OI0020572,O011069,P00782,1,28033.7,25,0
OI0020573,O011069,P00340,2,28713.49,25,0
OI0020574,O011069,P00054,2,15637.41,5,18
OI0020575,O011070,P00415,1,8164.7,15,0
OI0020576,O011070,P00768,1,25618.94,0,12
OI0020577,O011071,P00978,2,24705.18,20,5
OI0020578,O011071,P00975,1,8273.8,0,0
OI0020579,O011072,P00147,2,30645.22,20,18
OI0020580,O011073,P00605,1,6147.5,25,18
OI0020581,O011073,P00384,1,1826.19,0,12
OI0020583,O011075,P00480,1,17634.29,10,18
OI0020586,O011076,P00201,1,29263.04,0,5
OI0020587,O011076,P00592,1,3786.16,25,5
OI0020589,O011078,P00439,1,26219.43,10,0
OI0020590,O011079,P00881,4,20387.75,5,12
OI0020592,O011080,P00248,1,18322.01,0,5
OI0020593,O011081,P00553,2,17286.79,25,12
OI0020594,O011081,P00010,1,12162.3,25,12
OI0020595,O011082,P00441,1,7771.63,15,12
OI0020597,O011083,P00576,1,15360.45,0,5
OI0020598,O011083,P00412,1,5960.72,0,0
OI0020599,O011084,P00692,1,15905.42,0,5
OI0020600,O011084,P00481,1,16465.65,5,5
OI0020601,O011084,P00239,1,29061.19,0,5
OI0020602,O011085,P00900,1,25676.45,0,0
OI0020604,O011086,P00274,1,1166.27,5,0
OI0020605,O011087,P00776,3,18006.97,25,12
OI0020606,O011087,P00409,4,13543.44,20,12
OI0020607,O011087,P00096,1,20891.73,0,0
OI0020609,O011088,P00731,1,27284.02,5,12
OI0020611,O011090,P00763,1,24719.66,0,18
OI0020613,O011091,P00240,1,14450.97,0,0
OI0020614,O011091,P00125,1,17501.64,25,5
OI0020615,O011092,P00142,4,17176.85,0,5
OI0020616,O011092,P00156,4,28871.37,5,5
OI0020617,O011092,P00894,2,8348.57,25,12
OI0020618,O011093,P00927,1,25718.67,20,18
OI0020620,O011095,P00231,1,1180.09,0,12
OI0020621,O011096,P00643,2,12932.5,15,12
OI0020622,O011096,P00437,3,26547.11,0,18
OI0020623,O011097,P00424,1,19499.67,0,5
OI0020624,O011097,P00029,1,15549.31,0,18
OI0020625,O011098,P00775,2,17378.55,15,5
OI0020626,O011099,P00767,3,20359.28,0,18
OI0020628,O011099,P00357,3,12526.26,5,18
OI0020629,O011100,P00143,1,2939.62,20,18
OI0020630,O011100,P00566,1,14862.32,0,5
OI0020631,O011101,P00133,1,25594.36,0,5
OI0020632,O011101,P00304,1,23903.4,10,12
OI0020633,O011102,P00421,1,19547.66,0,18
OI0020635,O011102,P00204,3,16261.35,0,12
OI0020636,O011103,P00949,1,30519.51,5,0
OI0020637,O011104,P00121,1,7002.58,15,18
OI0020638,O011105,P00130,3,24985.67,0,18
OI0020639,O011105,P00223,2,7611.67,0,0
OI0020640,O011105,P00798,2,10013.99,10,0
OI0020641,O011106,P00461,3,16319.34,20,5
OI0020642,O011107,P00861,2,1705.42,5,12
OI0020643,O011107,P00731,3,28223.41,20,5
OI0020645,O011109,P00435,1,28955.64,20,0
OI0020647,O011109,P00910,2,20226.87,0,5
OI0020648,O011110,P00337,2,632.74,5,5
OI0020649,O011111,P00756,2,14933.74,0,18
OI0020650,O011111,P00198,3,25368.58,0,5
OI0020651,O011111,P00502,2,14742.17,0,5
OI0020652,O011112,P00809,2,7616.15,15,5
OI0020654,O011112,P00647,1,5433.95,10,0
OI0020655,O011113,P00732,2,18186.52,0,12
OI0020656,O011113,P00754,1,24280.22,0,0
OI0020657,O011113,P00142,1,18364.11,5,12
OI0020658,O011114,P00609,2,10123.35,0,5
OI0020659,O011114,P00029,1,16836.49,15,5
OI0020660,O011115,P00403,1,18573.46,5,5
OI0020661,O011116,P00119,1,17462.84,25,0
OI0020662,O011117,P00894,1,8333.83,10,12
OI0020664,O011118,P00279,2,15915.18,10,18
OI0020665,O011118,P00863,1,23269.96,10,5
OI0020666,O011118,P00735,2,15297.71,0,0
OI0020668,O011119,P00576,1,15399.44,10,12
OI0020669,O011119,P00958,1,24155.7,5,12
OI0020672,O011121,P00547,1,22022.77,15,18
OI0020673,O011121,P00701,1,1390.49,5,18
OI0020675,O011122,P00703,2,9446.38,5,0
OI0020676,O011122,P00716,2,5841.24,5,5
OI0020677,O011123,P00233,1,4623.95,0,12
OI0020679,O011124,P00388,3,15174.73,15,0
OI0020680,O011124,P00752,3,282.85,25,18
OI0020681,O011124,P00590,2,3254.11,0,0
OI0020682,O011125,P00961,1,11455.73,0,12
OI0020683,O011125,P00340,2,28368.52,0,12
OI0020684,O011125,P00989,1,17263.48,0,0
OI0020685,O011126,P00195,2,21362.28,0,12
OI0020686,O011127,P00228,1,11262.83,0,18
OI0020687,O011127,P00531,2,26788.81,25,12
OI0020688,O011128,P00769,3,15959.74,15,12
OI0020689,O011129,P00286,1,591.69,0,5
OI0020690,O011129,P00630,1,15587.46,10,18
OI0020691,O011130,P00843,2,4744.94,0,5
OI0020692,O011130,P00056,1,14635.28,-5,12
OI0020693,O011131,P00100,1,17793.96,0,12
OI0020694,O011132,P00426,4,16421.27,0,0
OI0020695,O011133,P00789,1,29565.63,25,5
OI0020697,O011134,P00213,2,13439.11,20,18
OI0020698,O011135,P00939,2,10027.6,0,5
OI0020699,O011136,P00201,1,30322.78,0,18
OI0020700,O011136,P00171,2,5896.96,20,5
OI0020701,O011137,P00016,1,12019.9,15,5
OI0020702,O011138,P00713,1,3102.61,10,12
OI0020703,O011138,P00530,3,27357.68,0,5
OI0020704,O011138,P00994,1,25912.29,25,12
OI0020705,O011139,P00614,1,11749.57,25,18
OI0020706,O011140,P00818,1,25768.61,0,0
OI0020707,O011141,P00115,1,27113.3,0,5
OI0020708,O011142,P00132,4,5200.56,20,18
OI0020709,O011142,P00230,4,24803.07,0,18
OI0020710,O011143,P00854,1,13111.16,0,18
OI0020711,O011143,P00615,1,11673.62,5,12
OI0020712,O011143,P00369,1,28755.33,20,5
OI0020713,O011144,P00060,1,20607.63,0,0
OI0020714,O011145,P00230,2,24156.54,20,18
OI0020716,O011146,P00787,1,16688.58,0,0
OI0020717,O011146,P00950,1,1512.73,0,18
OI0020718,O011147,P00219,1,15107.04,25,18
OI0020719,O011148,P00755,1,15791.69,0,0
OI0020720,O011148,P00425,3,15380.31,25,12
OI0020721,O011149,P00065,2,28859.09,0,12
OI0020722,O011149,P00094,1,10009.12,15,18
OI0020723,O011149,P00970,2,18918.67,10,12
OI0020724,O011150,P00807,1,5578.39,0,18
OI0020725,O011151,P00046,1,11595.44,0,18
OI0020726,O011152,P00051,1,14597.06,15,12
OI0020727,O011152,P00019,1,17354.04,20,5
OI0020728,O011152,P00047,1,26774.93,0,0
OI0020729,O011153,P00914,1,25745.88,0,0
OI0020730,O011154,P00798,1,9969.33,15,0
OI0020731,O011154,P00602,1,25893.41,0,18
OI0020732,O011155,P00798,1,9546.97,0,12
OI0020733,O011155,P00011,1,12142.32,0,12
OI0020735,O011157,P00024,1,13165.71,10,12
OI0020736,O011157,P00540,1,6035.74,0,18
OI0020737,O011157,P00044,1,23504.03,20,12
OI0020738,O011158,P00975,2,8094.45,20,5
OI0020739,O011158,P00109,2,13063.02,10,5
OI0020740,O011159,P00126,2,11506.38,20,18
OI0020742,O011160,P00368,1,15089.96,5,18
OI0020743,O011160,P00901,1,3936.09,0,18
OI0020744,O011160,P00370,4,5268.41,0,18
OI0020745,O011161,P00574,2,12856.61,0,5
OI0020746,O011161,P00359,1,26213.81,0,18
OI0020747,O011162,P00812,3,3893.15,0,0
OI0020748,O011162,P00775,3,18830.56,0,5
OI0020749,O011163,P00368,1,14783.26,25,0
OI0020750,O011164,P00816,4,790.28,0,5
OI0020751,O011164,P00049,2,24793.92,20,5
OI0020752,O011164,P00620,1,12254.2,15,18
OI0020753,O011165,P00772,1,9412.13,25,5
OI0020754,O011165,P00432,1,4058.72,20,12
OI0020755,O011165,P00385,2,22243.61,10,0
OI0020756,O011166,P00830,1,5190.53,0,12
OI0020757,O011166,P00820,2,18286.38,15,0
OI0020758,O011166,P00752,3,278.03,20,12
OI0020759,O011167,P00728,1,4907.12,0,5
OI0020760,O011167,P00993,1,14563.29,15,12
OI0020761,O011167,P00667,2,21138.89,25,0
OI0020762,O011168,P00503,2,22809.58,25,12
OI0020763,O011169,P00821,1,19146.4,15,5
OI0020764,O011169,P00262,1,9054.65,25,0
OI0020766,O011171,P00566,1,14940.47,0,18
OI0020767,O011171,P00733,4,6993.82,0,12
OI0020768,O011172,P00146,2,8941.96,0,5
OI0020769,O011172,P00939,4,10686.35,0,12
OI0020770,O011173,P00397,4,10780.16,0,5
OI0020771,O011174,P00281,3,19127.61,0,5
OI0020772,O011175,P00783,3,19216.96,0,12
OI0020774,O011176,P00498,1,30629.76,0,18
OI0020775,O011176,P00663,2,25985.49,0,0
OI0020776,O011177,P00601,1,19368.83,0,0
OI0020777,O011177,P00145,1,12574.52,10,12
OI0020778,O011177,P00228,2,11354.67,5,5
OI0020779,O011178,P00219,2,15586.19,20,18
OI0020780,O011178,P00291,1,15927.38,5,0
OI0020781,O011179,P00103,2,12966.43,15,18
OI0020782,O011180,P00368,2,14569.88,-5,0
OI0020783,O011180,P00542,1,24762.44,25,0
OI0020785,O011181,P00565,3,1022.6,0,0
OI0020786,O011181,P00121,3,7287.99,25,18
OI0020787,O011182,P00422,2,21954.44,15,5
OI0020788,O011183,P00635,2,11797.82,15,12
OI0020789,O011183,P00771,2,17430.4,0,12
OI0020790,O011183,P00557,1,5149.99,0,12
OI0020791,O011184,P00132,1,5153.69,20,12
OI0020792,O011185,P00650,1,30809.76,25,12
OI0020793,O011185,P00967,2,21650.32,15,5
OI0020794,O011186,P00123,2,296.15,0,0
OI0020795,O011186,P00134,1,24766.46,10,18
OI0020796,O011187,P00412,1,5979.59,25,12
OI0020797,O011187,P00399,1,5421.12,5,18
OI0020799,O011189,P00021,4,13230.49,0,5
OI0020800,O011189,P00672,2,15861.26,0,12
OI0020801,O011189,P00445,2,9795.75,0,18
OI0020802,O011190,P00849,1,4457.31,0,5
OI0020803,O011190,P00930,1,10311.64,0,5
OI0020804,O011190,P00852,1,21079.09,10,0
OI0020805,O011191,P00696,3,22942.38,10,0
OI0020806,O011192,P00848,2,226.87,0,0
OI0020808,O011193,P00442,2,12032.91,15,0
OI0020809,O011193,P00913,4,1985.04,25,5
OI0020810,O011194,P00242,1,2002.29,0,12
OI0020811,O011194,P00346,1,7581.2,0,18
OI0020812,O011195,P00832,3,17240.49,15,18
OI0020813,O011195,P00164,1,16020.23,10,12
OI0020814,O011195,P00046,1,12049.78,0,5
OI0020815,O011196,P00872,1,4913.45,10,18
OI0020817,O011197,P00963,5,3976.01,25,12
OI0020819,O011198,P00477,1,23347.89,20,5
OI0020821,O011199,P00055,1,25827.65,0,0
OI0020822,O011200,P00509,1,14863.73,0,12
OI0020823,O011200,P00368,3,14449.3,0,0
OI0020824,O011201,P00152,3,5725.37,0,18
OI0020825,O011201,P00951,1,26111.32,25,12
OI0020826,O011202,P00824,1,24863.77,0,18
OI0020827,O011202,P00133,2,25926.0,0,0
OI0020828,O011203,P00658,3,10742.86,25,5
OI0020829,O011203,P00053,1,21260.89,0,12
OI0020831,O011204,P00977,1,1534.65,5,5
OI0020832,O011205,P00952,3,9356.4,0,12
OI0020833,O011206,P00318,5,23192.24,25,0
OI0020834,O011206,P00520,2,29090.86,5,18
OI0020835,O011206,P00669,1,21692.39,0,0
OI0020836,O011207,P00525,1,1344.37,0,5
OI0020837,O011207,P00738,1,25220.31,0,18
OI0020838,O011207,P00559,2,22289.39,0,5
OI0020839,O011208,P00635,2,11134.69,20,5
OI0020840,O011209,P00786,1,28341.16,10,12
OI0020841,O011210,P00448,1,20968.09,25,12
OI0020842,O011210,P00830,1,5472.38,5,18
OI0020843,O011211,P00002,1,4101.46,10,5
OI0020844,O011211,P00336,3,16240.12,-5,0
OI0020845,O011211,P00977,4,1577.57,10,18
OI0020846,O011212,P00639,5,1491.29,0,0
OI0020847,O011212,P00646,1,15591.02,0,12
OI0020848,O011213,P00640,1,23560.21,10,5
OI0020849,O011214,P00705,1,24023.94,15,12
OI0020850,O011215,P00741,1,4718.44,25,5
OI0020851,O011216,P00390,2,25022.4,10,18
OI0020852,O011216,P00839,1,18302.23,0,5
OI0020854,O011217,P00168,1,15641.63,5,12
OI0020855,O011217,P00443,2,21782.12,0,18
OI0020856,O011218,P00653,1,3612.62,-5,0
OI0020857,O011219,P00435,3,27949.31,0,18
OI0020859,O011220,P00091,1,14015.9,0,0
OI0020860,O011221,P00756,2,15149.29,5,12
OI0020861,O011221,P00945,1,12414.75,5,18
OI0020862,O011222,P00192,1,14325.82,25,5
OI0020863,O011222,P00809,1,7364.37,20,18
OI0020864,O011222,P00950,4,1468.71,0,0
OI0020865,O011223,P00509,3,15247.99,0,18
OI0020866,O011223,P00748,3,24655.34,0,5
OI0020867,O011224,P00093,1,4396.6,5,18
OI0020868,O011224,P00096,1,20340.34,5,5
OI0020869,O011225,P00160,1,18616.03,5,5
OI0020870,O011226,P00184,1,13221.01,15,12
OI0020871,O011226,P00880,2,15614.63,20,0
OI0020872,O011227,P00292,2,12639.76,5,18
OI0020874,O011229,P00371,2,17154.84,10,5
OI0020875,O011229,P00499,2,20845.49,0,12
OI0020879,O011231,P00245,1,15717.34,20,12
OI0020880,O011232,P00292,1,12228.56,25,0
OI0020882,O011234,P00718,3,6472.55,0,12
OI0020883,O011234,P00762,2,20878.66,0,12
OI0020884,O011235,P00825,2,23629.98,20,5
OI0020885,O011236,P00148,1,9495.07,20,0
OI0020886,O011236,P00460,1,28991.39,25,5
OI0020887,O011236,P00069,1,25077.45,5,18
OI0020888,O011237,P00087,1,4475.34,0,12
OI0020889,O011237,P00273,1,10508.69,5,0
OI0020890,O011238,P00454,1,13753.89,15,5
OI0020891,O011239,P00376,2,25552.94,10,0
OI0020892,O011240,P00721,1,12731.74,0,12
OI0020893,O011240,P00377,1,24290.19,10,12
OI0020894,O011241,P00807,1,5554.07,20,18
OI0020895,O011241,P00918,1,26406.64,0,5
OI0020896,O011241,P00542,1,23382.28,5,12
OI0020897,O011242,P00746,1,3849.57,15,12
OI0020898,O011243,P00876,1,8880.47,25,0
OI0020899,O011243,P00392,3,29212.03,0,12
OI0020900,O011244,P00978,1,24508.29,15,12
OI0020901,O011244,P00844,1,25371.14,20,0
OI0020902,O011245,P00893,5,6092.88,0,0
OI0020903,O011246,P00329,1,930.15,20,18
OI0020904,O011246,P00402,1,28595.16,5,5
OI0020905,O011247,P00133,1,24819.72,0,12
OI0020906,O011248,P00939,1,9830.75,15,0
OI0020907,O011248,P00624,3,28628.59,20,0
OI0020908,O011249,P00883,1,13194.43,10,12
OI0020910,O011250,P00661,1,27759.67,0,5
OI0020911,O011250,P00051,1,15418.4,0,12
OI0020912,O011251,P00435,2,29092.39,-5,18
OI0020913,O011252,P00532,3,12902.57,10,0
OI0020914,O011252,P00099,3,27288.12,0,5
OI0020916,O011254,P00887,1,23648.47,0,18
OI0020917,O011254,P00829,3,12253.4,5,18
OI0020918,O011255,P00861,2,1688.96,0,5
OI0020919,O011256,P00561,3,26951.09,10,12
OI0020920,O011257,P00588,3,25048.37,0,12
OI0020921,O011257,P00848,2,212.53,25,0
OI0020922,O011258,P00411,1,5927.33,10,12
OI0020923,O011258,P00261,3,18199.23,15,0
OI0020924,O011259,P00457,1,640.63,0,0
OI0020925,O011260,P00572,5,7648.74,-5,12
OI0020926,O011260,P00322,1,26727.25,15,5
OI0020927,O011261,P00578,1,14003.04,25,5
OI0020928,O011261,P00467,3,21066.55,0,5
OI0020929,O011261,P00751,1,9134.7,10,0
OI0020930,O011262,P00387,1,330.53,10,12
OI0020931,O011263,P00117,4,25599.88,10,12
OI0020934,O011266,P00592,2,3630.15,5,0
OI0020935,O011266,P00917,2,1241.07,10,12
OI0020936,O011266,P00500,1,7459.04,15,18
OI0020937,O011267,P00873,1,26348.27,0,12
OI0020938,O011268,P00975,1,8327.24,0,5
OI0020939,O011268,P00206,1,14408.19,20,0
OI0020941,O011269,P00116,4,26688.08,5,12
OI0020942,O011269,P00801,1,2215.51,0,0
OI0020944,O011270,P00450,1,31143.14,5,5
OI0020945,O011270,P00517,1,26765.91,0,5
OI0020946,O011271,P00229,1,18630.53,0,18
OI0020947,O011271,P00088,1,12128.29,5,0
OI0020948,O011272,P00030,5,24242.01,0,12
OI0020949,O011273,P00597,1,7904.48,25,18
OI0020950,O011273,P00327,1,16157.73,20,12
OI0020951,O011273,P00941,4,20038.86,15,0
OI0020952,O011274,P00455,1,1364.91,25,0
OI0020953,O011274,P00938,3,10757.7,15,18
OI0020955,O011275,P00474,2,21280.93,25,0
OI0020956,O011276,P00084,2,29225.55,15,5
OI0020957,O011276,P00747,1,25905.53,25,0
OI0020958,O011277,P00988,3,16575.18,0,18
OI0020959,O011277,P00386,1,27168.15,15,0
OI0020960,O011278,P00706,1,16001.63,20,0
OI0020962,O011279,P00659,1,20288.91,0,18
OI0020963,O011280,P00783,1,18948.78,0,12
OI0020964,O011280,P00559,3,21578.26,5,0
OI0020965,O011281,P00487,2,4045.14,10,0
OI0020966,O011281,P00301,1,29611.08,20,5
OI0020967,O011282,P00073,3,28550.93,0,5
OI0020968,O011283,P00438,1,13897.25,0,5
OI0020969,O011283,P00629,1,15025.88,5,5
OI0020971,O011284,P00841,1,16463.22,0,12
OI0020972,O011284,P00714,1,28011.21,0,12
OI0020973,O011285,P00105,1,16818.19,20,0
OI0020974,O011285,P00815,1,24907.28,25,12
OI0020975,O011285,P00465,2,10787.61,0,18
OI0020976,O011286,P00865,3,22724.56,0,12
OI0020978,O011288,P00667,2,21844.34,15,5
OI0020979,O011289,P00105,1,16395.06,25,18
OI0020980,O011290,P00414,1,6171.08,-5,5
OI0020981,O011290,P00750,3,10435.03,25,5
OI0020982,O011291,P00842,1,22623.6,0,12
OI0020983,O011292,P00481,1,16311.74,5,0
OI0020984,O011293,P00320,1,2431.88,0,5
OI0020985,O011293,P00639,1,1494.95,10,18
OI0020986,O011294,P00621,1,16622.46,15,5
OI0020987,O011295,P00428,2,17122.1,-5,18
OI0020988,O011296,P00110,3,1069.39,0,12
OI0020989,O011297,P00051,1,14351.54,10,0
OI0020990,O011298,P00174,2,20484.66,15,12
OI0020991,O011299,P00308,2,24995.15,0,5
OI0020992,O011299,P00028,4,10565.67,5,18
OI0020993,O011299,P00070,2,15353.63,25,18
OI0020994,O011300,P00468,1,24342.35,15,12
OI0020995,O011300,P00834,1,22328.67,5,5
OI0020996,O011300,P00698,3,15468.66,10,18
OI0020997,O011301,P00699,1,22972.19,15,12
OI0020998,O011302,P00947,1,9894.11,20,12
OI0020999,O011303,P00646,2,14611.09,20,5
OI0021000,O011304,P00059,2,15767.81,0,5
OI0021001,O011304,P00828,1,7942.59,10,5
OI0021002,O011305,P00144,4,8177.56,10,18
OI0021003,O011305,P00973,2,28467.89,5,0
OI0021004,O011306,P00634,2,9303.53,5,5
OI0021005,O011306,P00459,3,24390.99,0,12
OI0021006,O011307,P00707,2,18767.69,10,5
OI0021007,O011308,P00191,1,14612.23,0,5
OI0021008,O011308,P00341,1,22260.4,0,5
OI0021009,O011309,P00760,3,8286.08,15,0
OI0021010,O011310,P00222,1,1968.25,5,5
OI0021011,O011310,P00300,1,6492.7,15,5
OI0021012,O011310,P00285,1,14502.1,0,5
OI0021013,O011311,P00526,2,3434.38,0,12
OI0021014,O011311,P00270,1,25875.81,0,0
OI0021015,O011312,P00004,1,14587.76,20,12
OI0021016,O011312,P00569,1,27315.67,15,0
OI0021017,O011313,P00614,1,11784.41,0,5
OI0021018,O011314,P00755,1,16384.23,25,12
OI0021019,O011315,P00695,1,9637.94,0,5
OI0021020,O011315,P00117,2,27911.71,5,0
OI0021022,O011316,P00630,4,16722.89,20,0
OI0021023,O011316,P00871,1,11540.92,-5,18
OI0021024,O011317,P00339,1,24896.88,25,5
OI0021025,O011318,P00566,1,14412.03,0,0
OI0021026,O011318,P00346,5,7419.32,5,5
OI0021027,O011318,P00028,2,10782.96,25,0
OI0021028,O011319,P00884,1,9825.53,0,5
OI0021029,O011320,P00493,2,2635.62,0,12
OI0021030,O011321,P00430,1,13394.03,15,12
OI0021031,O011321,P00577,3,26818.4,10,0
OI0021032,O011322,P00157,1,18112.45,0,12
OI0021033,O011323,P00749,1,1442.55,0,5
OI0021034,O011324,P00514,3,12786.22,15,18
OI0021035,O011325,P00011,2,12347.06,25,12
OI0021036,O011326,P00199,1,20059.38,20,12
OI0021037,O011326,P00393,2,14273.61,0,0
OI0021038,O011327,P00724,1,16007.95,0,18
OI0021039,O011327,P00192,1,15191.36,10,18
OI0021040,O011328,P00297,1,1283.85,10,18
OI0021041,O011328,P00613,2,10755.37,0,12
OI0021042,O011328,P00300,1,6489.97,0,18
OI0021044,O011329,P00099,1,27090.94,0,0
OI0021045,O011330,P00883,2,13387.07,10,18
OI0021046,O011330,P00012,2,10776.19,0,0
OI0021047,O011331,P00756,2,13776.6,25,5
OI0021048,O011331,P00760,1,8422.36,0,18
OI0021049,O011332,P00455,2,1335.06,15,12
OI0021050,O011332,P00374,1,18225.18,5,18
OI0021051,O011333,P00315,1,2127.67,10,5
OI0021052,O011333,P00460,2,30560.11,25,5
OI0021053,O011334,P00055,2,24680.1,0,12
OI0021054,O011335,P00928,1,28878.79,15,5
OI0021055,O011335,P00680,1,6384.4,25,5
OI0021056,O011336,P00252,1,11809.0,15,12
OI0021057,O011336,P00530,1,27468.63,10,5
OI0021058,O011336,P00922,1,26811.31,5,0
OI0021059,O011337,P00988,2,16798.94,10,0
OI0021060,O011337,P00196,5,5418.27,0,18
OI0021061,O011337,P00700,1,29157.77,20,12
OI0021062,O011338,P00537,1,16346.55,20,12
OI0021063,O011338,P00224,2,10828.44,25,0
OI0021064,O011339,P00024,5,13005.54,5,12
OI0021065,O011340,P00536,1,26952.94,0,18
OI0021066,O011340,P00612,1,8291.38,10,5
OI0021067,O011341,P00034,3,23185.74,0,12
OI0021068,O011342,P00413,1,3206.68,0,0
OI0021069,O011342,P00773,3,12327.33,10,18
OI0021070,O011342,P00320,3,2415.78,0,12
OI0021071,O011343,P00068,1,9315.22,10,18
OI0021072,O011343,P00799,2,27453.44,10,12
OI0021073,O011344,P00076,1,2084.99,15,0
OI0021074,O011345,P00919,1,19456.0,0,5
OI0021075,O011346,P00702,1,966.23,20,12
OI0021076,O011346,P00534,1,3128.89,0,12
OI0021077,O011346,P00092,1,21448.35,0,18
OI0021078,O011347,P00718,1,6832.46,0,18
OI0021079,O011347,P00429,1,678.48,0,0
OI0021080,O011347,P00227,1,9339.36,20,18
OI0021081,O011348,P00201,1,27882.36,25,5
OI0021082,O011348,P00857,1,1226.97,0,18
OI0021083,O011349,P00595,1,23001.01,25,18
OI0021084,O011350,P00077,2,3365.92,15,12
OI0021085,O011351,P00803,2,20739.1,0,18
OI0021086,O011351,P00462,1,16554.24,15,5
OI0021087,O011352,P00057,1,11236.43,20,0
OI0021088,O011352,P00312,2,25037.81,0,18
OI0021089,O011353,P00544,4,13944.74,15,5
OI0021090,O011353,P00406,1,28651.44,5,18
OI0021091,O011354,P00845,1,6766.88,10,12
OI0021092,O011354,P00263,2,22245.24,25,5
OI0021093,O011355,P00225,1,9176.97,0,5
OI0021094,O011355,P00301,1,29295.15,0,5
OI0021095,O011356,P00210,1,4439.81,0,5
OI0021096,O011356,P00182,1,1216.8,20,5
OI0021097,O011357,P00466,2,868.38,0,12
OI0021098,O011357,P00850,2,21105.5,0,18
OI0021099,O011358,P00197,5,30131.91,0,0
OI0021100,O011358,P00588,1,26081.49,-5,18
OI0021101,O011358,P00802,1,7429.34,0,12
OI0021102,O011359,P00424,1,19609.25,5,12
OI0021103,O011359,P00975,1,8456.47,0,0
OI0021105,O011360,P00990,1,27625.88,0,0
OI0021106,O011361,P00275,1,9874.49,15,5
OI0021107,O011361,P00216,4,30657.85,25,12
OI0021108,O011362,P00501,4,1012.18,5,0
OI0021109,O011363,P00797,3,5302.66,10,12
OI0021110,O011364,P00596,3,25696.8,5,12
OI0021111,O011364,P00814,3,1371.41,25,0
OI0021112,O011365,P00563,1,23166.7,0,18
OI0021113,O011366,P00684,2,20567.01,15,5
OI0021114,O011366,P00023,1,3149.09,0,12
OI0021115,O011367,P00093,1,4375.24,5,0
OI0021116,O011367,P00718,1,6978.82,25,18
OI0021118,O011368,P00273,2,9888.52,0,12
OI0021119,O011369,P00640,1,22375.31,25,5
OI0021120,O011370,P00441,5,7760.01,0,12
OI0021121,O011370,P00029,1,17035.13,0,0
OI0021123,O011371,P00813,1,9296.1,15,0
OI0021124,O011372,P00694,2,21576.12,15,0
OI0021125,O011373,P00762,1,20871.92,0,18
OI0021126,O011374,P00727,1,12535.82,15,12
OI0021127,O011375,P00515,1,22719.97,20,12
OI0021128,O011375,P00210,2,4367.16,0,0
OI0021129,O011376,P00073,3,30738.97,0,18
OI0021130,O011377,P00280,1,9086.7,0,18
OI0021131,O011378,P00629,2,14817.89,20,0
OI0021132,O011378,P00571,1,8860.87,0,5
OI0021133,O011379,P00821,2,18458.61,20,5
OI0021134,O011380,P00320,1,2418.67,0,5
OI0021135,O011380,P00807,2,5296.2,0,18
OI0021136,O011381,P00586,3,11849.29,20,18
OI0021138,O011382,P00545,1,18041.23,0,18
OI0021139,O011382,P00337,5,625.52,0,12
OI0021140,O011383,P00336,1,15736.62,5,5
OI0021141,O011383,P00732,1,17707.02,0,18
OI0021142,O011383,P00232,2,21002.5,25,12
OI0021143,O011384,P00945,2,12124.9,0,0
OI0021144,O011385,P00001,4,9921.19,20,18
OI0021145,O011385,P00175,5,11178.97,25,0
OI0021146,O011386,P00235,1,9403.06,0,5
OI0021147,O011386,P00440,1,14186.3,25,18
OI0021148,O011386,P00305,2,2906.17,20,18
OI0021149,O011387,P00231,1,1201.42,15,5
OI0021150,O011388,P00690,1,19902.3,5,0
OI0021151,O011388,P00702,2,978.87,0,12
OI0021152,O011389,P00633,1,6047.0,5,0
OI0021153,O011390,P00357,1,12243.79,10,18
OI0021154,O011390,P00070,3,14918.48,0,5
OI0021155,O011391,P00622,1,11926.84,15,12
OI0021156,O011391,P00469,2,3064.57,25,18
OI0021157,O011391,P00023,5,3138.46,0,18
OI0021158,O011392,P00401,4,21471.87,25,0
OI0021159,O011393,P00302,1,13234.34,10,18
OI0021160,O011393,P00991,1,5586.36,0,18
OI0021161,O011393,P00424,2,19397.95,10,0
OI0021162,O011394,P00928,2,28292.38,10,12
OI0021163,O011394,P00255,1,10600.29,0,5
OI0021164,O011394,P00596,2,27457.99,0,12
OI0021166,O011395,P00765,2,3429.44,20,0
OI0021167,O011396,P00210,2,4525.3,15,18
OI0021168,O011397,P00938,2,10496.66,0,12
OI0021170,O011398,P00005,2,28267.01,20,0
OI0021171,O011398,P00668,1,5255.22,0,5
OI0021172,O011399,P00128,2,5710.32,20,18
OI0021174,O011400,P00136,2,19600.03,20,5
OI0021175,O011401,P00135,1,27328.11,0,18
OI0021176,O011402,P00565,1,1055.56,15,18
OI0021177,O011402,P00968,1,5801.36,5,18
OI0021178,O011402,P00574,2,12752.24,25,18
OI0021179,O011403,P00030,1,23009.96,10,18
OI0021181,O011404,P00186,1,6868.6,0,0
OI0021182,O011404,P00060,1,19937.36,5,5
OI0021183,O011405,P00978,2,25299.92,0,12
OI0021184,O011405,P00498,1,28882.03,20,12
OI0021185,O011405,P00465,1,10562.59,10,12
OI0021186,O011406,P00536,1,25760.2,0,18
OI0021187,O011407,P00706,2,14864.06,25,5
OI0021188,O011408,P00304,1,22815.62,25,0
OI0021189,O011409,P00048,2,4170.75,0,0
OI0021190,O011409,P00142,2,16983.1,20,12
OI0021191,O011410,P00468,2,24081.02,0,5
OI0021192,O011410,P00920,2,8330.98,20,12
OI0021193,O011410,P00621,1,16260.78,5,12
OI0021194,O011411,P00810,1,23860.98,10,18
OI0021195,O011411,P00537,1,16135.58,0,5
OI0021197,O011412,P00988,1,16551.97,0,0
OI0021198,O011413,P00175,2,11545.76,25,0
OI0021199,O011414,P00829,1,11307.98,5,0
OI0021201,O011415,P00322,1,26465.26,15,5
OI0021202,O011416,P00815,3,26294.25,5,12
OI0021203,O011416,P00381,2,11587.85,15,12
OI0021204,O011417,P00324,2,219.01,0,18
OI0021206,O011417,P00652,2,3737.02,15,12
OI0021207,O011418,P00049,2,23438.67,25,5
OI0021208,O011418,P00646,1,15412.01,25,0
OI0021209,O011419,P00924,2,10349.72,5,5
OI0021210,O011419,P00192,3,14755.28,0,5
OI0021211,O011420,P00068,3,9092.19,5,18
OI0021212,O011421,P00911,1,10863.29,5,5
OI0021213,O011422,P00616,3,7562.19,0,18
OI0021214,O011422,P00837,1,16550.14,0,12
OI0021215,O011423,P00038,1,18202.39,0,12
OI0021216,O011423,P00582,1,14803.79,0,5
OI0021217,O011424,P00445,3,9892.91,5,12
OI0021218,O011424,P00577,1,27326.23,0,12
OI0021219,O011424,P00417,1,11998.48,10,5
OI0021220,O011425,P00287,2,26797.81,20,18
OI0021221,O011425,P00395,1,26382.27,5,5
OI0021222,O011425,P00463,1,25185.06,15,18
OI0021223,O011426,P00572,1,7818.24,10,0
OI0021225,O011426,P00279,2,15345.07,5,18
OI0021226,O011427,P00304,1,22917.75,25,18
OI0021227,O011427,P00312,4,26499.58,25,5
OI0021228,O011428,P00486,1,22037.28,15,5
OI0021229,O011428,P00151,3,18924.37,15,12
OI0021230,O011429,P00297,1,1209.84,0,0
OI0021231,O011430,P00197,3,29752.28,20,12
OI0021232,O011431,P00095,3,22660.42,10,0
OI0021233,O011431,P00523,3,21507.71,20,5
OI0021235,O011432,P00144,1,8392.54,0,0
OI0021236,O011432,P00987,2,25769.95,0,5
OI0021237,O011432,P00098,1,18459.31,10,5
OI0021238,O011433,P00569,1,28425.47,5,5
OI0021239,O011433,P00260,1,8049.84,10,12
OI0021240,O011434,P00701,2,1386.73,15,5
OI0021241,O011435,P00641,1,1175.77,5,12
OI0021242,O011436,P00322,2,26828.61,0,12
OI0021243,O011436,P01000,1,24698.74,25,0
OI0021245,O011438,P00419,1,27389.34,5,18
OI0021246,O011438,P00018,1,24044.98,25,0
OI0021247,O011439,P00110,1,1111.85,5,0
OI0021248,O011440,P00030,2,22591.07,0,5
OI0021249,O011440,P00479,2,21603.64,20,0
OI0021250,O011441,P00415,3,7520.47,0,0
OI0021251,O011441,P00554,1,4954.24,15,0
OI0021252,O011442,P00152,1,6028.72,25,12
OI0021253,O011442,P00133,1,26290.17,20,12
OI0021255,O011443,P00594,1,14740.73,5,18
OI0021256,O011443,P00945,1,12381.96,10,18
OI0021257,O011444,P00299,1,24819.85,0,0
OI0021258,O011444,P00447,1,23155.46,10,18
OI0021259,O011445,P00817,1,11178.04,10,18
OI0021260,O011445,P00131,1,10922.14,0,12
OI0021262,O011446,P00668,2,5314.55,10,12
OI0021263,O011447,P00159,1,12397.46,20,0
OI0021264,O011448,P00650,2,28378.55,25,0
OI0021265,O011449,P00868,1,9518.55,0,18
OI0021266,O011449,P00344,1,19844.19,15,0
OI0021267,O011450,P00688,1,28499.22,10,18
OI0021268,O011450,P00515,1,21498.84,0,18
OI0021269,O011451,P00339,1,23109.04,5,5
OI0021270,O011451,P00583,1,18939.21,20,18
OI0021271,O011452,P00297,2,1188.62,10,5
OI0021273,O011453,P00698,1,14930.39,15,18
OI0021274,O011454,P00877,1,30244.0,15,5
OI0021275,O011455,P00146,1,9223.25,5,12
OI0021276,O011455,P00988,2,15814.09,0,12
OI0021277,O011456,P00103,1,13286.41,20,18
OI0021279,O011457,P00844,1,25209.63,-5,5
OI0021280,O011458,P00160,1,20216.2,10,0
OI0021281,O011459,P00967,5,21893.91,10,18
OI0021282,O011460,P00585,4,17204.86,10,5
OI0021283,O011461,P00051,2,15357.03,25,18
OI0021284,O011462,P00835,2,20785.92,20,5
OI0021285,O011463,P00220,1,4790.28,15,12
OI0021286,O011463,P00327,1,16344.88,0,5
OI0021287,O011463,P00524,1,13240.63,10,0
OI0021288,O011464,P00405,1,1994.69,0,0
OI0021290,O011465,P00448,3,19539.77,25,0
OI0021291,O011466,P00066,2,6009.46,0,5
OI0021292,O011466,P00447,3,22776.37,20,12
OI0021293,O011467,P00829,2,11280.1,10,12
OI0021295,O011467,P00701,2,1425.71,0,18
OI0021297,O011468,P00609,3,10199.28,0,18
OI0021298,O011468,P00259,2,25382.17,0,5
OI0021299,O011469,P00277,1,2344.86,25,12
OI0021300,O011469,P00902,2,30797.08,0,5
OI0021301,O011469,P00789,3,30419.93,0,18
OI0021302,O011470,P00611,1,4357.42,0,18
OI0021303,O011471,P00340,3,26559.32,20,18
OI0021304,O011471,P00617,1,10407.0,0,0
OI0021305,O011471,P00536,2,26198.57,15,5
OI0021306,O011472,P00269,1,19110.59,25,5
OI0021307,O011473,P00645,1,25439.75,10,12
OI0021308,O011473,P00968,1,5918.96,-5,0
OI0021309,O011473,P00616,2,7426.33,0,0
OI0021310,O011474,P00447,3,21773.94,0,18
OI0021312,O011475,P00135,1,27198.93,0,0
OI0021313,O011475,P00228,1,11454.13,0,12
OI0021314,O011476,P00599,1,29329.34,10,5
OI0021315,O011477,P00386,1,29689.09,0,18
OI0021316,O011477,P00586,2,11998.4,15,18
OI0021317,O011477,P00705,2,26322.51,5,18
OI0021318,O011478,P00658,1,10499.53,0,12
OI0021319,O011478,P00491,1,23367.78,0,18
OI0021320,O011478,P00604,1,27642.73,0,0
OI0021321,O011479,P00758,2,12294.65,15,18
OI0021322,O011480,P00158,1,12807.15,0,12
OI0021323,O011480,P00582,1,14783.12,25,0
OI0021324,O011481,P00710,3,18423.0,0,18
OI0021325,O011482,P00657,3,27328.9,5,12
OI0021327,O011483,P00258,1,16556.14,0,5
OI0021328,O011484,P00360,1,3252.53,0,18
OI0021329,O011485,P00499,2,19889.64,0,0
OI0021330,O011486,P00208,1,6428.44,25,0
OI0021332,O011487,P00424,2,19943.77,0,0
OI0021333,O011487,P00304,1,23623.73,20,18
OI0021334,O011488,P00092,2,21371.35,0,18
OI0021335,O011488,P00075,1,19681.77,15,5
OI0021336,O011489,P00085,1,3512.25,20,12
OI0021337,O011489,P00073,1,28764.17,10,18
OI0021338,O011490,P00018,2,22059.47,0,0
OI0021339,O011490,P00997,1,6283.41,0,5
OI0021340,O011490,P00504,1,7046.52,0,12
OI0021341,O011491,P00223,3,8000.81,5,12
OI0021342,O011491,P00347,1,27943.7,25,0
OI0021343,O011492,P00600,1,13425.66,15,0
OI0021344,O011492,P00816,1,780.84,10,18
OI0021345,O011493,P00611,1,4315.79,15,12
OI0021346,O011493,P00501,4,980.34,15,18
OI0021347,O011493,P00612,2,8303.95,5,0
OI0021348,O011494,P00527,1,18646.66,0,0
OI0021349,O011494,P00382,1,22110.15,0,0
OI0021350,O011495,P00023,4,3411.72,5,0
OI0021352,O011495,P00403,1,17930.29,20,0
OI0021354,O011496,P00694,1,22244.32,0,5
OI0021355,O011497,P00323,2,24107.21,0,12
OI0021356,O011497,P00094,1,9742.68,15,18
OI0021357,O011497,P00733,1,7262.54,5,12
OI0021359,O011499,P00405,1,2024.47,-5,5
OI0021360,O011500,P00737,2,23103.32,10,18
OI0021361,O011501,P00192,1,14768.27,15,18
OI0021362,O011501,P00661,1,28675.97,0,5
OI0021363,O011501,P00890,3,20681.99,15,12
OI0021364,O011502,P00442,1,11817.14,20,5
OI0021366,O011503,P00837,1,17671.68,10,12
OI0021367,O011503,P00266,4,4781.03,0,0
OI0021368,O011503,P00390,2,25511.44,0,0
OI0021369,O011504,P00369,5,26946.41,15,18
OI0021370,O011504,P00169,2,3967.27,25,12
OI0021371,O011504,P00349,1,10566.4,5,5
OI0021372,O011505,P00767,1,21331.81,25,0
OI0021373,O011506,P00132,2,4942.8,0,5
OI0021374,O011506,P00812,1,3667.0,25,0
OI0021375,O011506,P00564,1,21581.66,10,12
OI0021376,O011507,P00841,1,16251.89,0,12
OI0021377,O011507,P00772,2,9474.04,25,0
OI0021378,O011508,P00154,1,28144.16,0,5
OI0021379,O011508,P00353,1,28497.79,25,0
OI0021380,O011509,P00107,1,3537.48,20,18
OI0021381,O011510,P00982,2,8903.42,20,5
OI0021382,O011511,P00205,1,18168.82,0,18
OI0021383,O011511,P00524,2,12898.71,10,18
OI0021384,O011512,P00218,2,22950.61,5,0
OI0021385,O011512,P00999,2,9650.64,25,0
OI0021386,O011513,P00190,1,9615.45,25,12
OI0021387,O011513,P00778,1,18432.93,20,12
OI0021388,O011513,P00894,2,7865.23,10,18
OI0021389,O011514,P00122,2,12709.87,25,5
OI0021391,O011514,P00725,1,26239.38,0,5
OI0021392,O011515,P00506,4,11380.06,20,18
OI0021393,O011516,P00722,2,17056.74,25,5
OI0021394,O011516,P00907,1,16833.89,20,5
OI0021395,O011517,P00293,2,8383.01,0,0
OI0021396,O011517,P00887,3,23288.05,10,18
OI0021397,O011518,P00019,1,17059.7,0,0
OI0021398,O011518,P00902,1,29611.56,25,12
OI0021399,O011518,P00550,1,6263.91,25,5
OI0021400,O011519,P00729,1,22272.36,0,12
OI0021402,O011520,P00055,1,24378.1,25,18
OI0021403,O011521,P00135,2,27735.36,15,0
OI0021404,O011522,P00028,1,10079.9,20,0
OI0021405,O011522,P00959,2,13540.83,0,18
OI0021406,O011523,P00307,1,31457.28,5,12
OI0021407,O011523,P00135,1,28959.08,20,0
OI0021408,O011524,P00055,1,25678.98,10,12
OI0021409,O011524,P00043,1,8614.54,25,12
OI0021410,O011524,P00384,3,1838.75,15,5
OI0021411,O011525,P00730,5,22506.47,5,5
OI0021412,O011525,P00168,1,15827.31,10,18
OI0021413,O011525,P00051,1,14827.26,0,0
OI0021414,O011526,P00421,1,19200.01,0,5
OI0021415,O011526,P00936,1,27731.31,10,0
OI0021417,O011527,P00954,1,21614.19,5,0
OI0021418,O011528,P00895,3,21020.47,20,0
OI0021419,O011528,P00684,3,21293.67,10,0
OI0021420,O011529,P00428,2,18537.6,15,12
OI0021421,O011529,P00570,4,11188.83,0,0
OI0021422,O011530,P00560,1,15987.4,5,0
OI0021423,O011531,P00394,3,5626.37,15,12
OI0021424,O011532,P00756,2,14258.45,15,5
OI0021425,O011533,P00623,1,4629.72,0,18
OI0021426,O011534,P00651,1,15652.21,25,0
OI0021427,O011535,P00920,1,8526.44,0,5
OI0021429,O011535,P00452,4,19163.65,0,5
OI0021430,O011536,P00998,4,27241.65,0,0
OI0021431,O011536,P00364,1,20679.18,15,5
OI0021433,O011537,P00015,1,30604.18,15,12
OI0021434,O011537,P00608,1,18395.88,20,18
OI0021435,O011538,P00037,2,14370.06,15,0
OI0021436,O011539,P00392,1,26751.61,15,18
OI0021437,O011539,P00388,1,14762.32,0,5
OI0021438,O011539,P00261,2,18453.37,0,5
OI0021439,O011540,P00565,1,1027.83,20,18
OI0021440,O011541,P00489,2,11549.64,0,5
OI0021441,O011541,P00557,1,5097.12,0,0
OI0021442,O011542,P00119,2,17272.84,25,0
OI0021443,O011542,P00309,2,22706.13,15,0
OI0021444,O011543,P00582,1,13883.7,20,0
OI0021445,O011543,P00580,4,7685.53,10,18
OI0021446,O011544,P00588,4,24531.83,0,5
OI0021447,O011544,P00633,1,5665.77,0,5
OI0021449,O011545,P00868,2,9558.93,20,12
OI0021450,O011545,P00690,1,21742.17,10,0
OI0021451,O011546,P00964,1,19505.9,10,12
OI0021452,O011546,P00080,1,19181.45,0,0
OI0021454,O011548,P00735,1,15814.8,0,5
OI0021455,O011548,P00763,1,22542.95,20,0
OI0021456,O011549,P00946,1,22057.71,5,0
OI0021457,O011549,P00089,5,28312.89,0,5
OI0021458,O011550,P00597,1,7914.15,0,5
OI0021459,O011551,P01000,1,24452.93,-5,12
OI0021460,O011551,P00162,1,25325.71,0,0
OI0021461,O011552,P00166,1,27518.16,0,5
OI0021462,O011552,P00969,3,15957.8,0,0
OI0021463,O011553,P00518,1,21537.59,0,12
OI0021464,O011553,P00153,2,24812.59,0,0
OI0021465,O011553,P00183,1,25562.84,20,12
OI0021466,O011554,P00206,1,14237.68,20,5
OI0021467,O011554,P00422,1,23950.2,0,0
OI0021469,O011555,P00488,3,23975.79,20,18
OI0021471,O011556,P00373,3,22191.66,20,18
OI0021472,O011557,P00254,1,28822.39,0,12
OI0021474,O011557,P00230,1,24636.66,10,0
OI0021475,O011558,P00429,1,642.01,25,18
OI0021476,O011558,P00511,3,20178.28,15,0
OI0021477,O011559,P00336,2,16799.32,0,18
OI0021478,O011560,P00465,1,11138.44,0,18
OI0021479,O011561,P00041,1,1073.85,15,12
OI0021480,O011562,P00637,2,30126.15,25,5
OI0021481,O011562,P00473,2,14398.78,25,18
OI0021482,O011562,P00990,1,27878.89,5,18
OI0021483,O011563,P00700,2,30421.06,20,18
OI0021484,O011563,P00722,3,16119.18,5,12
OI0021485,O011563,P00362,1,20976.24,5,5
OI0021487,O011565,P00084,1,30410.14,10,12
OI0021488,O011566,P00226,1,24296.02,15,0
OI0021489,O011566,P00504,1,6904.41,0,18
OI0021490,O011567,P00429,1,684.35,20,5
OI0021491,O011567,P00465,5,11250.78,10,12
OI0021492,O011568,P00042,1,28433.14,20,12
OI0021493,O011568,P00240,1,13972.09,20,18
OI0021495,O011569,P00194,1,28500.19,10,5
OI0021496,O011570,P00220,1,5089.88,25,18
OI0021497,O011570,P00340,1,27456.44,5,18
OI0021498,O011570,P00318,1,22486.5,0,5
OI0021499,O011571,P00292,1,12721.56,10,12
OI0021502,O011572,P00895,2,19390.97,0,18
OI0021503,O011573,P00498,1,29228.28,0,0
OI0021504,O011573,P00393,2,14142.92,25,5
OI0021505,O011574,P00702,1,978.09,25,0
OI0021506,O011574,P00766,1,13468.71,0,12
OI0021507,O011575,P00838,1,18841.15,15,5
OI0021508,O011576,P00918,2,25802.36,0,0
OI0021510,O011577,P00199,2,18678.2,20,12
OI0021512,O011579,P00751,3,8918.09,20,12
OI0021513,O011580,P00901,1,4034.17,20,12
OI0021514,O011580,P00767,2,19896.64,0,5
OI0021515,O011581,P00017,3,10784.68,15,12
OI0021516,O011581,P00897,1,6574.56,5,18
OI0021517,O011581,P00474,4,21808.14,10,5
OI0021518,O011582,P00225,1,9157.08,0,0
OI0021520,O011583,P00209,1,20266.82,0,5
OI0021522,O011584,P00190,2,9208.1,0,18
OI0021523,O011584,P00701,2,1465.28,25,5
OI0021524,O011585,P00448,1,20187.31,20,5
OI0021525,O011585,P00836,1,13599.78,20,12
OI0021526,O011585,P00856,2,13148.06,15,12
OI0021528,O011586,P00412,1,6210.52,0,12
OI0021529,O011586,P00813,1,9699.65,20,18
OI0021530,O011587,P00992,2,7411.74,5,18
OI0021531,O011588,P00926,1,24034.45,15,12
OI0021532,O011589,P00839,1,17734.87,0,18
OI0021533,O011590,P00346,2,7805.59,10,0
OI0021534,O011590,P00180,1,23677.21,0,12
OI0021536,O011591,P00445,1,9806.24,0,12
OI0021537,O011591,P00200,2,7464.02,20,12
OI0021538,O011592,P00838,4,17745.85,25,18
OI0021539,O011592,P00760,2,7846.97,0,18
OI0021540,O011592,P00007,1,27511.44,10,18
OI0021541,O011593,P00192,2,14480.09,0,18
OI0021542,O011593,P00487,2,3973.05,0,5
OI0021543,O011593,P00207,2,4683.81,0,5
OI0021544,O011594,P00813,1,10053.77,25,5
OI0021545,O011595,P00945,1,12202.25,15,18
OI0021547,O011595,P00645,1,25430.84,0,18
OI0021548,O011596,P00475,1,24886.97,0,18
OI0021549,O011596,P00932,4,9210.53,10,0
OI0021550,O011596,P00606,2,27020.25,20,0
OI0021551,O011597,P00935,2,7056.34,10,18
OI0021552,O011597,P00702,2,939.4,10,0
OI0021553,O011598,P00886,1,21482.7,0,0
OI0021554,O011599,P00006,1,9094.2,15,5
OI0021555,O011599,P00625,1,26516.87,0,18
OI0021556,O011600,P00685,2,258.18,0,18
OI0021558,O011601,P00135,1,27232.78,0,0
OI0021559,O011601,P00342,1,25552.78,0,18
OI0021561,O011602,P00109,1,12894.43,25,18
OI0021562,O011603,P00448,1,21305.76,10,0
OI0021563,O011603,P00658,2,10513.92,0,18
OI0021565,O011604,P00011,1,11943.19,10,0
OI0021566,O011604,P00628,1,1153.48,0,0
OI0021568,O011605,P00813,3,9321.44,15,5
OI0021569,O011606,P00534,1,3372.54,20,0
OI0021570,O011606,P00727,1,12289.91,0,12
OI0021571,O011606,P00095,1,22510.59,0,12
OI0021572,O011607,P00676,1,21053.48,0,5
OI0021575,O011609,P00678,1,22481.5,25,0
OI0021577,O011610,P00038,1,18157.83,0,18
OI0021578,O011611,P00694,4,20602.13,0,18
OI0021579,O011612,P00559,2,22338.85,10,12
OI0021580,O011612,P00124,1,16866.21,5,5
OI0021581,O011612,P00232,1,20827.0,10,18
OI0021582,O011613,P00554,1,4989.5,15,12
OI0021583,O011613,P00691,1,13773.29,0,5
OI0021584,O011614,P00647,4,5215.45,25,12
OI0021585,O011614,P00655,2,22357.78,25,18
OI0021586,O011615,P00610,1,5928.9,10,0
OI0021587,O011616,P00991,2,5584.5,0,18
OI0021589,O011616,P00942,1,7669.56,-5,18
OI0021590,O011617,P00940,1,30722.35,25,18
OI0021591,O011617,P00859,1,28028.97,0,5
OI0021594,O011618,P00820,2,17547.49,5,12
OI0021595,O011619,P00475,1,24802.44,0,0
OI0021596,O011620,P00870,2,7972.35,0,0
OI0021597,O011620,P00025,2,3277.41,15,0
OI0021598,O011621,P00379,2,19325.29,5,12
OI0021599,O011622,P00957,2,17588.3,25,12
OI0021600,O011622,P00230,1,26119.1,0,5
OI0021601,O011623,P00588,2,26023.71,0,0
OI0021602,O011623,P00881,1,21607.56,0,0
OI0021603,O011624,P00752,2,280.69,20,12
OI0021604,O011624,P00278,2,18892.96,0,18
OI0021605,O011624,P00224,1,10530.03,25,5
OI0021606,O011625,P00203,1,26681.68,0,5
OI0021608,O011625,P00563,1,25225.17,0,12
OI0021609,O011626,P00368,2,15307.23,10,5
OI0021610,O011626,P00459,1,24337.31,15,5
OI0021611,O011627,P00448,1,21291.9,0,18
OI0021612,O011627,P00841,2,15931.76,20,0
OI0021613,O011627,P00935,1,7353.84,20,12
OI0021614,O011628,P00754,2,24480.82,5,0
OI0021615,O011628,P00519,1,3807.99,25,0
OI0021616,O011629,P00570,5,11932.58,0,12
OI0021618,O011629,P00763,1,22519.21,20,18
OI0021619,O011630,P00698,2,14601.94,10,0
OI0021620,O011630,P00761,4,10027.24,0,12
OI0021621,O011631,P00611,1,4385.16,25,0
OI0021623,O011632,P00771,3,19097.17,0,18
OI0021624,O011633,P00998,1,29390.59,0,0
OI0021625,O011633,P00684,1,21901.32,5,0
OI0021626,O011634,P00037,3,14346.35,5,5
OI0021627,O011634,P00313,3,5664.34,15,12
OI0021629,O011635,P00064,1,8606.86,25,18
OI0021630,O011635,P00375,1,13996.5,25,0
OI0021631,O011636,P00270,3,26540.97,0,5
OI0021632,O011637,P00032,2,21825.85,25,0
OI0021633,O011638,P00318,1,22983.1,0,5
OI0021635,O011639,P00585,1,16360.95,20,0
OI0021636,O011639,P00620,1,11932.52,15,18
OI0021638,O011640,P00367,1,6428.05,0,18
OI0021639,O011641,P00787,2,16351.15,20,5
OI0021640,O011641,P00693,1,2393.3,20,18
OI0021641,O011642,P00106,1,8222.24,20,12
OI0021642,O011642,P00821,1,19433.52,20,12
OI0021643,O011642,P00605,2,6323.84,5,18
OI0021644,O011643,P00048,2,4187.44,10,12
OI0021645,O011643,P00358,2,4621.78,5,0
OI0021646,O011644,P00977,4,1683.81,0,5
OI0021647,O011645,P00665,1,28189.74,0,18
OI0021648,O011645,P00204,2,15512.41,20,12
OI0021649,O011646,P00609,4,9439.7,15,5
OI0021650,O011646,P00763,3,23265.81,15,12
OI0021651,O011646,P00314,3,4707.69,0,5
OI0021652,O011647,P00880,1,15550.11,0,18
OI0021653,O011647,P00463,1,24525.7,-5,5
OI0021654,O011648,P00876,3,8891.26,0,18
OI0021655,O011648,P00548,1,22607.86,0,5
OI0021656,O011648,P00163,2,5039.0,15,12
OI0021657,O011649,P00405,4,2002.89,5,0
OI0021658,O011650,P00221,1,5349.6,10,5
OI0021659,O011651,P00538,1,28716.2,25,12
OI0021660,O011651,P00028,1,10013.76,0,18
OI0021661,O011651,P00483,1,21912.23,25,0
OI0021662,O011652,P00593,1,3367.81,15,5
OI0021663,O011653,P00373,4,20682.68,20,12
OI0021664,O011653,P00032,3,21612.85,0,12
OI0021666,O011654,P00250,2,20523.38,20,18
OI0021667,O011655,P00838,2,17776.33,15,0
OI0021668,O011655,P00001,2,9739.9,10,5
OI0021669,O011655,P00202,1,3677.5,0,0
OI0021670,O011656,P00373,1,21902.48,5,5
OI0021671,O011656,P00426,2,15401.28,10,12
OI0021672,O011656,P00096,2,20862.75,25,12
OI0021673,O011657,P00936,1,26178.03,10,0
OI0021674,O011657,P00669,2,22558.45,20,5
OI0021675,O011657,P00205,3,17273.91,0,5
OI0021677,O011658,P00004,2,13629.07,15,18
OI0021679,O011659,P00358,1,4466.77,5,12
OI0021680,O011659,P00528,2,29237.34,5,5
OI0021681,O011660,P00286,1,568.4,25,5
OI0021682,O011660,P00532,2,13607.7,25,0
OI0021683,O011660,P00620,1,11900.32,10,12
OI0021684,O011661,P00712,2,27930.53,0,5
OI0021685,O011662,P00703,2,8949.84,20,18
OI0021686,O011662,P00134,2,24345.78,0,5
OI0021687,O011662,P00716,4,6011.74,5,18
OI0021688,O011663,P00673,1,9667.14,0,5
OI0021689,O011664,P00197,1,28292.36,25,18
OI0021691,O011664,P00100,2,17585.91,0,0
OI0021692,O011665,P00965,2,7098.94,15,5
OI0021693,O011666,P00134,1,24872.99,0,0
OI0021694,O011666,P00325,1,5648.58,0,12
OI0021695,O011666,P00267,3,18581.69,25,0
OI0021696,O011667,P00750,1,11052.27,0,5
OI0021697,O011667,P00498,3,29744.09,0,5
OI0021698,O011667,P00909,2,11366.59,20,5
OI0021699,O011668,P00164,1,15967.18,15,0
OI0021701,O011668,P00056,1,14071.41,25,5
OI0021702,O011669,P00529,2,29170.96,15,0
OI0021703,O011669,P00203,1,27404.05,20,0
OI0021704,O011670,P00355,4,23856.22,20,5
OI0021705,O011670,P00498,3,30031.85,0,18
OI0021706,O011671,P00268,1,19836.34,25,12
OI0021707,O011671,P00042,2,28306.92,0,18
OI0021708,O011672,P00290,1,29581.47,0,12
OI0021709,O011672,P00426,2,15458.04,25,5
OI0021710,O011673,P00840,1,16644.45,10,12
OI0021711,O011673,P00612,1,8343.57,25,5
OI0021712,O011674,P00325,2,5842.2,10,18
OI0021713,O011674,P00291,1,16022.7,10,18
OI0021714,O011674,P00939,1,10208.45,20,18
OI0021715,O011675,P00539,4,13590.59,0,5
OI0021716,O011675,P00119,1,18642.13,0,18
OI0021717,O011676,P00459,1,23599.91,20,18
OI0021718,O011677,P00724,1,15975.15,15,12
OI0021719,O011677,P00454,1,14022.61,25,18
OI0021720,O011677,P00615,2,12655.89,15,12
OI0021721,O011678,P00051,1,15338.98,25,18
OI0021722,O011678,P00015,1,29434.69,5,18
OI0021723,O011678,P00829,1,11271.75,10,0
OI0021724,O011679,P00746,1,4076.02,20,18
OI0021725,O011680,P00998,1,27727.43,0,5
OI0021729,O011681,P00537,3,15677.93,20,18
OI0021730,O011682,P00646,2,14338.69,25,12
OI0021732,O011683,P00752,1,285.38,20,18
OI0021734,O011683,P00409,4,13692.64,20,12
OI0021735,O011684,P00393,1,13947.8,10,18
OI0021736,O011684,P00125,1,17997.56,10,0
OI0021738,O011685,P00325,2,5557.35,0,12
OI0021739,O011686,P00454,2,14493.47,0,5
OI0021740,O011686,P00182,1,1244.93,0,12
OI0021741,O011686,P00940,1,29405.87,5,18
OI0021742,O011687,P00329,4,879.75,5,12
OI0021743,O011687,P00233,2,4360.84,0,18
OI0021744,O011688,P00129,3,8349.74,0,18
OI0021745,O011688,P00998,2,29153.12,20,5
OI0021746,O011688,P00229,1,18686.09,0,5
OI0021747,O011689,P00401,1,20363.67,0,12
OI0021748,O011689,P00967,1,21929.34,0,5
OI0021749,O011689,P00973,1,26902.17,15,18
OI0021750,O011690,P00401,1,19844.5,0,0
OI0021751,O011691,P00671,1,17195.95,0,5
OI0021752,O011691,P00564,1,21264.49,5,18
OI0021753,O011692,P00819,1,9132.73,0,0
OI0021754,O011692,P00835,5,21176.27,5,5
OI0021756,O011693,P00422,2,23082.03,20,0
OI0021757,O011693,P00590,1,3540.7,0,18
OI0021758,O011693,P00461,1,15653.01,10,12
OI0021759,O011694,P00671,2,17610.62,0,0
OI0021760,O011695,P00903,2,7348.19,5,5
OI0021761,O011695,P00849,2,4609.22,25,0
OI0021762,O011695,P00131,1,10613.07,15,0
OI0021763,O011696,P00869,1,1446.64,20,0
OI0021764,O011696,P00133,2,25847.87,15,18
OI0021765,O011697,P00567,1,27451.72,25,18
OI0021766,O011698,P00394,1,5469.21,25,12
OI0021767,O011699,P00219,3,14756.14,15,0
OI0021769,O011701,P00530,1,27366.34,0,18
OI0021770,O011701,P00535,1,15063.11,5,0
OI0021771,O011702,P00575,1,18007.33,15,18
OI0021773,O011703,P00267,1,17775.51,25,18
OI0021774,O011704,P00295,2,5268.78,5,0
OI0021775,O011705,P00923,1,5175.43,10,5
OI0021776,O011706,P00580,1,7792.81,10,18
OI0021779,O011708,P00730,3,24509.93,0,18
OI0021780,O011709,P00361,2,27982.64,15,0
OI0021781,O011710,P00816,2,804.06,25,12
OI0021782,O011710,P00474,1,21973.18,5,5
OI0021783,O011710,P00554,1,4991.98,0,12
OI0021784,O011711,P00418,3,21750.91,20,0
OI0021785,O011712,P00177,2,10582.47,-5,0
OI0021787,O011713,P00981,2,22400.69,20,18
OI0021788,O011713,P00603,1,4923.9,10,18
OI0021789,O011714,P00181,1,28462.77,25,0
OI0021790,O011715,P00825,2,24397.48,0,12
OI0021791,O011715,P00712,2,29841.41,0,18
OI0021792,O011716,P00294,4,23606.93,25,0
OI0021794,O011717,P00288,1,16891.22,5,5
OI0021795,O011717,P00402,2,30487.46,0,12
OI0021796,O011718,P00462,4,16916.27,25,5
OI0021797,O011718,P00069,1,23510.87,0,18
OI0021798,O011719,P00780,2,22225.15,5,18
OI0021799,O011719,P00713,2,3029.21,5,12
OI0021801,O011720,P00754,1,24268.87,0,5
OI0021802,O011720,P00300,1,6398.55,5,12
OI0021803,O011721,P00907,1,15486.48,25,18
OI0021804,O011722,P00929,1,2064.88,0,18
OI0021806,O011722,P00326,1,13556.54,10,12
OI0021807,O011723,P00709,1,1960.85,0,12
OI0021808,O011724,P00166,2,26921.76,10,0
OI0021809,O011724,P00904,1,25567.26,15,18
OI0021810,O011725,P00551,4,15936.82,5,0
OI0021811,O011725,P00766,4,14326.76,5,5
OI0021812,O011726,P00800,1,20521.71,25,0
OI0021813,O011726,P00968,4,6032.49,25,0
OI0021814,O011727,P00298,2,6299.82,0,5
OI0021815,O011728,P00220,1,4765.12,5,5
OI0021816,O011728,P00246,1,6407.26,20,0
OI0021817,O011729,P00778,1,18636.1,0,18
OI0021819,O011730,P00098,1,19705.76,0,18
OI0021820,O011731,P00132,1,4978.48,15,18
OI0021821,O011732,P00801,1,2166.64,0,12
OI0021822,O011732,P00986,1,19123.62,25,18
OI0021823,O011733,P00610,2,5884.9,5,18
OI0021824,O011734,P00381,4,11377.6,0,18
OI0021825,O011734,P00395,1,25689.92,0,18
OI0021826,O011734,P00839,1,18001.42,20,12
OI0021827,O011735,P00402,4,28408.75,20,5
OI0021828,O011735,P00139,3,2332.83,10,0
OI0021829,O011736,P00453,1,407.45,10,5
OI0021831,O011737,P00021,2,12837.04,10,5
OI0021832,O011737,P00971,1,7252.09,0,5
OI0021833,O011738,P00071,1,12252.52,0,12
OI0021836,O011740,P00194,4,29561.77,0,5
OI0021837,O011740,P00005,1,29637.61,15,5
OI0021838,O011741,P00124,1,16496.8,15,0
OI0021839,O011742,P00841,1,15522.37,10,12
OI0021840,O011743,P00794,2,5076.78,0,0
OI0021841,O011743,P00740,1,12129.66,15,5
OI0021842,O011743,P00667,3,21874.42,10,0
OI0021843,O011744,P00945,2,11833.83,-5,18
OI0021844,O011745,P00590,2,3363.24,15,5
OI0021845,O011746,P00108,1,31015.1,15,18
OI0021846,O011747,P00067,4,18235.97,0,18
OI0021847,O011747,P00627,2,23452.46,10,18
OI0021849,O011748,P00989,1,18424.04,25,18
OI0021850,O011749,P00902,1,30581.79,25,12
OI0021851,O011749,P00910,1,20833.64,20,12
OI0021852,O011750,P00908,1,8718.25,20,5
OI0021854,O011751,P00691,1,14406.07,25,0
OI0021855,O011751,P00282,1,15556.85,0,12
OI0021856,O011752,P00653,1,3732.26,15,18
OI0021858,O011752,P00595,2,23787.85,0,12
OI0021859,O011753,P00228,2,10689.9,20,18
OI0021860,O011753,P00333,3,8454.29,0,0
OI0021861,O011754,P00579,2,17552.64,0,18
OI0021862,O011754,P00848,3,215.74,0,0
OI0021863,O011755,P00343,2,11677.26,20,5
OI0021864,O011755,P00754,1,26439.28,10,0
OI0021865,O011756,P00567,1,29019.72,25,0
OI0021866,O011756,P00972,1,20768.63,0,5
OI0021867,O011756,P00856,2,12971.35,25,18
OI0021868,O011757,P00431,2,26385.01,0,0
OI0021869,O011758,P00145,1,12814.07,10,12
OI0021870,O011759,P00441,1,7705.46,20,18
OI0021872,O011760,P00362,1,20533.53,0,0
OI0021873,O011760,P00769,2,14784.78,0,18
OI0021874,O011760,P00843,1,4875.17,25,12
OI0021876,O011762,P00810,2,24759.7,0,12
OI0021877,O011763,P00832,2,16857.4,25,0
OI0021878,O011764,P00773,1,12931.15,10,5
OI0021879,O011764,P00344,1,20059.7,10,18
OI0021880,O011765,P00730,2,23238.24,15,12
OI0021881,O011766,P00181,1,28161.41,0,12
OI0021882,O011766,P00529,1,30153.37,25,12
OI0021883,O011767,P00762,2,20160.67,10,0
OI0021884,O011767,P00213,1,13954.37,15,18
OI0021885,O011767,P00418,1,22234.27,15,0
OI0021886,O011768,P00306,2,18228.44,0,0
OI0021887,O011768,P00442,3,11494.43,20,5
OI0021888,O011769,P00239,2,29429.08,15,0
OI0021889,O011770,P00508,1,12748.28,0,5
OI0021890,O011771,P00600,1,13883.32,15,18
OI0021891,O011771,P00450,2,29003.82,10,5
OI0021892,O011772,P00250,2,18833.25,25,5
OI0021893,O011772,P00132,1,5076.47,25,0
OI0021894,O011773,P00899,1,22177.45,0,18
OI0021895,O011773,P00083,2,929.34,0,18
OI0021896,O011774,P00514,2,11965.95,25,5
OI0021897,O011774,P00876,1,8905.96,0,18
OI0021898,O011775,P00866,2,28052.19,5,18
OI0021899,O011776,P00362,2,19099.04,15,18
OI0021900,O011777,P00446,4,15927.72,10,12
OI0021901,O011777,P00132,4,5243.92,5,18
OI0021902,O011777,P00058,2,17885.41,25,5
OI0021903,O011778,P00187,3,10345.25,0,0
OI0021904,O011779,P00147,3,29787.29,25,18
OI0021905,O011779,P00728,1,5109.57,0,12
OI0021906,O011780,P00899,2,22382.59,10,18
OI0021907,O011781,P00714,1,28613.06,0,5
OI0021908,O011781,P00466,2,827.54,0,5
OI0021909,O011782,P00076,1,2076.15,0,0
OI0021910,O011782,P00056,1,14545.51,-5,5
OI0021911,O011783,P00196,2,5366.09,25,18
OI0021912,O011783,P00614,4,11407.4,20,12
OI0021913,O011784,P00139,1,2392.9,0,12
OI0021914,O011784,P00559,1,22790.81,15,18
OI0021915,O011785,P00887,3,24071.1,0,12
OI0021916,O011785,P00883,1,13110.7,5,12
OI0021917,O011786,P00857,3,1298.54,25,5
OI0021918,O011786,P00738,1,24224.29,0,12
OI0021921,O011787,P00674,2,10118.99,10,5
OI0021922,O011788,P00148,2,9408.75,20,0
OI0021923,O011788,P00732,1,17003.07,0,0
OI0021925,O011789,P00300,2,6056.3,5,5
OI0021927,O011790,P00989,1,18644.69,0,0
OI0021929,O011792,P00545,1,18483.44,25,12
OI0021930,O011792,P00067,3,17073.58,0,0
OI0021931,O011793,P00071,1,12589.39,0,12
OI0021932,O011794,P00490,1,24072.46,10,0
OI0021934,O011795,P00476,1,15839.43,20,12
OI0021935,O011795,P00705,1,25766.92,10,12
OI0021936,O011796,P00587,3,19686.34,0,18
OI0021937,O011797,P00982,1,9097.4,25,5
OI0021938,O011797,P00322,4,28324.14,20,12
OI0021939,O011798,P00654,1,8423.47,20,12
OI0021940,O011799,P00704,5,15005.62,15,0
OI0021941,O011799,P00303,1,12840.36,0,0
OI0021942,O011799,P00318,1,23163.18,5,5
OI0021943,O011800,P00571,2,8921.92,20,18
OI0021944,O011800,P00870,1,7673.8,10,18
OI0021945,O011800,P00495,1,18217.94,25,12
OI0021946,O011801,P00789,3,30374.31,25,12
OI0021947,O011802,P00085,3,3452.41,10,0
OI0021948,O011802,P00614,1,11394.0,10,18
OI0021949,O011803,P00890,1,21096.3,5,0
OI0021951,O011805,P00811,2,11859.57,-5,5
OI0021953,O011806,P00523,1,20271.83,0,12
OI0021954,O011807,P00868,3,9449.28,0,12
OI0021955,O011808,P00423,2,4304.68,5,18
OI0021956,O011809,P00180,2,22753.81,0,18
OI0021957,O011809,P00900,2,23500.78,10,5
OI0021958,O011810,P00070,2,15613.13,0,5
OI0021959,O011810,P00799,2,27295.86,5,18
OI0021961,O011811,P00808,1,19920.26,5,18
OI0021962,O011812,P00548,1,21077.58,15,0
OI0021964,O011814,P00568,2,8079.7,15,0
OI0021965,O011814,P00427,1,22795.79,25,0
OI0021966,O011814,P00199,1,20136.15,5,5
OI0021967,O011815,P00294,3,23579.82,15,12
OI0021968,O011816,P00437,2,27364.86,25,12
OI0021969,O011816,P00105,1,16416.18,10,0
OI0021971,O011818,P00819,1,9057.84,0,12
OI0021972,O011818,P00284,1,13335.55,0,12
OI0021974,O011820,P00090,1,18037.31,20,18
OI0021975,O011821,P00596,1,25748.06,25,5
OI0021976,O011821,P00013,1,4796.43,15,12
OI0021978,O011822,P00188,1,15960.45,0,5
OI0021979,O011823,P00025,1,3159.84,25,0
OI0021980,O011824,P00702,4,909.58,0,0
OI0021982,O011825,P00902,3,30583.83,20,18
OI0021983,O011826,P00897,1,6593.78,5,5
OI0021984,O011826,P00054,2,15635.8,5,5
OI0021985,O011827,P00324,1,209.82,0,5
OI0021986,O011828,P00963,1,3802.11,20,5
OI0021987,O011828,P00465,1,10456.78,5,18
OI0021988,O011828,P00635,2,11438.31,20,0
OI0021990,O011829,P00743,2,19778.3,20,5
OI0021991,O011830,P00295,1,5424.37,15,0
OI0021993,O011831,P00893,2,6039.16,25,0
OI0021994,O011831,P00384,1,1893.85,0,18
OI0021995,O011832,P00497,3,9366.62,0,18
OI0021996,O011832,P00333,1,8270.61,15,18
OI0021997,O011832,P00526,2,3479.51,25,12
OI0021998,O011833,P00286,1,563.21,25,5
OI0021999,O011834,P00761,1,9596.5,5,18
OI0022000,O011834,P00017,1,10189.65,25,5
OI0022001,O011835,P00223,2,8000.87,10,5
OI0022002,O011835,P00717,1,23711.98,10,5
OI0022005,O011838,P00152,1,5739.09,20,18
OI0022006,O011839,P00391,1,23240.66,0,0
OI0022007,O011840,P00765,1,3623.23,5,0
OI0022008,O011840,P00633,3,5697.29,0,12
OI0022011,O011841,P00863,2,22625.98,5,12
OI0022012,O011842,P00031,1,10093.38,0,12
OI0022013,O011842,P00006,1,9462.63,25,18
OI0022014,O011842,P00861,2,1701.86,0,12
OI0022015,O011843,P00519,1,3826.53,0,5
OI0022017,O011844,P00529,2,28143.37,0,5
OI0022018,O011844,P00161,2,24106.24,25,18
OI0022019,O011845,P00811,1,11383.31,25,18
OI0022020,O011845,P00454,1,14209.44,0,12
OI0022021,O011845,P00893,1,6185.46,0,5
OI0022022,O011846,P00568,1,7608.88,20,5
OI0022023,O011846,P00957,2,17666.37,10,18
OI0022024,O011847,P00931,2,4021.01,10,0
OI0022025,O011848,P00801,1,2257.46,15,0
OI0022026,O011848,P00662,1,7946.93,0,18
OI0022027,O011848,P00567,2,27338.39,0,12
OI0022028,O011849,P00128,2,5687.6,25,5
OI0022029,O011849,P00886,2,20582.74,20,18
OI0022030,O011850,P00520,1,29610.03,5,12
OI0022031,O011850,P00481,4,15794.65,20,0
OI0022032,O011850,P00139,2,2392.27,5,0
OI0022033,O011851,P00059,4,15078.83,25,18
OI0022034,O011851,P00134,2,24922.58,5,18
OI0022035,O011852,P00527,2,19375.52,0,12
OI0022036,O011853,P00642,1,24664.58,10,12
OI0022037,O011853,P00799,1,27008.32,0,12
OI0022038,O011854,P00082,2,25713.4,0,18
OI0022039,O011855,P00904,4,26818.0,0,18
OI0022040,O011855,P00793,2,17564.15,20,18
OI0022041,O011856,P00045,3,25842.1,5,0
OI0022042,O011856,P00935,1,7428.65,25,12
OI0022044,O011857,P00647,1,5478.11,25,5
OI0022045,O011858,P00040,1,14527.76,0,18
OI0022046,O011859,P00826,1,10562.86,0,12
OI0022047,O011860,P00864,3,13664.72,10,12
OI0022048,O011860,P00935,1,6932.52,0,0
OI0022049,O011860,P00138,3,666.83,5,18
OI0022050,O011861,P00187,5,10194.1,-5,0
OI0022051,O011861,P00505,4,18547.63,5,12
OI0022052,O011862,P00540,1,5955.3,10,5
OI0022053,O011862,P00443,2,23096.22,10,5
OI0022054,O011863,P00768,3,26724.54,0,0
OI0022055,O011863,P00129,1,8431.26,15,5
OI0022057,O011864,P00349,5,11017.24,0,0
OI0022058,O011864,P00711,2,25265.76,15,18
OI0022059,O011865,P00846,2,20590.8,20,0
OI0022061,O011865,P00569,2,28710.07,15,12
OI0022062,O011866,P00747,1,27418.47,0,18
OI0022063,O011866,P00980,2,10697.15,20,5
OI0022064,O011867,P00103,1,12811.43,0,5
OI0022065,O011867,P00278,3,20487.73,0,5
OI0022066,O011868,P00412,1,6393.08,10,18
OI0022067,O011868,P00442,1,11680.77,5,0
OI0022068,O011868,P00283,2,4873.4,20,18
OI0022069,O011869,P00279,5,14918.92,0,0
OI0022070,O011869,P00457,2,687.14,0,0
OI0022071,O011869,P00256,1,25759.49,20,0
OI0022072,O011870,P00981,1,21145.97,5,18
OI0022073,O011870,P00147,1,29336.96,5,18
OI0022074,O011870,P00452,4,19362.69,15,0
OI0022077,O011872,P00389,2,4670.16,15,5
OI0022078,O011872,P00435,1,28931.71,10,0
OI0022079,O011873,P00157,4,17459.63,0,0
OI0022080,O011873,P00385,2,21803.46,0,0
OI0022081,O011874,P00420,1,28181.22,10,18
OI0022082,O011874,P00026,2,15130.73,25,5
OI0022083,O011875,P00361,1,27321.5,10,0
OI0022085,O011876,P00234,1,27779.65,0,5
OI0022086,O011877,P00537,1,16617.55,10,5
OI0022087,O011877,P00408,1,26308.0,0,18
OI0022088,O011878,P00686,4,24137.85,20,5
OI0022089,O011878,P00279,4,14614.54,10,12
OI0022090,O011879,P00729,1,22575.82,0,5
OI0022091,O011880,P00627,1,23742.35,25,5
OI0022092,O011880,P00286,3,586.98,5,5
OI0022093,O011881,P00837,2,17572.9,5,0
OI0022094,O011881,P00088,1,12187.18,5,12
OI0022095,O011881,P00277,3,2321.81,0,0
OI0022096,O011882,P00635,1,11717.45,10,5
OI0022097,O011882,P00426,2,16457.75,0,5
OI0022098,O011883,P00020,3,23895.28,0,18
OI0022099,O011883,P00547,2,21095.91,0,12
OI0022100,O011884,P00347,3,27025.38,15,18
OI0022101,O011884,P00899,1,22386.83,10,5
OI0022102,O011884,P00596,1,27816.84,-5,12
OI0022103,O011885,P00754,1,24651.49,0,5
OI0022104,O011885,P00011,1,11573.77,25,0
OI0022105,O011886,P00642,1,26548.92,10,0
OI0022106,O011886,P00297,2,1206.62,10,12
OI0022107,O011887,P00460,1,28003.7,0,12
OI0022108,O011888,P00213,1,12912.85,0,18
OI0022109,O011889,P00889,5,17433.02,10,12
OI0022110,O011889,P00935,2,6976.28,20,0
OI0022111,O011889,P00240,2,14150.94,10,12
OI0022112,O011890,P00619,2,10614.36,0,0
OI0022113,O011891,P00300,2,6439.93,-5,12
OI0022114,O011891,P00511,3,19251.75,25,5
OI0022115,O011892,P00006,1,9362.51,20,12
OI0022116,O011892,P00130,1,23871.05,5,5
OI0022118,O011893,P00637,4,28754.21,5,0
OI0022120,O011894,P00645,3,26427.52,15,18
OI0022121,O011894,P00095,1,21438.03,5,5
OI0022122,O011895,P00061,5,19487.37,5,12
OI0022123,O011895,P00451,2,30537.83,-5,5
OI0022124,O011895,P00689,3,27909.96,5,5
OI0022125,O011896,P00110,2,1035.93,5,18
OI0022126,O011896,P00442,1,12376.12,0,5
OI0022128,O011897,P00210,1,4166.69,-5,0
OI0022129,O011898,P00996,2,8111.94,25,18
OI0022130,O011898,P00125,1,17949.78,10,18
OI0022131,O011899,P00280,2,8787.88,0,5
OI0022132,O011900,P00999,1,10272.05,20,5
OI0022133,O011900,P00406,2,28318.07,0,12
OI0022134,O011901,P00956,1,18424.1,0,5
OI0022135,O011902,P00207,2,4623.89,10,18
OI0022136,O011902,P00216,1,28229.93,0,5
OI0022137,O011903,P00949,1,29397.45,20,18
OI0022138,O011904,P00092,1,22050.45,25,18
OI0022139,O011905,P00554,1,4961.78,0,5
OI0022140,O011905,P00689,1,27255.23,25,12
OI0022141,O011906,P00608,4,18828.47,15,12
OI0022142,O011907,P00572,1,7535.28,25,0
OI0022143,O011907,P00417,3,11927.4,10,18
OI0022144,O011907,P00708,4,3346.7,25,5
OI0022146,O011908,P00013,1,5075.74,15,12
OI0022147,O011909,P00804,1,10784.19,0,18
OI0022148,O011909,P00970,1,17642.23,0,18
OI0022149,O011909,P00337,1,639.8,0,5
OI0022151,O011911,P00032,1,21274.96,10,12
OI0022152,O011911,P00518,2,22675.12,0,0
OI0022153,O011912,P00298,2,6140.07,25,18
OI0022154,O011913,P00692,1,14939.16,5,18
OI0022155,O011913,P00871,4,11796.17,0,12
OI0022156,O011914,P00414,2,6168.73,15,0
OI0022157,O011914,P00146,3,9251.82,5,5
OI0022158,O011915,P00124,1,15593.52,20,5
OI0022159,O011916,P00168,2,16844.19,15,12
OI0022160,O011916,P00287,4,26013.3,0,18
OI0022161,O011917,P00874,4,7260.36,25,0
OI0022163,O011919,P00899,1,21807.72,5,0
OI0022164,O011919,P00262,4,8741.88,15,5
OI0022165,O011920,P00886,2,20199.09,15,18
OI0022166,O011920,P00250,1,20143.04,0,0
OI0022167,O011921,P00306,1,17599.37,15,0
OI0022168,O011922,P00629,1,15153.35,10,5
OI0022170,O011923,P00896,2,19062.1,25,12
OI0022171,O011923,P00738,1,25793.43,0,5
OI0022172,O011923,P00549,2,13774.12,0,12
OI0022173,O011924,P00590,2,3410.38,-5,12
OI0022174,O011925,P00991,5,6104.06,15,5
OI0022175,O011926,P00711,1,24158.38,0,12
OI0022176,O011926,P00781,1,10656.28,0,12
OI0022177,O011927,P00695,2,10460.18,0,12
OI0022178,O011928,P00499,1,19776.79,10,12
OI0022179,O011929,P00186,1,6940.42,0,5
OI0022180,O011929,P00364,2,21365.67,0,0
OI0022182,O011931,P00099,1,27012.49,20,12
OI0022183,O011932,P00868,2,9753.43,15,12
OI0022184,O011932,P00487,2,4243.72,20,18
OI0022185,O011933,P00709,1,1912.31,0,18
OI0022186,O011933,P00668,3,5179.34,5,12
OI0022187,O011934,P00178,3,9981.81,10,18
OI0022188,O011935,P00454,3,14509.5,0,0
OI0022189,O011936,P00036,1,20527.34,-5,12
OI0022190,O011937,P00181,1,30463.27,10,5
OI0022191,O011938,P00620,1,13034.09,0,18
OI0022192,O011939,P00984,2,7469.4,5,0
OI0022193,O011940,P00050,1,27458.96,0,5
OI0022194,O011940,P00194,2,27322.82,10,18
OI0022195,O011941,P00895,2,19611.79,0,5
OI0022197,O011942,P00063,3,1276.17,0,0
OI0022198,O011942,P00029,3,15996.07,0,5
OI0022199,O011943,P00489,1,11368.55,0,5
OI0022200,O011943,P00603,1,4571.64,20,12
OI0022201,O011943,P00099,1,27940.48,15,0
OI0022202,O011944,P00048,1,4168.07,5,18
OI0022203,O011945,P00983,1,2840.0,0,5
OI0022204,O011945,P00468,1,24591.77,15,18
OI0022205,O011946,P00428,4,17597.94,0,5
OI0022206,O011946,P00704,1,14517.82,0,12
OI0022207,O011947,P00424,2,20728.24,0,5
OI0022208,O011947,P00707,3,18852.95,0,18
OI0022209,O011947,P00303,4,12836.36,0,0
OI0022210,O011948,P00447,1,22740.19,0,18
OI0022211,O011949,P00368,1,15089.5,0,0
OI0022212,O011949,P00384,1,1895.94,20,0
OI0022213,O011949,P00343,2,11571.61,5,5
OI0022214,O011950,P00412,3,5871.22,25,5
OI0022215,O011950,P00847,2,21092.78,0,5
OI0022216,O011951,P00240,4,15102.86,10,5
OI0022217,O011951,P00122,3,13586.4,0,5
OI0022218,O011952,P00552,2,19992.94,5,5
OI0022219,O011952,P00549,1,14317.02,5,5
OI0022220,O011953,P00103,1,13343.41,5,12
OI0022221,O011954,P00808,2,18230.0,10,0
OI0022222,O011954,P00741,2,4527.65,25,0
OI0022223,O011955,P00181,3,27891.64,0,0
OI0022224,O011955,P00680,1,6693.0,25,0
OI0022225,O011956,P00159,2,12846.71,5,12
OI0022226,O011957,P00726,1,13859.37,0,18
OI0022227,O011958,P00067,1,16862.4,15,12
OI0022228,O011959,P00643,4,13139.59,20,18
OI0022229,O011959,P00713,1,3263.78,5,5
OI0022230,O011960,P00858,3,28122.22,0,18
OI0022231,O011960,P00167,1,14883.76,0,5
OI0022232,O011961,P00762,1,19483.47,10,0
OI0022233,O011961,P00607,1,24565.26,0,18
OI0022234,O011962,P00164,1,16279.51,25,18
OI0022235,O011962,P00284,3,13228.11,0,5
OI0022236,O011963,P00564,1,21189.13,0,0
OI0022237,O011964,P00034,2,22247.15,20,5
OI0022238,O011964,P00681,1,30834.78,10,12
OI0022240,O011965,P00188,2,16305.74,0,18
OI0022241,O011966,P00468,4,25108.14,0,18
OI0022242,O011967,P00530,1,28667.99,15,5
OI0022243,O011967,P00105,1,15798.9,0,5
OI0022244,O011967,P00883,1,12707.2,25,0
OI0022245,O011968,P00279,1,14545.75,-5,0
OI0022246,O011969,P00618,1,14917.77,20,18
OI0022247,O011969,P00181,2,29925.52,10,18
OI0022248,O011969,P00748,1,22545.05,20,18
OI0022250,O011970,P00054,2,15577.64,25,18
OI0022251,O011971,P00779,1,2424.57,20,0
OI0022252,O011971,P00829,2,12058.31,15,5
OI0022253,O011972,P00072,2,7001.44,15,5
OI0022254,O011972,P00800,2,19889.15,0,12
OI0022255,O011973,P00022,1,23127.75,0,18
OI0022256,O011973,P00057,1,11866.01,25,18
OI0022257,O011974,P00738,1,24132.18,25,12
OI0022258,O011975,P00089,1,29451.34,15,5
OI0022259,O011976,P00660,3,1767.1,25,18
OI0022260,O011976,P00617,1,10429.84,20,0
OI0022261,O011977,P00261,1,18151.0,0,18
OI0022263,O011977,P00064,5,8613.15,20,18
OI0022264,O011978,P00698,1,14892.73,5,0
OI0022265,O011978,P00399,1,5305.58,0,12
OI0022266,O011979,P00819,1,9181.14,15,12
OI0022267,O011979,P00968,1,5511.83,0,18
OI0022268,O011980,P00929,1,2156.91,25,12
OI0022269,O011980,P00306,1,18428.61,5,5
OI0022270,O011980,P00174,1,20609.8,0,18
OI0022271,O011981,P00783,1,17495.61,10,12
OI0022273,O011982,P00475,1,25248.34,20,12
OI0022274,O011982,P00467,1,21229.11,5,12
OI0022275,O011983,P00116,1,28013.7,5,5
OI0022276,O011984,P00282,3,14432.57,20,0
OI0022277,O011985,P00008,1,27359.02,15,5
OI0022278,O011985,P00120,3,16512.27,15,12
OI0022279,O011986,P00498,1,31011.76,15,12
OI0022280,O011987,P00531,1,27121.01,10,18
OI0022281,O011987,P00604,2,28955.62,15,5
OI0022283,O011988,P00811,4,11449.46,20,18
OI0022284,O011989,P00265,2,1652.27,25,12
OI0022285,O011990,P00867,2,12310.23,20,12
OI0022286,O011991,P00646,2,15658.49,15,18
OI0022287,O011991,P00819,1,9556.18,0,5
OI0022288,O011992,P00804,2,10361.72,25,5
OI0022289,O011992,P00548,3,22209.42,5,18
OI0022290,O011993,P00789,2,27971.23,10,0
OI0022291,O011993,P00753,1,27857.66,20,12
OI0022292,O011994,P00166,1,28389.64,20,5
OI0022293,O011995,P00091,1,13915.32,5,12
OI0022294,O011995,P00102,4,915.03,20,18
OI0022295,O011996,P00170,1,19449.62,15,0
OI0022296,O011996,P00030,1,22657.16,15,5
OI0022297,O011997,P00640,2,23289.06,0,0
OI0022299,O011998,P00343,3,11453.64,0,0
OI0022301,O011999,P00820,4,18644.52,25,18
OI0022303,O012000,P00937,1,3223.94,20,0
OI0022305,O012001,P00339,3,24956.95,20,0
OI0022306,O012001,P00244,2,2107.47,5,0
OI0022307,O012002,P00923,2,4734.07,5,18
OI0022308,O012003,P00938,3,10691.13,0,0
OI0022309,O012003,P00047,1,28661.09,20,18
OI0022310,O012003,P00509,1,16218.49,0,5
OI0022311,O012004,P00272,2,24730.19,0,5
OI0022312,O012004,P00087,1,4228.6,0,12
OI0022313,O012005,P00535,1,14381.75,5,5
OI0022314,O012006,P00073,2,31125.15,0,0
OI0022315,O012006,P00203,2,27903.46,20,18
OI0022316,O012007,P00540,3,5745.99,0,12
OI0022317,O012007,P00337,1,607.44,15,5
OI0022318,O012008,P00355,1,24061.89,20,12
OI0022319,O012009,P00140,2,30000.54,20,12
OI0022320,O012009,P00730,1,24152.51,0,18
OI0022321,O012009,P00520,2,27321.0,20,18
OI0022322,O012010,P00902,2,29162.9,5,5
OI0022323,O012011,P00598,1,5895.3,5,5
OI0022324,O012012,P00330,1,23842.26,20,12
OI0022325,O012012,P00661,1,29176.44,5,5
OI0022326,O012013,P00478,2,24816.72,0,12
OI0022327,O012013,P00156,1,29630.77,10,0
OI0022328,O012014,P00959,1,13640.02,25,18
OI0022329,O012014,P00650,1,28265.4,0,5
OI0022330,O012015,P00035,1,17542.71,5,5
OI0022331,O012016,P00516,2,14668.24,0,5
OI0022333,O012017,P00231,1,1217.07,5,12
OI0022334,O012018,P00993,1,14876.5,0,12
OI0022335,O012019,P00665,2,28435.6,15,5
OI0022336,O012019,P00853,1,2904.31,25,5
OI0022337,O012020,P00735,3,16420.74,0,0
OI0022338,O012020,P00260,2,8258.04,25,0
OI0022340,O012021,P00283,1,4731.14,20,12
OI0022341,O012022,P00620,2,12309.28,5,5
OI0022342,O012022,P00606,1,26942.24,10,12
OI0022343,O012023,P00179,1,3071.42,0,18
OI0022344,O012023,P00215,1,29526.76,15,5
OI0022345,O012023,P00400,1,10311.37,0,12
OI0022346,O012024,P00240,2,14401.57,15,0
OI0022348,O012025,P00226,1,25539.96,25,5
OI0022349,O012025,P00227,1,9727.32,5,12
OI0022350,O012026,P00211,3,644.41,0,5
OI0022352,O012027,P00776,1,18134.39,0,12
OI0022353,O012028,P00464,1,877.75,0,0
OI0022354,O012028,P00100,2,18689.52,20,5
OI0022355,O012029,P00816,2,795.74,5,5
OI0022357,O012030,P00520,4,27803.86,5,18
OI0022358,O012030,P00384,2,1964.26,10,12
OI0022359,O012031,P00312,1,25301.72,0,5
OI0022361,O012032,P00816,2,785.33,0,0
OI0022363,O012034,P00590,3,3313.89,0,12
OI0022364,O012034,P00584,1,20807.73,10,12
OI0022365,O012034,P00218,1,21879.88,0,12
OI0022366,O012035,P00500,1,7095.5,0,0
OI0022367,O012035,P00970,4,18613.89,0,12
OI0022368,O012035,P00274,1,1190.86,0,0
OI0022369,O012036,P00132,1,4788.94,10,18
OI0022370,O012037,P00327,4,15970.99,15,12
OI0022372,O012037,P00290,4,28784.13,20,0
OI0022373,O012038,P00607,1,23095.92,5,12
OI0022374,O012039,P00533,1,2197.07,25,12
OI0022375,O012039,P00804,2,10418.39,25,12
OI0022376,O012040,P00842,3,22431.55,0,0
OI0022377,O012040,P00425,3,14911.01,20,12
OI0022378,O012041,P00110,5,1022.9,0,5
OI0022379,O012042,P00513,1,28300.08,15,12
OI0022381,O012043,P00239,2,29961.65,0,5
OI0022382,O012043,P00506,1,10753.84,5,0
OI0022383,O012044,P00418,1,23782.09,0,0
OI0022384,O012045,P00623,1,4791.9,0,0
OI0022385,O012046,P00256,3,24511.01,0,5
OI0022386,O012046,P00846,1,20631.03,0,18
OI0022388,O012047,P00820,1,17291.39,0,12
OI0022389,O012047,P00947,1,9599.66,0,18
OI0022390,O012047,P00568,1,7912.82,0,18
OI0022391,O012048,P00116,2,26661.24,-5,0
OI0022393,O012049,P00398,1,1557.67,25,0
OI0022394,O012050,P00530,4,27506.67,25,0
OI0022395,O012050,P00718,2,6644.86,0,18
OI0022396,O012051,P00255,2,10840.99,5,5
OI0022397,O012051,P00332,1,9732.98,0,0
OI0022398,O012052,P00513,4,27950.41,0,12
OI0022399,O012052,P00810,1,23208.46,25,18
OI0022402,O012054,P00463,2,25764.37,0,18
OI0022403,O012055,P00696,1,22283.82,0,12
OI0022405,O012057,P00038,1,18259.3,20,18
OI0022406,O012057,P00940,2,29070.65,20,0
OI0022407,O012058,P00088,2,11938.22,25,5
OI0022408,O012059,P00089,1,29133.77,0,18
OI0022410,O012060,P00298,1,5959.9,15,5
OI0022411,O012061,P00038,1,17877.27,5,18
OI0022412,O012061,P00250,1,20533.91,5,5
OI0022414,O012062,P00500,2,7098.67,0,0
OI0022415,O012063,P00905,3,26467.75,0,18
OI0022417,O012064,P00332,1,9544.76,20,12
OI0022418,O012065,P00346,2,7585.51,5,18
OI0022419,O012065,P00866,1,28911.1,25,5
OI0022422,O012067,P00767,1,20053.6,25,5
OI0022424,O012068,P00086,1,14914.74,0,5
OI0022425,O012069,P00576,1,15354.95,5,5
OI0022426,O012069,P00074,5,25465.78,0,0
OI0022427,O012070,P00277,3,2411.89,15,5
OI0022428,O012070,P00722,1,16007.27,5,12
OI0022429,O012071,P00748,2,23682.86,25,18
OI0022430,O012071,P00938,2,10682.1,0,18
OI0022431,O012072,P00070,2,15691.1,20,5
OI0022433,O012072,P00216,1,28195.53,20,0
OI0022434,O012073,P00527,1,19438.49,0,18
OI0022435,O012073,P00377,2,25300.58,0,0
OI0022436,O012074,P00441,1,7332.34,0,0
OI0022438,O012075,P00191,1,14345.01,15,18
OI0022439,O012075,P00477,1,22431.17,25,5
OI0022440,O012076,P00740,2,11830.91,10,12
OI0022441,O012077,P00446,1,15591.32,5,12
OI0022442,O012077,P00407,2,12260.25,25,5
OI0022443,O012077,P00589,1,10969.01,5,5
OI0022445,O012078,P00486,1,23267.64,20,0
OI0022446,O012078,P00346,4,7831.63,0,0
OI0022447,O012079,P00116,2,25521.29,20,12
OI0022448,O012079,P00531,1,28463.9,0,18
OI0022449,O012080,P00257,1,24150.25,0,18
OI0022450,O012081,P00427,1,23087.13,0,18
OI0022451,O012081,P00677,2,15642.25,10,12
OI0022452,O012082,P00732,2,17656.86,0,5
OI0022453,O012082,P00526,1,3510.77,0,0
OI0022454,O012083,P00373,1,21787.85,25,5
OI0022455,O012083,P00384,1,1956.02,0,0
OI0022456,O012084,P00316,1,25148.32,0,0
OI0022457,O012084,P00687,1,23043.98,15,12
OI0022458,O012084,P00351,1,1126.14,25,18
OI0022459,O012085,P00212,1,14966.84,15,12
OI0022460,O012085,P00698,1,14670.88,-5,18
OI0022461,O012086,P00823,1,7354.37,5,5
OI0022462,O012086,P00273,2,10224.73,-5,18
OI0022464,O012087,P00400,2,10167.42,15,12
OI0022465,O012088,P00069,1,22818.65,5,18
OI0022466,O012088,P00052,1,14179.67,15,18
OI0022467,O012088,P00388,2,14846.15,20,0
OI0022468,O012089,P00344,1,19963.48,10,18
OI0022469,O012089,P00128,3,5952.12,0,12
OI0022470,O012090,P00612,2,8998.76,0,5
OI0022471,O012090,P00976,1,6921.44,25,0
OI0022472,O012090,P00983,2,2811.02,5,0
OI0022473,O012091,P00070,1,14266.02,5,12
OI0022475,O012091,P00567,1,27649.03,0,12
OI0022476,O012092,P00114,1,11949.75,0,5
OI0022477,O012093,P00620,1,12205.28,25,12
OI0022478,O012094,P00337,3,625.84,20,12
OI0022479,O012094,P00671,4,17539.02,0,0
OI0022480,O012095,P00073,2,30272.48,20,5
OI0022481,O012095,P00002,3,4141.74,20,5
OI0022483,O012097,P00244,1,2185.82,25,5
OI0022485,O012099,P00298,1,6223.79,15,0
OI0022486,O012099,P00325,2,5633.55,20,12
OI0022487,O012099,P00170,3,20222.64,0,0
OI0022488,O012100,P00566,2,14434.31,10,0
OI0022489,O012100,P00815,1,25773.22,15,0
OI0022490,O012101,P00989,2,18908.84,20,12
OI0022491,O012102,P00103,2,12580.3,15,5
OI0022492,O012102,P00924,2,10556.1,0,0
OI0022493,O012103,P00827,2,8946.79,20,18
OI0022494,O012103,P00297,1,1214.59,20,18
OI0022495,O012104,P00725,1,27138.98,0,12
OI0022496,O012104,P00030,2,22852.09,0,12
OI0022497,O012105,P00128,3,6088.22,15,0
OI0022498,O012105,P00852,2,21266.28,20,5
OI0022499,O012106,P00217,2,16034.22,20,0
OI0022500,O012107,P00767,3,20000.22,15,12
OI0022501,O012108,P00946,1,22797.5,0,5
OI0022502,O012108,P00430,1,12616.06,25,5
OI0022503,O012109,P00663,4,26704.1,15,5
OI0022504,O012109,P00998,1,28549.97,10,0
OI0022505,O012109,P00102,1,883.87,0,18
OI0022506,O012110,P00437,2,26026.1,0,12
OI0022507,O012111,P00492,1,9091.4,10,18
OI0022508,O012112,P00325,4,5829.7,25,5
OI0022509,O012112,P00599,1,28899.09,20,0
OI0022510,O012113,P00018,3,22370.89,0,12
OI0022511,O012113,P00105,2,15351.51,20,18
OI0022512,O012114,P00204,1,16187.26,15,5
OI0022513,O012114,P00909,1,12111.64,0,0
OI0022514,O012115,P00770,1,23531.15,25,12
OI0022515,O012115,P00162,1,24452.37,20,18
OI0022516,O012116,P00954,2,21397.1,15,12
OI0022518,O012117,P00008,3,25714.57,0,5
OI0022519,O012118,P00294,3,25240.52,20,12
OI0022520,O012119,P00155,1,11464.62,0,12
OI0022522,O012120,P00552,1,20088.94,0,5
OI0022523,O012120,P00004,1,13656.77,0,0
OI0022524,O012121,P00401,1,21344.45,5,18
OI0022525,O012122,P00667,2,20675.47,25,0
OI0022526,O012122,P00803,1,20052.3,20,0
OI0022527,O012123,P00095,1,23243.79,5,12
OI0022528,O012123,P00627,2,22870.62,15,0
OI0022529,O012124,P00682,1,15201.06,20,18
OI0022530,O012124,P00944,1,8978.78,-5,12
OI0022531,O012125,P00750,2,11408.17,25,0
OI0022532,O012125,P00709,1,1956.31,0,18
OI0022533,O012126,P00502,3,15358.67,0,5
OI0022534,O012127,P00208,1,6359.18,0,12
OI0022536,O012128,P00493,1,2754.47,0,0
OI0022537,O012128,P00854,1,13278.1,0,0
OI0022538,O012129,P00095,1,23123.52,5,5
OI0022539,O012130,P00095,2,23267.31,5,12
OI0022540,O012130,P00636,1,7481.73,20,18
OI0022541,O012131,P00533,4,2122.46,0,18
OI0022542,O012131,P00475,1,26289.71,20,12
OI0022543,O012131,P00719,1,23935.57,0,12
OI0022544,O012132,P00103,2,13153.61,0,0
OI0022545,O012133,P00430,1,13397.54,25,5
OI0022546,O012133,P00916,1,2544.2,0,5
OI0022547,O012134,P00209,3,19607.32,0,0
OI0022548,O012134,P00994,2,26329.52,5,12
OI0022550,O012136,P00487,3,4356.25,0,12
OI0022552,O012136,P00386,2,27020.12,25,12
OI0022553,O012137,P00955,2,24961.13,0,12
OI0022554,O012137,P00968,1,6033.24,15,0
OI0022555,O012138,P00508,3,12430.17,20,12
OI0022556,O012138,P00777,1,22195.6,0,5
OI0022558,O012140,P00015,1,30149.63,5,12
OI0022559,O012141,P00080,1,19116.98,0,5
OI0022560,O012141,P00584,1,22102.05,0,12
OI0022561,O012141,P00854,2,13171.32,20,5
OI0022562,O012142,P00127,1,14895.94,0,18
OI0022563,O012142,P00196,1,5525.23,20,18
OI0022564,O012143,P00248,2,19687.24,0,18
OI0022565,O012144,P00085,1,3357.15,10,5
OI0022566,O012144,P00188,2,16276.97,5,5
OI0022567,O012145,P00079,1,17510.82,15,18
OI0022568,O012146,P00027,1,14865.55,0,5
OI0022569,O012146,P00819,4,9763.69,0,0
OI0022571,O012148,P00013,1,4947.64,10,12
OI0022572,O012149,P00050,1,28353.29,15,12
OI0022573,O012149,P00051,1,14736.13,25,0
OI0022574,O012149,P00540,1,5638.34,5,0
OI0022576,O012150,P00694,1,20309.99,10,0
OI0022577,O012150,P00710,2,19152.27,20,0
OI0022578,O012151,P00493,1,2761.03,0,18
OI0022579,O012152,P00395,3,25611.69,0,0
OI0022580,O012152,P00849,2,4326.06,20,18
OI0022581,O012153,P00989,1,18811.23,10,5
OI0022583,O012154,P00538,1,28034.79,25,18
OI0022584,O012155,P00192,1,15203.01,0,18
OI0022585,O012155,P00087,1,4485.79,20,12
OI0022586,O012156,P00623,2,4777.74,25,0
OI0022587,O012157,P00089,1,28475.34,10,5
OI0022588,O012157,P00936,1,28103.86,20,5
OI0022589,O012158,P00324,1,216.84,0,18
OI0022590,O012159,P00820,1,18213.82,0,18
OI0022591,O012159,P00162,1,26188.9,0,18
OI0022592,O012160,P00778,1,18676.29,5,12
OI0022593,O012160,P00841,1,15852.57,0,5
OI0022594,O012161,P00851,3,4693.17,0,18
OI0022595,O012161,P00274,1,1143.99,25,0
OI0022596,O012162,P00351,1,1226.96,0,12
OI0022598,O012163,P00741,2,4431.23,0,0
OI0022599,O012163,P00576,1,15087.83,20,18
OI0022600,O012164,P00883,1,12783.91,0,18
OI0022601,O012164,P00314,1,4575.28,20,18
OI0022602,O012165,P00456,1,3577.73,5,5
OI0022603,O012165,P00431,1,26008.86,5,5
OI0022604,O012166,P00454,1,14155.76,0,12
OI0022605,O012166,P00579,2,16820.73,25,18
OI0022606,O012166,P00992,2,7441.53,0,5
OI0022607,O012167,P00203,2,25489.34,0,18
OI0022608,O012167,P00234,2,26684.35,5,0
OI0022609,O012168,P00367,1,6662.67,0,12
OI0022610,O012168,P00136,1,19569.08,0,12
OI0022611,O012169,P00191,1,14430.36,0,0
OI0022612,O012170,P00400,3,10423.0,5,12
OI0022614,O012171,P00338,2,9151.44,0,0
OI0022616,O012172,P01000,1,23857.63,10,5
OI0022617,O012172,P00653,1,3656.3,20,18
OI0022618,O012173,P00486,2,23982.99,15,18
OI0022619,O012173,P00768,4,26262.84,10,0
OI0022621,O012174,P00748,1,24649.26,25,0
OI0022622,O012175,P00976,2,6911.98,0,18
OI0022623,O012175,P01000,1,24203.34,20,12
OI0022624,O012176,P00112,4,26366.68,15,18
OI0022625,O012176,P00103,2,12637.98,20,0
OI0022627,O012177,P00834,2,22848.62,0,0
OI0022628,O012178,P00005,1,27324.37,0,12
OI0022629,O012178,P00622,1,12940.24,0,0
OI0022630,O012179,P00767,1,20676.23,-5,18
OI0022631,O012179,P00018,1,23832.39,10,18
OI0022632,O012180,P00188,1,16492.67,25,0
OI0022633,O012180,P00210,1,4538.8,0,0
OI0022634,O012180,P00164,3,16095.64,15,0
OI0022635,O012181,P00642,4,24917.11,20,5
OI0022636,O012182,P00183,1,24032.6,0,18
OI0022637,O012182,P00073,1,28970.02,0,18
OI0022638,O012182,P00991,3,5870.37,20,5
OI0022639,O012183,P00412,3,6393.44,0,0
OI0022640,O012184,P00891,4,1935.66,0,18
OI0022641,O012184,P00833,1,26312.76,10,12
OI0022643,O012186,P00021,1,12594.66,25,12
OI0022644,O012186,P00545,1,18882.16,5,12
OI0022645,O012186,P00011,1,12051.89,-5,18
OI0022646,O012187,P00211,3,678.89,5,5
OI0022647,O012187,P00053,2,21624.07,25,5
OI0022648,O012187,P00917,4,1188.3,15,18
OI0022649,O012188,P00110,1,1023.28,15,0
OI0022650,O012188,P00994,1,26592.28,10,18
OI0022651,O012189,P00831,2,7201.3,20,18
OI0022653,O012190,P00968,1,5589.15,0,0
OI0022654,O012191,P00005,2,29055.15,15,5
OI0022655,O012191,P00116,1,25583.3,10,12
OI0022656,O012192,P00722,2,16354.26,15,0
OI0022658,O012192,P00861,1,1665.49,5,18
OI0022659,O012193,P00732,2,18084.65,10,12
OI0022660,O012193,P00067,4,17779.08,5,18
OI0022661,O012194,P00059,4,16221.77,5,18
OI0022662,O012195,P00511,2,19099.3,0,18
OI0022665,O012196,P00400,1,10228.53,25,0
OI0022666,O012196,P00544,1,14186.69,0,12
OI0022667,O012197,P00983,1,2797.63,10,12
OI0022668,O012198,P00395,3,24555.19,10,18
OI0022670,O012199,P00593,3,3445.36,0,12
OI0022671,O012199,P00870,5,8152.21,0,5
OI0022673,O012201,P00575,2,18156.84,-5,18
OI0022674,O012201,P00456,1,3646.15,10,5
OI0022675,O012201,P00867,1,12898.82,0,5
OI0022676,O012202,P00367,1,6644.2,10,5
OI0022677,O012202,P00515,1,22190.72,25,5
OI0022679,O012203,P00983,1,2694.97,0,5
OI0022680,O012203,P00742,2,15010.3,20,18
OI0022681,O012204,P00486,1,23872.05,0,18
OI0022682,O012204,P00282,1,14416.47,0,5
OI0022683,O012205,P00302,1,12060.08,0,5
OI0022684,O012206,P00905,2,26543.6,25,5
OI0022685,O012207,P00837,1,17341.38,0,18
OI0022686,O012207,P00823,1,7773.74,15,12
OI0022687,O012208,P00493,1,2774.1,0,5
OI0022689,O012209,P00231,1,1241.21,0,0
OI0022691,O012210,P00374,1,18323.54,15,5
OI0022692,O012210,P00465,1,10783.63,20,12
OI0022693,O012211,P00881,1,20545.61,10,0
OI0022694,O012211,P00278,1,18999.42,0,5
OI0022695,O012212,P00265,1,1568.29,0,12
OI0022696,O012212,P00820,1,18373.95,25,18
OI0022697,O012212,P00196,1,5068.12,0,18
OI0022698,O012213,P00194,5,29820.53,15,0
OI0022699,O012213,P00090,2,17627.67,20,0
OI0022700,O012214,P00392,1,29082.13,0,18
OI0022702,O012214,P00605,2,6242.37,0,12
OI0022703,O012215,P00802,3,7037.74,10,5
OI0022704,O012216,P00545,1,17940.26,0,5
OI0022706,O012217,P00322,2,27646.2,25,5
OI0022707,O012217,P00448,1,21028.62,10,12
OI0022708,O012218,P00191,3,14517.45,-5,5
OI0022709,O012218,P00028,1,10729.64,5,5
OI0022710,O012219,P00151,2,19000.08,25,18
OI0022711,O012220,P00385,1,21179.83,5,12
OI0022713,O012221,P00731,2,27046.6,10,12
OI0022714,O012221,P00494,3,9550.74,0,12
OI0022715,O012222,P00957,1,18487.58,15,12
OI0022716,O012222,P00793,1,16775.08,20,0
OI0022717,O012223,P00004,1,13758.98,20,0
OI0022718,O012224,P00217,2,17374.79,0,0
OI0022719,O012224,P00617,1,10339.08,0,18
OI0022720,O012225,P00360,1,3202.95,0,18
OI0022721,O012225,P00250,1,20236.54,10,5
OI0022722,O012225,P00161,1,24950.5,25,18
OI0022723,O012226,P00349,1,10420.32,25,5
OI0022724,O012227,P00300,3,5980.58,5,0
OI0022725,O012227,P00046,1,11533.18,5,18
OI0022726,O012227,P00216,3,28826.11,10,18
OI0022727,O012228,P00790,2,26564.19,10,18
OI0022728,O012228,P00367,2,6767.93,0,18
OI0022729,O012229,P00575,3,17399.26,25,5
OI0022730,O012230,P00490,1,24745.98,0,18
OI0022731,O012230,P00588,1,25555.05,0,18
OI0022732,O012231,P00727,1,12002.98,20,5
OI0022733,O012232,P00780,1,21828.68,10,12
OI0022734,O012233,P00404,1,9490.88,0,18
OI0022735,O012234,P00279,1,15264.13,0,5
OI0022736,O012234,P00380,4,26297.24,0,18
OI0022737,O012235,P00889,2,18096.37,25,0
OI0022740,O012238,P00093,2,4577.52,15,12
OI0022742,O012238,P00021,1,13091.22,20,18
OI0022743,O012239,P00696,2,22695.57,0,0
OI0022744,O012239,P00134,1,23689.33,0,12
OI0022745,O012240,P00955,1,25481.88,0,18
OI0022746,O012240,P00939,1,10336.67,0,0
OI0022747,O012241,P00991,1,6142.36,10,0
OI0022748,O012241,P00137,1,27713.93,0,12
OI0022749,O012242,P00759,1,18125.58,20,0
OI0022750,O012242,P00701,2,1477.08,10,5
OI0022751,O012243,P00077,4,3261.39,5,5
OI0022752,O012243,P00044,1,22709.96,25,12
OI0022753,O012243,P00481,2,16396.27,25,18
OI0022754,O012244,P00655,1,23356.88,5,5
OI0022755,O012245,P00157,2,17621.13,-5,12
OI0022756,O012246,P00506,1,10755.96,0,5
OI0022757,O012247,P00581,3,25145.44,25,5
OI0022758,O012247,P00013,1,4886.03,10,0
OI0022759,O012247,P00462,1,16803.81,0,18
OI0022760,O012248,P00540,1,5865.0,0,12
OI0022761,O012248,P00736,2,10020.67,0,12
OI0022762,O012249,P00281,1,20214.45,0,5
OI0022763,O012249,P00915,1,4086.61,15,0
OI0022764,O012250,P00936,2,26250.98,25,12
OI0022765,O012251,P00293,2,8314.6,5,18
OI0022767,O012252,P00077,1,3263.37,5,12
OI0022768,O012252,P00763,4,24789.64,0,18
OI0022769,O012253,P00478,3,24361.32,0,18
OI0022770,O012253,P00605,1,6417.53,0,12
OI0022771,O012253,P00617,1,10273.72,0,0
OI0022772,O012254,P00274,1,1225.12,0,12
OI0022773,O012254,P00151,4,19179.78,-5,0
OI0022774,O012255,P00643,1,12908.14,0,0
OI0022775,O012255,P00694,1,20226.18,5,12
OI0022776,O012256,P00382,2,21922.76,25,12
OI0022777,O012257,P00250,2,19392.12,20,18
OI0022778,O012258,P00237,3,24628.72,10,18
OI0022779,O012258,P00768,1,26632.11,15,5
OI0022780,O012258,P00156,1,28695.24,0,12
OI0022781,O012259,P00183,2,24257.0,10,0
OI0022782,O012260,P00922,2,26381.19,0,5
OI0022783,O012260,P00435,2,28216.41,0,0
OI0022784,O012261,P00917,5,1263.37,5,18
OI0022785,O012262,P00956,1,17992.8,5,0
OI0022786,O012263,P00240,1,14538.23,5,5
OI0022788,O012264,P00636,1,7844.63,25,18
OI0022790,O012265,P00423,1,4394.35,20,12
OI0022791,O012265,P00017,1,10472.9,0,12
OI0022792,O012266,P00199,1,20232.94,0,12
OI0022793,O012266,P00343,2,11656.05,10,0
OI0022794,O012267,P00446,1,16121.46,0,18
OI0022795,O012267,P00427,1,23505.39,25,0
OI0022796,O012268,P00009,2,18993.34,0,0
OI0022797,O012269,P00081,1,12941.47,25,0
OI0022799,O012270,P00997,3,6027.32,5,5
OI0022800,O012271,P00159,3,12976.87,10,12
OI0022801,O012271,P00351,5,1242.47,25,12
OI0022802,O012272,P00870,2,8282.59,10,12
OI0022803,O012272,P00947,1,9265.68,0,18
OI0022804,O012273,P00930,3,9732.81,0,5
OI0022806,O012274,P00677,1,16724.67,20,5
OI0022807,O012274,P00688,4,28046.23,15,18
OI0022808,O012275,P00156,1,30061.94,20,12
OI0022809,O012275,P00744,1,8489.45,0,0
OI0022810,O012275,P00875,1,15164.09,0,0
OI0022811,O012276,P00201,1,28123.8,10,12
OI0022812,O012276,P00902,1,30421.57,0,12
OI0022813,O012276,P00873,5,26968.35,0,0
OI0022814,O012277,P00768,4,26737.68,20,12
OI0022815,O012277,P00884,2,10393.73,0,12
OI0022816,O012278,P00322,1,26408.98,15,5
OI0022817,O012278,P00255,1,11380.23,0,5
OI0022818,O012279,P00869,1,1437.65,20,5
OI0022819,O012279,P00447,1,23378.26,15,18
OI0022820,O012280,P00114,1,11556.19,0,0
OI0022821,O012280,P00488,3,24755.15,0,12
OI0022822,O012281,P00655,1,22958.42,0,18
OI0022823,O012281,P00962,1,18571.1,0,12
OI0022825,O012283,P00430,1,13396.52,10,18
OI0022826,O012284,P00718,2,6590.17,15,5
OI0022827,O012284,P00224,3,11132.72,10,12
OI0022828,O012285,P00984,1,7405.57,25,18
OI0022829,O012285,P00084,2,28889.77,25,5
OI0022830,O012286,P00248,2,18478.78,0,5
OI0022831,O012286,P00124,2,16915.56,0,5
OI0022832,O012287,P00363,1,22165.51,10,0
OI0022833,O012287,P00430,1,12972.09,0,12
OI0022834,O012287,P00070,1,15125.61,5,18
OI0022835,O012288,P00591,1,14140.57,15,12
OI0022836,O012289,P00105,1,16116.42,0,18
OI0022837,O012290,P00122,1,12976.83,10,0
OI0022838,O012290,P00267,1,18684.51,20,18
OI0022839,O012291,P00256,1,24677.46,0,18
OI0022840,O012291,P00211,1,647.94,0,5
OI0022841,O012291,P00367,2,6791.79,25,0
OI0022843,O012292,P00165,1,28187.28,0,0
OI0022844,O012292,P00760,1,8149.93,5,0
OI0022845,O012293,P00221,1,4933.96,15,12
OI0022846,O012293,P00007,3,27812.08,0,0
OI0022847,O012293,P00927,4,24817.41,5,0
OI0022848,O012294,P00394,2,5642.08,25,18
OI0022849,O012294,P00696,3,22918.41,5,12
OI0022850,O012295,P00679,1,29381.85,25,12
OI0022851,O012295,P00741,2,4800.27,20,12
OI0022853,O012297,P00466,3,817.21,0,5
OI0022854,O012297,P00273,1,10069.05,10,5
OI0022855,O012298,P00787,2,17407.25,0,12
OI0022856,O012298,P00756,1,14309.18,0,12
OI0022857,O012299,P00287,4,26712.21,0,12
OI0022858,O012299,P00913,1,1986.96,15,0
OI0022859,O012299,P00519,1,3669.11,5,0
OI0022860,O012300,P00656,4,27458.21,0,18
OI0022861,O012300,P00939,3,10126.91,0,18
OI0022863,O012301,P00229,1,17733.59,0,18
OI0022864,O012302,P00437,2,27288.94,0,18
OI0022865,O012302,P00567,1,29258.79,20,12
OI0022866,O012303,P00210,1,4479.8,5,5
OI0022867,O012303,P00174,2,20024.08,10,5
OI0022868,O012304,P00632,1,22908.46,20,0
OI0022870,O012304,P00758,1,12432.11,0,12
OI0022871,O012305,P00897,2,6749.32,0,5
OI0022872,O012306,P00828,3,8034.72,0,5
OI0022873,O012307,P00834,1,23098.14,10,12
OI0022874,O012307,P00753,1,29938.01,-5,5
OI0022876,O012309,P00969,1,17482.7,15,5
OI0022877,O012309,P00637,1,28510.07,10,0
OI0022879,O012310,P00522,4,17044.79,0,0
OI0022880,O012310,P00931,1,3874.14,0,0
OI0022881,O012311,P00917,1,1277.84,15,5
OI0022882,O012311,P00357,2,12396.05,25,0
OI0022883,O012312,P00203,1,27635.11,10,5
OI0022884,O012312,P00576,1,14543.83,20,5
OI0022885,O012312,P00194,3,29051.23,25,18
OI0022886,O012313,P00088,1,12997.99,15,18
OI0022887,O012313,P00123,1,298.58,25,0
OI0022888,O012314,P00021,1,12643.55,0,5
OI0022889,O012315,P00931,1,4236.69,15,12
OI0022890,O012315,P00577,2,27295.39,25,12
OI0022892,O012316,P00021,1,12713.93,0,12
OI0022893,O012317,P00479,1,22402.72,15,0
OI0022894,O012318,P00996,1,8123.28,5,12
OI0022895,O012318,P00165,2,28194.11,20,12
OI0022896,O012319,P00918,1,26691.66,5,0
OI0022897,O012319,P00889,1,18103.08,0,18
OI0022898,O012320,P00010,1,12897.57,25,5
OI0022899,O012320,P00404,2,10056.52,0,5
OI0022900,O012321,P00786,2,28427.99,10,0
OI0022901,O012322,P00940,1,28757.24,0,18
OI0022902,O012322,P00259,1,24689.26,0,12
OI0022903,O012323,P00561,4,26692.7,0,12
OI0022904,O012324,P00145,1,13200.45,0,18
OI0022905,O012324,P00462,2,16302.64,10,5
OI0022906,O012324,P00666,1,3351.76,15,5
OI0022907,O012325,P00343,1,10781.42,10,12
OI0022908,O012325,P00157,1,18227.72,0,18
OI0022909,O012326,P00210,2,4585.73,25,18
OI0022911,O012326,P00400,1,10299.73,0,18
OI0022914,O012328,P00459,2,24995.94,5,0
OI0022915,O012328,P00214,1,1531.29,5,12
OI0022916,O012328,P00886,3,21506.42,15,5
OI0022917,O012329,P00895,2,19339.08,15,12
OI0022918,O012329,P00705,2,24061.44,0,12
OI0022919,O012330,P00929,3,1964.75,10,12
OI0022920,O012330,P00862,1,26003.41,15,0
OI0022921,O012330,P00578,2,13805.92,5,12
OI0022922,O012331,P00171,2,6109.75,0,0
OI0022923,O012331,P00670,1,21136.41,0,12
OI0022924,O012332,P00284,1,14030.99,20,18
OI0022925,O012332,P00942,2,7537.4,25,12
OI0022927,O012334,P00397,3,10865.31,15,12
OI0022928,O012335,P00646,1,15423.36,15,18
OI0022930,O012336,P00356,1,10593.48,25,12
OI0022931,O012336,P00172,1,24451.77,0,5
OI0022932,O012337,P00323,1,23968.66,15,18
OI0022933,O012338,P00615,2,12202.76,5,18
OI0022935,O012339,P00081,2,13437.73,10,12
OI0022936,O012340,P00418,5,22404.75,0,12
OI0022937,O012340,P00764,4,20473.0,0,12
OI0022938,O012340,P00515,1,22204.71,0,0
OI0022939,O012341,P00537,1,16285.82,10,5
OI0022940,O012341,P00570,1,11869.45,5,18
OI0022941,O012342,P00824,1,25946.64,15,0
OI0022942,O012343,P00015,2,30993.89,0,12
OI0022943,O012343,P00375,1,13095.57,20,5
OI0022944,O012344,P00869,1,1379.04,0,18
OI0022945,O012345,P00060,4,21908.91,0,18
OI0022946,O012345,P00835,1,21114.59,5,5
OI0022947,O012346,P00725,2,27017.85,5,5
OI0022948,O012346,P00856,1,12040.58,25,5
OI0022949,O012346,P00825,1,23912.13,-5,5
OI0022950,O012347,P00698,1,15477.2,15,5
OI0022951,O012347,P00069,1,24856.35,0,0
OI0022952,O012347,P00758,1,13178.55,10,12
OI0022953,O012348,P00529,3,30568.37,5,0
OI0022954,O012349,P00315,2,2087.19,0,18
OI0022955,O012349,P00767,2,20982.45,0,12
OI0022956,O012350,P00782,3,26447.17,20,12
OI0022957,O012350,P00424,1,20331.37,25,0
OI0022958,O012351,P00614,1,11280.89,0,0
OI0022959,O012351,P00039,2,4009.09,20,5
OI0022960,O012352,P00096,2,19683.06,5,12
OI0022961,O012352,P00055,2,26410.25,15,5
OI0022962,O012353,P00225,1,8860.6,15,18
OI0022963,O012353,P00979,2,6572.97,0,5
OI0022965,O012354,P00745,1,11830.94,0,18
OI0022966,O012355,P00699,1,24717.01,15,0
OI0022967,O012355,P00284,1,13695.77,20,12
OI0022968,O012356,P00592,1,3824.03,0,5
OI0022969,O012356,P00363,1,23020.18,20,12
OI0022970,O012357,P00706,1,15377.13,-5,5
OI0022971,O012357,P00203,1,25485.16,15,12
OI0022972,O012357,P00775,1,17591.45,0,0
OI0022973,O012358,P00537,3,15787.12,25,5
OI0022974,O012358,P00763,3,22700.25,15,0
OI0022975,O012359,P00157,1,18612.16,15,12
OI0022976,O012360,P00019,3,17084.86,0,0
OI0022977,O012360,P00314,1,4935.17,0,5
OI0022978,O012361,P00844,3,25669.05,0,12
OI0022979,O012361,P00969,1,17419.36,15,0
OI0022980,O012362,P00694,1,21443.81,10,5
OI0022981,O012362,P00074,1,25842.17,-5,5
OI0022982,O012362,P00946,1,21635.3,0,12
OI0022983,O012363,P00060,1,19954.85,25,18
OI0022984,O012363,P00043,5,8630.16,20,12
OI0022986,O012365,P00216,2,28469.28,25,18
OI0022988,O012367,P00823,2,7484.48,10,0
OI0022989,O012367,P00778,1,18539.12,0,5
OI0022990,O012367,P00654,2,8590.68,0,12
OI0022991,O012368,P00175,2,10855.17,10,18
OI0022992,O012368,P00265,1,1541.4,20,0
OI0022993,O012369,P00449,4,2341.48,0,18
OI0022995,O012371,P00768,1,27226.18,0,0
OI0022996,O012371,P00157,1,18019.46,10,5
OI0022998,O012372,P00599,1,27665.19,0,5
OI0023000,O012374,P00055,1,24766.36,5,5
OI0023001,O012375,P00682,2,14616.85,20,12
OI0023003,O012376,P00869,1,1350.71,15,5
OI0023005,O012377,P00340,3,28338.32,5,0
OI0023006,O012377,P00196,5,5031.89,25,12
OI0023007,O012378,P00810,1,24910.59,0,5
OI0023008,O012378,P00097,4,1357.31,15,18
OI0023009,O012378,P00269,1,18097.42,25,0
OI0023010,O012379,P00475,1,25162.91,5,12
OI0023011,O012380,P00234,1,28551.0,0,18
OI0023012,O012380,P00952,4,8692.56,0,5
OI0023013,O012381,P00690,1,20614.39,20,18
OI0023014,O012381,P00247,2,17009.98,0,18
OI0023015,O012381,P00666,1,3279.63,10,18
OI0023016,O012382,P00132,3,5217.27,20,12
OI0023017,O012382,P00970,3,18742.78,5,5
OI0023018,O012383,P00313,1,5563.9,10,5
OI0023019,O012383,P00747,1,26636.23,5,0
OI0023021,O012385,P00447,1,23562.1,25,18
OI0023022,O012385,P00304,1,22290.95,0,5
OI0023023,O012385,P00527,1,17835.92,15,12
OI0023024,O012386,P00884,1,10246.6,10,12
OI0023025,O012386,P00317,1,30582.73,5,0
OI0023026,O012387,P00507,1,30979.25,0,12
OI0023027,O012388,P00400,2,9922.28,0,5
OI0023028,O012388,P00616,1,7279.3,25,18
OI0023030,O012389,P00832,2,16833.51,25,18
OI0023031,O012390,P00618,2,15307.83,15,18
OI0023032,O012391,P00087,1,4213.44,0,5
OI0023033,O012391,P00942,1,7877.7,0,5
OI0023034,O012392,P00193,2,17275.01,20,0
OI0023035,O012393,P00625,1,26761.33,0,12
OI0023036,O012394,P00098,1,19974.37,0,12
OI0023037,O012394,P00588,3,25231.58,0,12
OI0023038,O012394,P00830,2,5523.96,15,12
OI0023039,O012395,P00610,1,5665.3,0,0
OI0023040,O012396,P00476,1,15502.22,0,5
OI0023042,O012397,P00299,1,26586.38,10,5
OI0023043,O012397,P00820,3,17014.04,20,0
OI0023044,O012398,P00656,5,25799.79,25,18
OI0023045,O012398,P00525,1,1362.52,0,5
OI0023046,O012399,P00598,2,5516.86,0,5
OI0023047,O012399,P00546,2,1181.59,0,0
OI0023048,O012399,P00205,1,17427.35,0,0
OI0023049,O012400,P00824,1,25875.95,20,5
OI0023051,O012401,P00842,1,23267.02,0,18
OI0023054,O012402,P00042,4,28904.0,20,5
OI0023055,O012403,P00417,1,13029.14,20,18
OI0023056,O012403,P00211,4,644.95,10,5
OI0023057,O012403,P00356,1,10734.09,-5,12
OI0023058,O012404,P00370,4,5130.12,10,0
OI0023060,O012405,P00605,1,6320.02,20,12
OI0023061,O012406,P00095,1,22417.55,0,12
OI0023063,O012407,P00178,1,9477.1,0,12
OI0023064,O012407,P00050,2,29329.94,10,5
OI0023065,O012408,P00388,3,15708.57,10,12
OI0023066,O012409,P00100,2,18942.96,15,18
OI0023067,O012409,P00807,1,5366.21,10,0
OI0023068,O012410,P00690,1,21568.97,10,0
OI0023069,O012411,P00976,1,7243.51,20,18
OI0023070,O012411,P00103,1,12674.38,0,5
OI0023071,O012412,P00911,1,10614.24,20,5
OI0023072,O012412,P00988,3,15901.41,25,12
OI0023073,O012413,P00309,1,22249.04,10,12
OI0023074,O012414,P00688,1,27413.67,0,12
OI0023075,O012414,P00727,1,12301.62,15,5
OI0023076,O012414,P00266,2,4769.84,5,12
OI0023077,O012415,P00290,2,30733.59,0,5
OI0023078,O012415,P00195,1,21899.95,10,12
OI0023080,O012416,P00668,2,4901.79,0,5
OI0023081,O012417,P00729,1,23803.03,0,5
OI0023082,O012418,P00627,1,24299.5,20,18
OI0023083,O012418,P00302,1,12190.3,25,0
OI0023084,O012418,P00680,4,6658.51,0,0
OI0023085,O012419,P00316,2,26288.06,0,18
OI0023086,O012420,P00055,2,26078.68,20,5
OI0023087,O012420,P00136,1,20075.53,5,12
OI0023088,O012420,P00754,1,26698.09,10,12
OI0023090,O012421,P00790,2,27318.22,10,5
OI0023091,O012421,P00146,1,8749.43,0,12
OI0023092,O012422,P00914,1,25127.37,25,18
OI0023093,O012422,P00838,4,18677.3,5,18
OI0023095,O012423,P00643,2,13167.3,15,5
OI0023096,O012423,P00722,1,16765.81,0,12
OI0023097,O012424,P00086,2,14940.98,0,5
OI0023098,O012425,P00079,2,16932.43,15,0
OI0023099,O012425,P00626,4,2287.65,0,18
OI0023100,O012426,P00253,1,29998.45,25,5
OI0023101,O012427,P00534,2,3228.45,15,5
OI0023102,O012428,P00608,1,18605.59,10,18
OI0023103,O012428,P00315,1,2068.96,0,0
OI0023104,O012429,P00845,1,6899.97,0,18
OI0023105,O012429,P00449,3,2377.07,25,5
OI0023106,O012429,P00484,2,7261.12,10,5
OI0023107,O012430,P00336,1,16155.71,20,18
OI0023108,O012430,P00304,2,22697.74,25,12
OI0023109,O012431,P00514,1,12033.44,15,5
OI0023110,O012432,P00896,2,17996.72,25,5
OI0023111,O012433,P00096,1,21344.3,0,12
OI0023112,O012433,P00486,3,22387.11,25,0
OI0023113,O012434,P00660,1,1680.45,0,18
OI0023114,O012434,P00835,1,21432.71,15,0
OI0023115,O012434,P00772,1,9144.38,10,18
OI0023116,O012435,P00475,1,26092.3,20,12
OI0023118,O012436,P00910,1,20766.28,10,18
OI0023119,O012436,P00285,1,14311.2,0,12
OI0023120,O012436,P00667,1,21646.84,10,5
OI0023121,O012437,P00440,1,13583.4,25,18
OI0023122,O012437,P00200,1,7695.81,10,12
OI0023123,O012438,P00325,1,5527.42,0,12
OI0023124,O012439,P00535,2,14699.78,15,0
OI0023125,O012440,P00469,1,2855.4,15,5
OI0023126,O012440,P00855,1,15301.11,25,0
OI0023127,O012441,P00225,3,9696.51,15,18
OI0023128,O012442,P00621,1,15364.44,20,0
OI0023129,O012442,P00470,2,959.96,0,18
OI0023130,O012442,P00387,1,320.25,20,0
OI0023131,O012443,P00268,2,19345.28,15,18
OI0023132,O012443,P00926,1,23241.96,0,18
OI0023134,O012445,P00098,2,19272.54,10,5
OI0023135,O012445,P00262,4,8723.25,10,0
OI0023136,O012446,P00165,2,27885.18,0,5
OI0023137,O012446,P00426,2,15904.53,5,18
OI0023138,O012446,P00998,2,27935.27,15,0
OI0023139,O012447,P00092,4,22732.37,0,0
OI0023140,O012447,P00353,2,30218.04,25,5
OI0023141,O012447,P00115,1,28071.73,15,12
OI0023142,O012448,P00677,1,15275.77,25,12
OI0023143,O012448,P00040,1,15227.91,0,0
OI0023144,O012448,P00521,1,24707.72,10,18
OI0023145,O012449,P00451,1,29560.64,10,18
OI0023146,O012449,P00551,1,16192.31,0,5
OI0023147,O012450,P00687,2,21729.76,20,5
OI0023148,O012450,P00127,3,15201.45,25,12
OI0023149,O012451,P00071,3,12214.01,20,5
OI0023150,O012452,P00809,1,7270.9,20,12
OI0023152,O012454,P00952,1,9380.32,15,18
OI0023153,O012454,P00664,1,418.67,0,5
OI0023154,O012455,P00952,1,9265.75,20,5
OI0023156,O012456,P00357,3,12745.48,0,18
OI0023157,O012457,P00452,1,19341.75,0,18
OI0023158,O012457,P00674,2,9707.33,20,12
OI0023159,O012458,P00341,1,23055.56,15,5
OI0023160,O012458,P00723,1,7373.3,15,12
OI0023161,O012459,P00014,1,15992.72,0,12
OI0023164,O012460,P00798,1,9738.54,-5,18
OI0023166,O012461,P00559,1,23393.44,0,18
OI0023167,O012462,P00253,4,30436.58,25,18
OI0023168,O012463,P00009,1,19395.89,0,18
OI0023169,O012464,P00610,3,5687.51,15,5
OI0023170,O012464,P00001,5,9625.04,15,5
OI0023171,O012464,P00386,1,28459.42,20,5
OI0023173,O012465,P00549,2,13467.16,0,0
OI0023174,O012465,P00382,1,21994.21,10,5
OI0023175,O012466,P00276,1,19739.46,0,5
OI0023176,O012466,P00925,2,28877.82,25,18
OI0023177,O012466,P00666,2,3575.17,20,5
OI0023179,O012467,P00986,4,19138.77,5,5
OI0023180,O012468,P00268,1,18387.17,0,12
OI0023181,O012468,P00398,2,1584.78,0,0
OI0023182,O012469,P00303,1,13784.1,20,0
OI0023183,O012469,P00326,3,13177.73,0,0
OI0023184,O012470,P00757,1,5341.42,0,0
OI0023185,O012470,P00607,1,23753.65,25,18
OI0023186,O012470,P00732,1,17965.29,25,0
OI0023187,O012471,P00792,1,6137.8,0,5
OI0023188,O012471,P00397,1,11138.52,15,0
OI0023189,O012472,P00163,1,5199.43,20,12
OI0023190,O012472,P00570,1,11252.78,25,0
OI0023192,O012473,P00015,5,31308.23,25,5
OI0023193,O012473,P00552,5,18939.71,0,5
OI0023195,O012474,P00757,1,5174.57,25,0
OI0023196,O012475,P00930,2,10348.85,10,0
OI0023199,O012478,P00131,1,10906.49,25,18
OI0023200,O012478,P00480,1,18286.33,0,12
OI0023201,O012478,P00718,1,6968.28,10,5
OI0023202,O012479,P00962,1,18435.86,0,0
OI0023203,O012479,P00941,2,21378.31,15,5
OI0023205,O012480,P00858,2,28853.71,0,0
OI0023206,O012480,P00861,1,1684.5,0,5
OI0023207,O012481,P00195,1,21880.36,5,0
OI0023208,O012482,P00915,1,4102.61,5,0
OI0023209,O012482,P00368,1,15004.48,0,18
OI0023210,O012482,P00891,4,2018.44,5,12
OI0023211,O012483,P00957,1,18243.91,0,0
OI0023212,O012483,P00225,1,9633.42,15,5
OI0023213,O012484,P00298,2,6013.1,0,12
OI0023214,O012485,P00680,1,6776.81,15,18
OI0023215,O012485,P00784,2,8177.33,25,0
OI0023216,O012486,P00036,1,19796.2,0,12
OI0023217,O012486,P00929,1,2045.82,0,18
OI0023218,O012486,P00577,2,25781.04,10,0
OI0023219,O012487,P00111,1,12626.33,0,0
OI0023220,O012487,P00741,4,4472.71,0,0
OI0023221,O012488,P00128,2,5678.85,20,18
OI0023222,O012488,P00813,1,9401.32,25,18
OI0023223,O012489,P00266,1,5039.63,0,5
OI0023224,O012489,P00195,2,20311.4,5,18
OI0023225,O012489,P00703,2,9770.09,20,18
OI0023226,O012490,P00083,3,964.18,15,5
OI0023227,O012491,P00925,1,27165.31,15,18
OI0023228,O012491,P00223,2,8180.11,5,5
OI0023229,O012491,P00824,1,24590.02,0,5
OI0023230,O012492,P00018,1,21974.05,10,18
OI0023231,O012493,P00293,2,7891.06,0,18
OI0023232,O012494,P00249,1,21435.78,5,5
OI0023233,O012494,P00105,2,16359.82,10,18
OI0023234,O012495,P00854,4,13838.78,0,5
OI0023235,O012495,P00934,1,24453.81,0,18
OI0023236,O012495,P00676,3,19521.55,0,18
OI0023238,O012496,P00603,1,4856.79,20,12
OI0023239,O012497,P00088,2,12505.92,15,5
OI0023240,O012497,P00561,2,28251.39,0,5
OI0023241,O012497,P00501,1,971.24,5,0
OI0023242,O012498,P00546,1,1150.16,20,18
OI0023243,O012498,P00213,1,13636.06,0,0
OI0023244,O012499,P00752,1,267.02,20,12
OI0023245,O012499,P00522,5,18499.78,0,18
OI0023246,O012499,P00533,1,2096.75,15,0
OI0023247,O012500,P00236,1,11292.01,0,12
OI0023249,O012501,P00872,2,5048.29,0,0
OI0023250,O012501,P00649,1,10096.78,10,0
OI0023251,O012501,P00602,2,27590.16,0,0
OI0023252,O012502,P00709,1,1917.47,0,18
OI0023253,O012503,P00641,1,1219.8,0,5
OI0023255,O012504,P00674,1,9821.93,10,18
OI0023256,O012504,P00268,1,19095.43,0,0
OI0023257,O012505,P00572,2,7661.13,15,5
OI0023258,O012505,P00757,1,4976.56,20,18
OI0023259,O012506,P00010,2,12365.33,25,18
OI0023261,O012507,P00930,2,9668.71,10,0
OI0023262,O012508,P00577,1,26978.96,0,0
OI0023263,O012508,P00501,1,1053.62,15,0
OI0023264,O012508,P00835,4,21409.77,25,5
OI0023265,O012509,P00407,2,12489.94,0,12
OI0023267,O012510,P00974,1,8302.74,0,0
OI0023268,O012511,P00637,1,29052.87,10,12
OI0023270,O012511,P00120,2,16171.7,0,12
OI0023271,O012512,P00272,1,24131.87,15,12
OI0023272,O012512,P00433,1,658.43,5,0
OI0023273,O012513,P00249,2,21865.18,25,18
OI0023274,O012513,P00461,4,14881.88,25,0
OI0023275,O012513,P00235,1,9613.69,20,0
OI0023278,O012515,P00596,1,26235.04,0,5
OI0023279,O012515,P00487,1,4113.91,10,5
OI0023281,O012516,P00498,1,30673.02,5,12
OI0023282,O012516,P00207,1,4718.49,0,0
OI0023283,O012517,P00562,1,12916.04,15,18
OI0023284,O012517,P00144,1,7894.72,0,0
OI0023285,O012518,P00024,2,12192.61,20,12
OI0023286,O012518,P00171,2,6463.6,15,5
OI0023287,O012519,P00952,1,9096.48,0,5
OI0023288,O012519,P00031,1,9454.85,15,12
OI0023289,O012520,P00228,1,11405.62,10,12
OI0023291,O012521,P00452,1,19631.77,10,12
OI0023293,O012522,P00924,1,10494.71,15,18
OI0023294,O012523,P00613,1,10431.53,0,12
OI0023295,O012524,P00161,1,23705.61,15,5
OI0023296,O012525,P00248,2,18681.47,0,18
OI0023297,O012525,P00168,1,16347.94,5,12
OI0023298,O012526,P00396,1,4253.64,25,5
OI0023299,O012526,P00876,3,8272.76,5,5
OI0023300,O012526,P00136,1,19675.2,5,12
OI0023301,O012527,P00946,1,22206.35,15,12
OI0023302,O012527,P00126,2,11344.62,20,18
OI0023303,O012528,P00355,1,23791.71,10,5
OI0023304,O012528,P00655,1,22810.84,0,5
OI0023305,O012528,P00390,2,25843.59,20,0
OI0023306,O012529,P00472,3,4693.45,20,5
OI0023307,O012530,P00198,2,24700.55,0,0
OI0023308,O012530,P00235,2,9935.71,5,18
OI0023309,O012530,P00637,2,30966.17,-5,0
OI0023310,O012531,P00847,1,20336.34,0,12
OI0023311,O012531,P00995,2,13284.7,25,18
OI0023312,O012532,P00777,2,22202.13,25,18
OI0023314,O012533,P00260,1,8424.62,5,18
OI0023315,O012534,P00969,1,17261.5,0,12
OI0023316,O012534,P00268,1,19614.62,15,18
OI0023317,O012535,P00433,1,699.93,0,0
OI0023318,O012535,P00241,1,4425.84,0,5
OI0023319,O012536,P00091,1,14457.65,25,18
OI0023320,O012537,P00454,1,13341.99,5,0
OI0023324,O012539,P00663,1,24802.1,25,5
OI0023325,O012540,P00206,1,15252.65,0,18
OI0023327,O012541,P00773,2,11897.66,25,0
OI0023328,O012542,P00687,1,22624.19,0,12
OI0023330,O012543,P00085,1,3389.97,25,5
OI0023331,O012544,P00312,1,25062.21,0,5
OI0023332,O012545,P00914,4,25196.56,0,5
OI0023333,O012545,P00819,1,9143.62,15,12
OI0023335,O012546,P00720,1,9846.01,20,18
OI0023336,O012546,P00702,3,926.77,20,5
OI0023337,O012547,P00598,1,5845.1,25,5
OI0023338,O012548,P00627,2,22468.82,0,12
OI0023339,O012549,P00222,1,1895.44,0,18
OI0023340,O012549,P00231,1,1212.57,0,5
OI0023341,O012550,P00280,1,9475.63,0,12
OI0023342,O012550,P00061,1,18106.0,10,0
OI0023343,O012551,P00574,1,12802.25,0,0
OI0023344,O012551,P00300,1,6469.69,5,0
OI0023345,O012552,P00971,1,7215.7,5,5
OI0023346,O012553,P00048,1,4309.31,10,0
OI0023347,O012553,P00630,3,16019.66,0,0
OI0023348,O012553,P00665,3,29471.43,25,0
OI0023349,O012554,P00883,2,13289.21,0,18
OI0023350,O012555,P00191,1,14311.52,5,0
OI0023351,O012555,P00939,3,9979.7,0,12
OI0023352,O012556,P00674,1,9667.41,10,5
OI0023353,O012557,P00462,1,17147.41,0,18
OI0023354,O012557,P00906,2,1858.63,25,5
OI0023355,O012558,P00440,1,13496.7,10,5
OI0023357,O012559,P00104,1,12921.77,0,18
OI0023358,O012560,P00537,2,15633.87,0,0
OI0023359,O012560,P00818,4,24476.39,25,18
OI0023360,O012560,P00819,2,9203.41,15,5
OI0023361,O012561,P00391,1,23828.66,0,12
OI0023362,O012562,P00622,1,12682.31,5,5
OI0023363,O012562,P00516,4,15640.41,15,18
OI0023364,O012563,P00794,2,4993.95,0,0
OI0023365,O012563,P00280,2,8891.15,0,5
OI0023367,O012564,P00095,1,23583.5,15,0
OI0023368,O012565,P00635,1,11672.74,5,0
OI0023369,O012565,P00553,1,17358.22,0,5
OI0023370,O012565,P00018,1,23161.45,25,12
OI0023372,O012566,P00955,1,23816.36,25,0
OI0023373,O012566,P00945,1,11881.55,20,18
OI0023374,O012567,P00562,3,12530.48,15,5
OI0023375,O012568,P00779,1,2296.11,25,5
OI0023376,O012568,P00096,1,21438.42,0,0
OI0023377,O012569,P00031,1,9352.67,20,12
OI0023378,O012569,P00015,1,31321.64,-5,0
OI0023379,O012570,P00663,2,26602.61,0,18
OI0023380,O012570,P00470,1,984.25,20,5
OI0023381,O012570,P00487,4,4018.85,5,12
OI0023382,O012571,P00737,2,23155.0,0,0
OI0023383,O012572,P00015,1,30305.61,0,0
OI0023384,O012572,P00742,2,15518.49,0,0
OI0023388,O012573,P00681,1,30553.83,0,18
OI0023390,O012574,P00297,1,1222.85,0,5
OI0023391,O012575,P00374,2,17907.5,5,12
OI0023392,O012575,P00771,2,17427.17,25,12
OI0023393,O012575,P00412,1,6288.95,0,0
OI0023395,O012576,P00924,2,10784.14,0,12
OI0023396,O012576,P00772,3,9159.43,25,0
OI0023397,O012577,P00761,2,10210.84,0,18
OI0023398,O012578,P00268,3,18313.03,5,0
OI0023400,O012578,P00670,1,20782.26,0,0
OI0023401,O012579,P00120,1,15607.19,15,18
OI0023402,O012579,P00368,3,14955.22,15,0
OI0023403,O012580,P00254,2,29860.71,0,5
OI0023404,O012581,P00761,1,9736.83,0,12
OI0023406,O012582,P00266,4,5197.46,20,5
OI0023407,O012582,P00530,2,29413.3,25,18
OI0023408,O012582,P00009,1,19584.07,0,12
OI0023409,O012583,P00117,1,25675.28,5,5
OI0023410,O012583,P00941,2,20532.89,25,12
OI0023413,O012585,P00318,2,21981.71,15,5
OI0023415,O012586,P00372,1,20325.82,15,0
OI0023416,O012587,P00866,1,28503.98,0,5
OI0023417,O012587,P00586,1,11934.46,20,12
OI0023418,O012588,P00201,1,27851.43,25,12
OI0023419,O012588,P00312,1,25890.56,25,18
OI0023421,O012590,P00827,1,8670.2,25,18
OI0023422,O012590,P00276,1,20087.51,0,18
OI0023423,O012591,P00653,1,3598.43,10,12
OI0023424,O012591,P00043,1,8711.01,0,0
OI0023425,O012592,P00896,1,18387.89,0,0
OI0023427,O012594,P00610,2,5598.79,0,0
OI0023428,O012594,P00794,3,5250.44,0,0
OI0023429,O012595,P00599,1,27545.57,5,18
OI0023431,O012595,P00453,1,425.2,5,12
OI0023432,O012596,P00503,3,23159.91,25,12
OI0023433,O012596,P00601,1,19524.23,5,5
OI0023434,O012596,P00247,1,18375.68,25,0
OI0023435,O012597,P00503,2,22142.49,15,5
OI0023436,O012598,P00479,1,22885.43,0,0
OI0023437,O012599,P00409,4,13433.97,15,5
OI0023438,O012599,P00231,2,1185.92,5,0
OI0023439,O012599,P00526,1,3511.06,10,0
OI0023440,O012600,P00357,2,12152.89,0,0
OI0023441,O012600,P00635,4,11834.46,0,5
OI0023442,O012601,P00220,2,4959.74,0,0
OI0023443,O012601,P00508,5,12206.5,10,18
OI0023444,O012601,P00459,4,24202.58,25,18
OI0023445,O012602,P00751,1,9247.71,15,18
OI0023446,O012602,P00872,2,5056.06,15,5
OI0023448,O012603,P00771,4,17803.09,10,0
OI0023449,O012604,P00091,1,14241.96,15,12
OI0023450,O012604,P00579,2,17822.52,10,5
OI0023451,O012605,P00071,1,12786.39,25,5
OI0023452,O012605,P00963,3,4057.02,0,0
OI0023453,O012606,P00323,1,22743.0,10,18
OI0023454,O012606,P00625,1,25690.58,5,5
OI0023455,O012607,P00963,1,3735.09,0,5
OI0023456,O012607,P00609,2,9731.99,0,12
OI0023457,O012608,P00637,1,29874.15,0,5
OI0023458,O012608,P00687,2,23227.4,0,5
OI0023460,O012609,P00054,2,14704.02,0,12
OI0023462,O012611,P00807,2,5744.85,25,0
OI0023463,O012612,P00818,1,25627.09,25,0
OI0023465,O012612,P00233,1,4397.74,25,0
OI0023466,O012613,P00686,1,23636.25,0,0
OI0023467,O012613,P00746,2,4104.98,5,12
OI0023468,O012613,P00511,1,19083.77,20,5
OI0023469,O012614,P00913,4,1971.61,15,18
OI0023470,O012615,P00306,2,18781.89,20,18
OI0023471,O012615,P00482,1,28674.93,10,5
OI0023472,O012615,P00413,1,3269.39,0,18
OI0023473,O012616,P00988,2,16358.49,5,5
OI0023474,O012616,P00959,1,12927.1,20,0
OI0023475,O012617,P00571,2,9146.43,25,12
OI0023476,O012618,P00930,1,10382.04,25,5
OI0023477,O012619,P00658,1,10039.13,20,0
OI0023478,O012620,P00281,2,19789.1,5,0
OI0023479,O012620,P00452,3,18863.81,0,5
OI0023480,O012621,P00972,2,20232.21,25,0
OI0023481,O012621,P00484,1,7360.26,15,5
OI0023482,O012621,P00594,1,14931.39,25,0
OI0023485,O012623,P00321,1,2124.6,0,18
OI0023488,O012624,P00952,2,9026.88,20,0
OI0023489,O012625,P00055,1,24907.45,10,5
OI0023490,O012625,P00960,1,22883.3,15,5
OI0023491,O012626,P00996,1,8413.54,0,18
OI0023492,O012627,P00655,1,21417.0,0,18
OI0023493,O012627,P00983,1,2838.19,10,0
OI0023494,O012628,P00821,1,19177.77,5,18
OI0023495,O012629,P00559,2,21775.95,0,18
OI0023496,O012630,P00625,2,24931.67,5,12
OI0023498,O012631,P00813,1,9207.44,0,0
OI0023499,O012631,P00469,2,2993.27,15,18
OI0023501,O012632,P00477,2,23465.26,15,12
OI0023503,O012633,P00987,1,25513.31,20,18
OI0023504,O012633,P00680,1,6737.97,0,5
OI0023505,O012634,P00560,1,15872.75,10,5
OI0023506,O012634,P00699,1,24818.87,0,5
OI0023507,O012635,P00666,2,3376.23,5,18
OI0023508,O012635,P00435,1,29329.09,15,0
OI0023513,O012638,P00080,4,18795.0,10,5
OI0023514,O012638,P00703,1,9599.16,0,0
OI0023515,O012638,P00510,1,4564.95,0,5
OI0023516,O012639,P00459,2,23599.55,0,12
OI0023517,O012640,P00443,1,23799.67,-5,18
OI0023518,O012640,P00071,2,13346.15,0,5
OI0023519,O012641,P00486,3,22872.64,0,5
OI0023520,O012642,P00114,2,11053.77,0,12
OI0023521,O012643,P00596,1,25410.8,0,18
OI0023522,O012644,P00489,1,10785.61,0,0
OI0023527,O012648,P00706,2,15211.58,20,18
OI0023528,O012648,P00780,3,22837.56,0,18
OI0023529,O012649,P00124,1,15831.96,0,18
OI0023530,O012649,P00473,4,13246.3,15,12
OI0023531,O012650,P00315,1,2140.0,20,12
OI0023532,O012651,P00457,1,631.73,10,12
OI0023533,O012651,P00606,5,26947.99,0,5
OI0023534,O012652,P00296,2,20524.41,25,0
OI0023535,O012653,P00212,1,14897.64,25,18
OI0023536,O012653,P00039,1,3918.75,20,18
OI0023537,O012654,P00755,1,15295.16,10,5
OI0023538,O012655,P00931,1,3920.95,5,5
OI0023539,O012655,P00656,1,26266.75,0,5
OI0023540,O012655,P00230,3,25295.35,0,5
OI0023541,O012656,P00668,1,4836.85,25,0
OI0023542,O012656,P00634,2,9047.47,25,12
OI0023543,O012657,P00824,4,25561.74,10,0
OI0023544,O012657,P00267,2,18482.67,0,12
OI0023545,O012658,P00749,3,1479.63,0,12
OI0023546,O012659,P00346,1,7829.72,0,0
OI0023547,O012659,P00865,1,23126.21,5,18
OI0023548,O012660,P00903,1,7479.55,0,18
OI0023550,O012661,P00451,5,28250.09,5,0
OI0023551,O012662,P00170,2,19621.2,0,0
OI0023552,O012662,P00881,1,20478.64,10,0
OI0023553,O012662,P00343,1,10701.3,15,0
OI0023554,O012663,P00582,2,14420.6,25,18
OI0023555,O012663,P00939,2,10561.11,25,18
OI0023556,O012664,P00908,2,9379.5,20,12
OI0023557,O012665,P00136,5,19206.64,5,0
OI0023558,O012666,P00660,3,1764.2,5,0
OI0023559,O012666,P00501,1,974.16,10,12
OI0023561,O012667,P00086,1,15849.11,20,18
OI0023562,O012667,P00418,2,22641.4,15,12
OI0023563,O012668,P00763,1,24072.55,5,18
OI0023564,O012668,P00243,1,14628.27,15,5
OI0023565,O012669,P00712,2,27778.68,20,0
OI0023566,O012670,P00300,1,6545.96,10,5
OI0023567,O012670,P00516,4,14399.25,0,0
OI0023568,O012671,P00285,1,14953.25,0,5
OI0023569,O012672,P00921,3,14828.38,20,12
OI0023570,O012672,P00718,4,6811.44,5,12
OI0023572,O012673,P00835,1,20271.83,0,18
OI0023573,O012674,P00595,2,22544.76,0,0
OI0023574,O012675,P00152,1,5865.43,0,12
OI0023576,O012676,P00762,4,20550.34,10,0
OI0023578,O012677,P00698,2,15923.7,10,5
OI0023579,O012678,P00945,1,11575.8,15,0
OI0023580,O012678,P00433,1,662.57,5,18
OI0023581,O012678,P00649,2,10665.28,15,12
OI0023582,O012679,P00581,1,26520.96,25,12
OI0023583,O012679,P00477,1,21395.03,25,0
OI0023584,O012679,P00359,1,26285.84,25,12
OI0023585,O012680,P00533,1,2163.58,10,5
OI0023586,O012681,P00084,1,27702.58,5,12
OI0023587,O012682,P00239,2,28932.13,0,12
OI0023588,O012682,P00175,2,10724.78,0,0
OI0023589,O012683,P00128,2,5696.61,15,18
OI0023590,O012683,P00582,1,14420.7,0,0
OI0023591,O012684,P00854,1,12571.02,5,5
OI0023592,O012684,P00932,1,9604.68,0,0
OI0023593,O012685,P00782,3,27899.55,20,5
OI0023594,O012685,P00526,4,3658.82,15,5
OI0023595,O012686,P00204,1,16452.21,0,0
OI0023596,O012687,P00117,1,26310.12,10,12
OI0023597,O012687,P00612,1,8326.32,20,5
OI0023598,O012688,P00325,1,5784.66,10,12
OI0023599,O012688,P00808,1,19582.87,0,0
OI0023601,O012689,P00225,1,9355.64,20,5
OI0023602,O012690,P00462,3,17072.36,25,12
OI0023603,O012690,P00975,1,8422.01,0,12
OI0023604,O012691,P00057,1,11801.23,0,18
OI0023605,O012691,P00820,2,17677.81,5,18
OI0023607,O012692,P00361,1,30049.13,0,12
OI0023608,O012693,P00295,2,4969.65,25,0
OI0023609,O012694,P00605,1,6057.38,20,18
OI0023610,O012694,P00530,1,28061.17,0,18
OI0023611,O012695,P00061,1,18311.5,0,5
OI0023612,O012695,P00545,1,18673.42,0,12
OI0023613,O012696,P00530,2,27969.48,0,0
OI0023614,O012696,P00599,2,28046.38,25,12
OI0023615,O012696,P00372,1,19395.04,0,18
OI0023616,O012697,P00829,1,12039.55,0,18
OI0023618,O012698,P00684,4,20908.09,5,18
OI0023619,O012698,P00575,2,17388.07,5,18
OI0023620,O012699,P00387,1,333.15,5,12
OI0023621,O012699,P00957,2,18240.74,10,12
OI0023622,O012699,P00552,2,18420.76,0,12
OI0023623,O012700,P00683,1,14070.47,0,18
OI0023624,O012700,P00295,2,5145.59,0,18
OI0023629,O012702,P00913,2,1939.4,0,18
OI0023631,O012704,P00866,2,27609.16,0,5
OI0023632,O012704,P00258,2,15842.06,10,5
OI0023633,O012705,P00070,2,14882.12,20,12
OI0023634,O012705,P00800,2,20531.52,0,12
OI0023635,O012706,P00094,1,9938.46,0,18
OI0023637,O012708,P00859,1,29382.07,20,0
OI0023638,O012708,P00815,1,24228.95,25,12
OI0023639,O012708,P00116,1,25755.66,20,0
OI0023640,O012709,P00372,2,21113.47,5,5
OI0023641,O012710,P00563,4,23401.93,15,12
OI0023642,O012711,P00610,4,5910.41,10,5
OI0023643,O012711,P00302,1,12717.43,-5,0
OI0023644,O012712,P00641,1,1202.3,0,18
OI0023645,O012713,P00848,3,219.91,20,5
OI0023646,O012713,P00426,2,15869.27,0,18
OI0023647,O012714,P00558,3,12272.22,5,12
OI0023648,O012714,P00484,1,7349.16,10,0
OI0023649,O012714,P00917,1,1222.65,0,0
OI0023650,O012715,P00565,1,1059.58,0,5
OI0023652,O012716,P00397,3,11246.95,25,12
OI0023653,O012717,P00762,4,21282.28,25,0
OI0023654,O012717,P00799,2,26171.39,10,12
OI0023656,O012719,P00128,4,6156.42,0,12
OI0023657,O012720,P00708,1,3352.29,20,0
OI0023658,O012721,P00280,1,8971.79,0,12
OI0023659,O012722,P00123,2,280.55,25,0
OI0023660,O012722,P00378,1,28284.85,15,12
OI0023661,O012723,P00289,1,8156.76,0,18
OI0023662,O012724,P00874,2,7654.6,0,18
OI0023663,O012724,P00643,2,13882.51,25,0
OI0023664,O012725,P00816,1,840.72,20,0
OI0023666,O012726,P00606,1,28211.37,0,18
OI0023668,O012727,P00846,3,20644.63,15,5
OI0023670,O012727,P00692,2,15419.43,0,18
OI0023671,O012728,P00850,1,21090.41,0,5
OI0023672,O012728,P00660,2,1687.56,0,18
OI0023673,O012729,P00430,1,13121.16,0,5
OI0023674,O012730,P00386,1,27853.98,25,0
OI0023675,O012731,P00276,1,19233.89,20,18
OI0023676,O012731,P00364,1,20784.1,25,5
OI0023677,O012732,P00109,1,12741.7,5,0
OI0023678,O012732,P00916,1,2454.91,10,12
OI0023680,O012733,P00864,1,12973.51,25,5
OI0023681,O012734,P00911,1,11009.86,25,0
OI0023682,O012735,P00873,1,25572.65,25,18
OI0023683,O012735,P00314,1,4546.84,15,12
OI0023684,O012735,P00879,1,3531.69,0,0
OI0023685,O012736,P00370,2,5267.17,10,5
OI0023686,O012736,P00807,1,5556.77,0,5
OI0023687,O012737,P00357,1,12648.59,25,12
OI0023688,O012737,P00824,2,26409.04,0,12
OI0023689,O012738,P00748,1,23016.68,20,18
OI0023690,O012738,P00865,1,23224.81,20,12
OI0023691,O012739,P00928,2,29478.51,10,0
OI0023692,O012740,P00161,1,24583.67,10,0
OI0023693,O012741,P00197,1,29372.93,0,12
OI0023694,O012741,P00047,1,26472.58,25,12
OI0023695,O012741,P00347,4,27739.28,0,18
OI0023696,O012742,P00591,1,14034.37,5,5
OI0023698,O012742,P00428,1,18522.79,15,12
OI0023699,O012743,P00353,1,29977.43,15,0
OI0023700,O012743,P00471,2,12340.58,10,5
OI0023701,O012743,P00738,3,25002.13,5,18
OI0023702,O012744,P00298,2,6330.91,25,12
OI0023703,O012744,P00174,1,20596.9,-5,0
OI0023704,O012744,P00329,2,904.13,20,5
OI0023705,O012745,P00848,1,210.2,15,0
OI0023706,O012745,P00742,1,14268.36,0,0
OI0023707,O012745,P00210,1,4192.16,5,18
OI0023708,O012746,P00404,1,9428.43,5,5
OI0023709,O012746,P00291,2,16649.77,0,0
OI0023710,O012747,P00842,1,23268.55,5,5
OI0023712,O012747,P00616,1,7443.65,20,18
OI0023713,O012748,P00101,1,16080.88,5,5
OI0023714,O012748,P00922,3,25184.82,0,0
OI0023716,O012749,P00553,1,16337.23,15,18
OI0023717,O012750,P00811,1,11339.55,10,18
OI0023718,O012750,P00092,1,20778.32,0,5
OI0023719,O012751,P00345,1,6167.83,0,0
OI0023720,O012751,P00737,1,23059.2,0,12
OI0023721,O012752,P00581,1,25142.21,0,0
OI0023722,O012752,P00523,1,20685.73,0,18
OI0023723,O012753,P00939,4,10413.64,0,0
OI0023725,O012754,P00304,2,22210.47,20,0
OI0023726,O012754,P00191,2,13962.72,0,5
OI0023727,O012755,P00617,1,10254.88,25,18
OI0023728,O012756,P00880,3,16337.18,20,18
OI0023729,O012757,P00426,5,16255.27,-5,12
OI0023730,O012758,P00657,2,26590.37,15,18
OI0023731,O012759,P00289,1,8240.96,0,0
OI0023732,O012759,P00406,1,26859.66,15,5
OI0023733,O012760,P00960,1,23586.46,10,12
OI0023734,O012760,P00454,1,13894.78,20,12
OI0023735,O012761,P00432,1,3741.72,0,0
OI0023737,O012762,P00987,2,25449.07,0,18
OI0023738,O012763,P00609,3,9492.66,20,12
OI0023739,O012763,P00919,3,20236.46,0,5
OI0023740,O012764,P00316,2,24135.92,0,18
OI0023741,O012764,P00710,5,19984.41,0,5
OI0023742,O012765,P00446,1,16494.45,10,0
OI0023743,O012765,P00771,2,19009.99,10,18
OI0023744,O012766,P00744,1,8324.91,-5,5
OI0023745,O012766,P00404,2,9493.04,25,5
OI0023746,O012766,P00862,1,25399.82,0,5
OI0023747,O012767,P00621,4,15784.01,15,5
OI0023748,O012768,P00365,1,12866.97,5,0
OI0023749,O012768,P00925,2,27110.04,5,12
OI0023750,O012769,P00749,1,1443.67,5,12
OI0023751,O012769,P00412,1,6095.22,0,12
OI0023752,O012770,P00407,1,11847.7,10,12
OI0023754,O012771,P00390,1,24905.18,20,18
OI0023755,O012772,P00263,3,22969.15,0,5
OI0023756,O012772,P00440,1,13267.77,20,12
OI0023757,O012772,P00530,1,28174.94,0,5
OI0023758,O012773,P00335,2,23248.52,10,18
OI0023759,O012774,P00953,1,492.44,25,12
OI0023760,O012774,P00289,1,8531.82,0,12
OI0023761,O012774,P00915,1,4297.7,0,12
OI0023762,O012775,P00460,1,29267.99,20,12
OI0023763,O012776,P00005,2,27902.0,5,12
OI0023764,O012776,P00192,1,15154.25,20,0
OI0023765,O012777,P00236,1,11030.45,0,12
OI0023766,O012778,P00052,4,13641.52,0,18
OI0023767,O012778,P00226,1,24334.36,0,0
OI0023768,O012779,P00645,2,25170.86,0,12
OI0023769,O012779,P00106,5,8860.41,10,12
OI0023771,O012780,P00119,1,18248.12,0,0
OI0023772,O012780,P00347,4,26572.73,25,5
OI0023774,O012781,P00346,1,7402.05,0,0
OI0023775,O012782,P00846,3,20879.38,0,0
OI0023776,O012782,P00132,1,4958.42,25,12
OI0023778,O012783,P00137,1,28862.23,25,12
OI0023779,O012783,P00829,1,12303.96,15,12
OI0023780,O012784,P00070,2,14612.78,5,12
OI0023781,O012784,P00939,1,10353.55,10,12
OI0023782,O012785,P00710,2,18754.34,25,18
OI0023783,O012786,P00237,1,24407.06,20,18
OI0023784,O012786,P00052,2,13542.03,25,18
OI0023785,O012787,P00320,1,2266.18,20,12
OI0023787,O012788,P00389,1,4891.44,25,18
OI0023788,O012789,P00338,1,9744.64,0,12
OI0023790,O012789,P00450,1,29945.87,0,0
OI0023791,O012790,P00524,1,13432.73,25,5
OI0023792,O012790,P00602,3,28036.72,5,12
OI0023795,O012793,P00584,1,21822.37,10,12
OI0023796,O012793,P00848,2,228.96,0,0
OI0023797,O012794,P00596,4,25900.46,10,18
OI0023798,O012794,P00893,1,6120.0,10,12
OI0023799,O012794,P00029,1,15953.6,0,5
OI0023800,O012795,P00432,2,3804.02,20,18
OI0023801,O012795,P00521,3,24204.81,20,18
OI0023802,O012796,P00588,1,24301.08,5,5
OI0023805,O012798,P00670,4,20768.23,5,12
OI0023807,O012799,P00018,1,23203.15,15,18
OI0023809,O012800,P00747,1,27248.77,15,5
OI0023810,O012801,P00626,1,2292.57,10,0
OI0023811,O012801,P00543,1,6755.23,15,18
OI0023812,O012802,P00693,1,2372.36,25,5
OI0023813,O012802,P00638,1,22695.3,20,12
OI0023814,O012803,P00077,1,3412.52,0,0
OI0023815,O012803,P00129,1,8405.69,0,12
OI0023816,O012804,P00800,1,20786.13,0,0
OI0023817,O012804,P00333,1,8935.22,15,0
OI0023818,O012804,P00091,1,14449.84,0,18
OI0023819,O012805,P00917,2,1262.97,15,0
OI0023820,O012806,P00675,2,9407.27,0,18
OI0023821,O012807,P00840,5,16563.43,5,12
OI0023823,O012809,P00679,1,28789.19,25,18
OI0023824,O012810,P00036,1,20126.95,25,5
OI0023825,O012811,P00884,1,10474.16,0,12
OI0023826,O012811,P00790,1,25777.82,0,5
OI0023827,O012812,P00530,2,27727.35,0,12
OI0023828,O012812,P00006,1,8566.59,15,0
OI0023829,O012813,P00997,4,6265.76,10,12
OI0023830,O012814,P00958,1,24660.67,0,12
OI0023831,O012815,P01000,2,24923.94,0,0
OI0023832,O012815,P00074,1,26210.72,0,5
OI0023833,O012815,P00460,1,27847.53,25,12
OI0023835,O012816,P00175,4,10848.92,15,12
OI0023836,O012817,P00818,4,24908.55,0,18
OI0023837,O012818,P00791,1,1394.24,10,5
OI0023838,O012818,P00530,1,27234.74,0,0
OI0023839,O012819,P00019,2,17718.75,20,12
OI0023840,O012819,P00066,2,5677.44,0,5
OI0023841,O012820,P00884,1,9884.39,20,12
OI0023842,O012820,P00826,1,10284.02,20,0
OI0023843,O012820,P00636,1,7727.18,0,5
OI0023844,O012821,P00913,2,2016.78,0,5
OI0023846,O012822,P00816,1,793.55,0,0
OI0023847,O012823,P00258,1,15500.97,0,18
OI0023848,O012824,P00418,1,22384.43,0,5
OI0023849,O012824,P00235,3,9685.48,0,5
OI0023850,O012825,P00396,1,4244.39,0,12
OI0023851,O012825,P00571,1,9113.08,15,12
OI0023852,O012826,P00074,2,24463.86,0,12
OI0023853,O012827,P00876,2,8785.41,5,18
OI0023854,O012828,P00459,1,25408.38,0,0
OI0023855,O012828,P00803,3,21173.32,10,12
OI0023856,O012828,P00086,1,15838.44,0,0
OI0023857,O012829,P00682,2,15364.2,0,0
OI0023858,O012829,P00662,1,7951.03,20,0
OI0023859,O012829,P00025,1,2972.95,0,12
OI0023860,O012830,P00336,1,16263.55,25,5
OI0023861,O012830,P00188,2,16534.95,20,0
OI0023862,O012830,P00775,1,18694.6,0,12
OI0023863,O012831,P00972,2,20054.05,0,5
OI0023865,O012832,P00448,2,20956.87,0,0
OI0023866,O012833,P00880,1,16403.8,0,0
OI0023867,O012833,P00807,4,5338.96,25,0
OI0023868,O012834,P00457,4,658.08,0,18
OI0023869,O012834,P00540,1,5705.05,0,0
OI0023870,O012835,P00801,1,2269.28,5,18
OI0023873,O012837,P00751,2,9226.96,5,5
OI0023876,O012838,P00999,3,10171.96,5,12
OI0023877,O012839,P00759,1,18778.71,10,18
OI0023878,O012839,P00354,3,18598.73,0,18
OI0023879,O012839,P00563,1,23917.67,0,0
OI0023880,O012840,P00800,1,19960.67,0,12
OI0023881,O012840,P00454,2,13620.59,0,5
OI0023882,O012840,P00605,1,6255.1,0,0
OI0023883,O012841,P00855,1,15040.63,25,5
OI0023884,O012842,P00282,2,15188.81,0,0
OI0023885,O012842,P00187,1,10275.46,25,5
OI0023886,O012843,P00018,3,22452.46,15,0
OI0023887,O012843,P00090,1,18641.08,15,0
OI0023888,O012844,P00119,1,17748.3,20,5
OI0023889,O012845,P00605,2,6512.12,25,5
OI0023890,O012845,P00293,2,7990.19,10,18
OI0023891,O012845,P00183,1,24576.69,5,5
OI0023892,O012846,P00220,1,5198.9,25,0
OI0023893,O012846,P00111,2,12998.03,20,0
OI0023895,O012848,P00200,1,7814.19,5,0
OI0023897,O012849,P00367,1,6502.28,25,5
OI0023899,O012851,P00544,1,14087.93,25,18
OI0023900,O012852,P00347,2,27007.53,15,18
OI0023901,O012852,P00812,1,3587.38,0,12
OI0023902,O012853,P00527,3,19007.32,20,0
OI0023903,O012853,P00168,1,16664.3,10,18
OI0023904,O012853,P00231,1,1222.57,25,0
OI0023905,O012854,P00565,2,1031.58,20,0
OI0023906,O012854,P00391,2,24654.36,15,5
OI0023907,O012855,P00175,1,11391.08,5,12
OI0023908,O012856,P00341,4,22165.12,0,5
OI0023909,O012857,P00029,1,16254.91,20,12
OI0023910,O012858,P00008,1,26958.29,15,5
OI0023911,O012859,P00655,1,22488.48,20,0
OI0023912,O012859,P00003,1,10086.86,0,12
OI0023913,O012860,P00656,1,26460.03,10,18
OI0023914,O012861,P00204,1,15268.9,0,12
OI0023915,O012861,P00373,1,21669.03,15,5
OI0023916,O012861,P00022,1,21350.37,0,5
OI0023917,O012862,P00489,1,11664.91,5,0
OI0023918,O012862,P00267,4,19037.88,20,5
OI0023919,O012863,P00497,1,9763.11,20,0
OI0023920,O012863,P00517,2,29334.69,15,12
OI0023921,O012863,P00697,1,12380.09,25,18
OI0023922,O012864,P00450,1,28522.46,25,0
OI0023925,O012866,P00859,1,28530.92,25,0
OI0023926,O012866,P00739,1,17215.79,15,5
OI0023927,O012867,P00248,1,19284.84,5,12
OI0023928,O012868,P00915,5,4394.07,15,18
OI0023929,O012868,P00733,1,7257.15,0,12
OI0023930,O012869,P00782,3,28023.37,15,12
OI0023932,O012870,P00819,1,9670.54,5,0
OI0023933,O012871,P00410,1,1800.58,25,12
OI0023935,O012872,P00261,1,19202.35,5,5
OI0023936,O012872,P00345,1,6189.21,20,12
OI0023937,O012872,P00512,1,3891.7,20,18
OI0023938,O012873,P00780,2,22147.31,10,12
OI0023941,O012875,P00484,1,7250.79,25,0
OI0023942,O012875,P00457,1,650.34,0,0
OI0023943,O012875,P00092,1,22044.1,25,0
OI0023944,O012876,P00370,1,5315.3,10,0
OI0023946,O012877,P00406,1,28958.42,0,12
OI0023947,O012877,P00961,3,11573.47,0,12
OI0023949,O012878,P00940,2,29464.32,25,12
OI0023950,O012879,P00748,1,24319.16,5,5
OI0023951,O012879,P00049,2,24298.89,0,18
OI0023952,O012879,P00039,1,3910.93,15,5
OI0023953,O012880,P00418,1,22413.62,20,5
OI0023954,O012880,P00015,1,29515.59,0,12
OI0023956,O012881,P00692,5,15536.62,0,18
OI0023957,O012882,P00161,1,24112.67,0,0
OI0023958,O012882,P00607,2,23194.22,25,12
OI0023959,O012883,P00466,2,840.8,0,0
OI0023962,O012884,P00612,1,8995.44,10,18
OI0023963,O012884,P00812,1,3623.52,5,5
OI0023964,O012885,P00922,4,26880.01,5,18
OI0023965,O012886,P00276,1,20595.21,25,5
OI0023966,O012886,P00664,1,410.1,0,12
OI0023967,O012887,P00566,1,14651.28,15,5
OI0023968,O012887,P00210,1,4551.34,25,5
OI0023970,O012888,P00903,2,7117.49,20,0
OI0023971,O012889,P00270,2,25950.83,15,0
OI0023973,O012890,P00256,1,25621.69,20,0
OI0023974,O012890,P00679,1,29548.65,25,12
OI0023975,O012891,P00691,1,14899.64,5,18
OI0023976,O012892,P00484,1,7459.07,5,12
OI0023977,O012892,P00829,3,11960.1,0,5
OI0023978,O012892,P00975,1,8386.93,0,12
OI0023981,O012893,P00382,1,21696.38,10,0
OI0023982,O012894,P00141,1,17699.01,-5,5
OI0023983,O012894,P00337,1,606.3,20,18
OI0023984,O012895,P00835,1,20577.99,0,0
OI0023985,O012895,P00344,1,18712.95,15,12
OI0023986,O012896,P00687,1,22771.87,0,18
OI0023987,O012897,P00125,1,18201.35,0,18
OI0023988,O012897,P00603,1,4571.76,0,18
OI0023989,O012898,P01000,3,22960.95,25,0
OI0023990,O012899,P00390,2,25074.83,-5,0
OI0023991,O012899,P00559,4,21279.63,15,18
OI0023992,O012900,P00418,1,23907.92,5,5
OI0023993,O012900,P00140,3,29188.8,5,5
OI0023994,O012900,P00345,2,6158.6,10,5
OI0023995,O012901,P00251,1,28656.62,0,18
OI0023996,O012901,P00172,4,25789.22,15,5
OI0023997,O012902,P00764,1,20179.4,0,18
OI0023998,O012902,P00836,1,14521.96,20,0
OI0023999,O012902,P00729,1,23679.95,0,18
OI0024000,O012903,P00194,1,29626.15,20,18
OI0024001,O012903,P00640,2,22462.37,15,18
OI0024002,O012904,P00586,1,11997.67,20,12
OI0024003,O012905,P00608,1,18931.06,5,5
OI0024004,O012905,P00898,3,3946.14,0,5
OI0024005,O012906,P00715,2,24804.56,10,18
OI0024006,O012906,P00602,1,26846.12,0,0
OI0024007,O012907,P00569,1,29264.61,15,18
OI0024008,O012908,P00129,1,8505.0,15,0
OI0024009,O012908,P00559,1,22521.22,15,0
OI0024010,O012909,P00974,1,8922.51,5,5
OI0024011,O012909,P00707,1,18745.99,15,5
OI0024013,O012910,P00364,1,21278.73,0,5
OI0024015,O012911,P00303,1,12746.1,10,5
OI0024016,O012912,P00058,2,19149.74,15,18
OI0024017,O012912,P00900,3,25161.76,25,18
OI0024018,O012912,P00012,1,10390.82,15,0
OI0024019,O012913,P00090,2,18827.35,25,0
OI0024020,O012913,P00975,2,8053.17,15,5
OI0024021,O012914,P00827,3,9075.54,25,0
OI0024022,O012914,P00575,1,18050.8,0,18
OI0024023,O012915,P00796,3,1167.22,0,18
OI0024024,O012916,P00524,1,13074.19,25,18
OI0024025,O012916,P00626,1,2197.14,0,12
OI0024027,O012917,P00050,1,29652.51,0,5
OI0024029,O012918,P00264,2,11889.78,25,5
OI0024030,O012918,P00421,1,19117.78,5,0
OI0024031,O012919,P00162,2,24320.04,15,18
OI0024032,O012920,P00989,1,17679.04,0,5
OI0024034,O012921,P00934,5,26074.49,20,0
OI0024035,O012921,P00251,2,28724.97,0,5
OI0024036,O012921,P00865,2,22937.75,0,5
OI0024037,O012922,P00832,2,16931.97,0,18
OI0024038,O012922,P00961,2,11868.36,10,18
OI0024039,O012923,P00030,2,23533.29,15,0
OI0024040,O012924,P00804,4,10190.69,10,12
OI0024041,O012925,P00817,1,10589.57,25,18
OI0024042,O012926,P00858,2,27500.45,25,0
OI0024043,O012927,P00693,1,2491.45,0,5
OI0024044,O012927,P00520,1,27610.08,25,5
OI0024045,O012928,P00433,2,689.54,0,0
OI0024046,O012928,P00975,1,7830.67,15,5
OI0024047,O012929,P00674,2,10120.04,20,5
OI0024048,O012930,P00164,1,16430.99,10,12
OI0024049,O012930,P00395,1,25945.74,15,12
OI0024050,O012931,P00563,1,23240.3,10,12
OI0024051,O012931,P00409,1,13323.31,0,18
OI0024054,O012933,P00284,1,13597.57,20,18
OI0024055,O012933,P00059,4,15716.5,15,12
OI0024056,O012933,P00807,1,5749.87,0,18
OI0024057,O012934,P00412,1,5871.58,5,18
OI0024058,O012935,P00573,1,4754.17,0,5
OI0024060,O012935,P00285,2,14719.45,5,5
OI0024061,O012936,P00714,2,26643.33,15,0
OI0024062,O012937,P00315,1,2051.59,0,0
OI0024063,O012937,P00324,3,216.17,0,12
OI0024065,O012939,P00357,1,12061.69,0,0
OI0024066,O012940,P00266,2,4947.46,25,18
OI0024067,O012940,P00245,1,15364.71,0,0
OI0024069,O012942,P00534,1,3152.09,15,18
OI0024070,O012942,P00796,4,1143.06,15,12
OI0024073,O012944,P00905,3,27203.05,5,18
OI0024074,O012944,P00670,1,21031.62,25,12
OI0024075,O012945,P00358,1,4450.67,5,18
OI0024076,O012945,P00071,2,12847.03,15,5
OI0024077,O012946,P00959,1,13089.91,0,0
OI0024080,O012947,P00191,2,14460.29,0,18
OI0024081,O012947,P00458,5,327.21,0,12
OI0024082,O012948,P00295,2,5108.56,0,18
OI0024083,O012949,P00805,1,7587.0,10,5
OI0024084,O012949,P00635,3,11236.55,5,5
OI0024085,O012949,P00548,3,21774.56,5,18
OI0024087,O012951,P00607,1,23764.26,0,12
OI0024088,O012951,P00993,1,14563.78,25,5
OI0024089,O012952,P00787,1,17276.77,0,12
OI0024090,O012952,P00666,4,3446.21,15,0
OI0024091,O012952,P00839,3,18422.73,5,12
OI0024092,O012953,P00788,1,9487.91,10,0
OI0024093,O012953,P00589,4,10880.45,20,18
OI0024094,O012953,P00262,2,8830.46,25,5
OI0024095,O012954,P00461,4,15322.43,25,5
OI0024096,O012954,P00597,1,8061.84,0,18
OI0024097,O012955,P00306,5,17072.64,25,0
OI0024098,O012956,P00161,2,23576.67,0,18
OI0024100,O012957,P00374,3,18605.68,0,0
OI0024101,O012958,P00107,1,3779.57,20,0
OI0024102,O012958,P00241,3,4195.68,0,5
OI0024103,O012959,P00012,1,11070.85,5,12
OI0024104,O012959,P00474,1,22696.37,0,12
OI0024105,O012960,P00009,4,19912.36,0,0
OI0024107,O012960,P00294,1,23821.98,5,12
OI0024109,O012961,P00738,1,24872.11,25,5
OI0024110,O012961,P00328,2,5710.37,10,12
OI0024111,O012962,P00104,2,12962.93,25,18
OI0024112,O012962,P00008,2,27975.71,0,18
OI0024113,O012963,P00593,1,3422.81,0,0
OI0024114,O012963,P00093,1,4393.41,0,12
OI0024116,O012964,P00960,2,23846.61,0,12
OI0024117,O012965,P00780,1,22968.44,20,0
OI0024118,O012965,P00130,2,24541.08,25,5
OI0024120,O012967,P00832,1,15677.78,10,0
OI0024122,O012967,P00357,1,11669.84,0,12
OI0024123,O012968,P00467,2,22559.48,0,5
OI0024124,O012968,P00775,1,17477.99,0,0
OI0024125,O012969,P00334,5,19634.68,0,18
OI0024126,O012969,P00042,1,29014.75,0,12
OI0024127,O012970,P00125,3,18497.9,5,0
OI0024128,O012970,P00119,1,17843.24,0,12
OI0024129,O012970,P00611,1,4174.73,15,5
OI0024130,O012971,P00511,1,19301.53,0,5
OI0024131,O012971,P00651,1,15747.2,0,5
OI0024132,O012972,P00564,1,20618.56,15,18
OI0024134,O012974,P00630,1,16308.97,0,18
OI0024135,O012974,P00349,2,11106.1,15,12
OI0024136,O012975,P00046,3,11840.38,15,18
OI0024137,O012976,P00745,1,12751.27,20,0
OI0024138,O012976,P00596,2,25639.04,0,0
OI0024139,O012977,P00939,3,10172.57,0,5
OI0024140,O012978,P00593,1,3407.29,0,0
OI0024141,O012979,P00722,3,16385.73,0,18
OI0024142,O012979,P00452,1,19208.44,25,0
OI0024143,O012979,P00380,1,26061.06,5,18
OI0024144,O012980,P00036,1,20642.31,0,12
OI0024145,O012980,P00914,1,25436.99,0,18
OI0024146,O012980,P00976,1,7318.65,5,0
OI0024147,O012981,P00835,4,20872.84,10,5
OI0024148,O012982,P00149,1,29191.77,0,5
OI0024149,O012983,P00238,1,13388.48,10,0
OI0024150,O012983,P00888,3,1388.51,15,18
OI0024151,O012984,P00510,4,4586.6,5,18
OI0024152,O012984,P00808,1,18283.42,15,18
OI0024153,O012985,P00803,2,20047.17,0,0
OI0024154,O012985,P00521,2,23850.26,10,18
OI0024155,O012986,P00746,1,3794.47,0,5
OI0024156,O012987,P00389,1,4873.78,15,5
OI0024157,O012987,P00251,1,29560.52,0,0
OI0024158,O012988,P00938,3,10105.57,15,18
OI0024159,O012988,P00633,2,6022.15,0,5
OI0024160,O012989,P00026,1,15190.35,25,0
OI0024162,O012990,P00521,1,23453.03,15,0
OI0024163,O012991,P00861,1,1647.14,0,0
OI0024164,O012992,P00776,1,18807.66,0,5
OI0024165,O012992,P00476,3,16164.03,25,5
OI0024166,O012993,P00738,1,25377.74,0,12
OI0024167,O012994,P00852,2,20347.36,0,5
OI0024168,O012994,P00950,2,1424.97,0,5
OI0024169,O012995,P00865,1,23608.77,5,18
OI0024170,O012995,P00223,1,7759.05,15,5
OI0024171,O012996,P00029,2,15964.93,10,0
OI0024172,O012996,P00004,2,14714.51,5,12
OI0024173,O012997,P00290,1,29832.16,20,18
OI0024174,O012998,P00502,1,14683.31,10,0
OI0024176,O012999,P00624,1,28306.19,25,5
OI0024178,O013000,P00930,1,10438.48,25,0
OI0024179,O013001,P00561,1,28985.64,5,5
OI0024180,O013001,P00165,1,28479.29,20,18
OI0024181,O013001,P00426,4,15684.34,0,18
OI0024182,O013002,P00742,2,15223.58,0,0
OI0024183,O013003,P00947,2,9752.19,0,0
OI0024184,O013004,P00993,1,14525.64,20,5
OI0024185,O013004,P00041,2,1157.63,15,12
OI0024186,O013005,P00615,1,12096.78,20,5
OI0024187,O013005,P00817,2,10666.4,0,12
OI0024188,O013006,P00717,1,25174.93,0,12
OI0024189,O013006,P00800,1,21048.1,0,12
OI0024190,O013007,P00959,1,13395.08,0,18
OI0024193,O013008,P00043,1,8752.49,20,0
OI0024194,O013008,P00270,1,25650.03,20,0
OI0024195,O013009,P00354,1,18621.9,20,0
OI0024196,O013009,P00688,1,27999.3,20,5
OI0024197,O013010,P00310,3,6363.33,0,5
OI0024198,O013011,P00392,1,27058.83,20,5
OI0024199,O013012,P00869,3,1336.4,5,18
OI0024200,O013013,P00102,1,871.74,15,12
OI0024201,O013013,P00079,2,17002.81,25,12
OI0024202,O013014,P00483,2,20288.51,0,0
OI0024203,O013015,P00158,1,12682.97,15,12
OI0024204,O013015,P00002,4,4295.56,15,18
OI0024206,O013017,P00968,1,5743.92,5,0
OI0024207,O013017,P00520,2,29847.65,25,0
OI0024208,O013018,P00437,1,26151.17,10,0
OI0024209,O013018,P00815,1,25676.18,5,0
OI0024210,O013019,P00040,1,14832.19,20,18
OI0024211,O013019,P00768,1,27537.48,10,12
OI0024213,O013020,P00551,1,15756.18,25,5
OI0024214,O013020,P00444,1,7419.27,0,0
OI0024216,O013021,P00230,1,25610.83,0,0
OI0024217,O013022,P00232,2,21052.79,15,18
OI0024218,O013022,P00140,1,29820.58,0,0
OI0024219,O013022,P00738,3,25977.46,5,12
OI0024220,O013023,P00427,3,23330.39,0,0
OI0024221,O013023,P00522,2,17699.65,0,0
OI0024222,O013024,P00991,4,5991.38,15,0
OI0024223,O013024,P00929,1,2101.3,15,0
OI0024224,O013025,P00292,4,12575.72,20,5
OI0024225,O013025,P00018,3,22420.19,10,18
OI0024227,O013027,P00454,1,14361.42,0,0
OI0024228,O013028,P00043,1,8683.63,0,0
OI0024229,O013029,P00171,1,6236.02,20,12
OI0024230,O013030,P00623,2,5027.95,0,18
OI0024231,O013030,P00978,3,27040.59,25,12
OI0024232,O013031,P00257,1,24650.98,10,5
OI0024233,O013031,P00194,2,28889.74,0,5
OI0024235,O013032,P00308,1,25484.92,20,0
OI0024236,O013033,P00270,1,24565.53,20,0
OI0024237,O013034,P00288,1,16788.58,5,12
OI0024238,O013035,P00925,1,27282.88,0,0
OI0024239,O013035,P00544,3,14717.41,15,5
OI0024240,O013036,P00232,4,21010.73,20,12
OI0024241,O013037,P00145,1,12665.74,0,5
OI0024242,O013037,P00787,2,16324.26,0,18
OI0024244,O013038,P00405,1,2031.83,20,5
OI0024246,O013039,P00533,1,2191.93,0,5
OI0024247,O013039,P00019,1,17791.47,25,5
OI0024248,O013040,P00344,1,18977.52,0,0
OI0024249,O013041,P00405,1,1898.9,0,18
OI0024250,O013041,P00457,2,625.48,5,18
OI0024251,O013042,P00928,1,28589.76,25,12
OI0024252,O013043,P00862,1,25026.3,20,0
OI0024253,O013043,P00071,1,12990.39,10,0
OI0024255,O013045,P00138,1,727.37,20,12
OI0024256,O013045,P00524,1,13556.98,0,5
OI0024257,O013046,P00831,1,7165.94,10,0
OI0024258,O013046,P00654,2,8604.81,10,5
OI0024259,O013047,P00725,1,26061.1,0,18
OI0024260,O013047,P00146,1,8818.68,10,5
OI0024261,O013048,P00693,1,2359.12,20,0
OI0024262,O013048,P00116,3,26917.68,20,5
OI0024264,O013049,P00349,1,11342.92,20,12
OI0024265,O013050,P00935,1,7262.77,25,18
OI0024267,O013052,P00532,1,13668.6,20,12
OI0024268,O013053,P00559,1,21708.91,5,0
OI0024269,O013053,P00955,1,25050.73,0,18
OI0024270,O013054,P00891,1,1905.95,0,12
OI0024271,O013055,P00895,3,20986.52,15,12
OI0024272,O013055,P00786,2,27638.47,0,18
OI0024273,O013056,P00974,1,8716.22,0,5
OI0024274,O013057,P00589,4,10854.85,25,0
OI0024275,O013058,P00920,2,8523.93,25,12
OI0024278,O013061,P00153,1,26420.14,0,12
OI0024279,O013061,P00872,1,4809.51,15,0
OI0024280,O013061,P00907,4,16820.98,15,18
OI0024281,O013062,P00291,1,16077.36,0,12
OI0024282,O013063,P00536,2,25811.27,0,5
OI0024283,O013064,P00928,1,27193.09,0,0
OI0024284,O013064,P00903,1,6994.22,15,12
OI0024285,O013064,P00382,3,21491.28,0,18
OI0024287,O013066,P00871,1,12084.09,15,5
OI0024288,O013066,P00140,1,27816.68,15,0
OI0024289,O013067,P00419,1,24854.13,10,12
OI0024290,O013068,P00518,4,22997.2,25,0
OI0024291,O013068,P00431,1,26233.9,0,18
OI0024292,O013069,P00835,1,20132.56,15,12
OI0024293,O013070,P00124,2,16275.49,0,5
OI0024294,O013070,P00930,1,10175.15,20,5
OI0024295,O013071,P00120,1,15667.39,0,0
OI0024296,O013071,P00460,2,30412.52,0,18
OI0024297,O013072,P00180,1,22492.15,10,18
OI0024298,O013072,P00622,1,12093.33,5,12
OI0024300,O013074,P00816,1,838.78,0,12
OI0024302,O013075,P00171,2,6082.77,25,18
OI0024303,O013075,P00314,4,4620.3,10,0
OI0024305,O013076,P00200,1,7601.43,0,5
OI0024306,O013076,P00458,2,329.69,0,0
OI0024307,O013077,P00901,1,4281.66,20,12
OI0024308,O013077,P00616,1,7602.03,0,0
OI0024309,O013077,P00133,2,26636.76,10,0
OI0024310,O013078,P00505,1,18443.66,0,0
OI0024311,O013078,P00048,1,4041.21,0,18
OI0024312,O013079,P00102,2,929.89,10,12
OI0024313,O013079,P00415,3,7788.07,0,18
OI0024314,O013080,P00335,1,23715.85,0,5
OI0024315,O013081,P00828,1,7984.33,20,5
OI0024317,O013082,P00733,1,6875.68,15,5
OI0024318,O013083,P00367,3,6346.99,5,0
OI0024319,O013083,P00892,1,17643.9,5,5
OI0024320,O013083,P00102,2,878.41,0,0
OI0024321,O013084,P00089,1,29078.64,25,18
OI0024322,O013084,P00759,1,18833.99,5,0
OI0024323,O013085,P00748,2,24057.06,15,0
OI0024325,O013087,P00165,2,27891.43,0,18
OI0024326,O013087,P00925,2,28616.17,10,12
OI0024327,O013088,P00021,1,12324.68,20,5
OI0024328,O013089,P00240,1,13966.05,20,12
OI0024329,O013090,P00777,2,21657.98,10,0
OI0024330,O013090,P00748,2,22493.52,0,12
OI0024331,O013090,P00951,1,28185.07,15,18
OI0024332,O013091,P00173,1,2900.47,10,0
OI0024333,O013092,P00927,3,24668.17,0,12
OI0024334,O013093,P00289,1,8249.77,20,12
OI0024335,O013094,P00209,1,20126.58,10,12
OI0024336,O013094,P00369,2,28638.74,25,18
OI0024337,O013094,P00894,1,8305.39,5,18
OI0024338,O013095,P00221,2,5398.93,15,5
OI0024339,O013095,P00697,2,12086.08,10,0
OI0024340,O013096,P00460,1,30436.93,25,18
OI0024342,O013096,P00098,3,19595.17,10,0
OI0024343,O013097,P00424,1,19367.09,15,0
OI0024344,O013097,P00113,2,16435.74,-5,18
OI0024345,O013098,P00684,2,21789.45,25,12
OI0024346,O013098,P00264,3,12659.37,15,12
OI0024347,O013098,P00065,1,26421.72,25,12
OI0024348,O013099,P00910,1,19587.15,0,5
OI0024349,O013100,P00718,1,6596.36,5,12
OI0024350,O013100,P00544,1,14142.74,0,5
OI0024351,O013100,P00084,5,27723.53,10,5
OI0024352,O013101,P00002,5,4423.79,20,12
OI0024353,O013101,P00680,1,6847.05,25,0
OI0024354,O013102,P00490,1,24229.37,0,18
OI0024356,O013103,P00783,1,17849.32,5,12
OI0024357,O013103,P00379,1,19796.92,25,12
OI0024358,O013104,P00090,1,17802.96,15,5
OI0024359,O013105,P00951,1,27201.49,10,12
OI0024360,O013105,P00972,1,19112.03,10,5
OI0024361,O013106,P00637,2,31161.92,0,0
OI0024362,O013106,P00557,1,5176.53,15,0
OI0024363,O013107,P00863,1,22031.04,10,0
OI0024364,O013107,P00138,1,718.13,15,0
OI0024366,O013108,P00678,5,20811.45,20,0
OI0024368,O013109,P00973,1,29544.81,25,0
OI0024369,O013109,P00819,1,9650.88,10,0
OI0024370,O013110,P00177,1,10776.25,15,0
OI0024371,O013110,P00738,2,25996.22,0,12
OI0024372,O013110,P00008,3,27744.71,10,0
OI0024373,O013111,P00592,1,3657.3,10,12
OI0024374,O013112,P00123,1,296.38,10,0
OI0024375,O013112,P00192,4,14696.04,5,12
OI0024376,O013112,P00122,1,13025.57,15,12
OI0024378,O013113,P00506,2,11651.15,0,0
OI0024379,O013114,P00960,2,22975.53,15,12
OI0024380,O013114,P00181,1,29813.86,20,5
OI0024381,O013115,P00915,1,4403.46,20,5
OI0024382,O013116,P00471,1,12751.4,0,5
OI0024383,O013117,P00432,1,3820.88,0,18
OI0024384,O013117,P00061,1,18986.6,5,0
OI0024385,O013118,P00875,1,15706.07,25,0
OI0024386,O013118,P00967,2,22813.0,0,18
OI0024387,O013119,P00435,1,27164.03,20,0
OI0024388,O013119,P00628,1,1154.19,0,0
OI0024389,O013119,P00279,2,15393.2,25,0
OI0024390,O013120,P00574,2,13626.02,10,5
OI0024391,O013121,P00250,1,19412.44,10,5
OI0024392,O013122,P00638,5,22743.97,20,18
OI0024393,O013122,P00214,3,1495.86,25,0
OI0024394,O013122,P00794,2,5130.71,20,18
OI0024396,O013123,P00426,1,15320.83,10,0
OI0024397,O013124,P00226,1,23999.19,15,18
OI0024398,O013124,P00135,1,28136.33,5,18
OI0024399,O013124,P00547,1,20684.51,5,18
OI0024400,O013125,P00002,2,4299.0,15,12
OI0024402,O013126,P00113,1,16203.55,0,0
OI0024403,O013126,P00003,1,9860.38,0,0
OI0024404,O013127,P00092,1,22396.81,0,0
OI0024405,O013127,P00661,1,27631.96,0,18
OI0024406,O013127,P00372,1,20947.1,10,0
OI0024407,O013128,P00429,1,647.22,25,5
OI0024408,O013128,P00013,1,4874.31,20,0
OI0024409,O013129,P00892,1,17184.25,10,0
OI0024410,O013129,P00673,1,9585.93,20,18
OI0024411,O013129,P00983,1,2839.55,0,5
OI0024412,O013130,P00262,2,9352.76,15,18
OI0024413,O013130,P00659,3,21296.1,5,12
OI0024414,O013131,P00634,1,9330.02,15,0
OI0024415,O013131,P00207,1,4509.63,20,18
OI0024416,O013132,P00131,1,10284.97,20,0
OI0024418,O013133,P00480,1,17440.12,0,18
OI0024419,O013133,P00385,1,21379.98,20,0
OI0024420,O013134,P00493,2,2717.85,0,12
OI0024421,O013134,P00426,4,16876.23,0,0
OI0024422,O013134,P00812,3,3573.69,0,12
OI0024423,O013135,P00217,1,16609.23,0,0
OI0024424,O013135,P00603,2,4915.6,25,0
OI0024425,O013136,P00537,1,16338.58,0,12
OI0024426,O013136,P00973,3,28461.26,15,5
OI0024427,O013137,P00381,3,11243.88,0,0
OI0024428,O013138,P00491,3,24195.44,20,5
OI0024429,O013139,P00989,1,17810.37,20,0
OI0024430,O013139,P00876,1,8781.36,25,0
OI0024431,O013140,P00686,5,24695.04,15,18
OI0024432,O013140,P00290,1,29281.01,0,12
OI0024434,O013141,P00328,3,5621.96,15,12
OI0024435,O013142,P00675,1,9594.4,5,0
OI0024436,O013143,P00050,1,28599.35,25,0
OI0024437,O013143,P00650,2,28890.9,0,5
OI0024438,O013144,P00368,2,14947.26,25,0
OI0024439,O013144,P00335,2,23490.4,0,5
OI0024441,O013145,P00999,2,9705.62,10,18
OI0024442,O013145,P00121,1,7388.01,0,12
OI0024444,O013147,P00715,1,25221.62,0,5
OI0024446,O013147,P00632,1,23366.37,25,0
OI0024447,O013148,P00936,1,26490.25,15,0
OI0024448,O013148,P00880,4,16718.72,0,0
OI0024449,O013149,P00656,1,27149.28,0,5
OI0024450,O013149,P00737,2,22653.51,10,0
OI0024451,O013150,P00950,2,1495.81,20,18
OI0024452,O013150,P00264,4,11876.59,0,12
OI0024453,O013151,P00352,1,21860.09,10,5
OI0024454,O013152,P00516,1,14936.74,15,0
OI0024455,O013152,P00146,1,9079.47,5,18
OI0024456,O013153,P00903,1,7384.68,20,0
OI0024457,O013154,P00433,4,706.11,10,12
OI0024458,O013154,P00620,3,11939.65,0,12
OI0024459,O013155,P00692,4,15418.33,0,18
OI0024460,O013155,P00257,1,25076.03,20,5
OI0024461,O013156,P00433,2,659.21,5,18
OI0024462,O013157,P00657,1,25486.22,0,0
OI0024463,O013157,P00991,1,6017.55,10,12
OI0024464,O013158,P00500,3,7585.22,0,5
OI0024465,O013158,P00238,3,13312.26,10,18
OI0024466,O013159,P00091,2,14493.39,0,5
OI0024468,O013160,P00915,1,4094.66,5,5
OI0024469,O013160,P00992,2,7374.12,20,0
OI0024470,O013161,P00255,1,11105.0,0,5
OI0024471,O013161,P00303,2,13500.12,10,12
OI0024472,O013162,P00779,1,2282.76,5,12
OI0024474,O013163,P00912,2,10997.88,10,5
OI0024475,O013163,P00388,2,15472.77,0,5
OI0024476,O013164,P00524,1,13122.87,10,12
OI0024477,O013165,P00645,1,26341.36,0,5
OI0024478,O013166,P00063,1,1373.39,25,5
OI0024479,O013167,P00049,1,23851.13,10,18
OI0024480,O013168,P00067,1,18424.04,0,0
OI0024481,O013169,P00316,1,26189.12,10,0
OI0024482,O013169,P00949,2,30235.42,0,18
OI0024483,O013170,P00360,1,3162.9,15,5
OI0024484,O013171,P00569,1,26663.8,0,18
OI0024485,O013171,P00172,1,25642.26,25,18
OI0024486,O013171,P00041,1,1165.75,0,5
OI0024487,O013172,P00423,1,4407.37,10,0
OI0024488,O013172,P00671,2,17990.5,5,18
OI0024489,O013173,P00679,1,29804.27,25,0
OI0024490,O013173,P00792,1,6083.03,10,0
OI0024492,O013174,P00738,2,24571.29,0,12
OI0024493,O013175,P00581,1,26306.08,15,5
OI0024494,O013175,P00258,2,15339.7,5,5
OI0024495,O013176,P00137,2,28252.59,5,5
OI0024496,O013177,P00514,1,12765.05,20,0
OI0024497,O013177,P00679,1,28269.18,0,18
OI0024498,O013177,P00646,1,15666.14,0,12
OI0024499,O013178,P00500,1,7067.27,10,12
OI0024500,O013178,P00323,1,22151.3,25,0
OI0024501,O013179,P00020,1,23956.9,0,0
OI0024502,O013180,P00817,2,11229.26,0,18
OI0024503,O013180,P00915,5,4199.15,15,5
OI0024504,O013181,P00247,4,16700.77,20,18
OI0024506,O013182,P00829,1,11234.31,20,0
OI0024507,O013182,P00851,1,4720.28,15,0
OI0024508,O013183,P00156,2,30132.46,25,12
OI0024509,O013183,P00654,1,8234.56,0,5
OI0024510,O013183,P00024,5,12752.62,10,5
OI0024511,O013184,P00632,1,24748.58,-5,18
OI0024512,O013184,P00627,2,22837.07,15,12
OI0024513,O013184,P00515,1,22058.11,15,5
OI0024514,O013185,P00732,1,17482.32,0,5
OI0024515,O013185,P00208,2,6158.73,0,12
OI0024516,O013186,P00027,1,14548.85,20,12
OI0024517,O013187,P00860,1,28125.22,0,0
OI0024518,O013188,P00537,2,16009.89,5,18
OI0024519,O013188,P00960,3,21962.7,25,0
OI0024521,O013190,P00450,1,28905.69,25,5
OI0024522,O013190,P00554,1,4825.23,0,0
OI0024523,O013191,P00265,1,1638.97,20,12
OI0024524,O013192,P00204,5,16582.28,0,5
OI0024525,O013192,P00187,2,9802.69,0,12
OI0024527,O013193,P00502,1,15496.39,0,0
OI0024528,O013194,P00257,1,24827.55,0,5
OI0024530,O013195,P00303,1,13220.67,5,12
OI0024531,O013195,P00853,3,2782.26,10,12
OI0024532,O013196,P00572,4,7495.13,0,5
OI0024533,O013196,P00162,3,25824.7,5,0
OI0024534,O013196,P00763,2,24456.1,20,12
OI0024535,O013197,P00280,3,8761.99,0,18
OI0024536,O013198,P00960,1,22506.33,5,0
OI0024537,O013198,P00445,1,10229.45,15,18
OI0024538,O013199,P00598,1,5395.22,-5,0
OI0024540,O013200,P00324,1,212.74,15,5
OI0024542,O013201,P00131,1,10699.38,15,18
OI0024543,O013201,P00178,2,9810.29,0,5
OI0024544,O013202,P00607,2,24287.33,15,18
OI0024545,O013203,P00957,1,18950.81,10,0
OI0024547,O013204,P00514,2,12110.66,10,0
OI0024548,O013205,P00613,1,11023.74,15,5
OI0024550,O013206,P00944,1,9187.97,10,12
OI0024551,O013207,P00016,3,11556.18,0,12
OI0024552,O013207,P00498,1,28621.26,10,18
OI0024553,O013208,P00540,1,5869.09,15,0
OI0024554,O013208,P00694,3,20556.81,10,18
OI0024555,O013208,P00879,2,3322.92,0,5
OI0024556,O013209,P00186,2,6632.29,0,18
OI0024557,O013210,P00552,1,19692.61,0,5
OI0024558,O013210,P00277,1,2244.58,10,18
OI0024559,O013210,P00259,3,24488.52,20,5
OI0024560,O013211,P00780,2,22874.17,25,12
OI0024561,O013212,P00629,1,15275.86,25,12
OI0024562,O013212,P00292,1,12764.81,5,12
OI0024563,O013212,P00485,1,16228.35,25,18
OI0024564,O013213,P00039,1,3732.16,0,12
OI0024565,O013213,P00331,1,26884.88,20,18
OI0024566,O013213,P00100,1,17992.5,0,18
OI0024567,O013214,P00728,1,5180.46,0,0
OI0024568,O013214,P00834,1,23867.94,20,18
OI0024569,O013215,P00947,3,9128.05,10,0
OI0024570,O013216,P00294,4,24749.36,0,0
OI0024571,O013217,P00339,1,24891.45,15,5
OI0024572,O013217,P00412,1,6296.77,10,0
OI0024573,O013218,P00283,1,4916.29,5,5
OI0024574,O013218,P00176,1,4066.07,10,5
OI0024576,O013219,P00608,2,18842.64,0,18
OI0024577,O013219,P00019,1,17060.76,25,12
OI0024578,O013219,P00881,2,19870.48,5,18
OI0024579,O013220,P00427,1,21727.58,20,18
OI0024581,O013221,P00457,1,629.16,5,5
OI0024583,O013222,P00149,1,30447.99,5,5
OI0024584,O013222,P00620,2,12647.23,0,12
OI0024585,O013223,P00186,1,6574.54,0,0
OI0024586,O013223,P00078,1,13300.53,5,5
OI0024588,O013224,P00408,1,25369.14,15,12
OI0024589,O013224,P00042,1,28162.61,25,18
OI0024590,O013225,P00606,1,28582.52,0,0
OI0024591,O013226,P00572,1,7468.65,-5,0
OI0024592,O013226,P00997,4,6503.69,15,18
OI0024593,O013227,P00874,2,7500.88,20,0
OI0024594,O013227,P00439,2,26083.27,0,5
OI0024595,O013227,P00533,1,2214.04,20,12
OI0024596,O013228,P00339,1,23300.26,20,12
OI0024598,O013229,P00138,2,729.76,0,0
OI0024599,O013230,P00116,3,27420.42,0,5
OI0024600,O013230,P00164,2,17375.58,15,18
OI0024601,O013231,P00436,2,21140.92,5,5
OI0024602,O013232,P00367,2,6835.45,25,18
OI0024603,O013232,P00666,2,3320.46,5,0
OI0024604,O013232,P00678,2,21897.25,0,0
OI0024605,O013233,P00341,1,22614.69,10,0
OI0024606,O013234,P00220,2,5171.45,25,18
OI0024607,O013234,P00510,1,4529.88,0,12
OI0024608,O013235,P00427,2,23133.41,10,5
OI0024609,O013236,P00275,3,10594.47,5,0
OI0024610,O013237,P00721,1,13267.88,0,0
OI0024611,O013237,P00811,1,10773.66,10,5
OI0024612,O013238,P00293,1,8237.07,0,12
OI0024613,O013239,P00996,3,8657.88,10,0
OI0024614,O013239,P00222,2,1896.47,20,0
OI0024615,O013240,P00869,1,1395.28,0,5
OI0024616,O013240,P00544,1,14759.08,10,0
OI0024617,O013240,P00697,1,12343.67,10,0
OI0024619,O013241,P00313,1,5707.85,10,0
OI0024621,O013242,P00585,1,16506.12,0,18
OI0024622,O013243,P00192,2,14939.05,0,18
OI0024623,O013244,P00050,2,29451.98,15,18
OI0024624,O013244,P00195,2,20775.99,0,12
OI0024625,O013245,P00227,2,9499.28,20,12
OI0024627,O013245,P00334,1,18164.69,25,18
OI0024628,O013246,P00425,2,15583.93,0,12
OI0024629,O013247,P00243,1,14634.75,0,18
OI0024630,O013248,P00129,2,8280.77,10,0
OI0024631,O013248,P00565,3,1017.74,0,5
OI0024632,O013249,P00682,2,14441.05,10,5
OI0024633,O013250,P00638,3,22259.63,0,0
OI0024634,O013250,P00137,3,29133.32,20,18
OI0024635,O013250,P00817,1,11042.22,0,12
OI0024636,O013251,P00471,1,12912.48,0,0
OI0024637,O013252,P00152,1,5640.37,0,5
OI0024638,O013252,P00063,2,1315.27,0,12
OI0024639,O013253,P00497,1,9022.9,0,12
OI0024640,O013253,P00149,1,30598.88,20,12
OI0024641,O013253,P00818,3,25977.86,25,5
OI0024642,O013254,P00401,2,20555.26,0,12
OI0024643,O013254,P00751,1,9252.03,0,0
OI0024644,O013254,P00171,4,6269.69,15,5
OI0024645,O013255,P00415,2,7976.72,5,0
OI0024646,O013255,P00763,5,23732.24,0,0
OI0024647,O013256,P00685,1,255.43,25,5
OI0024648,O013256,P00400,1,9625.92,20,18
OI0024649,O013257,P00610,1,5653.3,0,18
OI0024650,O013258,P00169,2,4082.5,10,18
OI0024651,O013258,P00744,2,8045.96,15,18
OI0024652,O013259,P00535,3,14435.15,10,12
OI0024653,O013259,P00948,1,8069.32,0,18
OI0024656,O013260,P00528,2,27496.38,0,0
OI0024657,O013261,P00583,2,19912.28,25,5
OI0024659,O013262,P00867,1,12295.2,0,12
OI0024660,O013263,P00023,1,3374.36,0,5
OI0024661,O013264,P00662,1,7856.01,20,18
OI0024662,O013264,P00177,2,10821.18,0,5
OI0024663,O013265,P00621,2,16745.66,5,5
OI0024664,O013265,P00617,2,10366.76,0,18
OI0024665,O013265,P00419,1,26813.3,10,5
OI0024666,O013266,P00159,3,13394.52,5,0
OI0024667,O013266,P00359,1,27681.63,0,18
OI0024668,O013266,P00828,1,7599.12,5,5
OI0024670,O013267,P00521,2,23894.33,0,18
OI0024672,O013269,P00963,1,3839.54,25,18
OI0024673,O013269,P00642,2,26800.57,25,12
OI0024674,O013270,P00400,1,9993.15,10,18
OI0024675,O013270,P00099,2,28372.64,0,12
OI0024676,O013271,P00328,1,5377.44,15,18
OI0024677,O013271,P00765,1,3597.3,10,18
OI0024678,O013272,P00700,1,30520.04,-5,12
OI0024679,O013272,P00301,2,29921.99,10,18
OI0024680,O013273,P00522,1,17893.63,0,18
OI0024681,O013273,P00918,1,27531.27,15,0
OI0024682,O013273,P00258,1,16431.42,0,12
OI0024683,O013274,P00900,3,23656.12,5,18
OI0024684,O013274,P00249,1,22388.97,5,12
OI0024685,O013275,P00975,2,8433.85,15,18
OI0024686,O013275,P00279,1,14776.57,0,5
OI0024689,O013277,P00135,4,26691.79,0,12
OI0024690,O013278,P00224,1,11075.7,15,0
OI0024692,O013279,P00542,2,24948.04,0,12
OI0024693,O013279,P00533,2,2090.61,0,0
OI0024694,O013280,P00489,2,11016.44,0,5
OI0024695,O013280,P00317,1,28441.8,25,12
OI0024696,O013281,P00642,1,26095.76,25,18
OI0024697,O013282,P00880,1,15661.85,0,18
OI0024698,O013283,P00275,1,9764.41,0,12
OI0024699,O013283,P00600,1,14029.66,20,5
OI0024700,O013284,P00902,3,30435.41,25,0
OI0024701,O013284,P00703,1,8969.11,0,18
OI0024703,O013285,P00899,1,22372.17,0,12
OI0024705,O013286,P00213,2,13919.55,25,18
OI0024706,O013287,P00507,2,30904.69,25,18
OI0024707,O013287,P00028,1,10427.01,10,0
OI0024708,O013288,P00075,2,19523.08,0,0
OI0024709,O013289,P00456,1,3710.41,5,0
OI0024710,O013289,P00917,1,1228.0,0,18
OI0024711,O013290,P00135,3,27959.61,0,12
OI0024713,O013291,P00967,1,22496.9,15,5
OI0024714,O013291,P00128,1,6048.28,10,12
OI0024715,O013291,P00385,1,20964.39,0,18
OI0024716,O013292,P00581,2,25094.7,0,0
OI0024717,O013292,P00602,2,25583.27,15,18
OI0024718,O013293,P00157,2,16962.57,0,0
OI0024719,O013294,P00189,1,6142.08,20,18
OI0024720,O013294,P00208,1,6072.98,25,5
OI0024721,O013295,P00129,1,8385.67,0,5
OI0024722,O013295,P00652,4,3935.31,5,12
OI0024723,O013295,P00021,2,12945.79,20,5
OI0024724,O013296,P00780,1,23062.5,0,0
OI0024725,O013297,P00901,3,4259.17,20,18
OI0024726,O013297,P00327,1,17009.47,25,18
OI0024727,O013298,P00875,1,16496.02,10,0
OI0024728,O013298,P00474,1,22244.61,5,5
OI0024729,O013298,P00930,2,9728.96,5,12
OI0024730,O013299,P00228,1,11253.24,15,12
OI0024731,O013299,P00822,1,14906.03,0,0
OI0024732,O013300,P00970,1,17812.18,25,18
OI0024733,O013300,P00121,5,6729.27,25,18
OI0024734,O013301,P00198,4,24345.68,15,0
OI0024736,O013302,P00050,1,27579.92,10,18
OI0024738,O013303,P00039,1,4020.28,20,0
OI0024739,O013303,P00894,1,7816.16,20,12
OI0024740,O013304,P00994,1,27232.29,20,18
OI0024741,O013305,P00338,1,9332.83,25,5
OI0024742,O013305,P00091,1,14126.94,5,12
OI0024743,O013306,P00139,1,2428.99,0,0
OI0024744,O013307,P00946,1,22832.01,15,5
OI0024745,O013307,P00060,1,20944.98,0,0
OI0024746,O013308,P00225,2,9490.14,5,0
OI0024747,O013308,P00371,1,18105.08,10,5
OI0024748,O013309,P00242,4,2022.67,0,5
OI0024749,O013309,P00564,1,21577.86,25,0
OI0024750,O013310,P00641,1,1199.66,0,18
OI0024751,O013310,P00695,1,10238.07,0,18
OI0024752,O013311,P00374,1,18583.34,20,0
OI0024753,O013312,P00733,2,6862.29,-5,5
OI0024754,O013313,P00221,4,5363.36,20,0
OI0024755,O013313,P00729,5,22481.42,15,0
OI0024756,O013314,P00976,1,7118.54,25,12
OI0024757,O013315,P00843,1,4745.21,0,5
OI0024758,O013316,P00113,1,17119.73,10,0
OI0024760,O013318,P00057,1,11438.45,0,0
OI0024761,O013319,P00618,4,14916.68,5,12
OI0024762,O013319,P00820,1,17270.95,0,5
OI0024763,O013320,P00173,2,2791.56,25,5
OI0024765,O013321,P00326,1,13392.95,0,12
OI0024766,O013322,P00990,1,27305.71,0,5
OI0024767,O013322,P00913,2,2084.21,10,18
OI0024768,O013323,P00690,1,20308.85,0,12
OI0024769,O013324,P00322,1,27751.53,10,5
OI0024770,O013325,P00485,1,15100.28,0,0
OI0024771,O013325,P00753,2,29092.4,10,18
OI0024772,O013326,P00050,2,29289.07,15,18
OI0024773,O013327,P00666,1,3506.69,0,12
OI0024774,O013327,P00096,2,19989.81,0,12
OI0024776,O013328,P00263,1,23326.12,25,12
OI0024777,O013329,P00432,1,4061.43,25,5
OI0024778,O013329,P00403,2,18107.85,20,12
OI0024779,O013330,P00634,2,8759.89,25,18
OI0024780,O013331,P00513,1,26427.23,0,12
OI0024781,O013332,P00182,1,1224.04,0,0
OI0024782,O013332,P00323,4,24325.3,0,5
OI0024784,O013334,P00492,2,9287.1,5,5
OI0024786,O013335,P00846,1,19501.37,0,5
OI0024787,O013336,P00297,1,1183.46,0,0
OI0024788,O013336,P00492,2,9561.8,25,12
OI0024789,O013337,P00366,3,11052.11,0,5
OI0024790,O013338,P00921,2,15870.53,20,5
OI0024791,O013338,P00335,2,24056.86,20,18
OI0024792,O013339,P00263,1,24077.2,0,18
OI0024793,O013339,P00233,2,4602.01,0,12
OI0024794,O013340,P00332,3,9634.74,15,18
OI0024795,O013341,P00890,1,21071.17,20,0
OI0024796,O013341,P00168,1,15835.7,10,5
OI0024797,O013342,P00342,4,24973.62,15,0
OI0024798,O013343,P00818,2,25151.06,0,5
OI0024799,O013344,P00904,3,24786.94,10,18
OI0024800,O013344,P00545,1,18305.45,20,18
OI0024801,O013344,P00420,2,28574.8,5,12
OI0024802,O013345,P00976,1,7137.4,0,18
OI0024803,O013345,P00862,2,26939.84,0,12
OI0024804,O013346,P00010,3,13069.32,0,12
OI0024805,O013347,P00905,2,26775.58,0,5
OI0024806,O013348,P00820,3,18534.4,0,12
OI0024807,O013349,P00188,1,16963.48,-5,18
OI0024808,O013349,P00097,2,1384.32,20,0
OI0024809,O013350,P00492,1,9887.06,5,12
OI0024810,O013350,P00548,1,22673.06,15,18
OI0024811,O013351,P00904,1,26619.88,0,5
OI0024812,O013351,P00802,2,6930.73,15,5
OI0024813,O013352,P00075,2,19035.48,25,12
OI0024814,O013353,P00214,2,1623.01,0,5
OI0024815,O013354,P00617,1,10805.13,10,18
OI0024816,O013354,P00590,3,3489.06,5,0
OI0024817,O013354,P00940,1,29332.1,20,18
OI0024818,O013355,P00902,1,30870.1,5,0
OI0024820,O013356,P00961,1,12609.09,0,0
OI0024821,O013357,P00244,2,2142.63,20,5
OI0024823,O013357,P00861,1,1624.55,15,18
OI0024824,O013358,P00254,1,27908.12,15,18
OI0024825,O013358,P00459,1,23506.7,0,12
OI0024826,O013358,P00123,1,283.44,0,5
OI0024827,O013359,P00985,2,15660.62,20,0
OI0024828,O013359,P00246,1,6507.59,20,18
OI0024829,O013359,P00176,3,4449.99,0,5
OI0024831,O013361,P00781,1,10848.33,0,12
OI0024832,O013362,P00470,3,937.29,5,5
OI0024833,O013362,P00380,1,26889.03,0,18
OI0024836,O013363,P00092,1,21381.01,0,12
OI0024837,O013364,P00519,4,3581.49,25,18
OI0024838,O013364,P00759,1,17892.4,5,12
OI0024839,O013364,P00988,1,15358.37,0,12
OI0024840,O013365,P00344,1,19391.89,20,12
OI0024841,O013365,P00687,1,23047.2,20,5
OI0024842,O013366,P00547,2,21474.0,0,5
OI0024843,O013367,P00091,1,14172.48,-5,5
OI0024844,O013367,P00395,1,24597.5,0,12
OI0024845,O013368,P00665,2,30347.04,10,18
OI0024846,O013368,P00312,2,25533.78,10,0
OI0024847,O013368,P00478,1,25413.67,20,5
OI0024848,O013369,P00758,5,12949.48,15,18
OI0024849,O013369,P00393,3,14971.53,20,12
OI0024850,O013369,P00895,3,20054.72,5,12
OI0024851,O013370,P00929,3,2090.02,0,12
OI0024852,O013371,P00826,1,10966.01,-5,0
OI0024853,O013371,P00854,2,12620.23,5,12
OI0024854,O013372,P00590,2,3523.64,15,0
OI0024855,O013372,P00581,1,27389.29,25,12
OI0024856,O013373,P00905,4,26987.58,20,12
OI0024857,O013373,P00136,1,18594.85,20,18
OI0024858,O013374,P00491,1,23652.62,0,5
OI0024859,O013374,P00151,1,18749.19,15,18
OI0024860,O013375,P00834,1,22458.69,10,18
OI0024862,O013376,P00889,2,16660.0,10,18
OI0024863,O013377,P00856,2,12394.49,20,12
OI0024864,O013377,P00469,1,3083.14,5,12
OI0024865,O013378,P00250,2,19947.47,0,18
OI0024866,O013378,P00756,2,14455.05,25,18
OI0024867,O013379,P00772,2,9799.92,0,18
OI0024868,O013380,P00847,4,22113.1,5,0
OI0024869,O013381,P00729,1,24279.07,10,5
OI0024870,O013381,P00703,2,9012.57,0,12
OI0024871,O013382,P00060,2,21937.21,20,12
OI0024872,O013383,P00651,3,16421.69,5,12
OI0024873,O013383,P00179,1,3042.22,10,12
OI0024874,O013383,P00857,1,1253.33,0,18
OI0024875,O013384,P00028,1,10012.97,5,12
OI0024876,O013384,P00220,5,4948.46,20,0
OI0024879,O013386,P00288,1,17723.83,10,5
OI0024880,O013387,P00594,2,15335.31,25,18
OI0024881,O013387,P00667,4,20324.17,15,18
OI0024882,O013388,P00145,1,13455.21,0,0
OI0024883,O013389,P00911,1,10243.9,0,12
OI0024884,O013390,P00794,1,5416.78,10,12
OI0024885,O013390,P00943,1,6995.63,15,18
OI0024886,O013390,P00657,1,26986.37,25,18
OI0024887,O013391,P00545,1,18337.37,5,18
OI0024888,O013392,P00520,2,29694.93,20,5
OI0024889,O013392,P00154,1,25700.6,5,5
OI0024890,O013393,P00247,1,17999.51,0,12
OI0024891,O013394,P00313,1,5231.08,0,12
OI0024892,O013395,P00893,2,5977.46,20,5
OI0024893,O013396,P00449,2,2488.49,25,12
OI0024894,O013396,P00108,1,28593.24,15,12
OI0024895,O013396,P00439,1,25457.71,25,18
OI0024897,O013397,P00965,1,6943.14,25,12
OI0024898,O013397,P00599,1,26972.07,0,0
OI0024899,O013398,P00522,1,18336.38,0,5
OI0024900,O013398,P00135,2,26630.17,0,0
OI0024901,O013399,P00311,1,29197.06,0,0
OI0024902,O013399,P00511,1,19908.61,0,12
OI0024903,O013400,P00498,1,29176.47,0,5
OI0024904,O013400,P00748,1,23397.11,10,5
OI0024905,O013401,P00684,1,21841.03,20,18
OI0024906,O013401,P00415,2,7897.07,0,0
OI0024907,O013402,P00766,5,14007.31,10,18
OI0024908,O013402,P00654,2,8604.54,0,12
OI0024909,O013403,P00528,2,29254.08,10,5
OI0024910,O013403,P00562,1,12700.41,0,12
OI0024911,O013404,P00096,1,21160.14,5,5
OI0024913,O013404,P00583,2,19512.55,0,18
OI0024914,O013405,P00235,1,10072.74,-5,18
OI0024915,O013405,P00690,1,21166.99,20,0
OI0024916,O013405,P00648,4,17618.1,15,18
OI0024917,O013406,P00176,3,4338.54,25,18
OI0024918,O013406,P00808,1,18920.69,-5,0
OI0024919,O013407,P00348,2,7368.24,25,5
OI0024920,O013407,P00328,1,5538.16,20,0
OI0024921,O013408,P00626,1,2238.16,15,12
OI0024922,O013408,P00142,2,16993.82,15,0
OI0024923,O013409,P00321,2,1973.83,15,0
OI0024924,O013409,P01000,1,24677.99,0,12
OI0024925,O013409,P00992,1,7821.39,0,0
OI0024926,O013410,P00174,1,20764.75,0,0
OI0024927,O013410,P00161,2,24635.56,25,5
OI0024928,O013410,P00931,2,4246.42,20,5
OI0024929,O013411,P00295,2,5182.57,5,18
OI0024930,O013412,P00816,1,833.98,0,0
OI0024931,O013412,P00918,2,28344.39,0,5
OI0024932,O013413,P00674,1,9541.92,0,5
OI0024933,O013414,P00374,1,18548.64,25,0
OI0024935,O013415,P00922,1,26347.36,5,12
OI0024936,O013415,P00779,2,2235.93,0,5
OI0024938,O013416,P00974,1,8680.46,0,12
OI0024939,O013417,P00782,2,27919.59,5,18
OI0024940,O013418,P00101,4,14994.42,0,0
OI0024941,O013418,P00856,1,12884.61,25,12
OI0024942,O013419,P00102,1,888.14,0,12
OI0024943,O013420,P00501,2,1014.81,0,0
OI0024944,O013420,P00902,1,29113.21,5,0
OI0024945,O013421,P00598,1,5429.96,5,5
OI0024946,O013422,P00711,4,25022.0,20,5
OI0024948,O013423,P00982,2,9386.65,0,18
OI0024951,O013424,P00969,2,17283.47,20,18
OI0024952,O013425,P00826,2,10482.66,0,0
OI0024953,O013425,P00787,1,17397.51,0,12
OI0024954,O013426,P00975,1,8061.52,25,0
OI0024955,O013427,P00154,1,27534.89,10,12
OI0024956,O013428,P00150,1,18056.06,15,12
OI0024957,O013428,P00528,1,29064.27,0,0
OI0024958,O013428,P00195,1,21334.29,20,12
OI0024959,O013429,P00042,3,29140.36,5,5
OI0024960,O013430,P00577,1,27340.99,25,0
OI0024961,O013430,P00822,3,15945.06,0,0
OI0024962,O013431,P00373,1,22031.22,15,12
OI0024963,O013432,P00016,1,12206.02,-5,5
OI0024964,O013433,P00989,1,17306.51,15,5
OI0024965,O013433,P00423,3,4316.35,10,0
OI0024966,O013433,P00451,2,31040.36,0,18
OI0024967,O013434,P00952,3,8578.93,20,18
OI0024968,O013434,P00519,1,3612.3,25,0
OI0024969,O013435,P00173,2,2968.74,0,5
OI0024970,O013435,P00702,3,952.5,10,0
OI0024971,O013436,P00945,1,12057.49,0,0
OI0024972,O013437,P00426,3,15975.5,5,18
OI0024973,O013437,P00181,4,29521.49,0,12
OI0024974,O013438,P00434,4,8182.16,0,12
OI0024975,O013439,P00769,2,15847.09,15,18
OI0024976,O013440,P00500,4,7045.96,15,12
OI0024977,O013440,P00001,1,9205.46,15,5
OI0024979,O013441,P00375,1,13967.01,0,12
OI0024980,O013442,P00415,1,7660.96,0,12
OI0024981,O013442,P00695,1,10045.89,25,5
OI0024982,O013443,P00583,1,20403.46,0,5
OI0024983,O013443,P00497,1,9829.19,25,0
OI0024984,O013444,P00520,3,29521.96,5,12
OI0024985,O013444,P00959,1,13882.04,0,18
OI0024986,O013445,P00889,4,16706.7,0,12
OI0024987,O013445,P00981,1,20845.04,20,0
OI0024988,O013445,P00353,4,29552.23,-5,5
OI0024989,O013446,P00986,1,17712.09,0,18
OI0024990,O013447,P00630,4,16303.5,0,0
OI0024991,O013447,P00259,2,24152.1,0,18
OI0024992,O013448,P00856,4,12062.17,25,0
OI0024993,O013449,P00383,2,19012.71,25,0
OI0024994,O013450,P00783,2,19194.23,10,12
OI0024995,O013451,P00147,2,30413.1,0,12
OI0024996,O013452,P00365,1,12832.76,15,18
OI0024998,O013453,P00112,3,26329.22,0,0
OI0024999,O013453,P00490,1,24385.24,10,0
OI0025000,O013453,P00618,2,15339.27,20,5
OI0025001,O013454,P00859,2,27953.01,0,5
OI0025002,O013455,P00195,1,21908.09,0,0
OI0025003,O013456,P00213,2,14227.94,5,5
OI0025004,O013457,P00927,2,24613.35,20,12
OI0025005,O013457,P00429,1,673.1,25,5
OI0025006,O013458,P00381,3,11785.31,20,18
OI0025007,O013459,P00680,2,6513.18,0,18
OI0025008,O013459,P00370,1,5531.67,15,12
OI0025009,O013460,P00668,1,5253.14,25,18
OI0025010,O013460,P00439,2,26009.97,5,12
OI0025011,O013461,P00372,1,20672.71,0,0
OI0025012,O013461,P00617,3,10658.39,20,18
OI0025013,O013462,P00391,1,23569.79,0,0
OI0025014,O013463,P00113,1,17386.15,0,18
OI0025015,O013463,P00134,1,24053.15,0,18
OI0025016,O013464,P00928,1,27420.6,25,0
OI0025017,O013464,P00629,1,15277.49,0,18
OI0025018,O013465,P00200,1,7553.93,5,5
OI0025019,O013466,P00099,2,25787.36,10,5
OI0025020,O013467,P00979,1,6643.24,5,5
OI0025021,O013468,P00081,1,12489.76,15,12
OI0025022,O013469,P00469,1,3010.35,25,12
OI0025024,O013470,P00198,3,23522.58,5,12
OI0025025,O013470,P00665,2,30689.46,15,0
OI0025026,O013471,P00398,4,1567.86,5,12
OI0025027,O013472,P00866,1,28053.59,15,0
OI0025028,O013472,P00643,2,13104.13,0,18
OI0025029,O013473,P00912,1,11551.11,5,12
OI0025030,O013474,P00427,1,22787.37,0,12
OI0025031,O013474,P00808,5,19024.4,5,18
OI0025033,O013475,P00742,1,14455.59,20,18
OI0025036,O013477,P00645,1,26366.74,0,18
OI0025037,O013478,P00518,2,21592.46,0,0
OI0025038,O013479,P00190,1,9859.01,20,12
OI0025040,O013480,P00039,2,3964.39,15,18
OI0025041,O013481,P00972,1,19234.01,0,5
OI0025042,O013482,P00892,1,17044.59,5,5
OI0025043,O013482,P00410,2,1758.41,0,5
OI0025044,O013482,P00192,1,14407.24,0,0
OI0025045,O013483,P00575,2,16893.39,10,12
OI0025047,O013484,P00571,1,8835.43,20,18
OI0025048,O013485,P00012,4,11337.33,15,0
OI0025049,O013486,P00710,1,19653.59,20,5
OI0025050,O013487,P00768,1,25109.86,20,12
OI0025051,O013487,P00964,2,17765.47,0,18
OI0025052,O013487,P00888,2,1420.8,25,18
OI0025053,O013488,P00065,1,26655.7,20,0
OI0025054,O013488,P00494,1,10055.91,25,18
OI0025055,O013489,P00760,1,8071.26,0,5
OI0025056,O013489,P00766,4,13279.39,0,0
OI0025057,O013490,P00893,3,5856.42,25,0
OI0025058,O013490,P00480,3,17458.11,0,5
OI0025059,O013491,P00612,1,8974.56,20,12
OI0025060,O013491,P00677,3,15793.9,10,18
OI0025061,O013492,P00612,1,8957.66,25,18
OI0025062,O013493,P00645,2,24996.42,25,0
OI0025063,O013493,P00898,3,4062.56,0,0
OI0025064,O013493,P00703,1,9235.71,15,5
OI0025066,O013494,P00360,1,3372.77,10,0
OI0025067,O013494,P00701,2,1423.41,10,0
OI0025068,O013495,P00813,2,9192.03,10,0
OI0025070,O013496,P00582,1,14014.16,0,12
OI0025071,O013496,P00840,1,15557.68,25,5
OI0025072,O013496,P00447,1,23124.12,0,18
OI0025073,O013497,P00630,1,15751.81,0,0
OI0025074,O013498,P00345,3,6327.6,0,12
OI0025076,O013499,P00338,1,9425.67,5,18
OI0025077,O013499,P00937,5,3358.9,15,12
OI0025078,O013500,P00547,1,21781.59,15,18
OI0025079,O013501,P00405,4,1991.93,25,5
OI0025080,O013501,P00871,1,12150.09,10,12
OI0025081,O013502,P00224,3,11117.09,10,0
OI0025082,O013502,P00373,1,20974.74,0,5
OI0025083,O013502,P00807,1,5489.66,0,12
OI0025085,O013503,P00282,1,15594.19,5,12
OI0025088,O013505,P00313,2,5448.98,15,12
OI0025089,O013506,P00911,1,10812.2,5,5
OI0025090,O013506,P00765,1,3513.39,10,5
OI0025091,O013507,P00984,1,7727.49,5,12
OI0025092,O013508,P00187,1,10223.94,0,0
OI0025093,O013508,P00037,1,14148.43,20,5
OI0025094,O013509,P00676,3,19204.78,10,12
OI0025095,O013509,P00519,1,3685.31,25,5
OI0025096,O013510,P00793,1,16546.59,0,12
OI0025098,O013510,P00047,1,27574.08,25,18
OI0025099,O013511,P00972,3,19948.36,10,12
OI0025100,O013511,P00142,1,18025.27,5,18
OI0025101,O013512,P00629,1,15139.04,0,18
OI0025102,O013513,P00246,1,6437.34,0,0
OI0025103,O013514,P00107,2,3474.25,10,5
OI0025104,O013515,P00953,1,460.44,15,0
OI0025105,O013515,P00629,2,14331.2,5,18
OI0025106,O013516,P00608,2,18262.73,0,12
OI0025107,O013516,P00960,1,23740.69,0,18
OI0025108,O013517,P00687,1,23157.77,25,18
OI0025109,O013517,P00472,1,4585.53,5,18
OI0025110,O013518,P00799,1,26320.5,20,12
OI0025111,O013518,P00138,1,700.3,5,18
OI0025112,O013519,P00788,2,9470.95,-5,12
OI0025113,O013519,P00732,1,17419.59,0,18
OI0025114,O013520,P00600,3,14100.58,0,12
OI0025115,O013521,P00306,1,17402.72,15,12
OI0025116,O013521,P00144,1,8303.9,5,12
OI0025117,O013522,P00685,1,251.28,0,12
OI0025118,O013523,P00643,1,13984.11,20,0
OI0025119,O013523,P00497,2,9342.53,10,0
OI0025120,O013523,P00467,1,22721.46,15,5
OI0025121,O013524,P00444,2,7720.14,10,12
OI0025122,O013524,P00901,1,4200.24,0,12
OI0025123,O013525,P00720,1,9464.16,25,0
OI0025124,O013526,P00251,1,28223.86,25,5
OI0025125,O013526,P00652,1,3889.32,0,12
OI0025126,O013527,P00430,1,12662.44,15,12
OI0025127,O013527,P00818,2,23741.25,0,5
OI0025130,O013530,P00294,3,24732.82,20,5
OI0025131,O013531,P00643,3,13004.26,0,18
OI0025132,O013532,P00135,3,26486.69,10,5
OI0025133,O013532,P00400,1,9936.09,0,5
OI0025134,O013533,P00048,2,4096.54,0,18
OI0025135,O013533,P00639,1,1508.8,10,5
OI0025136,O013534,P00225,1,9641.8,15,0
OI0025137,O013535,P00818,1,26152.48,0,0
OI0025138,O013535,P00966,1,26838.94,10,0
OI0025139,O013535,P00339,3,24362.6,0,5
OI0025141,O013537,P00703,5,9220.39,0,5
OI0025142,O013537,P00523,1,20666.57,5,18
OI0025143,O013537,P00279,1,15298.4,10,5
OI0025144,O013538,P00385,1,20961.7,-5,0
OI0025145,O013538,P00091,1,13800.47,5,18
OI0025146,O013539,P00592,1,3682.07,0,0
OI0025147,O013540,P00675,1,9809.37,5,18
OI0025148,O013540,P00036,1,19740.38,0,0
OI0025149,O013541,P00706,1,16069.49,20,12
OI0025150,O013541,P00268,1,18483.31,0,5
OI0025151,O013542,P00469,2,2894.22,0,12
OI0025152,O013542,P00933,2,12476.58,5,18
OI0025153,O013543,P00594,1,14379.04,0,12
OI0025154,O013543,P00212,1,14484.62,15,5
OI0025155,O013544,P00255,1,11496.83,15,12
OI0025156,O013544,P00279,5,15699.43,5,5
OI0025157,O013544,P00531,2,26808.99,20,12
OI0025158,O013545,P00766,2,14376.62,25,5
OI0025159,O013545,P00129,1,8204.76,0,12
OI0025160,O013545,P00879,1,3339.91,25,12
OI0025161,O013546,P00864,1,13690.86,0,0
OI0025162,O013546,P00508,1,11734.37,15,5
OI0025163,O013547,P00122,1,12982.49,25,18
OI0025164,O013548,P00169,2,4070.45,10,18
OI0025165,O013548,P00234,1,28267.69,-5,12
OI0025166,O013548,P00051,1,14292.07,0,5
OI0025167,O013549,P00206,3,14824.1,20,5
OI0025169,O013550,P00930,1,10244.76,0,0
OI0025170,O013551,P00373,1,21675.0,10,5
OI0025172,O013551,P00759,2,19205.02,5,12
OI0025173,O013552,P00978,1,26325.11,0,18
OI0025174,O013552,P00969,1,16538.66,15,12
OI0025175,O013552,P00282,2,14663.08,0,5
OI0025176,O013553,P00990,1,28000.83,10,18
OI0025177,O013553,P00040,1,14785.54,25,12
OI0025179,O013554,P00402,1,30369.4,10,18
OI0025180,O013554,P00731,1,26511.45,0,18
OI0025181,O013555,P00676,3,21208.33,0,12
OI0025182,O013555,P00982,1,9475.86,10,18
OI0025183,O013555,P00247,2,17858.04,0,18
OI0025184,O013556,P00757,1,5400.3,0,18
OI0025186,O013557,P00602,1,27790.81,10,5
OI0025187,O013557,P00363,4,24124.63,15,18
OI0025188,O013558,P00580,2,7984.97,15,5
OI0025190,O013559,P00026,1,15451.03,5,5
OI0025191,O013560,P00256,1,26257.22,0,12
OI0025192,O013560,P00884,5,9809.36,5,18
OI0025193,O013561,P00715,1,25197.33,15,18
OI0025194,O013562,P00023,1,3380.11,5,12
OI0025195,O013562,P00274,3,1181.93,20,12
OI0025196,O013563,P00162,1,26718.14,25,0
OI0025199,O013565,P00174,2,21474.79,-5,12
OI0025201,O013567,P00469,1,2894.97,5,12
OI0025202,O013568,P00815,1,24352.43,15,18
OI0025203,O013568,P00752,4,280.21,0,5
OI0025204,O013569,P00045,2,25311.34,0,0
OI0025205,O013570,P00872,1,4953.62,10,18
OI0025206,O013571,P00604,4,26531.74,0,12
OI0025208,O013572,P00304,1,22982.14,10,18
OI0025209,O013572,P00471,2,12241.73,5,12
OI0025210,O013572,P00623,1,4822.03,0,12
OI0025212,O013574,P00572,2,7425.14,25,12
OI0025213,O013574,P00861,1,1732.6,15,0
OI0025214,O013575,P00778,2,18063.86,25,12
OI0025215,O013576,P00274,1,1208.37,5,0
OI0025216,O013576,P00215,3,28824.46,25,12
OI0025217,O013577,P00455,1,1354.96,20,12
OI0025218,O013577,P00608,2,19194.16,20,18
OI0025219,O013578,P00233,1,4471.15,0,5
OI0025220,O013578,P00578,1,14005.34,20,5
OI0025221,O013579,P00353,2,30750.21,15,5
OI0025222,O013579,P00811,2,10855.75,0,18
OI0025224,O013581,P00011,1,11829.05,25,5
OI0025225,O013581,P00623,1,4749.23,20,18
OI0025226,O013581,P00509,2,16210.59,20,12
OI0025227,O013582,P00827,2,8867.54,0,18
OI0025228,O013583,P00982,1,8960.53,15,12
OI0025229,O013584,P00588,1,26359.87,0,5
OI0025230,O013584,P00016,1,12163.11,25,12
OI0025231,O013584,P00955,1,24087.74,0,5
OI0025232,O013585,P00678,1,21633.72,0,0
OI0025234,O013586,P00935,1,6948.51,5,0
OI0025235,O013586,P00740,4,12028.79,20,5
OI0025236,O013587,P00632,1,22899.38,20,0
OI0025237,O013587,P00575,3,18150.38,10,18
OI0025239,O013589,P00344,1,18970.21,25,0
OI0025240,O013590,P00411,2,6012.15,25,12
OI0025241,O013591,P00461,1,15826.51,15,18
OI0025242,O013591,P00214,1,1504.35,5,18
OI0025244,O013592,P00304,1,23120.86,0,18
OI0025245,O013593,P00350,1,22157.76,0,18
OI0025246,O013593,P00438,1,13532.71,0,0
OI0025247,O013594,P00249,1,22374.11,20,0
OI0025248,O013594,P00674,1,10279.32,20,5
OI0025249,O013594,P00782,1,27700.59,5,5
OI0025250,O013595,P00935,1,7440.26,25,12
OI0025251,O013596,P00237,1,24791.8,25,0
OI0025253,O013597,P00404,2,9669.99,0,5
OI0025254,O013597,P00776,2,17539.64,20,5
OI0025255,O013598,P00340,1,27032.58,5,18
OI0025257,O013599,P00258,1,16594.09,25,5
OI0025258,O013599,P00681,1,28970.07,15,12
OI0025260,O013601,P00736,3,9852.77,25,0
OI0025261,O013601,P00322,1,26242.73,10,18
OI0025262,O013602,P00846,2,19960.33,15,18
OI0025263,O013602,P00696,2,23068.25,5,0
OI0025264,O013602,P00507,2,29862.63,15,18
OI0025265,O013603,P00274,3,1188.25,10,5
OI0025266,O013604,P00894,2,8436.22,10,5
OI0025267,O013604,P00792,2,6510.42,15,5
OI0025269,O013605,P00145,1,12534.07,20,18
OI0025270,O013606,P00293,2,8483.2,25,12
OI0025271,O013607,P00495,5,18108.48,0,18
OI0025272,O013607,P00587,1,19951.17,0,5
OI0025273,O013608,P00898,1,4094.93,0,5
OI0025274,O013609,P00749,1,1377.8,0,0
OI0025275,O013609,P00460,1,28392.73,0,12
OI0025276,O013610,P00605,3,6666.14,15,0
OI0025277,O013610,P00799,4,27024.77,15,5
OI0025278,O013611,P00843,2,4638.05,10,12
OI0025279,O013611,P00208,4,6041.55,15,0
OI0025280,O013611,P00999,3,9885.68,0,12
OI0025281,O013612,P00897,1,6872.37,0,12
OI0025283,O013613,P00285,1,14546.83,20,5
OI0025284,O013614,P00631,1,9551.54,15,5
OI0025285,O013615,P00574,1,13818.34,15,5
OI0025287,O013617,P00987,5,23456.54,0,0
OI0025288,O013618,P00412,3,6347.53,20,12
OI0025289,O013618,P00400,1,10153.48,25,0
OI0025290,O013618,P00939,1,10440.22,10,0
OI0025291,O013619,P00798,1,10007.75,5,5
OI0025292,O013620,P00127,1,15148.03,0,12
OI0025293,O013621,P00309,4,22734.3,0,0
OI0025294,O013621,P00386,1,28386.14,0,18
OI0025295,O013621,P00074,1,26097.88,15,5
OI0025297,O013623,P00614,2,11249.76,0,0
OI0025298,O013623,P00169,1,3941.05,0,18
OI0025299,O013623,P00266,4,4927.91,15,0
OI0025300,O013624,P00947,2,9669.21,15,12
OI0025301,O013624,P00682,2,15286.13,10,18
OI0025302,O013625,P00920,2,8315.49,0,12
OI0025303,O013625,P00581,1,25349.99,10,12
OI0025304,O013626,P00770,1,22743.89,10,12
OI0025305,O013626,P00219,4,15679.51,5,0
OI0025306,O013627,P00638,1,21323.72,25,5
OI0025307,O013628,P00877,1,29589.45,5,5
OI0025308,O013629,P00055,1,24454.56,5,18
OI0025309,O013629,P00004,1,13660.62,10,18
OI0025310,O013630,P00223,1,8042.51,0,12
OI0025311,O013630,P00435,1,29582.04,0,12
OI0025313,O013632,P00684,2,20776.18,0,0
OI0025314,O013632,P00037,4,14550.84,0,12
OI0025315,O013633,P00124,2,16485.25,-5,18
OI0025316,O013633,P00310,1,6321.74,25,12
OI0025318,O013634,P00768,1,27302.59,0,18
OI0025319,O013635,P00618,1,15564.99,0,12
OI0025321,O013636,P00231,3,1170.15,10,5
OI0025322,O013636,P00214,2,1506.89,20,12
OI0025323,O013637,P00886,2,20750.74,0,12
OI0025324,O013637,P00453,1,401.69,0,0
OI0025325,O013638,P00608,2,19355.97,10,5
OI0025326,O013639,P00491,1,23051.24,15,12
OI0025327,O013640,P00607,1,24526.53,10,18
OI0025328,O013641,P00981,1,21902.56,15,18
OI0025329,O013642,P00189,1,6080.86,15,5
OI0025331,O013642,P00626,1,2197.55,25,18
OI0025332,O013643,P00936,1,26228.25,0,12
OI0025333,O013643,P00382,2,21924.65,15,0
OI0025335,O013644,P00638,5,21907.85,20,18
OI0025336,O013645,P00319,1,23506.45,20,5
OI0025337,O013645,P00479,4,21181.04,0,5
OI0025339,O013646,P00400,2,9822.94,15,0
OI0025340,O013646,P00280,1,9523.22,25,0
OI0025341,O013647,P00796,2,1132.56,5,0
OI0025342,O013648,P00758,1,12856.45,10,18
OI0025344,O013649,P00557,1,5406.14,10,18
OI0025345,O013649,P00479,4,21799.84,0,0
OI0025346,O013650,P00956,2,18322.39,0,0
OI0025347,O013650,P00639,2,1465.11,10,18
OI0025348,O013650,P00350,1,23420.17,0,12
OI0025349,O013651,P00368,1,15584.03,0,0
OI0025350,O013651,P00486,1,22372.13,0,12
OI0025351,O013652,P00800,2,19171.48,5,18
OI0025353,O013653,P00556,4,16536.16,0,12
OI0025354,O013654,P00662,1,8016.65,15,5
OI0025355,O013654,P00586,1,11267.3,0,0
OI0025357,O013656,P00475,1,25875.11,5,12
OI0025358,O013656,P00404,1,9953.26,25,12
OI0025359,O013657,P00194,1,28080.08,15,0
OI0025360,O013658,P00799,1,25841.34,20,18
OI0025361,O013658,P00589,1,11562.66,0,5
OI0025362,O013658,P00381,1,12098.86,20,0
OI0025363,O013659,P00667,1,20853.03,15,12
OI0025365,O013659,P00109,1,13483.56,15,0
OI0025366,O013660,P00676,2,19493.88,10,0
OI0025367,O013661,P00859,1,29087.48,0,18
OI0025368,O013661,P00816,1,788.29,15,0
OI0025369,O013662,P00228,2,10946.12,5,5
OI0025370,O013662,P00953,1,486.1,5,12
OI0025372,O013663,P00269,1,17647.54,0,18
OI0025373,O013664,P00485,1,15140.88,10,5
OI0025374,O013665,P00787,3,16983.53,25,5
OI0025375,O013665,P00509,2,15528.84,15,18
OI0025376,O013665,P00440,2,13470.47,10,18
OI0025377,O013666,P00627,2,22442.0,10,12
OI0025378,O013666,P00498,1,30961.13,25,18
OI0025380,O013667,P00617,1,10385.45,10,5
OI0025382,O013667,P00825,2,25195.16,25,0
OI0025383,O013668,P00548,1,21075.08,0,0
OI0025384,O013669,P00583,1,18796.28,0,18
OI0025385,O013669,P00646,1,15095.13,20,18
OI0025386,O013670,P00829,1,11187.89,5,12
OI0025387,O013671,P00338,1,9840.15,0,18
OI0025388,O013671,P00941,2,20239.43,5,12
OI0025389,O013672,P00734,2,20267.53,10,0
OI0025390,O013673,P00506,4,11199.67,20,12
OI0025391,O013674,P00668,2,5100.72,25,12
OI0025392,O013675,P00595,1,22870.26,15,5
OI0025393,O013675,P00429,1,678.07,15,0
OI0025394,O013676,P00170,2,19273.99,0,18
OI0025397,O013677,P00625,1,26119.26,0,12
OI0025398,O013678,P00758,2,12505.41,5,0
OI0025399,O013679,P00153,1,25969.35,10,18
OI0025400,O013679,P00722,2,16146.55,20,12
OI0025401,O013679,P00381,2,12211.03,25,5
OI0025402,O013680,P00511,3,20488.62,25,5
OI0025403,O013681,P00388,1,15207.18,25,5
OI0025404,O013681,P00760,1,7746.76,0,0
OI0025406,O013682,P00089,1,28769.46,10,0
OI0025407,O013683,P00552,3,18821.46,5,5
OI0025409,O013684,P00776,1,17798.34,0,12
OI0025410,O013685,P00904,1,25691.94,15,5
OI0025411,O013685,P00213,1,13117.47,0,0
OI0025412,O013685,P00538,2,29266.23,0,12
OI0025413,O013686,P00595,1,21986.82,15,0
OI0025414,O013687,P00284,1,14279.27,0,18
OI0025415,O013687,P00856,1,12329.6,20,18
OI0025416,O013688,P00832,1,16840.33,15,18
OI0025417,O013688,P00578,2,13325.81,10,5
OI0025418,O013689,P00673,1,10018.19,0,5
OI0025419,O013689,P00299,1,27191.2,15,0
OI0025420,O013689,P00546,4,1175.31,20,18
OI0025421,O013690,P00171,1,6434.9,-5,12
OI0025422,O013691,P00472,1,4587.92,25,0
OI0025423,O013691,P00388,1,15466.4,20,0
OI0025424,O013692,P00389,2,4642.25,5,18
OI0025425,O013692,P00585,1,17048.99,0,5
OI0025426,O013693,P00492,1,9835.83,10,18
OI0025427,O013693,P00110,1,1072.02,0,12
OI0025428,O013694,P00923,1,5227.9,10,18
OI0025429,O013694,P00764,1,20043.17,5,0
OI0025430,O013694,P00070,1,14717.17,0,12
OI0025431,O013695,P00858,1,28600.7,15,0
OI0025432,O013695,P00870,1,8281.28,0,12
OI0025433,O013696,P00281,1,18915.9,10,0
OI0025434,O013697,P00882,1,21123.32,10,18
OI0025435,O013697,P00615,4,12377.14,0,0
OI0025436,O013697,P00782,1,26945.85,15,18
OI0025438,O013698,P00066,1,5578.35,15,12
OI0025439,O013699,P00657,2,27699.57,0,5
OI0025440,O013699,P00999,4,9897.6,15,0
OI0025441,O013699,P00109,1,13148.81,15,0
OI0025442,O013700,P00478,1,23949.64,15,12
OI0025443,O013700,P00518,2,21127.08,15,18
OI0025445,O013701,P00242,1,1957.32,0,12
OI0025446,O013702,P00689,2,28135.87,0,12
OI0025448,O013702,P00234,2,29127.22,0,12
OI0025450,O013703,P00557,1,5417.22,10,12
OI0025451,O013704,P00495,1,18029.93,25,12
OI0025452,O013705,P00473,1,13868.2,0,18
OI0025453,O013705,P00291,1,16892.42,10,5
OI0025454,O013705,P00035,1,17682.46,25,12
OI0025455,O013706,P00305,1,3014.4,0,12
OI0025456,O013707,P00964,4,19358.17,10,18
OI0025457,O013707,P00956,1,18202.99,0,18
OI0025458,O013707,P00946,1,21395.25,15,18
OI0025459,O013708,P00838,2,18501.55,10,12
OI0025460,O013708,P00513,1,27363.08,15,0
OI0025461,O013709,P00291,1,17052.19,15,18
OI0025462,O013709,P00712,1,30236.12,15,5
OI0025464,O013710,P00445,2,10470.05,0,12
OI0025465,O013710,P00585,1,16219.31,0,12
OI0025466,O013711,P00928,1,29653.39,25,18
OI0025467,O013711,P00095,1,21743.08,15,0
OI0025468,O013711,P00797,1,5103.76,0,0
OI0025469,O013712,P00407,1,11983.23,0,12
OI0025470,O013712,P00697,1,12825.8,0,0
OI0025471,O013713,P00793,1,17140.22,15,12
OI0025472,O013714,P00426,1,15470.29,20,5
OI0025473,O013714,P00577,1,27022.53,15,0
OI0025474,O013715,P00918,1,27895.1,0,18
OI0025475,O013715,P00589,2,11241.3,0,5
OI0025476,O013715,P00979,2,6396.28,25,18
OI0025477,O013716,P00832,2,16886.15,0,12
OI0025478,O013716,P00981,5,21526.57,20,18
OI0025480,O013718,P00494,3,9268.16,5,12
OI0025481,O013718,P00811,1,11008.21,15,12
OI0025482,O013718,P00880,1,16444.19,15,0
OI0025483,O013719,P00382,1,22623.09,15,5
OI0025484,O013720,P00471,2,12814.11,5,0
OI0025485,O013720,P00546,2,1132.19,5,18
OI0025486,O013721,P00353,2,29141.73,20,12
OI0025487,O013721,P00837,3,16413.29,20,5
OI0025488,O013722,P00766,2,13979.12,0,0
OI0025489,O013722,P00445,2,10246.08,-5,18
OI0025490,O013722,P00808,2,19972.01,25,12
OI0025491,O013723,P00326,1,13905.77,0,0
OI0025492,O013724,P00755,3,15967.37,0,5
OI0025493,O013725,P00648,4,17407.52,15,0
OI0025494,O013726,P00494,1,9508.27,0,5
OI0025495,O013726,P00599,2,29325.62,25,18
OI0025497,O013728,P00667,1,20007.3,15,18
OI0025498,O013728,P00652,2,3935.15,15,12
OI0025499,O013729,P00260,2,8186.31,0,12
OI0025500,O013730,P00018,2,22825.25,10,5
OI0025501,O013730,P00799,1,25165.57,15,12
OI0025502,O013731,P00238,2,13906.7,5,5
OI0025503,O013732,P00563,1,23580.15,0,12
OI0025504,O013732,P00730,4,22814.48,20,18
OI0025506,O013733,P00981,4,22501.81,0,18
OI0025508,O013735,P00762,1,21015.28,20,5
OI0025509,O013735,P00403,1,18135.09,0,5
OI0025510,O013735,P00476,2,15850.41,0,12
OI0025512,O013737,P00269,1,17648.38,10,12
OI0025513,O013738,P00143,2,3015.16,0,18
OI0025514,O013738,P00118,1,21349.24,0,12
OI0025515,O013739,P00429,1,676.28,10,18
OI0025516,O013739,P00034,1,22307.5,-5,0
OI0025518,O013740,P00435,2,27060.59,0,5
OI0025520,O013742,P00706,1,15978.11,0,18
OI0025521,O013743,P00145,1,13182.5,10,0
OI0025522,O013743,P00134,1,23644.24,5,5
OI0025523,O013744,P00600,4,13061.59,15,12
OI0025524,O013744,P00873,2,26392.32,0,12
OI0025525,O013745,P00280,1,9253.02,0,12
OI0025526,O013746,P00813,1,9564.71,5,5
OI0025527,O013746,P00820,2,18574.68,10,18
OI0025528,O013746,P00198,1,24401.86,10,18
OI0025529,O013747,P00201,1,28624.43,25,12
OI0025530,O013748,P00790,2,26561.56,0,12
OI0025531,O013749,P00400,2,10254.65,5,0
OI0025532,O013749,P00486,2,23345.06,5,18
OI0025535,O013750,P00540,1,6059.19,0,0
OI0025536,O013751,P00827,1,8697.84,0,5
OI0025537,O013751,P00347,1,27776.13,5,0
OI0025538,O013751,P00101,1,15665.7,15,12
OI0025539,O013752,P00018,2,23205.72,0,0
OI0025540,O013752,P00841,2,16668.7,25,5
OI0025541,O013752,P00109,1,13922.72,10,18
OI0025542,O013753,P00947,1,9836.21,20,5
OI0025543,O013754,P00479,1,22203.49,0,0
OI0025544,O013754,P00060,2,21339.73,20,5
OI0025545,O013754,P00099,2,28096.36,20,5
OI0025546,O013755,P00474,1,22706.72,20,18
OI0025548,O013756,P00632,1,23012.35,5,12
OI0025549,O013756,P00129,4,8654.76,20,12
OI0025550,O013757,P00466,2,875.16,0,18
OI0025551,O013758,P00967,2,22394.89,20,12
OI0025553,O013759,P00012,3,11412.54,0,12
OI0025555,O013760,P00566,1,15097.74,0,18
OI0025556,O013761,P00739,1,17216.82,5,12
OI0025557,O013762,P00132,1,5008.88,20,18
OI0025558,O013763,P00683,2,14676.98,5,5
OI0025559,O013763,P00337,1,589.41,20,0
OI0025561,O013764,P00053,2,19894.3,15,5
OI0025562,O013765,P00174,1,20154.91,20,12
OI0025563,O013765,P00486,2,23929.82,10,12
OI0025564,O013766,P00856,1,12048.2,0,0
OI0025565,O013767,P00775,1,18723.1,5,0
OI0025566,O013767,P00390,1,23550.64,0,12
OI0025567,O013768,P00160,1,18753.04,15,18
OI0025568,O013768,P00925,1,27987.4,20,18
OI0025569,O013769,P00123,3,294.56,10,0
OI0025570,O013770,P00178,3,9845.02,25,0
OI0025571,O013771,P00966,1,28130.39,20,18
OI0025572,O013771,P00736,1,10711.95,0,12
OI0025573,O013772,P00370,1,5402.14,0,12
OI0025574,O013773,P00884,1,10598.28,20,5
OI0025575,O013773,P00219,1,15427.3,20,5
OI0025576,O013774,P00129,1,8257.76,0,12
OI0025577,O013775,P00426,1,16896.43,5,18
OI0025578,O013775,P00052,2,14174.62,25,5
OI0025579,O013776,P00852,1,19932.77,20,0
OI0025580,O013776,P00977,1,1686.43,25,5
OI0025581,O013776,P00626,1,2267.38,15,5
OI0025582,O013777,P00706,3,15107.82,25,18
OI0025583,O013777,P00994,1,27331.04,0,18
OI0025584,O013778,P00104,2,13017.96,25,5
OI0025585,O013778,P00675,1,9140.11,25,18
OI0025587,O013779,P00447,1,21681.39,5,5
OI0025588,O013779,P00459,1,23813.45,10,0
OI0025589,O013779,P00634,1,9629.91,15,0
OI0025590,O013780,P00425,1,14805.86,25,5
OI0025591,O013781,P00309,1,23187.23,10,18
OI0025592,O013781,P00090,1,17416.98,15,5
OI0025593,O013782,P00508,1,11694.53,10,18
OI0025594,O013782,P00609,1,9698.07,15,0
OI0025595,O013782,P00867,1,12502.2,20,18
OI0025596,O013783,P00412,2,6030.22,25,0
OI0025597,O013784,P00367,3,6359.22,5,18
OI0025598,O013784,P00146,2,9109.15,5,12
OI0025599,O013784,P00137,3,30322.0,25,18
OI0025600,O013785,P00784,1,8713.71,20,12
OI0025601,O013785,P00382,1,22486.81,0,12
OI0025602,O013786,P00426,1,15402.63,25,12
OI0025603,O013787,P00586,1,11521.7,5,0
OI0025604,O013787,P00495,1,17790.31,0,18
OI0025605,O013787,P00046,2,12022.03,0,5
OI0025606,O013788,P00583,1,20460.02,20,12
OI0025607,O013788,P00100,2,18576.39,20,18
OI0025608,O013789,P00224,1,10565.39,15,0
OI0025609,O013789,P00161,1,24555.0,25,0
OI0025610,O013790,P00071,2,12383.88,0,18
OI0025611,O013790,P00290,1,29659.71,0,12
OI0025613,O013791,P00009,1,19540.98,20,5
OI0025614,O013792,P00901,2,4058.54,0,18
OI0025615,O013793,P00198,2,25420.39,0,5
OI0025616,O013794,P00747,1,26593.5,-5,12
OI0025617,O013794,P00359,1,26890.88,-5,0
OI0025619,O013795,P00045,4,26518.19,-5,0
OI0025620,O013795,P00131,1,10360.52,0,18
OI0025621,O013796,P00284,1,13023.92,25,18
OI0025622,O013797,P00313,1,5403.24,10,5
OI0025623,O013798,P00874,2,7289.26,20,5
OI0025625,O013799,P00596,1,27885.9,0,0
OI0025627,O013800,P00192,1,15549.68,15,12
OI0025628,O013800,P00367,1,6785.23,10,18
OI0025629,O013801,P00712,2,30352.47,0,5
OI0025630,O013801,P00761,1,10286.74,20,18
OI0025631,O013802,P00589,4,11171.93,25,12
OI0025632,O013802,P00352,1,23549.14,10,5
OI0025633,O013803,P00578,2,14452.81,0,12
OI0025634,O013804,P00481,3,16273.23,0,0
OI0025635,O013804,P00723,2,7380.62,10,5
OI0025637,O013805,P00382,1,20749.75,15,5
OI0025638,O013805,P00486,2,21791.33,10,5
OI0025640,O013807,P00049,4,25267.24,5,5
OI0025641,O013807,P00379,4,20806.05,5,18
OI0025642,O013808,P00710,1,19972.05,15,5
OI0025643,O013808,P00824,1,24829.5,15,12
OI0025644,O013809,P00042,1,28465.32,0,5
OI0025645,O013810,P00972,2,19232.75,0,5
OI0025646,O013811,P00969,1,16389.96,-5,5
OI0025647,O013812,P00294,1,24241.55,15,18
OI0025648,O013812,P00906,2,1751.43,20,0
OI0025650,O013814,P00245,4,16018.7,0,12
OI0025651,O013814,P00246,2,6554.0,25,18
OI0025652,O013815,P00433,1,695.94,0,0
OI0025653,O013815,P00431,4,25999.21,20,0
OI0025654,O013816,P00036,1,19602.06,15,5
OI0025655,O013817,P00040,1,15305.73,5,18
OI0025656,O013817,P00479,4,21965.07,10,5
OI0025657,O013818,P00927,1,24814.84,25,0
OI0025658,O013818,P00314,1,4963.84,25,18
OI0025661,O013820,P00768,1,25764.45,25,0
OI0025662,O013821,P00751,2,9091.5,0,12
OI0025664,O013822,P00655,2,21985.71,0,0
OI0025665,O013822,P00123,1,293.57,0,12
OI0025668,O013823,P00313,1,5221.2,20,18
OI0025669,O013824,P00016,4,11665.83,0,12
OI0025670,O013824,P00192,2,14203.86,25,5
OI0025671,O013825,P00600,3,13865.69,10,5
OI0025672,O013825,P00514,1,12549.87,0,12
OI0025673,O013826,P00067,1,18278.79,20,0
OI0025674,O013827,P00041,1,1093.67,15,5
OI0025675,O013827,P00951,5,28016.84,0,5
OI0025676,O013827,P00248,1,19203.17,25,5
OI0025679,O013829,P00169,2,4168.96,0,0
OI0025680,O013829,P00172,1,25891.57,10,5
OI0025681,O013830,P00923,2,5046.18,0,0
OI0025682,O013830,P00619,1,10388.11,10,5
OI0025683,O013831,P00158,1,13056.72,0,5
OI0025684,O013831,P00865,1,22490.66,0,5
OI0025685,O013832,P00061,2,18979.73,-5,0
OI0025686,O013832,P00025,1,3151.8,0,5
OI0025687,O013832,P00858,1,26717.66,0,5
OI0025688,O013833,P00051,1,15722.98,25,0
OI0025689,O013834,P00879,1,3327.62,15,18
OI0025690,O013834,P00631,3,9816.85,15,18
OI0025691,O013835,P00333,2,8134.12,15,18
OI0025694,O013837,P00252,3,12552.69,-5,12
OI0025695,O013837,P00988,2,16350.95,5,12
OI0025696,O013838,P00148,2,9398.42,5,18
OI0025697,O013838,P00624,1,27915.77,10,5
OI0025698,O013839,P00443,1,23883.7,25,5
OI0025699,O013840,P00642,2,26533.01,0,18
OI0025700,O013841,P00873,4,26176.3,10,18
OI0025701,O013841,P00934,1,24413.02,10,18
OI0025702,O013841,P00549,2,14716.74,5,18
OI0025703,O013842,P00333,2,8401.34,15,18
OI0025704,O013843,P00510,2,4543.83,20,5
OI0025705,O013844,P00862,1,27184.52,0,5
OI0025706,O013844,P00949,1,28710.62,5,5
OI0025707,O013845,P00868,1,9289.05,20,18
OI0025708,O013845,P00572,2,7293.55,0,0
OI0025711,O013847,P00110,1,1107.45,15,12
OI0025712,O013848,P00460,2,29267.39,-5,18
OI0025713,O013849,P00751,1,8932.04,5,0
OI0025714,O013850,P00976,1,7008.69,5,12
OI0025715,O013851,P00462,2,17784.46,0,18
OI0025717,O013851,P00251,1,29546.05,25,0
OI0025718,O013852,P00823,4,7814.56,15,5
OI0025719,O013852,P00723,2,7877.12,0,0
OI0025720,O013852,P00040,3,14362.97,0,18
OI0025721,O013853,P00388,1,15092.47,0,12
OI0025722,O013853,P00648,3,17544.19,-5,0
OI0025723,O013854,P00521,1,23392.59,0,5
OI0025724,O013855,P00679,1,29561.99,25,18
OI0025725,O013856,P00915,2,4064.73,0,12
OI0025726,O013856,P00761,1,9495.51,5,0
OI0025728,O013857,P00173,1,2962.91,15,0
OI0025729,O013857,P00897,4,6684.48,0,5
OI0025730,O013858,P00760,4,7925.08,10,0
OI0025731,O013858,P00147,1,30871.47,5,18
OI0025732,O013858,P00145,3,12624.11,0,12
OI0025733,O013859,P00905,2,25715.83,0,0
OI0025734,O013859,P00769,1,15226.99,0,12
OI0025736,O013861,P00160,4,20184.96,0,5
OI0025737,O013862,P00355,1,22531.25,0,5
OI0025738,O013862,P00270,2,25455.89,0,5
OI0025739,O013862,P00577,1,25621.93,0,0
OI0025740,O013863,P00198,1,24357.79,5,12
OI0025741,O013863,P00578,1,14473.5,0,5
OI0025742,O013864,P00107,2,3487.67,0,18
OI0025743,O013865,P00746,1,3985.86,25,18
OI0025744,O013866,P00602,1,27550.39,20,0
OI0025745,O013866,P00219,1,15295.17,0,12
OI0025746,O013867,P00429,1,654.97,0,5
OI0025747,O013868,P00912,2,11701.06,-5,18
OI0025748,O013868,P00352,2,21780.78,20,5
OI0025749,O013869,P00498,1,29301.87,25,18
OI0025750,O013869,P00020,2,23608.69,10,12
OI0025751,O013870,P00268,1,18099.3,15,18
OI0025752,O013871,P00130,3,23334.54,10,5
OI0025753,O013871,P00054,2,15519.57,5,5
OI0025754,O013872,P00793,1,16399.38,10,12
OI0025755,O013873,P00687,1,21824.16,0,0
OI0025756,O013874,P00870,2,8090.24,0,0
OI0025757,O013875,P00450,1,28444.19,0,5
OI0025758,O013876,P00858,2,27749.14,10,5
OI0025759,O013876,P00582,1,14283.44,0,12
OI0025760,O013877,P00142,1,17496.3,15,0
OI0025761,O013877,P00825,2,24425.98,20,18
OI0025762,O013878,P00777,1,21456.05,5,18
OI0025763,O013878,P00256,1,25688.62,25,5
OI0025764,O013879,P00033,1,15384.76,15,18
OI0025765,O013880,P00854,1,12689.61,10,0
OI0025766,O013881,P00379,1,20722.58,0,5
OI0025767,O013882,P00994,1,28153.71,0,5
OI0025768,O013883,P00190,1,9936.03,5,5
OI0025769,O013883,P00959,1,13474.41,0,18
OI0025770,O013884,P00485,1,15190.78,25,12
OI0025771,O013885,P00901,1,4283.16,0,12
OI0025772,O013885,P00371,1,17890.31,25,18
OI0025773,O013886,P00346,1,7605.91,15,12
OI0025774,O013887,P00590,1,3424.61,5,18
OI0025775,O013887,P00691,4,14682.84,15,5
OI0025776,O013887,P00756,3,14325.6,0,12
OI0025777,O013888,P00091,2,14687.04,0,12
OI0025778,O013888,P00512,1,3951.72,5,12
OI0025779,O013889,P00235,1,10170.68,0,18
OI0025780,O013889,P00872,2,5013.43,10,18
OI0025781,O013890,P00110,2,1103.3,10,5
OI0025782,O013890,P00534,2,3139.62,15,12
OI0025783,O013891,P00284,1,13444.01,15,12
OI0025784,O013892,P00121,1,7202.77,20,18
OI0025785,O013893,P00253,1,30877.25,10,12
OI0025787,O013895,P00960,1,22017.45,20,18
OI0025788,O013895,P00193,1,16743.35,20,12
OI0025789,O013896,P00997,4,6469.45,15,18
OI0025790,O013896,P00390,1,23963.12,0,0
OI0025791,O013897,P00507,1,28505.33,0,5
OI0025792,O013897,P00228,1,11123.16,0,12
OI0025794,O013898,P00509,5,15630.13,0,5
OI0025796,O013900,P00368,1,14498.84,5,0
OI0025797,O013900,P00034,1,22060.07,15,12
OI0025798,O013900,P00967,1,21414.56,10,12
OI0025799,O013901,P00640,1,22077.23,20,5
OI0025800,O013901,P00967,1,22443.78,5,5
OI0025801,O013901,P00811,3,11793.47,0,5
OI0025802,O013902,P00395,1,24064.15,15,0
OI0025803,O013903,P00483,4,20431.33,10,5
OI0025804,O013903,P00799,1,25860.89,10,12
OI0025805,O013903,P00742,2,14385.19,15,0
OI0025806,O013904,P00563,1,23359.26,20,12
OI0025807,O013904,P00003,1,9627.27,0,5
OI0025808,O013905,P00598,1,5695.9,20,0
OI0025809,O013905,P00054,1,14745.22,5,12
OI0025810,O013906,P00464,1,849.06,25,18
OI0025811,O013907,P00114,1,11809.42,15,18
OI0025812,O013907,P00297,1,1290.49,10,18
OI0025813,O013908,P00120,1,15824.57,0,18
OI0025814,O013909,P00197,2,28883.07,0,5
OI0025816,O013910,P00265,2,1659.89,10,0
OI0025817,O013910,P00586,2,12020.39,25,18
OI0025818,O013910,P00151,1,19348.31,0,5
OI0025819,O013911,P00732,1,18107.67,25,5
OI0025821,O013912,P00697,1,12287.06,0,18
OI0025822,O013913,P00400,1,10337.45,0,18
OI0025823,O013914,P00390,1,25021.13,0,12
OI0025825,O013915,P00592,2,3779.5,10,12
OI0025826,O013915,P00798,2,10265.43,0,18
OI0025828,O013917,P00546,1,1106.91,10,0
OI0025829,O013917,P00785,1,7100.52,15,5
OI0025830,O013917,P00696,1,23335.33,15,0
OI0025831,O013918,P00363,2,23474.27,0,0
OI0025832,O013918,P00882,1,20926.2,0,5
OI0025833,O013919,P00055,1,25378.98,0,18
OI0025834,O013920,P00990,2,27740.41,0,12
OI0025835,O013921,P00635,1,10795.76,10,18
OI0025836,O013922,P00521,4,23254.46,20,0
OI0025837,O013922,P00167,1,15242.09,0,12
OI0025838,O013923,P00049,1,23412.75,0,5
OI0025839,O013923,P00597,1,7687.66,10,5
OI0025840,O013924,P00557,1,5331.61,0,12
OI0025841,O013925,P00468,1,24075.66,5,5
OI0025842,O013925,P00674,1,10101.42,20,12
OI0025843,O013926,P00822,1,15952.52,25,12
OI0025844,O013926,P00339,1,24737.51,0,5
OI0025845,O013927,P00836,1,13281.48,0,18
OI0025846,O013928,P00429,2,676.71,0,18
OI0025847,O013928,P00035,1,19107.54,0,0
OI0025848,O013928,P00205,1,18917.5,10,0
OI0025849,O013929,P00384,1,1948.86,25,0
OI0025850,O013930,P00216,2,30157.99,10,5
OI0025851,O013931,P00665,1,30185.06,15,5
OI0025853,O013932,P00304,2,21880.67,0,12
OI0025854,O013933,P00204,1,15580.49,0,12
OI0025855,O013934,P00587,1,19352.13,15,12
OI0025856,O013934,P00951,1,28122.77,20,5
OI0025857,O013935,P00344,2,18330.54,25,12
OI0025858,O013936,P00783,1,17639.41,25,18
OI0025859,O013936,P00098,1,19182.0,0,0
OI0025861,O013937,P00938,1,10674.39,0,0
OI0025862,O013938,P00492,4,9082.68,10,0
OI0025864,O013939,P00889,2,17067.2,15,0
OI0025865,O013939,P00222,1,1999.82,0,5
OI0025866,O013940,P00088,1,12109.04,20,12
OI0025867,O013941,P00438,1,13576.19,25,18
OI0025868,O013942,P00002,2,4145.8,20,5
OI0025869,O013942,P00200,1,7501.59,25,18
OI0025870,O013943,P00160,1,19253.83,15,18
OI0025871,O013944,P00483,1,19934.27,15,0
OI0025872,O013945,P00400,2,9884.89,10,12
OI0025873,O013945,P00987,1,25358.71,-5,12
OI0025874,O013946,P00482,3,28038.61,10,12
OI0025875,O013946,P00035,2,18659.78,-5,12
OI0025876,O013947,P00773,3,12919.51,-5,0
OI0025877,O013947,P00602,1,26691.82,0,5
OI0025878,O013947,P00088,1,12579.66,0,5
OI0025879,O013948,P00437,1,26250.3,15,18
OI0025880,O013948,P00175,2,10750.75,20,12
OI0025881,O013949,P00198,1,24396.68,5,5
OI0025882,O013950,P00803,4,20033.73,0,0
OI0025883,O013950,P00947,2,9331.07,10,0
OI0025884,O013951,P00272,4,25715.05,20,5
OI0025885,O013952,P00043,1,8591.87,0,12
OI0025886,O013952,P00470,3,1001.42,10,12
OI0025888,O013954,P00976,2,7487.87,0,18
OI0025889,O013954,P00314,2,4957.21,0,12
OI0025890,O013955,P00730,1,22558.92,5,12
OI0025892,O013956,P00712,1,29394.47,25,5
OI0025893,O013956,P00894,3,7926.22,0,0
OI0025894,O013957,P00253,3,29208.32,20,5
OI0025896,O013958,P00299,3,26787.67,0,18
OI0025897,O013958,P00138,1,699.9,15,18
OI0025901,O013959,P00945,2,12164.48,15,18
OI0025902,O013960,P00495,2,18969.56,5,18
OI0025903,O013960,P00223,1,7773.76,10,5
OI0025904,O013961,P00222,1,1929.05,0,5
OI0025905,O013962,P00424,2,19463.44,10,12
OI0025906,O013962,P00334,1,18539.62,5,5
OI0025907,O013962,P00530,3,27415.92,25,12
OI0025908,O013963,P00400,1,9767.67,0,18
OI0025909,O013963,P00774,2,20632.9,0,0
OI0025911,O013965,P00568,1,8162.42,0,18
OI0025913,O013966,P00436,2,21699.91,10,18
OI0025914,O013966,P00594,1,15516.17,0,18
OI0025915,O013967,P00260,1,8550.44,15,12
OI0025916,O013967,P00536,2,26696.2,0,0
OI0025917,O013968,P00642,1,26781.41,0,18
OI0025918,O013968,P00605,1,6234.83,20,12
OI0025920,O013970,P00286,1,544.67,5,18
OI0025921,O013970,P00450,1,30615.27,0,18
OI0025922,O013971,P00198,3,25206.64,0,12
OI0025923,O013972,P00974,1,8166.23,20,12
OI0025924,O013972,P00672,2,16272.65,0,0
OI0025925,O013972,P00738,1,25666.73,15,18
OI0025926,O013973,P00283,3,4913.01,0,5
OI0025927,O013973,P00258,3,15662.14,20,0
OI0025928,O013974,P00879,1,3375.9,0,12
OI0025929,O013974,P00342,2,26383.64,0,12
OI0025930,O013975,P00635,1,11357.32,0,18
OI0025931,O013975,P00332,2,10258.27,10,12
OI0025932,O013975,P00505,2,18890.13,20,0
OI0025934,O013976,P00442,1,12538.84,0,18
OI0025935,O013976,P00068,1,9468.92,5,18
OI0025936,O013977,P00254,2,29220.43,0,0
OI0025938,O013978,P00731,3,27740.69,0,5
OI0025939,O013978,P00258,1,16635.53,0,0
OI0025940,O013979,P00732,1,18088.33,25,0
OI0025941,O013979,P00262,1,9176.17,10,12
OI0025942,O013979,P00498,3,30088.74,0,18
OI0025943,O013980,P00480,1,18160.97,25,0
OI0025944,O013980,P00226,1,25002.4,0,5
OI0025946,O013981,P00436,2,21545.22,0,18
OI0025947,O013982,P00162,2,26635.57,5,5
OI0025950,O013983,P00903,1,7220.78,0,12
OI0025952,O013984,P00075,3,18228.79,20,0
OI0025956,O013987,P00754,1,26336.4,5,0
OI0025957,O013988,P00561,1,28101.3,15,0
OI0025958,O013989,P00652,1,3669.35,5,0
OI0025959,O013990,P00605,1,6545.38,15,0
OI0025960,O013991,P00426,2,15524.84,25,18
OI0025961,O013992,P00027,4,15980.94,5,12
OI0025962,O013992,P00074,5,26122.01,0,5
OI0025963,O013993,P00931,1,3912.02,0,18
OI0025964,O013994,P00444,1,7698.55,0,18
OI0025965,O013995,P00623,2,4588.81,20,12
OI0025966,O013996,P00328,1,5341.7,-5,18
OI0025967,O013996,P00453,1,393.73,0,0
OI0025968,O013997,P00847,2,20868.72,0,0
OI0025970,O013998,P00533,1,2257.52,5,0
OI0025972,O014000,P00224,1,10909.01,0,18
